v 3.1162 1.1343 0
v 2.8716 1.658 0
v 3.109 1.1317 0.8697
v 2.8649 1.6542 0.8697
v 3.2655 0.5758 0
v 3.2579 0.5745 0.8697
v 2.5403 2.1318 0
v 2.5344 2.1268 0.8697
v 3.3162 0 0
v 3.3085 0 0.8697
v 2.1313 2.5403 0
v 2.1263 2.5344 0.8697
v 3.2655 -0.5758 0
v 3.2579 -0.5745 0.8697
v 1.658 2.8721 0
v 1.6542 2.8655 0.8697
v 3.1162 -1.1343 0
v 3.109 -1.1317 0.8697
v 1.1339 3.1161 0
v 1.1313 3.1089 0.8697
v 2.8716 -1.658 0
v 2.8649 -1.6542 0.8697
v -3.1167 1.1343 0
v -3.2659 0.5758 0
v -3.1095 1.1317 0.8697
v -3.2584 0.5745 0.8697
v -3.3167 0 0
v -3.309 0 0.8697
v -2.872 1.658 0
v -2.8654 1.6542 0.8697
v -2.5408 2.1318 0
v -2.5349 2.1268 0.8697
v 0.5757 3.2661 0
v 0.5743 3.2585 0.8697
v 2.9234 1.0641 1.0416
v 2.6939 1.5555 1.0416
v 3.0634 0.5402 1.0416
v 2.5403 -2.1318 0
v 2.5344 -2.1268 0.8697
v -3.2659 -0.5758 0
v -3.1167 -1.1343 0
v -3.2584 -0.5745 0.8697
v -3.1095 -1.1317 0.8697
v -2.1318 2.5403 0
v -2.1268 2.5344 0.8697
v -0.0002 3.3161 0
v -0.0002 3.3084 0.8697
v 2.3832 1.9999 1.0416
v 3.1111 0 1.0416
v 2.1313 -2.5403 0
v 2.1263 -2.5344 0.8697
v -2.872 -1.658 0
v -2.8654 -1.6542 0.8697
v -1.6585 2.8721 0
v -1.6546 2.8655 0.8697
v -0.5761 3.2661 0
v -0.5748 3.2585 0.8697
v 1.9994 2.3831 1.0416
v 3.0634 -0.5402 1.0416
v 1.658 -2.8721 0
v 1.6542 -2.8655 0.8697
v -2.5408 -2.1318 0
v -2.5349 -2.1268 0.8697
v -1.1344 3.1161 0
v -1.1318 3.1089 0.8697
v 1.5554 2.6945 1.0416
v 2.9234 -1.0641 1.0416
v 1.1339 -3.1161 0
v 1.1313 -3.1089 0.8697
v -2.1318 -2.5403 0
v -2.1268 -2.5344 0.8697
v 1.0638 2.9233 1.0416
v 2.9256 1.0649 1.264
v 2.6959 1.5566 1.264
v 2.6939 -1.5555 1.0416
v 3.0657 0.5406 1.264
v 0.5757 -3.2661 0
v 0.5743 -3.2585 0.8697
v -1.6585 -2.8721 0
v -1.6546 -2.8655 0.8697
v -2.9239 1.0641 1.0416
v -3.0639 0.5402 1.0416
v -3.1115 0 1.0416
v -2.6944 1.5555 1.0416
v -2.3836 1.9999 1.0416
v 0.54 3.064 1.0416
v 2.3849 2.0014 1.264
v 3.1134 0 1.264
v 2.3832 -1.9999 1.0416
v -0.0002 -3.3161 0
v -0.0002 -3.3084 0.8697
v -1.1344 -3.1161 0
v -1.1318 -3.1089 0.8697
v -3.0639 -0.5402 1.0416
v -2.9239 -1.0641 1.0416
v -1.9999 2.3831 1.0416
v -0.0002 3.1109 1.0416
v 2.0009 2.3849 1.264
v 3.0657 -0.5406 1.264
v 1.9994 -2.3831 1.0416
v -0.5761 -3.2661 0
v -0.5748 -3.2585 0.8697
v -2.6944 -1.5555 1.0416
v -1.5559 2.6945 1.0416
v -0.5405 3.064 1.0416
v 1.5566 2.6965 1.264
v 2.9256 -1.0649 1.264
v 1.5554 -2.6945 1.0416
v -2.3836 -1.9999 1.0416
v -1.0642 2.9233 1.0416
v 1.0646 2.9255 1.264
v 3.2205 1.1722 1.8453
v 2.9676 1.7135 1.8453
v 2.6959 -1.5566 1.264
v 1.0638 -2.9233 1.0416
v 3.3747 0.5951 1.8453
v -1.9999 -2.3831 1.0416
v -2.9261 1.0649 1.264
v -3.0662 0.5406 1.264
v -3.1138 0 1.264
v -2.6964 1.5566 1.264
v -2.3854 2.0014 1.264
v 0.5404 3.0663 1.264
v 2.6253 2.2031 1.8453
v 3.4272 0 1.8453
v 2.3849 -2.0014 1.264
v 0.54 -3.064 1.0416
v -1.5559 -2.6945 1.0416
v -3.0662 -0.5406 1.264
v -2.9261 -1.0649 1.264
v -2.0014 2.3849 1.264
v -0.0002 3.1132 1.264
v 2.2026 2.6252 1.8453
v 3.3747 -0.5951 1.8453
v 2.0009 -2.3849 1.264
v -0.0002 -3.1109 1.0416
v -1.0642 -2.9233 1.0416
v -2.6964 -1.5566 1.264
v -1.557 2.6965 1.264
v -0.5409 3.0663 1.264
v 1.7135 2.9682 1.8453
v 2.995 1.7293 2.1662
v 3.2502 1.183 2.1662
v 3.2205 -1.1722 1.8453
v 1.5566 -2.6965 1.264
v -0.5405 -3.064 1.0416
v 3.4058 0.6006 2.1662
v -2.3854 -2.0014 1.264
v -1.065 2.9255 1.264
v 1.1719 3.2203 1.8453
v 2.6495 2.2234 2.1662
v 3.1817 1.1581 2.5125
v 2.9319 1.6929 2.5125
v 3.4588 0 2.1662
v 2.9676 -1.7135 1.8453
v 1.0646 -2.9255 1.264
v 3.334 0.5879 2.5125
v -2.0014 -2.3849 1.264
v -3.221 1.1723 1.8453
v -3.3752 0.5951 1.8453
v -3.4276 0 1.8453
v -2.9681 1.7135 1.8453
v -2.6258 2.2031 1.8453
v 0.5949 3.3753 1.8453
v 2.2229 2.6494 2.1662
v 2.5937 2.1766 2.5125
v 2.7639 1.5959 2.8935
v 2.9994 1.0918 2.8935
v 3.3859 0 2.5125
v 3.4058 -0.6006 2.1662
v 2.6253 -2.2031 1.8453
v 0.5404 -3.0663 1.264
v 3.143 0.5542 2.8935
v -1.557 -2.6965 1.264
v -3.3752 -0.5951 1.8453
v -3.221 -1.1722 1.8453
v -2.2031 2.6252 1.8453
v -0.0002 3.427 1.8453
v 1.7293 2.9956 2.1662
v 2.1761 2.5936 2.5125
v 2.4451 2.0519 2.8935
v 2.4259 0.8831 3.7448
v 2.2355 1.2908 3.7448
v 3.1919 0 2.8935
v 3.334 -0.5879 2.5125
v 3.2502 -1.183 2.1662
v 2.2026 -2.6252 1.8453
v -0.0002 -3.1132 1.264
v 2.5421 0.4483 3.7448
v -1.065 -2.9255 1.264
v -2.9681 -1.7135 1.8453
v -1.7139 2.9682 1.8453
v -0.5954 3.3753 1.8453
v 1.1827 3.25 2.1662
v 1.6928 2.9325 2.5125
v 2.0514 2.445 2.8935
v 1.9776 1.6596 3.7448
v 2.5816 0 3.7448
v 3.143 -0.5542 2.8935
v 3.1817 -1.1581 2.5125
v 2.995 -1.7293 2.1662
v 1.7135 -2.9682 1.8453
v -0.5409 -3.0663 1.264
v -2.6258 -2.2031 1.8453
v -3.4063 0.6006 2.1662
v -3.2506 1.183 2.1662
v -3.4592 0 2.1662
v -2.9955 1.7293 2.1662
v -2.65 2.2234 2.1662
v -1.1723 3.2203 1.8453
v 0.6004 3.4064 2.1662
v 1.1578 3.1815 2.5125
v 1.5958 2.7645 2.8935
v 1.6592 1.9776 3.7448
v 2.297 0.8361 4.1281
v 2.1167 1.2222 4.1281
v 2.5421 -0.4483 3.7448
v 2.9994 -1.0918 2.8935
v 2.9319 -1.6929 2.5125
v 2.6495 -2.2234 2.1662
v 1.1719 -3.2203 1.8453
v 2.407 0.4245 4.1281
v -2.2031 -2.6252 1.8453
v -3.2506 -1.183 2.1662
v -3.4063 -0.6006 2.1662
v -3.1822 1.1581 2.5125
v -3.3345 0.5879 2.5125
v -3.3864 0 2.5125
v -2.9324 1.6929 2.5125
v -2.5942 2.1766 2.5125
v -2.2234 2.6494 2.1662
v -0.0002 3.4586 2.1662
v 0.5878 3.3347 2.5125
v 1.0914 2.9993 2.8935
v 1.2907 2.236 3.7448
v 1.8725 1.5714 4.1281
v 2.0884 1.2059 4.4699
v 2.2663 0.8249 4.4699
v 2.4444 0 4.1281
v 2.4259 -0.8831 3.7448
v 2.7639 -1.5959 2.8935
v 2.5937 -2.1766 2.5125
v 2.2229 -2.6494 2.1662
v 0.5949 -3.3753 1.8453
v 2.3748 0.4188 4.4699
v -1.7139 -2.9682 1.8453
v -2.9955 -1.7293 2.1662
v -3.3345 -0.5879 2.5125
v -3.1822 -1.1581 2.5125
v -3.1435 0.5542 2.8935
v -2.9999 1.0918 2.8935
v -3.1924 0 2.8935
v -2.7644 1.5959 2.8935
v -2.4455 2.0519 2.8935
v -2.1765 2.5936 2.5125
v -1.7297 2.9956 2.1662
v -0.6009 3.4064 2.1662
v -0.0002 3.3857 2.5125
v 0.5541 3.1436 2.8935
v 0.8827 2.4259 3.7448
v 1.571 1.8725 4.1281
v 1.8474 1.5504 4.4699
v 2.2861 0.8321 5.208
v 2.1066 1.2164 5.208
v 2.4117 0 4.4699
v 2.407 -0.4245 4.1281
v 2.2355 -1.2908 3.7448
v 2.4451 -2.0519 2.8935
v 2.1761 -2.5936 2.5125
v 1.7293 -2.9956 2.1662
v -0.0002 -3.427 1.8453
v 2.3955 0.4224 5.208
v -1.1724 -3.2203 1.8453
v -2.65 -2.2234 2.1662
v -2.9324 -1.6929 2.5125
v -2.9999 -1.0918 2.8935
v -3.1435 -0.5542 2.8935
v -2.4264 0.8831 3.7448
v -2.5426 0.4483 3.7448
v -2.5821 0 3.7448
v -2.2359 1.2908 3.7448
v -1.9781 1.6596 3.7448
v -2.0519 2.445 2.8935
v -1.6933 2.9325 2.5125
v -1.1831 3.25 2.1662
v -0.5882 3.3347 2.5125
v -0.0002 3.1918 2.8935
v 0.4481 2.5426 3.7448
v 1.2221 2.1172 4.1281
v 1.55 1.8475 4.4699
v 1.8636 1.5639 5.208
v 2.4328 0 5.208
v 2.3748 -0.4188 4.4699
v 2.297 -0.8361 4.1281
v 1.9776 -1.6596 3.7448
v 2.0514 -2.445 2.8935
v 1.6928 -2.9325 2.5125
v 1.1827 -3.25 2.1662
v -0.5954 -3.3753 1.8453
v -2.2234 -2.6494 2.1662
v -2.5942 -2.1766 2.5125
v -2.7644 -1.5959 2.8935
v -2.5426 -0.4483 3.7448
v -2.4264 -0.883 3.7448
v -1.6596 1.9776 3.7448
v -1.5963 2.7645 2.8935
v -1.1582 3.1815 2.5125
v -0.5545 3.1436 2.8935
v -0.0002 2.5816 3.7448
v 0.8358 2.297 4.1281
v 1.2058 2.0888 4.4699
v 1.5635 1.8636 5.208
v 2.3955 -0.4224 5.208
v 2.2663 -0.8249 4.4699
v 2.1167 -1.2222 4.1281
v 1.6592 -1.9776 3.7448
v 1.5958 -2.7645 2.8935
v 1.1578 -3.1815 2.5125
v 0.6004 -3.4064 2.1662
v -1.7297 -2.9956 2.1662
v -2.1765 -2.5936 2.5125
v -2.4455 -2.0519 2.8935
v -2.2359 -1.2908 3.7448
v -2.2975 0.8361 4.1281
v -2.4075 0.4245 4.1281
v -2.4449 0 4.1281
v -2.1172 1.2222 4.1281
v -1.873 1.5714 4.1281
v -1.2912 2.236 3.7448
v -1.0919 2.9993 2.8935
v -0.4486 2.5426 3.7448
v 0.4243 2.4076 4.1281
v 0.8246 2.2662 4.4699
v 1.2163 2.1071 5.208
v 2.2861 -0.8321 5.208
v 2.0884 -1.2059 4.4699
v 1.8725 -1.5714 4.1281
v 1.2907 -2.236 3.7448
v 1.0914 -2.9993 2.8935
v 0.5878 -3.3347 2.5125
v -0.0002 -3.4586 2.1662
v -1.1831 -3.25 2.1662
v -1.6933 -2.9325 2.5125
v -2.0519 -2.445 2.8935
v -1.9781 -1.6596 3.7448
v -2.4075 -0.4245 4.1281
v -2.2975 -0.8361 4.1281
v -2.3753 0.4188 4.4699
v -2.2668 0.8249 4.4699
v -2.4122 0 4.4699
v -2.0888 1.2059 4.4699
v -1.8479 1.5504 4.4699
v -1.5715 1.8725 4.1281
v -0.8832 2.4259 3.7448
v -0.0002 2.4444 4.1281
v 0.4186 2.3753 4.4699
v 0.8318 2.286 5.208
v 2.1333 0.7766 5.274
v 1.9659 1.1351 5.274
v 2.1066 -1.2164 5.208
v 1.8474 -1.5504 4.4699
v 1.571 -1.8725 4.1281
v 0.8827 -2.4259 3.7448
v 0.5541 -3.1436 2.8935
v -0.0002 -3.3857 2.5125
v -0.6009 -3.4064 2.1662
v 2.2355 0.3942 5.274
v -1.1582 -3.1815 2.5125
v -1.5963 -2.7645 2.8935
v -1.6596 -1.9776 3.7448
v -2.1172 -1.2222 4.1281
v -2.2668 -0.8249 4.4699
v -2.3753 -0.4188 4.4699
v -2.2865 0.8321 5.208
v -2.396 0.4224 5.208
v -2.4333 0 5.208
v -2.1071 1.2164 5.208
v -1.864 1.5639 5.208
v -1.5504 1.8475 4.4699
v -1.2226 2.1172 4.1281
v -0.4248 2.4076 4.1281
v -0.0002 2.4117 4.4699
v 0.4223 2.3961 5.208
v 1.7391 1.4594 5.274
v 2.2703 0 5.274
v 1.8636 -1.5639 5.208
v 1.55 -1.8475 4.4699
v 1.2221 -2.1172 4.1281
v 0.4481 -2.5426 3.7448
v -0.0002 -3.1917 2.8935
v -0.5882 -3.3347 2.5125
v -1.0919 -2.9993 2.8935
v -1.2912 -2.236 3.7448
v -1.873 -1.5714 4.1281
v -2.0888 -1.2058 4.4699
v -2.396 -0.4224 5.208
v -2.2865 -0.8321 5.208
v -1.564 1.8636 5.208
v -1.2062 2.0888 4.4699
v -0.8363 2.297 4.1281
v -0.4191 2.3753 4.4699
v -0.0002 2.4327 5.208
v 1.459 1.7391 5.274
v 2.2355 -0.3942 5.274
v 1.5635 -1.8636 5.208
v 1.2058 -2.0888 4.4699
v 0.8358 -2.297 4.1281
v -0.0002 -2.5816 3.7448
v -0.5545 -3.1436 2.8935
v -0.8832 -2.4259 3.7448
v -1.5715 -1.8725 4.1281
v -1.8479 -1.5504 4.4699
v -2.1071 -1.2164 5.208
v -1.2167 2.1071 5.208
v -0.8251 2.2662 4.4699
v -0.4227 2.3961 5.208
v 1.135 1.9663 5.274
v 2.1333 -0.7766 5.274
v 1.2163 -2.1071 5.208
v 0.8246 -2.2662 4.4699
v 0.4243 -2.4076 4.1281
v -0.4486 -2.5426 3.7448
v -1.2226 -2.1172 4.1281
v -1.5504 -1.8475 4.4699
v -1.864 -1.5639 5.208
v -0.8323 2.286 5.208
v 0.7762 2.1333 5.274
v 1.6741 0.4486 6.2291
v 1.4197 0.9942 6.2291
v 1.9659 -1.1351 5.274
v 0.8318 -2.286 5.208
v 0.4186 -2.3753 4.4699
v -0.0002 -2.4444 4.1281
v -0.8363 -2.297 4.1281
v -1.2062 -2.0888 4.4699
v -1.564 -1.8636 5.208
v -2.1338 0.7766 5.274
v -2.236 0.3942 5.274
v -2.2707 0 5.274
v -1.9663 1.1351 5.274
v -1.7395 1.4594 5.274
v 0.394 2.236 5.274
v 1.7266 -0.1511 6.2291
v 1.7391 -1.4594 5.274
v 0.4223 -2.3961 5.208
v -0.0002 -2.4117 4.4699
v -0.4248 -2.4076 4.1281
v -0.8251 -2.2662 4.4699
v -1.2167 -2.1071 5.208
v -2.236 -0.3942 5.274
v -2.1338 -0.7766 5.274
v -1.4595 1.7391 5.274
v -0.0002 2.2702 5.274
v 0.994 1.4199 6.2291
v 1.459 -1.7391 5.274
v -0.0002 -2.4327 5.208
v -0.4191 -2.3753 4.4699
v -0.8323 -2.286 5.208
v -1.9663 -1.1351 5.274
v -1.1355 1.9663 5.274
v -0.3945 2.236 5.274
v 1.1315 0.7924 7.1033
v 1.3342 0.3576 7.1033
v 1.5708 -0.7326 6.2291
v 1.135 -1.9663 5.274
v -0.4227 -2.3961 5.208
v -1.7395 -1.4594 5.274
v -0.7767 2.1333 5.274
v 0.4484 1.6744 6.2291
v 1.1835 0.3172 7.9974
v 1.0036 0.7029 7.9974
v 1.3761 -0.1204 7.1033
v 0.7762 -2.1333 5.274
v -1.4595 -1.7391 5.274
v -1.5712 0.7326 6.2291
v -1.727 0.1511 6.2291
v -1.226 1.2257 6.2291
v 0.7922 1.1317 7.1033
v 1.1391 0.3053 8.9558
v 0.966 0.6766 8.9558
v 1.2206 -0.1068 7.9974
v 1.2255 -1.2257 6.2291
v 0.394 -2.236 5.274
v -1.1355 -1.9663 5.274
v -1.6746 -0.4486 6.2291
v -0.1513 1.7268 6.2291
v 0.7027 1.0038 7.9974
v 1.1748 -0.1028 8.9558
v 1.2519 -0.5839 7.1033
v -0.0002 -2.2702 5.274
v -0.7767 -2.1333 5.274
v -1.4202 -0.9942 6.2291
v -0.7328 1.571 6.2291
v 0.3573 1.3345 7.1033
v 0.6763 0.9662 8.9558
v 1.1104 -0.5179 7.9974
v 0.7323 -1.571 6.2291
v -0.3945 -2.236 5.274
v -1.3765 0.1204 7.1033
v -1.2524 0.5839 7.1033
v -0.9771 0.9769 7.1033
v 0.3169 1.1837 7.9974
v 1.4134 0.3788 9.015
v 1.1986 0.8395 9.015
v 1.0688 -0.4985 8.9558
v 0.9767 -0.9769 7.1033
v -0.9945 -1.4199 6.2291
v -1.3347 -0.3576 7.1033
v -1.1109 0.5179 7.9974
v -1.221 0.1068 7.9974
v -0.8668 0.8665 7.9974
v -0.1207 1.3763 7.1033
v 0.305 1.1394 8.9558
v 1.4577 -0.1275 9.015
v 0.8663 -0.8665 7.9974
v 0.1508 -1.7268 6.2291
v -1.1319 -0.7924 7.1033
v -1.1839 -0.3172 7.9974
v -1.0693 0.4985 8.9558
v -1.1753 0.1028 8.9558
v -0.8343 0.8341 8.9558
v -0.5841 1.2521 7.1033
v -0.1071 1.2208 7.9974
v 0.8392 1.1989 9.015
v 0.8338 -0.8341 8.9558
v 0.5836 -1.2521 7.1033
v -0.4489 -1.6743 6.2291
v -1.0041 -0.7029 7.9974
v -1.1396 -0.3053 8.9558
v -0.5181 1.1106 7.9974
v -0.103 1.175 8.9558
v 1.5172 1.0626 9.1328
v 1.7891 0.4795 9.1328
v 1.3262 -0.6185 9.015
v 0.5177 -1.1106 7.9974
v -0.7927 -1.1317 7.1033
v -0.9665 -0.6766 8.9558
v -0.4987 1.069 8.9558
v 0.3785 1.4137 9.015
v 1.9312 0.5175 9.3509
v 1.6377 1.1469 9.3509
v 1.8452 -0.1614 9.1328
v 0.4983 -1.069 8.9558
v 0.1202 -1.3763 7.1033
v -0.7031 -1.0038 7.9974
v -1.3267 0.6185 9.015
v -1.4582 0.1276 9.015
v -1.0351 1.0349 9.015
v 1.0623 1.5175 9.1328
v 1.6644 1.1656 9.5778
v 1.9627 0.526 9.5778
v 1.9917 -0.1743 9.3509
v 1.0347 -1.0349 9.015
v 0.1066 -1.2208 7.9974
v -0.3578 -1.3345 7.1033
v -0.6768 -0.9662 8.9558
v -1.4139 -0.3788 9.015
v -0.1278 1.458 9.015
v 1.1467 1.638 9.3509
v 1.8624 0.4991 9.7026
v 1.5794 1.1061 9.7026
v 2.0242 -0.1771 9.5778
v 1.6787 -0.7829 9.1328
v 0.1026 -1.175 8.9558
v -0.3174 -1.1837 7.9974
v -1.1991 -0.8395 9.015
v -0.6188 1.3264 9.015
v 0.4792 1.7894 9.1328
v 1.1654 1.6647 9.5778
v 1.4736 1.032 9.7644
v 1.7377 0.4657 9.7644
v 1.9208 -0.1681 9.7026
v 1.812 -0.845 9.3509
v 0.6183 -1.3264 9.015
v -0.3055 -1.1394 8.9558
v -1.8457 0.1614 9.1328
v -1.6791 0.7829 9.1328
v -1.3101 1.3099 9.1328
v 0.5173 1.9314 9.3509
v 1.1058 1.5796 9.7026
v 1.6962 0.4546 9.8024
v 1.4384 1.0074 9.8024
v 1.7922 -0.1568 9.7644
v 1.8416 -0.8588 9.5778
v 1.3097 -1.3099 9.1328
v -0.8397 -1.1989 9.015
v -1.7896 -0.4795 9.1328
v -1.8125 0.845 9.3509
v -1.9922 0.1743 9.3509
v -1.4142 1.4139 9.3509
v -0.1617 1.8454 9.1328
v 0.5257 1.963 9.5778
v 1.0318 1.4739 9.7644
v 1.6962 0.4546 9.9784
v 1.4384 1.0074 9.9784
v 1.7493 -0.1531 9.8024
v 1.7475 -0.815 9.7026
v 1.4137 -1.4139 9.3509
v 0.1273 -1.458 9.015
v -1.5177 -1.0625 9.1328
v -1.9317 -0.5175 9.3509
v -2.0247 0.1771 9.5778
v -1.842 0.8588 9.5778
v -1.4372 1.437 9.5778
v -0.7831 1.6789 9.1328
v -0.1745 1.992 9.3509
v 0.4989 1.8627 9.7026
v 1.0071 1.4386 9.8024
v 1.7493 -0.1531 9.9784
v 1.6305 -0.7604 9.7644
v 1.4368 -1.437 9.5778
v 0.7827 -1.6789 9.1328
v -0.379 -1.4137 9.015
v -1.6382 -1.1469 9.3509
v -1.9632 -0.526 9.5778
v -1.7479 0.815 9.7026
v -1.9213 0.1681 9.7026
v -1.3638 1.3636 9.7026
v -0.8453 1.8122 9.3509
v -0.1774 2.0245 9.5778
v 0.4654 1.738 9.7644
v 1.0071 1.4386 9.9784
v 1.398 0.9791 10.1006
v 1.6486 0.4418 10.1006
v 1.5915 -0.7422 9.8024
v 1.3633 -1.3636 9.7026
v 0.8448 -1.8122 9.3509
v -1.0628 -1.5175 9.1328
v -1.6649 -1.1656 9.5778
v -1.8629 -0.4991 9.7026
v -1.7927 0.1568 9.7644
v -1.6309 0.7604 9.7644
v -1.2725 1.2723 9.7644
v -0.8591 1.8418 9.5778
v -0.1683 1.921 9.7026
v 0.4543 1.6964 9.8024
v 1.5058 0.4036 10.1651
v 1.277 0.8943 10.1651
v 1.7003 -0.1488 10.1006
v 1.5915 -0.7422 9.9784
v 1.2721 -1.2723 9.7644
v 0.8586 -1.8418 9.5778
v 0.1612 -1.8454 9.1328
v -1.1471 -1.638 9.3509
v -1.5798 -1.1061 9.7026
v -1.7382 -0.4657 9.7644
v -1.592 0.7422 9.8024
v -1.7498 0.1531 9.8024
v -1.2421 1.2419 9.8024
v -0.8152 1.7477 9.7026
v -0.1571 1.7924 9.7644
v 0.4543 1.6964 9.9784
v 0.9788 1.3983 10.1006
v 1.2232 0.3278 10.2323
v 1.0373 0.7265 10.2323
v 1.553 -0.1359 10.1651
v 1.2416 -1.2419 9.8024
v 0.8147 -1.7477 9.7026
v 0.174 -1.992 9.3509
v -0.4797 -1.7894 9.1328
v -1.1659 -1.6647 9.5778
v -1.4741 -1.032 9.7644
v -1.6967 -0.4546 9.8024
v -1.592 0.7422 9.9784
v -1.7498 0.1531 9.9784
v -1.2421 1.2419 9.9784
v -0.7607 1.6307 9.7644
v -0.1533 1.7496 9.8024
v 0.8941 1.2772 10.1651
v 1.2615 -0.1104 10.2323
v 1.5468 -0.7214 10.1006
v 1.2416 -1.2419 9.9784
v 0.7602 -1.6307 9.7644
v 0.1769 -2.0245 9.5778
v -0.5178 -1.9314 9.3509
v -1.1063 -1.5796 9.7026
v -1.4389 -1.0074 9.8024
v -1.6967 -0.4546 9.9784
v -0.7425 1.5917 9.8024
v -0.1533 1.7496 9.9784
v 0.4416 1.6488 10.1006
v 0.7262 1.0375 10.2323
v 1.4129 -0.6589 10.1651
v 0.742 -1.5917 9.8024
v 0.1678 -1.921 9.7026
v -0.5262 -1.963 9.5778
v -1.0323 -1.4739 9.7644
v -1.4389 -1.0074 9.9784
v -1.7007 0.1488 10.1006
v -1.5473 0.7214 10.1006
v -1.2073 1.207 10.1006
v -0.7425 1.5917 9.9784
v 0.4033 1.5061 10.1651
v 1.1812 0.3166 10.2938
v 1.0017 0.7016 10.2938
v 1.1477 -0.5353 10.2323
v 1.2068 -1.207 10.1006
v 0.742 -1.5917 9.9784
v 0.1566 -1.7924 9.7644
v -0.4993 -1.8627 9.7026
v -1.0076 -1.4386 9.8024
v -1.6491 -0.4418 10.1006
v -1.4133 0.6589 10.1651
v -1.5535 0.1359 10.1651
v -1.1027 1.1025 10.1651
v -0.149 1.7005 10.1006
v 0.3276 1.2234 10.2323
v 1.1812 0.3166 10.4286
v 1.0017 0.7016 10.4286
v 1.2183 -0.1066 10.2938
v 1.1023 -1.1025 10.1651
v 0.1528 -1.7496 9.8024
v -0.4659 -1.738 9.7644
v -1.0076 -1.4386 9.9784
v -1.3985 -0.9791 10.1006
v -1.5063 -0.4035 10.1651
v -1.1482 0.5353 10.2323
v -1.262 0.1104 10.2323
v -0.8958 0.8956 10.2323
v -0.7217 1.5471 10.1006
v -0.1361 1.5532 10.1651
v 0.7013 1.002 10.2938
v 1.2183 -0.1066 10.4286
v 0.8954 -0.8956 10.2323
v 0.7212 -1.5471 10.1006
v 0.1528 -1.7496 9.9784
v -0.4548 -1.6964 9.8024
v -1.2774 -0.8943 10.1651
v -1.2236 -0.3278 10.2323
v -0.6592 1.4131 10.1651
v -0.1106 1.2618 10.2323
v 0.7013 1.002 10.4286
v 1.0315 0.7225 10.5057
v 1.2164 0.326 10.5057
v 1.1083 -0.5169 10.2938
v 0.6587 -1.4131 10.1651
v -0.4548 -1.6964 9.9784
v -0.9793 -1.3983 10.1006
v -1.0377 -0.7265 10.2323
v -0.5355 1.1479 10.2323
v 0.3163 1.1815 10.2938
v 1.2545 -0.1098 10.5057
v 1.1083 -0.5169 10.4286
v 0.535 -1.1479 10.2323
v 0.1485 -1.7005 10.1006
v -0.8945 -1.2772 10.1651
v -1.1088 0.5169 10.2938
v -1.2188 0.1066 10.2938
v -0.8652 0.8649 10.2938
v 0.3163 1.1815 10.4286
v 0.7222 1.0318 10.5057
v 1.3877 0.3719 10.5741
v 1.1768 0.8242 10.5741
v 0.8647 -0.8649 10.2938
v 0.1357 -1.5532 10.1651
v -0.442 -1.6488 10.1006
v -0.7267 -1.0375 10.2323
v -1.1817 -0.3166 10.2938
v -1.1088 0.5169 10.4286
v -1.2188 0.1066 10.4286
v -0.8652 0.8649 10.4286
v -0.1069 1.2185 10.2938
v 1.4312 -0.1252 10.5741
v 1.1413 -0.5323 10.5057
v 0.8647 -0.8649 10.4286
v 0.1102 -1.2617 10.2323
v -0.4038 -1.5061 10.1651
v -1.0022 -0.7016 10.2938
v -1.1817 -0.3166 10.4286
v -0.5172 1.1086 10.2938
v -0.1069 1.2185 10.4286
v 0.3258 1.2166 10.5057
v 0.8239 1.177 10.5741
v 1.2365 0.866 10.6256
v 1.4581 0.3908 10.6256
v 0.5167 -1.1086 10.2938
v -0.328 -1.2234 10.2323
v -1.0022 -0.7016 10.4286
v -1.255 0.1098 10.5057
v -1.1418 0.5323 10.5057
v -0.8909 0.8906 10.5057
v -0.5172 1.1086 10.4286
v 1.4816 0.3971 10.7151
v 1.2565 0.88 10.7151
v 1.5038 -0.1316 10.6256
v 1.302 -0.6072 10.5741
v 0.8904 -0.8906 10.5057
v 0.5167 -1.1086 10.4286
v -0.7018 -1.002 10.2938
v -1.2169 -0.326 10.5057
v -0.11 1.2548 10.5057
v 0.3716 1.3879 10.5741
v 0.8658 1.2368 10.6256
v 1.2312 0.8623 10.8069
v 1.4519 0.3891 10.8069
v 1.5281 -0.1337 10.7151
v 0.1064 -1.2185 10.2938
v -0.7018 -1.002 10.4286
v -1.032 -0.7225 10.5057
v -1.3025 0.6072 10.5741
v -1.4316 0.1252 10.5741
v -1.0163 1.016 10.5741
v -0.5326 1.1415 10.5057
v 0.8797 1.2567 10.7151
v 1.3625 0.3652 10.8649
v 1.1554 0.8092 10.8649
v 1.4974 -0.131 10.8069
v 1.3681 -0.6381 10.6256
v 1.0158 -1.016 10.5741
v 0.5321 -1.1415 10.5057
v 0.1064 -1.2185 10.4286
v -0.3168 -1.1815 10.2938
v -1.3881 -0.3719 10.5741
v -0.1255 1.4314 10.5741
v 0.3905 1.4584 10.6256
v 0.862 1.2314 10.8069
v 1.2123 0.3249 10.9167
v 1.0281 0.72 10.9167
v 1.4052 -0.123 10.8649
v 1.3902 -0.6484 10.7151
v -0.3168 -1.1815 10.4286
v -0.7227 -1.0318 10.5057
v -1.1772 -0.8242 10.5741
v -1.5043 0.1316 10.6256
v -1.3686 0.6381 10.6256
v -1.0678 1.0676 10.6256
v -0.6075 1.3022 10.5741
v 0.3968 1.4819 10.7151
v 0.809 1.1557 10.8649
v 1.2503 -0.1094 10.9167
v 1.3622 -0.6353 10.8069
v 1.0674 -1.0676 10.6256
v 0.607 -1.3022 10.5741
v 0.1095 -1.2548 10.5057
v -1.4586 -0.3908 10.6256
v -1.3906 0.6484 10.7151
v -1.5286 0.1337 10.7151
v -1.0851 1.0848 10.7151
v -0.1318 1.5041 10.6256
v 0.3888 1.4521 10.8069
v 0.7198 1.0283 10.9167
v 1.4778 0.396 11.2265
v 1.2532 0.8777 11.2265
v 1.2784 -0.5962 10.8649
v 1.0846 -1.0848 10.7151
v -0.3262 -1.2166 10.5057
v -0.8244 -1.177 10.5741
v -1.237 -0.866 10.6256
v -1.4821 -0.3971 10.7151
v -1.4978 0.131 10.8069
v -1.3627 0.6353 10.8069
v -1.0633 1.063 10.8069
v -0.6383 1.3684 10.6256
v -0.134 1.5283 10.7151
v 0.3649 1.3628 10.8649
v 1.5241 -0.1334 11.2265
v 1.1375 -0.5305 10.9167
v 1.0628 -1.063 10.8069
v 0.6379 -1.3684 10.6256
v 0.125 -1.4314 10.5741
v -1.2569 -0.88 10.7151
v -1.4523 -0.3891 10.8069
v -1.2789 0.5962 10.8649
v -1.4057 0.123 10.8649
v -0.9978 0.9976 10.8649
v -0.6486 1.3904 10.7151
v -0.1313 1.4976 10.8069
v 0.3247 1.2126 10.9167
v 0.8774 1.2534 11.2265
v 0.9974 -0.9976 10.8649
v 0.6481 -1.3904 10.7151
v -0.3721 -1.3879 10.5741
v -0.8662 -1.2368 10.6256
v -1.2317 -0.8623 10.8069
v -1.363 -0.3652 10.8649
v -1.138 0.5305 10.9167
v -1.2508 0.1094 10.9167
v -0.8879 0.8877 10.9167
v -0.6356 1.3625 10.8069
v -0.1232 1.4055 10.8649
v 1.7813 0.4774 11.6193
v 1.5106 1.0579 11.6193
v 1.3865 -0.6467 11.2265
v 0.8874 -0.8876 10.9167
v 0.6351 -1.3625 10.8069
v 0.1314 -1.5041 10.6256
v -0.8802 -1.2567 10.7151
v -1.1559 -0.8092 10.8649
v -1.2128 -0.3249 10.9167
v -0.5965 1.2786 10.8649
v -0.1097 1.2506 10.9167
v 0.3958 1.478 11.2265
v 1.6466 1.1532 11.9491
v 1.9417 0.5204 11.9491
v 1.8371 -0.1607 11.6193
v 0.596 -1.2786 10.8649
v 0.1335 -1.5283 10.7151
v -0.391 -1.4584 10.6256
v -0.8625 -1.2314 10.8069
v -1.0285 -0.72 10.9167
v -1.387 0.6467 11.2265
v -1.5246 0.1334 11.2265
v -1.0822 1.082 11.2265
v -0.5308 1.1377 10.9167
v 1.0576 1.5108 11.6193
v 2.0106 0.5388 12.3104
v 1.705 1.1941 12.3104
v 2.0026 -0.1752 11.9491
v 1.0817 -1.082 11.2265
v 0.5303 -1.1377 10.9167
v 0.1308 -1.4976 10.8069
v -0.3973 -1.4819 10.7151
v -0.8094 -1.1557 10.8649
v -1.4783 -0.396 11.2265
v -0.1336 1.5243 11.2265
v 1.1529 1.6469 11.9491
v 1.7067 1.1952 12.6684
v 2.0125 0.5393 12.6684
v 2.0305 0.3407 12.1639
v 2.0636 0.2951 12.3104
v 1.6713 -0.7795 11.6193
v 0.1227 -1.4055 10.8649
v -0.3893 -1.4521 10.8069
v -0.7203 -1.0283 10.9167
v -1.2537 -0.8777 11.2265
v -0.6469 1.3868 11.2265
v 0.4771 1.7815 11.6193
v 1.1938 1.7053 12.3104
v 1.9723 0.5286 12.9882
v 1.6726 1.1713 12.9882
v 2.0893 -0.0029 12.3104
v 2.0576 -0.3629 12.3104
v 2.079 0.1431 12.6684
v 1.8219 -0.8497 11.9491
v 0.6464 -1.3868 11.2265
v 0.1092 -1.2506 10.9167
v -0.3654 -1.3627 10.8649
v -1.6718 0.7795 11.6193
v -1.8376 0.1607 11.6193
v -1.3044 1.3042 11.6193
v 0.5201 1.942 11.9491
v 1.1949 1.7069 12.6684
v 1.6104 1.1278 13.29
v 1.899 0.5089 13.29
v 2.0596 -0.3632 12.6684
v 2.078 -0.1548 12.6684
v 1.8865 -0.8798 12.3104
v 2.0492 0.0074 12.9882
v 1.3039 -1.3042 11.6193
v -0.3251 -1.2126 10.9167
v -0.8779 -1.2534 11.2265
v -1.7818 -0.4774 11.6193
v -1.8224 0.8497 11.9491
v -1.9876 0.3504 11.9491
v -2.0185 0 11.9491
v -1.4219 1.4216 11.9491
v -0.161 1.8374 11.6193
v 0.5385 2.0108 12.3104
v 1.1711 1.6728 12.9882
v 1.8017 0.4828 13.5945
v 1.5279 1.07 13.5945
v 2.0242 -0.2906 12.9882
v 1.8883 -0.8806 12.6684
v 1.9737 0 13.29
v 1.4214 -1.4216 11.9491
v 0.1331 -1.5243 11.2265
v -1.5111 -1.0579 11.6193
v -1.9422 -0.5204 11.9491
v -2.0318 0.3467 12.1708
v -2.0319 0.117 12.0689
v -2.0898 -0.0029 12.3104
v -1.4723 1.472 12.3104
v -1.8868 0.8797 12.3095
v -0.7797 1.6716 11.6193
v -0.1755 2.0028 11.9491
v 0.5391 2.0128 12.6684
v 1.1276 1.6107 13.29
v 1.4143 0.9905 13.9025
v 1.6678 0.447 13.9025
v 1.8506 -0.863 12.9882
v 1.4718 -1.472 12.3104
v 1.8725 0 13.5945
v 1.963 -0.1207 13.29
v 0.7792 -1.6716 11.6193
v -0.3963 -1.478 11.2265
v -1.6471 -1.1532 11.9491
v -2.011 -0.5388 12.3104
v -2.0601 0.3632 12.6684
v -1.8888 0.8806 12.6684
v -2.0581 0.3629 12.3104
v -2.0795 0.1431 12.6684
v -2.064 0.2951 12.3104
v -1.4737 1.4734 12.6684
v -0.8499 1.8221 11.9491
v -0.1817 2.0738 12.3104
v 0.5283 1.9726 12.9882
v 1.0697 1.5281 13.5945
v 1.485 0.398 14.2152
v 1.2593 0.8819 14.2152
v 1.7818 -0.831 13.29
v 1.9231 -0.4187 13.29
v 1.4732 -1.4734 12.6684
v 1.7333 0 13.9025
v 1.8504 -0.25 13.5945
v 0.8494 -1.8221 11.9491
v -1.0581 -1.5108 11.6193
v -1.7055 -1.1941 12.3104
v -2.0784 -0.1548 12.6684
v -2.013 -0.5393 12.6684
v -1.8511 0.863 12.9882
v -2.0189 0.356 12.9882
v -2.0497 0.0074 12.9882
v -1.4443 1.444 12.9882
v -0.88 1.8867 12.3104
v -0.1819 2.0758 12.6684
v 0.5087 1.8993 13.29
v 0.9903 1.4146 13.9025
v 1.065 0.7459 14.5194
v 1.2559 0.3366 14.5194
v 1.7843 -0.5479 13.5945
v 1.7595 -0.6405 13.5945
v 1.4438 -1.444 12.9882
v 0.8796 -1.8867 12.3104
v 1.5315 -0.134 14.2152
v 1.7773 -0.3134 13.744
v 1.7068 -0.301 13.9025
v 0.1605 -1.8374 11.6193
v -1.1534 -1.6469 11.9491
v -1.7071 -1.1952 12.6684
v -1.9267 -0.7012 12.9882
v -2.0247 -0.2906 12.9882
v -1.959 0.1714 13.29
v -1.7823 0.831 13.29
v -1.3906 1.3903 13.29
v -0.8809 1.8885 12.6684
v -0.1782 2.0344 12.9882
v 0.4826 1.8019 13.5945
v 0.8817 1.2595 14.2152
v 0.9832 0.2635 14.8021
v 0.8337 0.584 14.8021
v 1.6917 -0.6158 13.7544
v 1.6214 -0.9362 13.5945
v 1.3901 -1.3903 13.29
v 0.8804 -1.8885 12.6684
v 1.2952 -0.1133 14.5194
v 1.6855 -0.3807 13.9025
v 0.175 -2.0028 11.9491
v -0.4776 -1.7815 11.6193
v -1.1943 -1.7053 12.3104
v -1.6731 -1.1713 12.9882
v -1.9236 -0.4187 13.29
v -1.8551 -0.6751 13.29
v -1.6909 0.7884 13.5945
v -1.8586 0.1626 13.5945
v -1.9635 -0.1207 13.29
v -1.3193 1.3191 13.5945
v -0.8633 1.8508 12.9882
v -0.1716 1.9588 13.29
v 0.4467 1.6681 13.9025
v 0.7456 1.0652 14.5194
v 0.6393 0.4478 15.0123
v 0.7539 0.2021 15.0123
v 1.5887 -0.6787 13.9025
v 1.5009 -0.8667 13.9025
v 1.3189 -1.3191 13.5945
v 0.8628 -1.8508 12.9882
v 0.1812 -2.0738 12.3104
v 1.014 -0.0887 14.8021
v 1.4445 -0.5179 14.2257
v -0.5206 -1.942 11.9491
v -1.1954 -1.7069 12.6684
v -1.6109 -1.1278 13.29
v -1.7848 -0.5479 13.5945
v -1.76 -0.6405 13.5945
v -1.7206 0.1505 13.9025
v -1.5653 0.7298 13.9025
v -1.8509 -0.25 13.5945
v -1.2213 1.2211 13.9025
v -0.8312 1.782 13.29
v -0.1628 1.8584 13.5945
v 0.3977 1.4852 14.2152
v 0.5837 0.834 14.8021
v 0.6299 0.1688 15.1345
v 0.5341 0.3742 15.1345
v 1.3368 -0.7998 14.1879
v 1.2209 -1.2211 13.9025
v 0.8308 -1.782 13.29
v 0.1814 -2.0758 12.6684
v 0.7775 -0.068 15.0123
v 1.2265 -0.4465 14.5194
v -0.539 -2.0108 12.3104
v -1.1716 -1.6728 12.9882
v -1.5283 -1.07 13.5945
v -1.6922 -0.6158 13.7544
v -1.3938 0.6498 14.2152
v -1.532 0.134 14.2152
v -1.7778 -0.3134 13.744
v -1.7073 -0.301 13.9025
v -1.0875 1.0873 14.2152
v -0.7886 1.6907 13.5945
v -0.1508 1.7203 13.9025
v 0.3363 1.2561 14.5194
v 0.4476 0.6395 15.0123
v 1.1822 -0.9922 14.2152
v 0.7882 -1.6907 13.5945
v 0.1778 -2.0344 12.9882
v 0.6496 -0.0568 15.1345
v 0.9225 -0.4303 14.8021
v 1.1278 -0.6449 14.5248
v -0.5395 -2.0128 12.6684
v -1.128 -1.6107 13.29
v -1.5014 -0.8667 13.9025
v -1.5892 -0.6787 13.9025
v -1.2957 0.1133 14.5194
v -1.1788 0.5496 14.5194
v -1.686 -0.3807 13.9025
v -1.5202 -0.268 14.2152
v -0.9198 0.9195 14.5194
v -0.7301 1.5651 13.9025
v -0.1343 1.5317 14.2152
v 0.2633 0.9834 14.8021
v 0.3739 0.5344 15.1345
v 0.6368 0.1707 15.3483
v 0.54 0.3783 15.3483
v 1.0653 -0.8941 14.4101
v 0.9918 -1.1823 14.2152
v 0.7296 -1.5651 13.9025
v 0.1711 -1.9588 13.29
v 0.7074 -0.3299 15.0123
v -0.5288 -1.9726 12.9882
v -1.0702 -1.5281 13.5945
v -1.3282 -1.1143 13.9025
v -1.3373 -0.7998 14.1879
v -0.9229 0.4303 14.8021
v -1.0145 0.0887 14.8021
v -1.4449 -0.5179 14.2257
v -1.2563 -0.3366 14.5194
v -0.7201 0.7199 14.8021
v -0.6501 1.3935 14.2152
v -0.1136 1.2955 14.5194
v 0.2018 0.7541 15.0123
v 0.8525 -0.9511 14.5443
v 0.6496 -1.3935 14.2152
v 0.1624 -1.8584 13.5945
v 0.6568 -0.0575 15.3483
v 0.591 -0.2757 15.1345
v 0.8586 -0.7206 14.7033
v 0.7827 -0.657 14.8021
v -0.5091 -1.8993 13.29
v -0.9907 -1.4146 13.9025
v -1.1827 -0.9922 14.2152
v -0.778 0.068 15.0123
v -0.7078 0.33 15.0123
v -0.9836 -0.2635 14.8021
v -0.5523 0.5521 15.0123
v -0.5498 1.1786 14.5194
v -0.089 1.0142 14.8021
v 0.1686 0.6301 15.1345
v 0.3781 0.5403 15.3483
v 0.6525 -1.1306 14.5194
v 0.1503 -1.7203 13.9025
v 0.5518 -0.5521 15.0123
v 0.6611 -0.7659 14.81
v -0.483 -1.8019 13.5945
v -0.8822 -1.2595 14.2152
v -1.0658 -0.8941 14.4101
v -0.5914 0.2757 15.1345
v -0.6501 0.0569 15.1345
v -1.1283 -0.6449 14.5248
v -0.7544 -0.2021 15.0123
v -0.4615 0.4613 15.1345
v -0.4305 0.9227 14.8021
v -0.0683 0.7778 15.0123
v 0.5788 -1.0029 14.6664
v 0.4462 -1.2266 14.5194
v 0.1338 -1.5317 14.2152
v 0.5975 -0.2787 15.3483
v 0.461 -0.4613 15.1345
v -0.4472 -1.668 13.9025
v -0.853 -0.9511 14.5443
v -0.8342 -0.584 14.8021
v -0.6303 -0.1688 15.1345
v -0.3302 0.7076 15.0123
v -0.0571 0.6498 15.1345
v 0.1705 0.6371 15.3483
v 0.7444 0.1995 15.4555
v 0.6313 0.4422 15.4555
v 0.3744 -1.0294 14.7288
v 0.1131 -1.2955 14.5194
v 0.3796 -0.8092 14.9121
v 0.3297 -0.7076 15.0123
v -0.3982 -1.4852 14.2152
v -0.653 -1.1305 14.5194
v -0.598 0.2787 15.3483
v -0.6573 0.0575 15.3483
v -0.859 -0.7206 14.7033
v -0.6398 -0.4478 15.0123
v -0.4666 0.4664 15.3483
v -0.2759 0.5912 15.1345
v 0.7095 0.497 15.5672
v 0.8367 0.2243 15.5672
v 0.1839 -1.0443 14.7639
v 0.7678 -0.0672 15.4555
v 0.4661 -0.4664 15.3483
v 0.2755 -0.5912 15.1345
v -0.3368 -1.2561 14.5194
v -0.5793 -1.0029 14.6664
v -0.6616 -0.7659 14.81
v -0.5346 -0.3742 15.1345
v -0.6373 -0.1707 15.3483
v -0.0577 0.657 15.3483
v 0.442 0.6315 15.4555
v 0.8674 0.2325 15.737
v 0.7356 0.5152 15.737
v 0.0073 -1.0392 14.776
v 0.8629 -0.0755 15.5672
v 0.1461 -0.8298 14.9604
v 0.0678 -0.7778 15.0123
v -0.3749 -1.0294 14.7288
v -0.448 -0.6395 15.0123
v -0.279 0.5977 15.3483
v 0.4967 0.7097 15.5672
v 0.7095 0.497 15.9069
v 0.8367 0.2243 15.9069
v -0.1844 -1.0443 14.7639
v 0.8946 -0.0783 15.737
v 0.6985 -0.3258 15.4555
v 0.2785 -0.5977 15.3483
v 0.0566 -0.6498 15.1345
v -0.0002 -0.8332 14.9686
v -0.3801 -0.8092 14.9121
v -0.3744 -0.5344 15.1345
v -0.5405 -0.3783 15.3483
v 0.1993 0.7447 15.4555
v 0.515 0.7358 15.737
v 0.7444 0.1995 16.0185
v 0.6313 0.4422 16.0185
v 0.8629 -0.0755 15.9069
v 0.785 -0.3662 15.5672
v -0.2023 -0.7541 15.0123
v -0.699 0.3258 15.4555
v -0.7682 0.0672 15.4555
v -0.5454 0.5451 15.4555
v 0.224 0.8369 15.5672
v 0.4967 0.7097 15.9069
v 0.4408 0.441 16.0892
v 0.6211 0.0544 16.0892
v 0.7678 -0.0672 16.0185
v 0.8139 -0.3796 15.737
v 0.5449 -0.5451 15.4555
v 0.0572 -0.657 15.3483
v -0.1691 -0.6301 15.1345
v -0.1465 -0.8298 14.9604
v -0.8634 0.0755 15.5672
v -0.7855 0.3662 15.5672
v -0.3785 -0.5403 15.3483
v -0.7449 -0.1995 15.4555
v -0.6129 0.6127 15.5672
v -0.0674 0.768 15.4555
v 0.2322 0.8677 15.737
v 0.442 0.6315 16.0185
v 0.4658 0.0408 16.1362
v 0.3306 0.3308 16.1362
v 0.785 -0.3662 15.9069
v 0.6124 -0.6127 15.5672
v -0.8143 0.3796 15.737
v -0.8951 0.0783 15.737
v -0.8371 -0.2243 15.5672
v -0.6354 0.6352 15.737
v -0.3261 0.6987 15.4555
v -0.0758 0.8631 15.5672
v 0.224 0.8369 15.9069
v 0.6985 -0.3258 16.0185
v 0.6349 -0.6352 15.737
v 0.3256 -0.6987 15.4555
v -0.1709 -0.6371 15.3483
v -0.8634 0.0755 15.9069
v -0.7855 0.3662 15.9069
v -0.6318 -0.4422 15.4555
v -0.8679 -0.2325 15.737
v -0.6129 0.6127 15.9069
v -0.3664 0.7853 15.5672
v -0.0785 0.8948 15.737
v 0.1993 0.7447 16.0185
v 0.5107 -0.3577 16.0892
v 0.6124 -0.6127 15.9069
v 0.3659 -0.7853 15.5672
v -0.699 0.3258 16.0185
v -0.7682 0.0672 16.0185
v -0.71 -0.497 15.5672
v -0.8371 -0.2243 15.9069
v -0.5454 0.5451 16.0185
v -0.3799 0.8141 15.737
v -0.0758 0.8631 15.9069
v 0.0541 0.6213 16.0892
v 0.383 -0.2683 16.1362
v 0.5449 -0.5451 16.0185
v 0.3794 -0.8141 15.737
v 0.067 -0.768 15.4555
v -0.6027 0.1614 16.0892
v -0.4424 -0.6315 15.4555
v -0.736 -0.5152 15.737
v -0.7449 -0.1995 16.0185
v -0.358 0.5109 16.0892
v -0.3664 0.7853 15.9069
v -0.0674 0.768 16.0185
v 0.0405 0.466 16.1362
v 0.3659 -0.7853 15.9069
v 0.0753 -0.8631 15.5672
v -0.4972 -0.7097 15.5672
v -0.71 -0.497 15.9069
v -0.5655 -0.2636 16.0892
v -0.2686 0.3832 16.1362
v -0.4521 0.1211 16.1362
v -0.3261 0.6987 16.0185
v 0.3256 -0.6987 16.0185
v 0.0781 -0.8948 15.737
v -0.1998 -0.7447 15.4555
v -0.5155 -0.7358 15.737
v -0.6318 -0.4422 16.0185
v -0.4242 -0.1977 16.1362
v 0.1612 -0.6024 16.0892
v 0.0753 -0.8631 15.9069
v -0.2245 -0.8369 15.5672
v -0.4972 -0.7097 15.9069
v 0.1208 -0.4519 16.1362
v 0.067 -0.768 16.0185
v -0.2327 -0.8677 15.737
v -0.4424 -0.6315 16.0185
v -0.2245 -0.8369 15.9069
v -0.2638 -0.5653 16.0892
v -0.1998 -0.7447 16.0185
v -0.1979 -0.424 16.1362
v 0.0148 -0.0098 13.0286
v 0.0148 -0.1207 13.29
v 0.0148 0.1431 12.6684
v 2.0315 0.117 12.0689
v 0.0148 0.117 12.0689
v 0.0148 0.3407 12.1639
v 0.0148 -0.1548 12.6684
v 0.0148 -0.2622 12.9215
v -0.0002 0 16.1612
v -0.0002 0 0
v 0.0148 -0.0029 12.3104
v 0.0148 -0.4187 13.29
v 0.0148 -0.5479 13.5945
v 0.0148 -0.6158 13.7544
v 0.0148 -0.6787 13.9025
v 0.0148 -0.7998 14.1879
v 0.0148 -0.8941 14.4101
v 0.0148 -0.9511 14.5443
v 0.0148 -1.0029 14.6664
v 0.0148 0.2951 12.3104
v 0.0148 -0.25 13.5945
v 0.0148 -0.3134 13.744
v 0.0148 -0.3807 13.9025
v 0.0148 -0.5179 14.2257
v 0.0148 -0.6449 14.5248
v 0.0148 -0.7206 14.7033
v 0.0148 -0.7659 14.81
v 0.0039 -0.8092 14.9121
vn 0.9396 0.0088 -0.3421
vn 0.866 0.0088 -0.5
vn 0.9236 0.1837 -0.3365
vn 0.9236 0.1837 -0.3365
vn 0.866 0.0088 -0.5
vn 0.8511 0.1838 -0.4918
vn 0.9848 0.0088 -0.1737
vn 0.9396 0.0088 -0.342
vn 0.968 0.1838 -0.171
vn 0.968 0.1838 -0.171
vn 0.9396 0.0088 -0.342
vn 0.9236 0.1837 -0.3365
vn 0.866 0.0088 -0.5
vn 0.766 0.0088 -0.6428
vn 0.8511 0.1838 -0.4917
vn 0.8511 0.1838 -0.4918
vn 0.766 0.0088 -0.6428
vn 0.7528 0.1837 -0.6321
vn 1 0.0088 -0.0001
vn 0.9848 0.0088 -0.1737
vn 0.983 0.1837 -0.0003
vn 0.983 0.1837 -0.0003
vn 0.9848 0.0088 -0.1737
vn 0.968 0.1838 -0.171
vn 0.766 0.0088 -0.6428
vn 0.6427 0.0088 -0.766
vn 0.7528 0.1837 -0.6321
vn 0.7528 0.1837 -0.6321
vn 0.6427 0.0088 -0.766
vn 0.6316 0.1838 -0.7532
vn 0.9848 0.0088 0.1736
vn 1 0.0088 0
vn 0.9681 0.1838 0.1704
vn 0.9681 0.1838 0.1704
vn 1 0.0088 0
vn 0.983 0.1837 -0.0003
vn 0.6428 0.0088 -0.766
vn 0.5 0.0088 -0.866
vn 0.6316 0.1838 -0.7532
vn 0.6316 0.1838 -0.7532
vn 0.5 0.0088 -0.866
vn 0.4912 0.1837 -0.8514
vn 0.9397 0.0088 0.3419
vn 0.9848 0.0088 0.1736
vn 0.9238 0.1837 0.3359
vn 0.9238 0.1837 0.3359
vn 0.9848 0.0088 0.1736
vn 0.9681 0.1838 0.1704
vn 0.5 0.0088 -0.866
vn 0.342 0.0088 -0.9397
vn 0.4912 0.1837 -0.8514
vn 0.4912 0.1837 -0.8514
vn 0.342 0.0088 -0.9397
vn 0.3359 0.1838 -0.9238
vn 0.866 0.0088 0.5
vn 0.9397 0.0088 0.342
vn 0.8514 0.1838 0.4912
vn 0.8514 0.1838 0.4912
vn 0.9397 0.0088 0.342
vn 0.9238 0.1837 0.3359
vn -0.9397 0.0088 -0.342
vn -0.9848 0.0088 -0.1736
vn -0.9238 0.1837 -0.3359
vn -0.9238 0.1837 -0.3359
vn -0.9848 0.0088 -0.1736
vn -0.9681 0.1838 -0.1704
vn -0.9848 0.0088 -0.1736
vn -1 0.0088 0
vn -0.9681 0.1838 -0.1704
vn -0.9681 0.1838 -0.1704
vn -1 0.0088 0
vn -0.983 0.1837 0.0003
vn -0.866 0.0088 -0.5
vn -0.9397 0.0088 -0.342
vn -0.8514 0.1838 -0.4912
vn -0.8514 0.1838 -0.4912
vn -0.9397 0.0088 -0.342
vn -0.9238 0.1837 -0.3359
vn -0.7661 0.0088 -0.6427
vn -0.866 0.0088 -0.5
vn -0.7532 0.1837 -0.6316
vn -0.7532 0.1837 -0.6316
vn -0.866 0.0088 -0.5
vn -0.8514 0.1838 -0.4912
vn 0.342 0.0088 -0.9397
vn 0.1736 0.0088 -0.9848
vn 0.3359 0.1838 -0.9238
vn 0.3359 0.1838 -0.9238
vn 0.1736 0.0088 -0.9848
vn 0.1704 0.1837 -0.9681
vn 0.9236 0.1837 -0.3365
vn 0.8511 0.1838 -0.4917
vn 0.8358 0.4565 -0.3051
vn 0.8358 0.4565 -0.305
vn 0.8511 0.1838 -0.4918
vn 0.7702 0.4564 -0.4456
vn 0.968 0.1838 -0.171
vn 0.9236 0.1837 -0.3365
vn 0.8761 0.4564 -0.1553
vn 0.8761 0.4564 -0.1552
vn 0.9236 0.1837 -0.3365
vn 0.8358 0.4565 -0.3051
vn 0.7661 0.0088 0.6427
vn 0.866 0.0088 0.5
vn 0.7532 0.1837 0.6316
vn 0.7532 0.1837 0.6316
vn 0.866 0.0088 0.5
vn 0.8514 0.1838 0.4912
vn -0.9848 0.0088 0.1737
vn -0.9396 0.0088 0.342
vn -0.968 0.1838 0.171
vn -0.968 0.1838 0.171
vn -0.9396 0.0088 0.342
vn -0.9236 0.1837 0.3365
vn -1 0.0088 0.0001
vn -0.9848 0.0088 0.1737
vn -0.983 0.1837 0.0003
vn -0.983 0.1837 0.0003
vn -0.9848 0.0088 0.1737
vn -0.968 0.1838 0.171
vn -0.6428 0.0088 -0.766
vn -0.766 0.0088 -0.6427
vn -0.6321 0.1838 -0.7528
vn -0.6321 0.1838 -0.7528
vn -0.766 0.0088 -0.6427
vn -0.7532 0.1837 -0.6316
vn 0.1736 0.0088 -0.9848
vn 0.0865 0.0088 -0.9962
vn 0.1704 0.1837 -0.9681
vn 0.1704 0.1837 -0.9681
vn 0.0851 0.1801 -0.98
vn 0.8511 0.1838 -0.4917
vn 0.7528 0.1837 -0.6321
vn 0.7702 0.4564 -0.4456
vn 0.7702 0.4564 -0.4456
vn 0.7528 0.1837 -0.6321
vn 0.681 0.4565 -0.5725
vn 0.983 0.1837 -0.0003
vn 0.968 0.1838 -0.171
vn 0.8897 0.4565 -0.0008
vn 0.8897 0.4566 -0.0008
vn 0.968 0.1838 -0.171
vn 0.8761 0.4564 -0.1553
vn 0.6428 0.0088 0.766
vn 0.766 0.0088 0.6427
vn 0.6321 0.1838 0.7528
vn 0.6321 0.1838 0.7528
vn 0.766 0.0088 0.6427
vn 0.7532 0.1837 0.6316
vn -0.9396 0.0088 0.3421
vn -0.866 0.0088 0.5
vn -0.9236 0.1837 0.3365
vn -0.9236 0.1837 0.3365
vn -0.866 0.0088 0.5
vn -0.8511 0.1838 0.4918
vn -0.5 0.0088 -0.866
vn -0.6428 0.0088 -0.766
vn -0.4918 0.1837 -0.8511
vn -0.4918 0.1837 -0.8511
vn -0.6428 0.0088 -0.766
vn -0.6321 0.1838 -0.7528
vn -0.0865 0.0088 -0.9962
vn -0.1737 0.0088 -0.9848
vn -0.085 0.1861 -0.9788
vn -0.085 0.1861 -0.9788
vn -0.1737 0.0088 -0.9848
vn -0.171 0.1837 -0.968
vn 0.7528 0.1837 -0.6321
vn 0.6316 0.1838 -0.7532
vn 0.681 0.4565 -0.5725
vn 0.6811 0.4565 -0.5725
vn 0.6316 0.1838 -0.7532
vn 0.5713 0.4564 -0.6821
vn 0.9681 0.1838 0.1704
vn 0.983 0.1837 -0.0004
vn 0.8764 0.4564 0.1537
vn 0.8764 0.4564 0.1537
vn 0.983 0.1837 -0.0004
vn 0.8897 0.4565 -0.0008
vn 0.5 0.0088 0.866
vn 0.6428 0.0088 0.766
vn 0.4918 0.1837 0.8511
vn 0.4918 0.1837 0.8511
vn 0.6428 0.0088 0.766
vn 0.6321 0.1838 0.7528
vn -0.866 0.0088 0.5
vn -0.766 0.0088 0.6428
vn -0.8511 0.1838 0.4917
vn -0.8511 0.1838 0.4918
vn -0.766 0.0088 0.6428
vn -0.7528 0.1837 0.6321
vn -0.342 0.0088 -0.9396
vn -0.5 0.0088 -0.866
vn -0.3365 0.1838 -0.9236
vn -0.3365 0.1838 -0.9236
vn -0.5 0.0088 -0.866
vn -0.4918 0.1837 -0.8511
vn -0.1737 0.0088 -0.9848
vn -0.342 0.0088 -0.9396
vn -0.171 0.1837 -0.968
vn -0.171 0.1837 -0.968
vn -0.342 0.0088 -0.9396
vn -0.3365 0.1838 -0.9236
vn 0.6316 0.1838 -0.7532
vn 0.4912 0.1837 -0.8515
vn 0.5713 0.4564 -0.6821
vn 0.5713 0.4564 -0.6821
vn 0.4912 0.1837 -0.8515
vn 0.4441 0.4565 -0.7709
vn 0.9238 0.1837 0.3359
vn 0.9681 0.1838 0.1704
vn 0.8363 0.4565 0.3035
vn 0.8363 0.4565 0.3036
vn 0.9681 0.1838 0.1703
vn 0.8764 0.4564 0.1537
vn 0.342 0.0088 0.9396
vn 0.5 0.0088 0.866
vn 0.3365 0.1838 0.9236
vn 0.3365 0.1838 0.9236
vn 0.5 0.0088 0.866
vn 0.4918 0.1837 0.8511
vn -0.766 0.0088 0.6428
vn -0.6427 0.0088 0.766
vn -0.7528 0.1837 0.6321
vn -0.7528 0.1837 0.6321
vn -0.6427 0.0088 0.766
vn -0.6316 0.1838 0.7532
vn 0.4912 0.1837 -0.8514
vn 0.3359 0.1838 -0.9238
vn 0.4442 0.4565 -0.7709
vn 0.4442 0.4565 -0.7709
vn 0.3359 0.1838 -0.9238
vn 0.3036 0.4564 -0.8364
vn 0.8358 0.4565 -0.3051
vn 0.7702 0.4564 -0.4456
vn 0.8734 -0.3703 -0.3164
vn 0.8734 -0.3703 -0.3164
vn 0.7702 0.4564 -0.4456
vn 0.8052 -0.3702 -0.4633
vn 0.8514 0.1838 0.4912
vn 0.9238 0.1837 0.3359
vn 0.771 0.4564 0.4442
vn 0.771 0.4564 0.4442
vn 0.9238 0.1837 0.3359
vn 0.8363 0.4565 0.3035
vn 0.8761 0.4564 -0.1553
vn 0.8358 0.4565 -0.305
vn 0.9151 -0.3702 -0.1599
vn 0.9151 -0.3702 -0.16
vn 0.8358 0.4565 -0.3051
vn 0.8734 -0.3703 -0.3164
vn 0.1737 0.0088 0.9848
vn 0.342 0.0088 0.9396
vn 0.171 0.1837 0.968
vn 0.171 0.1837 0.968
vn 0.342 0.0088 0.9396
vn 0.3365 0.1838 0.9236
vn -0.6428 0.0088 0.766
vn -0.5 0.0088 0.866
vn -0.6316 0.1838 0.7532
vn -0.6316 0.1838 0.7532
vn -0.5 0.0088 0.866
vn -0.4912 0.1837 0.8514
vn -0.9238 0.1837 -0.3359
vn -0.9681 0.1838 -0.1704
vn -0.8363 0.4565 -0.3035
vn -0.8363 0.4566 -0.3036
vn -0.9681 0.1838 -0.1703
vn -0.8764 0.4564 -0.1537
vn -0.9681 0.1838 -0.1704
vn -0.983 0.1837 0.0004
vn -0.8764 0.4563 -0.1537
vn -0.8764 0.4564 -0.1538
vn -0.983 0.1837 0.0004
vn -0.8897 0.4565 0.0008
vn -0.8514 0.1838 -0.4912
vn -0.9238 0.1837 -0.3359
vn -0.771 0.4564 -0.4442
vn -0.771 0.4564 -0.4443
vn -0.9238 0.1837 -0.3359
vn -0.8363 0.4565 -0.3035
vn -0.7532 0.1837 -0.6316
vn -0.8514 0.1838 -0.4912
vn -0.6821 0.4565 -0.5713
vn -0.682 0.4566 -0.5713
vn -0.8514 0.1838 -0.4912
vn -0.771 0.4564 -0.4442
vn 0.3359 0.1838 -0.9238
vn 0.1703 0.1837 -0.9681
vn 0.3036 0.4564 -0.8364
vn 0.3036 0.4564 -0.8364
vn 0.1703 0.1837 -0.9681
vn 0.1537 0.4565 -0.8763
vn 0.7702 0.4564 -0.4456
vn 0.6811 0.4565 -0.5725
vn 0.8052 -0.3702 -0.4633
vn 0.8052 -0.3702 -0.4633
vn 0.681 0.4565 -0.5725
vn 0.7125 -0.3703 -0.596
vn 0.8897 0.4565 -0.0008
vn 0.8761 0.4564 -0.1553
vn 0.9289 -0.3703 0.0014
vn 0.9289 -0.3703 0.0014
vn 0.8761 0.4564 -0.1553
vn 0.9151 -0.3702 -0.16
vn 0.7532 0.1837 0.6316
vn 0.8514 0.1838 0.4912
vn 0.6821 0.4565 0.5713
vn 0.682 0.4565 0.5713
vn 0.8514 0.1838 0.4912
vn 0.771 0.4564 0.4442
vn 0 0.0088 1
vn 0.1737 0.0088 0.9848
vn 0.0003 0.1838 0.983
vn 0.0003 0.1838 0.983
vn 0.1737 0.0088 0.9848
vn 0.171 0.1837 0.968
vn -0.4999 0.0088 0.866
vn -0.342 0.0088 0.9397
vn -0.4912 0.1837 0.8514
vn -0.4912 0.1837 0.8514
vn -0.342 0.0088 0.9397
vn -0.3359 0.1838 0.9238
vn -0.968 0.1838 0.171
vn -0.9236 0.1837 0.3365
vn -0.8761 0.4564 0.1553
vn -0.8761 0.4564 0.1553
vn -0.9236 0.1837 0.3365
vn -0.8358 0.4565 0.3051
vn -0.983 0.1837 0.0003
vn -0.968 0.1838 0.171
vn -0.8897 0.4565 0.0008
vn -0.8897 0.4566 0.0008
vn -0.968 0.1838 0.171
vn -0.8761 0.4564 0.1553
vn -0.6321 0.1838 -0.7528
vn -0.7532 0.1837 -0.6316
vn -0.5726 0.4564 -0.6811
vn -0.5726 0.4564 -0.6811
vn -0.7532 0.1837 -0.6316
vn -0.6821 0.4565 -0.5713
vn 0.1704 0.1837 -0.9681
vn 0.0851 0.1801 -0.98
vn 0.1537 0.4565 -0.8763
vn 0.1537 0.4565 -0.8763
vn 0.0851 0.1801 -0.98
vn 0.0772 0.4503 -0.8895
vn 0.681 0.4565 -0.5725
vn 0.5713 0.4564 -0.6821
vn 0.7125 -0.3703 -0.596
vn 0.7125 -0.3703 -0.596
vn 0.5714 0.4564 -0.6821
vn 0.5982 -0.3702 -0.7107
vn 0.8764 0.4564 0.1537
vn 0.8897 0.4565 -0.0008
vn 0.9146 -0.3702 0.1627
vn 0.9146 -0.3702 0.1626
vn 0.8897 0.4565 -0.0008
vn 0.9289 -0.3703 0.0014
vn 0.6321 0.1838 0.7528
vn 0.7532 0.1837 0.6316
vn 0.5726 0.4564 0.6811
vn 0.5726 0.4564 0.6811
vn 0.7532 0.1837 0.6316
vn 0.6821 0.4565 0.5713
vn -0.1736 0.0088 0.9848
vn 0 0.0088 1
vn -0.1704 0.1837 0.9681
vn -0.1704 0.1837 0.9681
vn 0 0.0088 1
vn 0.0003 0.1838 0.983
vn -0.342 0.0088 0.9397
vn -0.1736 0.0088 0.9848
vn -0.3359 0.1838 0.9238
vn -0.3359 0.1838 0.9238
vn -0.1736 0.0088 0.9848
vn -0.1704 0.1837 0.9681
vn -0.9236 0.1837 0.3365
vn -0.8511 0.1838 0.4917
vn -0.8358 0.4565 0.3051
vn -0.8358 0.4565 0.305
vn -0.8511 0.1838 0.4918
vn -0.7702 0.4564 0.4456
vn -0.4917 0.1837 -0.8511
vn -0.6321 0.1838 -0.7528
vn -0.4456 0.4565 -0.7701
vn -0.4455 0.4566 -0.7701
vn -0.6321 0.1838 -0.7528
vn -0.5726 0.4564 -0.6811
vn -0.085 0.1861 -0.9788
vn -0.171 0.1837 -0.968
vn -0.0768 0.4596 -0.8848
vn -0.0768 0.4596 -0.8848
vn -0.171 0.1837 -0.968
vn -0.1553 0.4565 -0.876
vn 0.5713 0.4564 -0.6821
vn 0.4442 0.4565 -0.7709
vn 0.5982 -0.3702 -0.7107
vn 0.5981 -0.3702 -0.7108
vn 0.4442 0.4565 -0.7709
vn 0.4657 -0.3703 -0.8038
vn 0.8363 0.4565 0.3035
vn 0.8764 0.4564 0.1537
vn 0.8724 -0.3703 0.319
vn 0.8724 -0.3703 0.319
vn 0.8764 0.4564 0.1538
vn 0.9146 -0.3702 0.1627
vn 0.4917 0.1837 0.8511
vn 0.6321 0.1838 0.7528
vn 0.4456 0.4566 0.7701
vn 0.4455 0.4566 0.7701
vn 0.6321 0.1838 0.7528
vn 0.5726 0.4564 0.6811
vn -0.8511 0.1838 0.4917
vn -0.7528 0.1837 0.6321
vn -0.7702 0.4564 0.4456
vn -0.7702 0.4564 0.4455
vn -0.7528 0.1837 0.6321
vn -0.681 0.4565 0.5725
vn -0.3365 0.1838 -0.9236
vn -0.4918 0.1837 -0.8511
vn -0.3051 0.4564 -0.8359
vn -0.305 0.4564 -0.8359
vn -0.4918 0.1837 -0.8511
vn -0.4456 0.4565 -0.7701
vn -0.171 0.1837 -0.968
vn -0.3365 0.1838 -0.9236
vn -0.1553 0.4565 -0.8761
vn -0.1552 0.4566 -0.876
vn -0.3365 0.1838 -0.9236
vn -0.3051 0.4564 -0.8359
vn 0.4441 0.4565 -0.7709
vn 0.3036 0.4564 -0.8364
vn 0.4657 -0.3703 -0.8038
vn 0.4657 -0.3703 -0.8038
vn 0.3036 0.4564 -0.8364
vn 0.319 -0.3702 -0.8725
vn 0.8734 -0.3703 -0.3164
vn 0.8052 -0.3702 -0.4633
vn 0.8795 -0.3532 -0.319
vn 0.8795 -0.3532 -0.319
vn 0.8052 -0.3702 -0.4633
vn 0.8109 -0.3526 -0.467
vn 0.771 0.4564 0.4442
vn 0.8363 0.4565 0.3036
vn 0.8038 -0.3702 0.4657
vn 0.8038 -0.3702 0.4656
vn 0.8363 0.4565 0.3035
vn 0.8724 -0.3703 0.319
vn 0.3365 0.1838 0.9236
vn 0.4918 0.1837 0.8511
vn 0.3051 0.4564 0.8359
vn 0.3051 0.4564 0.8359
vn 0.4918 0.1837 0.8511
vn 0.4456 0.4565 0.7701
vn 0.9151 -0.3702 -0.16
vn 0.8734 -0.3703 -0.3164
vn 0.9217 -0.3526 -0.1615
vn 0.9217 -0.3526 -0.1615
vn 0.8734 -0.3703 -0.3164
vn 0.8795 -0.3531 -0.319
vn -0.7528 0.1837 0.6321
vn -0.6316 0.1838 0.7532
vn -0.681 0.4565 0.5725
vn -0.6811 0.4565 0.5725
vn -0.6316 0.1838 0.7532
vn -0.5713 0.4564 0.6821
vn -0.8363 0.4565 -0.3035
vn -0.8764 0.4563 -0.1537
vn -0.8724 -0.3703 -0.319
vn -0.8764 0.4564 -0.1538
vn -0.9146 -0.3702 -0.1627
vn -0.8764 0.4563 -0.1537
vn -0.8897 0.4565 0.0008
vn -0.9146 -0.3702 -0.1627
vn -0.9146 -0.3702 -0.1626
vn -0.8897 0.4565 0.0008
vn -0.9289 -0.3703 -0.0014
vn -0.771 0.4564 -0.4442
vn -0.8363 0.4565 -0.3036
vn -0.8038 -0.3702 -0.4657
vn -0.8038 -0.3702 -0.4656
vn -0.8363 0.4565 -0.3035
vn -0.8724 -0.3703 -0.319
vn -0.6821 0.4565 -0.5713
vn -0.771 0.4564 -0.4442
vn -0.7107 -0.3703 -0.5982
vn -0.7107 -0.3703 -0.5982
vn -0.771 0.4564 -0.4442
vn -0.8038 -0.3702 -0.4657
vn 0.3036 0.4564 -0.8364
vn 0.1537 0.4565 -0.8763
vn 0.319 -0.3702 -0.8725
vn 0.319 -0.3702 -0.8725
vn 0.1537 0.4565 -0.8763
vn 0.1627 -0.3703 -0.9146
vn 0.8052 -0.3702 -0.4633
vn 0.7125 -0.3703 -0.596
vn 0.8109 -0.3526 -0.467
vn 0.8109 -0.3526 -0.467
vn 0.7125 -0.3703 -0.596
vn 0.7174 -0.3531 -0.6006
vn 0.9289 -0.3703 0.0014
vn 0.9151 -0.3702 -0.16
vn 0.9356 -0.3532 0.0011
vn 0.9356 -0.3532 0.0011
vn 0.9151 -0.3702 -0.16
vn 0.9217 -0.3526 -0.1615
vn 0.6821 0.4565 0.5713
vn 0.771 0.4564 0.4442
vn 0.7107 -0.3703 0.5982
vn 0.7107 -0.3703 0.5982
vn 0.771 0.4564 0.4442
vn 0.8038 -0.3702 0.4657
vn 0.171 0.1837 0.968
vn 0.3365 0.1838 0.9236
vn 0.1553 0.4566 0.876
vn 0.1552 0.4566 0.876
vn 0.3365 0.1838 0.9236
vn 0.3051 0.4564 0.8359
vn -0.6316 0.1838 0.7532
vn -0.4912 0.1837 0.8515
vn -0.5714 0.4564 0.6821
vn -0.5713 0.4564 0.6821
vn -0.4912 0.1837 0.8515
vn -0.4441 0.4565 0.7709
vn -0.8761 0.4564 0.1553
vn -0.8358 0.4565 0.305
vn -0.9151 -0.3702 0.1599
vn -0.9151 -0.3702 0.16
vn -0.8358 0.4565 0.3051
vn -0.8734 -0.3703 0.3164
vn -0.8897 0.4565 0.0008
vn -0.8761 0.4564 0.1553
vn -0.9289 -0.3703 -0.0014
vn -0.9289 -0.3703 -0.0014
vn -0.8761 0.4564 0.1553
vn -0.9151 -0.3702 0.16
vn -0.5725 0.4564 -0.6811
vn -0.682 0.4565 -0.5713
vn -0.5961 -0.3702 -0.7125
vn -0.5961 -0.3702 -0.7125
vn -0.6821 0.4565 -0.5713
vn -0.7107 -0.3703 -0.5982
vn 0.1537 0.4565 -0.8763
vn 0.0772 0.4503 -0.8895
vn 0.1627 -0.3703 -0.9146
vn 0.1627 -0.3703 -0.9146
vn 0.0768 0.4503 -0.8896
vn 0.0803 -0.3709 -0.9252
vn 0.7125 -0.3703 -0.596
vn 0.5982 -0.3702 -0.7107
vn 0.7174 -0.3532 -0.6006
vn 0.7174 -0.3532 -0.6006
vn 0.5982 -0.3702 -0.7107
vn 0.6023 -0.3526 -0.7162
vn 0.9146 -0.3702 0.1627
vn 0.9289 -0.3703 0.0014
vn 0.9214 -0.3526 0.1635
vn 0.9214 -0.3526 0.1635
vn 0.9289 -0.3703 0.0014
vn 0.9356 -0.3531 0.0011
vn 0.5725 0.4564 0.6811
vn 0.682 0.4565 0.5713
vn 0.5961 -0.3702 0.7125
vn 0.5961 -0.3702 0.7125
vn 0.6821 0.4565 0.5713
vn 0.7107 -0.3703 0.5982
vn 0.0003 0.1838 0.983
vn 0.171 0.1837 0.968
vn 0.0008 0.4564 0.8898
vn 0.0008 0.4564 0.8898
vn 0.171 0.1837 0.968
vn 0.1553 0.4565 0.8761
vn -0.4912 0.1837 0.8514
vn -0.3359 0.1838 0.9238
vn -0.4442 0.4565 0.7709
vn -0.4442 0.4566 0.7709
vn -0.3359 0.1838 0.9238
vn -0.3036 0.4564 0.8364
vn -0.8358 0.4565 0.3051
vn -0.7702 0.4564 0.4456
vn -0.8734 -0.3703 0.3164
vn -0.8734 -0.3703 0.3164
vn -0.7702 0.4564 0.4456
vn -0.8052 -0.3702 0.4633
vn -0.4456 0.4565 -0.7701
vn -0.5726 0.4563 -0.6811
vn -0.4632 -0.3703 -0.8052
vn -0.4632 -0.3703 -0.8052
vn -0.5725 0.4564 -0.6811
vn -0.5961 -0.3702 -0.7125
vn -0.0768 0.4596 -0.8848
vn -0.1553 0.4565 -0.8761
vn -0.0808 -0.3671 -0.9267
vn -0.0804 -0.3671 -0.9267
vn -0.1553 0.4565 -0.876
vn -0.1599 -0.3703 -0.9151
vn 0.5982 -0.3702 -0.7107
vn 0.4657 -0.3703 -0.8038
vn 0.6023 -0.3526 -0.7162
vn 0.6023 -0.3526 -0.7162
vn 0.4657 -0.3703 -0.8038
vn 0.4687 -0.3531 -0.8097
vn 0.8644 0.0613 -0.499
vn 0.938 0.0607 -0.3414
vn 0.8109 -0.3526 -0.467
vn 0.8109 -0.3526 -0.467
vn 0.938 0.0607 -0.3414
vn 0.8795 -0.3532 -0.319
vn 0.8724 -0.3703 0.319
vn 0.9146 -0.3702 0.1627
vn 0.8788 -0.3532 0.321
vn 0.8788 -0.3532 0.321
vn 0.9146 -0.3702 0.1626
vn 0.9214 -0.3526 0.1635
vn 0.4456 0.4565 0.7701
vn 0.5726 0.4564 0.6811
vn 0.4632 -0.3703 0.8052
vn 0.4632 -0.3703 0.8052
vn 0.5725 0.4564 0.6811
vn 0.5961 -0.3702 0.7125
vn -0.1704 0.1837 0.9681
vn 0.0003 0.1838 0.983
vn -0.1537 0.4566 0.8763
vn -0.1537 0.4566 0.8763
vn 0.0003 0.1838 0.983
vn 0.0008 0.4564 0.8898
vn 0.8795 -0.3531 -0.319
vn 0.938 0.0607 -0.3414
vn 0.9217 -0.3526 -0.1615
vn 0.9217 -0.3526 -0.1615
vn 0.938 0.0607 -0.3414
vn 0.983 0.0613 -0.1733
vn -0.3359 0.1838 0.9238
vn -0.1703 0.1837 0.9681
vn -0.3036 0.4564 0.8364
vn -0.3036 0.4563 0.8364
vn -0.1703 0.1837 0.9681
vn -0.1537 0.4565 0.8763
vn -0.7702 0.4563 0.4456
vn -0.6811 0.4565 0.5725
vn -0.8052 -0.3702 0.4633
vn -0.8052 -0.3702 0.4633
vn -0.681 0.4565 0.5725
vn -0.7125 -0.3703 0.596
vn -0.305 0.4564 -0.8359
vn -0.4455 0.4565 -0.7701
vn -0.3164 -0.3702 -0.8734
vn -0.3165 -0.3702 -0.8734
vn -0.4456 0.4565 -0.7701
vn -0.4632 -0.3703 -0.8052
vn -0.1553 0.4565 -0.876
vn -0.3051 0.4564 -0.8358
vn -0.1599 -0.3703 -0.9151
vn -0.1599 -0.3703 -0.9151
vn -0.305 0.4564 -0.8359
vn -0.3164 -0.3702 -0.8734
vn 0.4657 -0.3703 -0.8038
vn 0.319 -0.3702 -0.8725
vn 0.4687 -0.3532 -0.8097
vn 0.4687 -0.3532 -0.8097
vn 0.319 -0.3702 -0.8725
vn 0.321 -0.3526 -0.879
vn 0.7174 -0.3531 -0.6006
vn 0.7646 0.0607 -0.6416
vn 0.8109 -0.3526 -0.467
vn 0.8109 -0.3526 -0.467
vn 0.7646 0.0607 -0.6416
vn 0.8644 0.0613 -0.4991
vn 0.883 0.3422 -0.3214
vn 0.938 0.0607 -0.3414
vn 0.8147 0.3392 -0.4704
vn 0.8147 0.3392 -0.4704
vn 0.938 0.0607 -0.3414
vn 0.8644 0.0613 -0.4991
vn 0.983 0.0613 -0.1733
vn 0.9982 0.0607 0
vn 0.9217 -0.3526 -0.1614
vn 0.9217 -0.3526 -0.1615
vn 0.9982 0.0607 0
vn 0.9356 -0.3532 0.0011
vn 0.8038 -0.3702 0.4657
vn 0.8724 -0.3703 0.319
vn 0.8099 -0.3526 0.4688
vn 0.8099 -0.3526 0.4688
vn 0.8724 -0.3703 0.319
vn 0.8788 -0.3531 0.321
vn 0.305 0.4564 0.8359
vn 0.4455 0.4565 0.7701
vn 0.3164 -0.3702 0.8734
vn 0.3165 -0.3702 0.8734
vn 0.4456 0.4565 0.7701
vn 0.4632 -0.3703 0.8052
vn 0.983 0.0613 -0.1733
vn 0.938 0.0607 -0.3414
vn 0.9264 0.3392 -0.1633
vn 0.9264 0.3392 -0.1633
vn 0.938 0.0607 -0.3414
vn 0.883 0.3422 -0.3214
vn -0.681 0.4565 0.5725
vn -0.5713 0.4564 0.6821
vn -0.7125 -0.3703 0.596
vn -0.7125 -0.3703 0.596
vn -0.5714 0.4564 0.6821
vn -0.5982 -0.3702 0.7107
vn -0.8724 -0.3703 -0.319
vn -0.9146 -0.3702 -0.1627
vn -0.8788 -0.3532 -0.321
vn -0.8788 -0.3532 -0.321
vn -0.9146 -0.3702 -0.1626
vn -0.9214 -0.3526 -0.1635
vn -0.9146 -0.3702 -0.1627
vn -0.9289 -0.3703 -0.0014
vn -0.9214 -0.3526 -0.1635
vn -0.9214 -0.3526 -0.1635
vn -0.9289 -0.3703 -0.0014
vn -0.9356 -0.3531 -0.0011
vn -0.8038 -0.3702 -0.4657
vn -0.8724 -0.3703 -0.319
vn -0.8099 -0.3526 -0.4688
vn -0.8099 -0.3526 -0.4688
vn -0.8724 -0.3703 -0.319
vn -0.8788 -0.3531 -0.321
vn -0.7107 -0.3703 -0.5982
vn -0.8038 -0.3702 -0.4657
vn -0.716 -0.3532 -0.6022
vn -0.716 -0.3532 -0.6022
vn -0.8038 -0.3702 -0.4657
vn -0.8099 -0.3526 -0.4688
vn 0.319 -0.3702 -0.8725
vn 0.1627 -0.3703 -0.9146
vn 0.321 -0.3526 -0.879
vn 0.321 -0.3526 -0.879
vn 0.1627 -0.3703 -0.9146
vn 0.1635 -0.3531 -0.9212
vn 0.6416 0.0613 -0.7646
vn 0.7646 0.0607 -0.6416
vn 0.6023 -0.3526 -0.7162
vn 0.6023 -0.3526 -0.7162
vn 0.7646 0.0607 -0.6416
vn 0.7174 -0.3532 -0.6006
vn 0.8644 0.0613 -0.4991
vn 0.7646 0.0607 -0.6416
vn 0.8147 0.3392 -0.4704
vn 0.8147 0.3392 -0.4703
vn 0.7646 0.0607 -0.6416
vn 0.7198 0.3422 -0.604
vn 0.7259 0.5443 -0.4205
vn 0.7884 0.5434 -0.2883
vn 0.8147 0.3392 -0.4704
vn 0.8147 0.3392 -0.4704
vn 0.7884 0.5434 -0.2883
vn 0.883 0.3422 -0.3214
vn 0.9396 0.3422 0
vn 0.9982 0.0607 0
vn 0.9264 0.3392 -0.1634
vn 0.9264 0.3392 -0.1634
vn 0.9982 0.0607 0
vn 0.983 0.0613 -0.1733
vn 0.9356 -0.3531 0.0011
vn 0.9982 0.0607 0
vn 0.9214 -0.3526 0.1635
vn 0.9214 -0.3526 0.1635
vn 0.9982 0.0607 0
vn 0.983 0.0613 0.1733
vn 0.7107 -0.3703 0.5982
vn 0.8038 -0.3702 0.4657
vn 0.716 -0.3532 0.6022
vn 0.716 -0.3532 0.6022
vn 0.8038 -0.3702 0.4657
vn 0.8099 -0.3526 0.4688
vn 0.1553 0.4565 0.876
vn 0.3051 0.4564 0.8358
vn 0.1599 -0.3703 0.9151
vn 0.1599 -0.3703 0.9151
vn 0.305 0.4564 0.8359
vn 0.3164 -0.3702 0.8734
vn 0.883 0.3422 -0.3214
vn 0.7885 0.5433 -0.2883
vn 0.9264 0.3392 -0.1634
vn 0.9264 0.3392 -0.1634
vn 0.7885 0.5433 -0.2883
vn 0.8259 0.5443 -0.1469
vn -0.5714 0.4564 0.6821
vn -0.4442 0.4565 0.7709
vn -0.5982 -0.3702 0.7107
vn -0.5981 -0.3702 0.7108
vn -0.4442 0.4565 0.7709
vn -0.4657 -0.3703 0.8038
vn -0.9151 -0.3702 0.16
vn -0.8734 -0.3703 0.3164
vn -0.9217 -0.3526 0.1615
vn -0.9217 -0.3526 0.1615
vn -0.8734 -0.3703 0.3164
vn -0.8795 -0.3531 0.319
vn -0.9289 -0.3703 -0.0014
vn -0.9151 -0.3702 0.16
vn -0.9356 -0.3532 -0.0011
vn -0.9356 -0.3532 -0.0011
vn -0.9151 -0.3702 0.16
vn -0.9217 -0.3526 0.1615
vn -0.5961 -0.3702 -0.7125
vn -0.7107 -0.3703 -0.5982
vn -0.6007 -0.3526 -0.7175
vn -0.6007 -0.3526 -0.7175
vn -0.7107 -0.3703 -0.5982
vn -0.716 -0.3531 -0.6022
vn 0.1627 -0.3703 -0.9146
vn 0.0803 -0.3709 -0.9252
vn 0.1635 -0.3532 -0.9212
vn 0.1635 -0.3532 -0.9212
vn 0.0803 -0.3709 -0.9252
vn 0.0809 -0.3531 -0.9321
vn 0.4687 -0.3531 -0.8097
vn 0.4991 0.0607 -0.8644
vn 0.6023 -0.3526 -0.7162
vn 0.6023 -0.3526 -0.7162
vn 0.4991 0.0607 -0.8644
vn 0.6416 0.0613 -0.7646
vn 0.7198 0.3422 -0.604
vn 0.6047 0.3392 -0.7206
vn 0.6047 0.3392 -0.7206
vn 0.7646 0.0607 -0.6416
vn 0.6416 0.0613 -0.7646
vn 0.7198 0.3422 -0.604
vn 0.6423 0.5433 -0.5406
vn 0.8147 0.3392 -0.4704
vn 0.8147 0.3392 -0.4703
vn 0.6423 0.5433 -0.5406
vn 0.7259 0.5443 -0.4205
vn 0.7885 0.5433 -0.2883
vn 0.7259 0.5443 -0.4205
vn 0.8001 0.5232 -0.2932
vn 0.8002 0.5232 -0.2932
vn 0.7259 0.5443 -0.4205
vn 0.7378 0.5219 -0.4281
vn 0.8259 0.5443 -0.1469
vn 0.8395 0.5433 -0.0013
vn 0.9264 0.3392 -0.1633
vn 0.9264 0.3392 -0.1634
vn 0.8395 0.5433 -0.0013
vn 0.9396 0.3422 0
vn 0.983 0.0613 0.1733
vn 0.9982 0.0607 0
vn 0.9264 0.3392 0.1634
vn 0.9264 0.3392 0.1634
vn 0.9982 0.0607 0
vn 0.9396 0.3422 0
vn 0.983 0.0613 0.1733
vn 0.938 0.0607 0.3414
vn 0.9214 -0.3526 0.1635
vn 0.9214 -0.3526 0.1635
vn 0.938 0.0607 0.3414
vn 0.8788 -0.3532 0.321
vn 0.5961 -0.3702 0.7125
vn 0.7107 -0.3703 0.5982
vn 0.6007 -0.3526 0.7175
vn 0.6007 -0.3526 0.7175
vn 0.7107 -0.3703 0.5982
vn 0.716 -0.3531 0.6022
vn 0.0008 0.4564 0.8898
vn 0.1553 0.4565 0.8761
vn -0.0014 -0.3702 0.929
vn -0.0013 -0.3702 0.9289
vn 0.1553 0.4565 0.876
vn 0.1599 -0.3703 0.9151
vn 0.8259 0.5443 -0.1469
vn 0.7884 0.5434 -0.2883
vn 0.8397 0.5219 -0.1499
vn 0.8397 0.5219 -0.1499
vn 0.7884 0.5434 -0.2883
vn 0.8001 0.5233 -0.2932
vn -0.4441 0.4565 0.7709
vn -0.3036 0.4564 0.8364
vn -0.4657 -0.3703 0.8038
vn -0.4657 -0.3703 0.8038
vn -0.3036 0.4564 0.8364
vn -0.319 -0.3702 0.8725
vn -0.8734 -0.3703 0.3164
vn -0.8052 -0.3702 0.4633
vn -0.8795 -0.3532 0.319
vn -0.8795 -0.3532 0.319
vn -0.8052 -0.3702 0.4633
vn -0.8109 -0.3526 0.467
vn -0.4633 -0.3703 -0.8052
vn -0.4669 -0.3532 -0.8107
vn -0.4669 -0.3532 -0.8108
vn -0.5961 -0.3702 -0.7125
vn -0.6007 -0.3526 -0.7175
vn -0.0804 -0.3671 -0.9267
vn -0.1599 -0.3703 -0.9151
vn -0.081 -0.3497 -0.9333
vn -0.081 -0.3497 -0.9333
vn -0.1599 -0.3703 -0.915
vn -0.1614 -0.3531 -0.9215
vn 0.3414 0.0613 -0.9379
vn 0.4991 0.0607 -0.8644
vn 0.3211 -0.3526 -0.879
vn 0.321 -0.3526 -0.879
vn 0.4991 0.0607 -0.8644
vn 0.4687 -0.3532 -0.8097
vn 0.6416 0.0613 -0.7646
vn 0.4991 0.0607 -0.8644
vn 0.6047 0.3392 -0.7206
vn 0.6047 0.3392 -0.7206
vn 0.4991 0.0607 -0.8644
vn 0.4698 0.3422 -0.8137
vn 0.5383 0.5443 -0.6434
vn 0.6423 0.5433 -0.5406
vn 0.6047 0.3392 -0.7206
vn 0.6047 0.3392 -0.7206
vn 0.6423 0.5433 -0.5406
vn 0.7198 0.3422 -0.604
vn 0.7259 0.5443 -0.4205
vn 0.6423 0.5434 -0.5406
vn 0.7378 0.5219 -0.4281
vn 0.7378 0.5219 -0.4281
vn 0.6423 0.5434 -0.5406
vn 0.6516 0.5233 -0.5492
vn 0.8395 0.5433 -0.0012
vn 0.8259 0.5443 -0.1469
vn 0.8522 0.5232 -0.0019
vn 0.8522 0.5232 -0.0019
vn 0.8259 0.5443 -0.1469
vn 0.8397 0.5219 -0.1499
vn 0.9396 0.3422 0
vn 0.8395 0.5433 -0.0013
vn 0.9264 0.3392 0.1634
vn 0.9264 0.3392 0.1633
vn 0.8395 0.5433 -0.0012
vn 0.8263 0.5443 0.1444
vn 0.883 0.3422 0.3214
vn 0.938 0.0607 0.3414
vn 0.9264 0.3392 0.1633
vn 0.9264 0.3392 0.1633
vn 0.938 0.0607 0.3414
vn 0.983 0.0613 0.1733
vn 0.8788 -0.3531 0.321
vn 0.938 0.0607 0.3414
vn 0.8099 -0.3526 0.4688
vn 0.8099 -0.3526 0.4688
vn 0.938 0.0607 0.3414
vn 0.8644 0.0613 0.499
vn 0.4633 -0.3703 0.8052
vn 0.5961 -0.3702 0.7125
vn 0.4669 -0.3532 0.8107
vn 0.4669 -0.3532 0.8108
vn 0.5961 -0.3702 0.7125
vn 0.6007 -0.3526 0.7175
vn -0.1537 0.4565 0.8763
vn 0.0008 0.4564 0.8898
vn -0.1627 -0.3703 0.9146
vn -0.1627 -0.3703 0.9146
vn 0.0008 0.4564 0.8898
vn -0.0014 -0.3702 0.9289
vn -0.3036 0.4564 0.8364
vn -0.1537 0.4565 0.8763
vn -0.319 -0.3702 0.8725
vn -0.319 -0.3702 0.8725
vn -0.1537 0.4565 0.8763
vn -0.1627 -0.3703 0.9146
vn -0.8052 -0.3702 0.4633
vn -0.7125 -0.3703 0.596
vn -0.8109 -0.3526 0.467
vn -0.8109 -0.3526 0.467
vn -0.7125 -0.3703 0.596
vn -0.7174 -0.3531 0.6005
vn -0.983 0.0613 -0.1733
vn -0.938 0.0607 -0.3414
vn -0.9214 -0.3526 -0.1635
vn -0.9214 -0.3526 -0.1635
vn -0.938 0.0607 -0.3414
vn -0.8788 -0.3532 -0.321
vn -0.9356 -0.3531 -0.0011
vn -0.9982 0.0607 0
vn -0.9214 -0.3526 -0.1635
vn -0.9214 -0.3526 -0.1635
vn -0.9982 0.0607 0
vn -0.983 0.0613 -0.1733
vn -0.8788 -0.3531 -0.321
vn -0.938 0.0607 -0.3414
vn -0.8099 -0.3526 -0.4688
vn -0.8099 -0.3526 -0.4688
vn -0.938 0.0607 -0.3414
vn -0.8644 0.0613 -0.499
vn -0.8644 0.0613 -0.4991
vn -0.7646 0.0607 -0.6416
vn -0.8099 -0.3526 -0.4688
vn -0.8099 -0.3526 -0.4688
vn -0.7646 0.0607 -0.6416
vn -0.716 -0.3532 -0.6022
vn -0.3164 -0.3702 -0.8734
vn -0.4633 -0.3703 -0.8052
vn -0.3191 -0.3526 -0.8797
vn -0.3191 -0.3526 -0.8797
vn -0.4633 -0.3703 -0.8052
vn -0.4669 -0.3531 -0.8108
vn -0.1599 -0.3703 -0.915
vn -0.3164 -0.3702 -0.8734
vn -0.1614 -0.3532 -0.9215
vn -0.1614 -0.3532 -0.9215
vn -0.3164 -0.3702 -0.8734
vn -0.3191 -0.3526 -0.8797
vn 0.1635 -0.3531 -0.9212
vn 0.1733 0.0607 -0.983
vn 0.321 -0.3526 -0.879
vn 0.321 -0.3526 -0.879
vn 0.1733 0.0607 -0.983
vn 0.3414 0.0613 -0.9379
vn 0.4698 0.3422 -0.8137
vn 0.4991 0.0607 -0.8644
vn 0.3217 0.3392 -0.884
vn 0.3217 0.3392 -0.884
vn 0.4991 0.0607 -0.8644
vn 0.3414 0.0613 -0.9379
vn 0.4698 0.3422 -0.8137
vn 0.4187 0.5433 -0.7277
vn 0.6047 0.3392 -0.7206
vn 0.6047 0.3392 -0.7206
vn 0.4187 0.5433 -0.7277
vn 0.5383 0.5443 -0.6434
vn 0.6423 0.5434 -0.5406
vn 0.5383 0.5443 -0.6434
vn 0.6516 0.5232 -0.5492
vn 0.6516 0.5232 -0.5492
vn 0.5383 0.5443 -0.6434
vn 0.5469 0.5219 -0.6546
vn 0.9146 0.2296 -0.3329
vn 0.8001 0.5233 -0.2932
vn 0.8424 0.2317 -0.4864
vn 0.8424 0.2317 -0.4864
vn 0.8001 0.5233 -0.2932
vn 0.7378 0.5219 -0.4281
vn 0.8264 0.5443 0.1444
vn 0.8395 0.5434 -0.0012
vn 0.8404 0.5219 0.1463
vn 0.8404 0.5219 0.1463
vn 0.8395 0.5434 -0.0012
vn 0.8522 0.5233 -0.0019
vn 0.8264 0.5443 0.1444
vn 0.7893 0.5433 0.2859
vn 0.9264 0.3392 0.1634
vn 0.9264 0.3392 0.1634
vn 0.7893 0.5433 0.2859
vn 0.883 0.3422 0.3214
vn 0.8644 0.0613 0.4991
vn 0.938 0.0607 0.3414
vn 0.8147 0.3392 0.4704
vn 0.8147 0.3392 0.4704
vn 0.938 0.0607 0.3414
vn 0.883 0.3422 0.3214
vn 0.8644 0.0613 0.4991
vn 0.7646 0.0607 0.6416
vn 0.8099 -0.3526 0.4688
vn 0.8099 -0.3526 0.4688
vn 0.7646 0.0607 0.6416
vn 0.716 -0.3532 0.6022
vn 0.3164 -0.3702 0.8734
vn 0.4633 -0.3703 0.8052
vn 0.3191 -0.3526 0.8797
vn 0.3191 -0.3526 0.8797
vn 0.4633 -0.3703 0.8052
vn 0.4669 -0.3531 0.8108
vn 0.8397 0.5219 -0.1499
vn 0.8001 0.5232 -0.2932
vn 0.958 0.2317 -0.1689
vn 0.958 0.2317 -0.1689
vn 0.8001 0.5232 -0.2932
vn 0.9146 0.2296 -0.3329
vn -0.7125 -0.3703 0.596
vn -0.5982 -0.3702 0.7107
vn -0.7174 -0.3532 0.6006
vn -0.7174 -0.3532 0.6006
vn -0.5982 -0.3702 0.7107
vn -0.6023 -0.3526 0.7162
vn -0.8795 -0.3531 0.319
vn -0.938 0.0607 0.3414
vn -0.9217 -0.3526 0.1615
vn -0.9217 -0.3526 0.1615
vn -0.938 0.0607 0.3414
vn -0.983 0.0613 0.1733
vn -0.983 0.0613 0.1733
vn -0.9982 0.0607 0
vn -0.9217 -0.3526 0.1614
vn -0.9217 -0.3526 0.1614
vn -0.9982 0.0607 0
vn -0.9356 -0.3532 -0.0011
vn -0.883 0.3422 -0.3214
vn -0.938 0.0607 -0.3414
vn -0.9264 0.3392 -0.1633
vn -0.9264 0.3392 -0.1633
vn -0.938 0.0607 -0.3414
vn -0.983 0.0613 -0.1733
vn -0.9982 0.0607 0
vn -0.9264 0.3392 -0.1634
vn -0.9264 0.3392 -0.1634
vn -0.9982 0.0607 0
vn -0.9396 0.3422 0
vn -0.8644 0.0613 -0.4991
vn -0.938 0.0607 -0.3414
vn -0.8147 0.3392 -0.4704
vn -0.8147 0.3392 -0.4704
vn -0.938 0.0607 -0.3414
vn -0.883 0.3422 -0.3214
vn -0.7198 0.3422 -0.604
vn -0.7646 0.0607 -0.6416
vn -0.8147 0.3392 -0.4703
vn -0.8147 0.3392 -0.4704
vn -0.7646 0.0607 -0.6416
vn -0.8644 0.0613 -0.4991
vn -0.716 -0.3531 -0.6022
vn -0.7646 0.0607 -0.6416
vn -0.6007 -0.3526 -0.7175
vn -0.6007 -0.3526 -0.7175
vn -0.7646 0.0607 -0.6416
vn -0.6416 0.0613 -0.7646
vn 0.0863 0.0611 -0.9944
vn 0.1733 0.0607 -0.983
vn 0.0809 -0.3531 -0.9321
vn 0.0809 -0.3531 -0.9321
vn 0.1733 0.0607 -0.983
vn 0.1635 -0.3532 -0.9212
vn 0.3414 0.0613 -0.9379
vn 0.1733 0.0607 -0.983
vn 0.3217 0.3392 -0.884
vn 0.3218 0.3392 -0.884
vn 0.1733 0.0607 -0.983
vn 0.1632 0.3422 -0.9254
vn 0.2857 0.5443 -0.7887
vn 0.4187 0.5433 -0.7277
vn 0.3218 0.3392 -0.884
vn 0.3217 0.3392 -0.884
vn 0.4187 0.5433 -0.7277
vn 0.4698 0.3422 -0.8137
vn 0.5383 0.5443 -0.6434
vn 0.4187 0.5434 -0.7276
vn 0.5469 0.5219 -0.6546
vn 0.5469 0.5219 -0.6546
vn 0.4187 0.5434 -0.7276
vn 0.4245 0.5233 -0.7389
vn 0.7378 0.5219 -0.4281
vn 0.6516 0.5232 -0.5492
vn 0.8425 0.2317 -0.4864
vn 0.8425 0.2317 -0.4864
vn 0.6516 0.5232 -0.5492
vn 0.7456 0.2296 -0.6256
vn 0.866 0.0109 -0.4999
vn 0.9397 0.0111 -0.3419
vn 0.8424 0.2317 -0.4864
vn 0.8424 0.2318 -0.4864
vn 0.9397 0.0111 -0.3419
vn 0.9146 0.2296 -0.3329
vn 0.9733 0.2296 0
vn 0.8522 0.5233 -0.0019
vn 0.958 0.2317 -0.1689
vn 0.958 0.2317 -0.1689
vn 0.8522 0.5233 -0.0019
vn 0.8397 0.5219 -0.1499
vn 0.7893 0.5433 0.286
vn 0.8264 0.5443 0.1444
vn 0.8014 0.5232 0.2897
vn 0.8014 0.5232 0.2897
vn 0.8264 0.5443 0.1444
vn 0.8404 0.5219 0.1463
vn 0.883 0.3422 0.3214
vn 0.7893 0.5433 0.286
vn 0.8147 0.3392 0.4704
vn 0.8147 0.3392 0.4704
vn 0.7893 0.5433 0.286
vn 0.7271 0.5443 0.4184
vn 0.7198 0.3422 0.604
vn 0.7646 0.0607 0.6416
vn 0.8147 0.3392 0.4703
vn 0.8147 0.3392 0.4704
vn 0.7646 0.0607 0.6416
vn 0.8644 0.0613 0.4991
vn 0.716 -0.3531 0.6022
vn 0.7646 0.0607 0.6416
vn 0.6007 -0.3526 0.7175
vn 0.6007 -0.3526 0.7175
vn 0.7646 0.0607 0.6416
vn 0.6416 0.0613 0.7646
vn 0.1599 -0.3703 0.915
vn 0.3164 -0.3702 0.8734
vn 0.1614 -0.3532 0.9215
vn 0.1614 -0.3532 0.9215
vn 0.3164 -0.3702 0.8734
vn 0.3191 -0.3526 0.8797
vn 0.9146 0.2296 -0.3329
vn 0.9397 0.0111 -0.3419
vn 0.958 0.2318 -0.1689
vn 0.958 0.2317 -0.1689
vn 0.9397 0.0111 -0.3419
vn 0.9848 0.0109 -0.1736
vn -0.5982 -0.3702 0.7107
vn -0.4657 -0.3703 0.8038
vn -0.6023 -0.3526 0.7162
vn -0.6023 -0.3526 0.7162
vn -0.4657 -0.3703 0.8038
vn -0.4687 -0.3531 0.8097
vn -0.8644 0.0613 0.499
vn -0.938 0.0607 0.3414
vn -0.8109 -0.3526 0.467
vn -0.8109 -0.3526 0.467
vn -0.938 0.0607 0.3414
vn -0.8795 -0.3532 0.319
vn -0.983 0.0613 0.1733
vn -0.938 0.0607 0.3414
vn -0.9264 0.3392 0.1633
vn -0.9264 0.3392 0.1633
vn -0.938 0.0607 0.3414
vn -0.883 0.3422 0.3214
vn -0.9396 0.3422 0
vn -0.9264 0.3392 0.1634
vn -0.9264 0.3392 0.1634
vn -0.9982 0.0607 0
vn -0.983 0.0613 0.1733
vn -0.8264 0.5443 -0.1444
vn -0.7893 0.5433 -0.2859
vn -0.9264 0.3392 -0.1633
vn -0.9264 0.3392 -0.1634
vn -0.7893 0.5433 -0.2859
vn -0.883 0.3422 -0.3214
vn -0.9396 0.3422 0
vn -0.8395 0.5433 0.0013
vn -0.9264 0.3392 -0.1634
vn -0.9264 0.3392 -0.1634
vn -0.8395 0.5433 0.0012
vn -0.8263 0.5443 -0.1444
vn -0.883 0.3422 -0.3214
vn -0.7893 0.5433 -0.2859
vn -0.8147 0.3392 -0.4704
vn -0.8147 0.3392 -0.4704
vn -0.7893 0.5433 -0.286
vn -0.7271 0.5443 -0.4184
vn -0.7271 0.5443 -0.4183
vn -0.6439 0.5433 -0.5387
vn -0.8147 0.3392 -0.4703
vn -0.8147 0.3392 -0.4704
vn -0.6439 0.5433 -0.5387
vn -0.7198 0.3422 -0.604
vn -0.6416 0.0613 -0.7646
vn -0.7646 0.0607 -0.6416
vn -0.6047 0.3392 -0.7206
vn -0.6047 0.3392 -0.7206
vn -0.7646 0.0607 -0.6416
vn -0.7198 0.3422 -0.604
vn -0.6416 0.0613 -0.7646
vn -0.4991 0.0607 -0.8644
vn -0.6007 -0.3526 -0.7175
vn -0.6007 -0.3526 -0.7175
vn -0.4991 0.0607 -0.8644
vn -0.4669 -0.3532 -0.8107
vn -0.1614 -0.3531 -0.9215
vn -0.1733 0.0607 -0.983
vn -0.081 -0.3497 -0.9333
vn -0.081 -0.3497 -0.9333
vn -0.1733 0.0607 -0.983
vn -0.0863 0.0611 -0.9944
vn 0.1632 0.3422 -0.9254
vn 0.1733 0.0607 -0.983
vn 0.0814 0.3381 -0.9376
vn 0.0814 0.3381 -0.9376
vn 0.1733 0.0607 -0.983
vn 0.0863 0.0611 -0.9944
vn 0.1632 0.3422 -0.9254
vn 0.1445 0.5433 -0.827
vn 0.3217 0.3392 -0.884
vn 0.3217 0.3392 -0.884
vn 0.1445 0.5433 -0.827
vn 0.2857 0.5443 -0.7887
vn 0.4187 0.5433 -0.7277
vn 0.2857 0.5443 -0.7887
vn 0.4245 0.5232 -0.7389
vn 0.4245 0.5232 -0.739
vn 0.2857 0.5443 -0.7887
vn 0.29 0.5219 -0.8022
vn 0.7456 0.2296 -0.6256
vn 0.6516 0.5233 -0.5492
vn 0.6253 0.2317 -0.7452
vn 0.6253 0.2317 -0.7452
vn 0.6516 0.5233 -0.5492
vn 0.5469 0.5219 -0.6546
vn 0.7456 0.2296 -0.6256
vn 0.7661 0.0111 -0.6427
vn 0.8425 0.2317 -0.4864
vn 0.8425 0.2317 -0.4864
vn 0.7661 0.0111 -0.6427
vn 0.866 0.0109 -0.4999
vn 0.9397 0.0111 -0.3419
vn 0.866 0.0109 -0.4999
vn 0.9275 0.1602 -0.3376
vn 0.9275 0.1602 -0.3376
vn 0.866 0.0109 -0.4999
vn 0.8548 0.1603 -0.4936
vn 0.9848 0.0109 -0.1735
vn 0.9999 0.0111 0.0001
vn 0.958 0.2317 -0.1689
vn 0.958 0.2318 -0.1689
vn 0.9999 0.0111 0.0001
vn 0.9733 0.2296 0
vn 0.8404 0.5219 0.1463
vn 0.8522 0.5232 -0.0019
vn 0.958 0.2317 0.1689
vn 0.958 0.2317 0.1689
vn 0.8522 0.5232 -0.0019
vn 0.9733 0.2296 0
vn 0.7271 0.5443 0.4184
vn 0.7893 0.5434 0.2859
vn 0.7396 0.5219 0.4249
vn 0.7396 0.5219 0.4249
vn 0.7893 0.5434 0.286
vn 0.8014 0.5233 0.2897
vn 0.7271 0.5443 0.4183
vn 0.6439 0.5433 0.5387
vn 0.8147 0.3392 0.4704
vn 0.8147 0.3392 0.4704
vn 0.6439 0.5433 0.5387
vn 0.7198 0.3422 0.604
vn 0.6416 0.0613 0.7646
vn 0.7646 0.0607 0.6416
vn 0.6047 0.3392 0.7206
vn 0.6047 0.3392 0.7206
vn 0.7646 0.0607 0.6416
vn 0.7198 0.3422 0.604
vn 0.6416 0.0613 0.7646
vn 0.4991 0.0607 0.8644
vn 0.6007 -0.3526 0.7175
vn 0.6007 -0.3526 0.7175
vn 0.4991 0.0607 0.8644
vn 0.4669 -0.3532 0.8107
vn -0.0014 -0.3702 0.929
vn 0.1599 -0.3703 0.915
vn -0.0011 -0.3526 0.9358
vn -0.0011 -0.3526 0.9358
vn 0.1599 -0.3703 0.915
vn 0.1614 -0.3531 0.9215
vn 0.9848 0.0109 -0.1735
vn 0.9397 0.0111 -0.3419
vn 0.9721 0.1603 -0.1714
vn 0.9721 0.1603 -0.1714
vn 0.9397 0.0111 -0.3419
vn 0.9275 0.1602 -0.3377
vn -0.4657 -0.3703 0.8038
vn -0.319 -0.3702 0.8725
vn -0.4687 -0.3532 0.8097
vn -0.4687 -0.3532 0.8097
vn -0.319 -0.3702 0.8725
vn -0.321 -0.3526 0.879
vn -0.7174 -0.3531 0.6006
vn -0.7646 0.0607 0.6416
vn -0.8109 -0.3526 0.467
vn -0.8109 -0.3526 0.467
vn -0.7646 0.0607 0.6416
vn -0.8644 0.0613 0.4991
vn -0.883 0.3422 0.3214
vn -0.938 0.0607 0.3414
vn -0.8147 0.3392 0.4704
vn -0.8147 0.3392 0.4704
vn -0.938 0.0607 0.3414
vn -0.8644 0.0613 0.4991
vn -0.883 0.3422 0.3214
vn -0.7885 0.5433 0.2883
vn -0.9264 0.3392 0.1634
vn -0.9264 0.3392 0.1633
vn -0.7885 0.5433 0.2883
vn -0.8259 0.5443 0.1469
vn -0.8259 0.5443 0.1469
vn -0.8395 0.5433 0.0013
vn -0.9264 0.3392 0.1634
vn -0.9264 0.3392 0.1634
vn -0.8395 0.5433 0.0013
vn -0.9396 0.3422 0
vn -0.7893 0.5433 -0.286
vn -0.8264 0.5443 -0.1444
vn -0.8014 0.5232 -0.2897
vn -0.8014 0.5232 -0.2897
vn -0.8264 0.5443 -0.1444
vn -0.8404 0.5219 -0.1463
vn -0.8264 0.5443 -0.1444
vn -0.8395 0.5434 0.0012
vn -0.8404 0.5219 -0.1463
vn -0.8404 0.5219 -0.1463
vn -0.8395 0.5434 0.0012
vn -0.8522 0.5233 0.0019
vn -0.7271 0.5443 -0.4184
vn -0.7893 0.5434 -0.286
vn -0.7396 0.5219 -0.4249
vn -0.7396 0.5219 -0.4249
vn -0.7893 0.5434 -0.286
vn -0.8014 0.5233 -0.2897
vn -0.6439 0.5434 -0.5386
vn -0.7271 0.5443 -0.4183
vn -0.654 0.5232 -0.5463
vn -0.654 0.5232 -0.5463
vn -0.7271 0.5443 -0.4183
vn -0.7396 0.5219 -0.4249
vn -0.7198 0.3422 -0.604
vn -0.6439 0.5433 -0.5387
vn -0.6047 0.3392 -0.7206
vn -0.6047 0.3392 -0.7206
vn -0.6439 0.5433 -0.5387
vn -0.5402 0.5443 -0.6418
vn -0.4698 0.3422 -0.8137
vn -0.4991 0.0607 -0.8644
vn -0.6047 0.3392 -0.7206
vn -0.6047 0.3392 -0.7206
vn -0.4991 0.0607 -0.8644
vn -0.6416 0.0613 -0.7646
vn -0.4669 -0.3531 -0.8108
vn -0.4991 0.0607 -0.8644
vn -0.3191 -0.3526 -0.8797
vn -0.3191 -0.3526 -0.8797
vn -0.4991 0.0607 -0.8644
vn -0.3414 0.0613 -0.9379
vn -0.3414 0.0613 -0.9379
vn -0.1733 0.0607 -0.983
vn -0.3191 -0.3526 -0.8797
vn -0.3191 -0.3526 -0.8797
vn -0.1733 0.0607 -0.983
vn -0.1614 -0.3532 -0.9215
vn -0.0863 0.0611 -0.9944
vn -0.1733 0.0607 -0.983
vn -0.0814 0.3381 -0.9376
vn -0.0814 0.3381 -0.9376
vn -0.1733 0.0607 -0.983
vn -0.1632 0.3422 -0.9254
vn 0.0727 0.5422 -0.8371
vn 0.1445 0.5433 -0.827
vn 0.0814 0.338 -0.9376
vn 0.0814 0.3381 -0.9376
vn 0.1445 0.5433 -0.827
vn 0.1632 0.3422 -0.9254
vn 0.2857 0.5443 -0.7887
vn 0.1446 0.5434 -0.827
vn 0.29 0.5219 -0.8022
vn 0.29 0.5219 -0.8022
vn 0.1445 0.5434 -0.827
vn 0.1461 0.5233 -0.8396
vn 0.5469 0.5219 -0.6546
vn 0.4244 0.5232 -0.739
vn 0.6253 0.2317 -0.7452
vn 0.6253 0.2317 -0.7452
vn 0.4245 0.5232 -0.7389
vn 0.4867 0.2296 -0.8429
vn 0.6428 0.0109 -0.7659
vn 0.7661 0.0111 -0.6427
vn 0.6253 0.2317 -0.7452
vn 0.6253 0.2317 -0.7452
vn 0.7661 0.0111 -0.6427
vn 0.7456 0.2296 -0.6256
vn 0.866 0.0109 -0.4999
vn 0.7661 0.0111 -0.6427
vn 0.8548 0.1603 -0.4936
vn 0.8548 0.1603 -0.4936
vn 0.766 0.0111 -0.6427
vn 0.7561 0.1602 -0.6345
vn 0.9999 0.0111 0.0001
vn 0.9848 0.0109 -0.1736
vn 0.9871 0.1602 0
vn 0.9871 0.1602 0
vn 0.9848 0.0109 -0.1736
vn 0.9721 0.1603 -0.1714
vn 0.9733 0.2296 0
vn 0.9999 0.0111 0.0001
vn 0.958 0.2318 0.1689
vn 0.958 0.2317 0.1689
vn 0.9999 0.0111 0.0001
vn 0.9847 0.0109 0.1737
vn 0.9146 0.2296 0.3329
vn 0.8014 0.5233 0.2897
vn 0.958 0.2317 0.1689
vn 0.958 0.2317 0.1689
vn 0.8014 0.5233 0.2897
vn 0.8404 0.5219 0.1463
vn 0.6439 0.5433 0.5387
vn 0.7271 0.5443 0.4183
vn 0.654 0.5232 0.5463
vn 0.654 0.5232 0.5463
vn 0.7271 0.5443 0.4183
vn 0.7396 0.5219 0.4249
vn 0.7198 0.3422 0.604
vn 0.6439 0.5433 0.5387
vn 0.6047 0.3392 0.7206
vn 0.6047 0.3392 0.7206
vn 0.6439 0.5433 0.5387
vn 0.5402 0.5443 0.6418
vn 0.4698 0.3422 0.8137
vn 0.4991 0.0607 0.8644
vn 0.6047 0.3392 0.7206
vn 0.6047 0.3392 0.7206
vn 0.4991 0.0607 0.8644
vn 0.6416 0.0613 0.7646
vn 0.4669 -0.3531 0.8108
vn 0.4991 0.0607 0.8644
vn 0.3191 -0.3526 0.8797
vn 0.3191 -0.3526 0.8797
vn 0.4991 0.0607 0.8644
vn 0.3414 0.0613 0.9379
vn -0.1627 -0.3703 0.9146
vn -0.1635 -0.3532 0.9212
vn -0.1635 -0.3532 0.9212
vn -0.0014 -0.3702 0.9289
vn -0.0011 -0.3526 0.9358
vn -0.319 -0.3702 0.8725
vn -0.1627 -0.3703 0.9146
vn -0.321 -0.3526 0.879
vn -0.321 -0.3526 0.879
vn -0.1627 -0.3703 0.9146
vn -0.1635 -0.3531 0.9212
vn -0.6416 0.0613 0.7646
vn -0.7646 0.0607 0.6416
vn -0.6023 -0.3526 0.7162
vn -0.6023 -0.3526 0.7162
vn -0.7646 0.0607 0.6416
vn -0.7174 -0.3532 0.6006
vn -0.8644 0.0613 0.4991
vn -0.7646 0.0607 0.6416
vn -0.8147 0.3392 0.4704
vn -0.8147 0.3392 0.4703
vn -0.7646 0.0607 0.6416
vn -0.7198 0.3422 0.604
vn -0.7259 0.5443 0.4205
vn -0.7884 0.5433 0.2883
vn -0.8147 0.3392 0.4703
vn -0.8147 0.3392 0.4704
vn -0.7884 0.5433 0.2883
vn -0.883 0.3422 0.3214
vn -0.8259 0.5443 0.1469
vn -0.7884 0.5434 0.2883
vn -0.8397 0.5219 0.1499
vn -0.8397 0.5219 0.1499
vn -0.7884 0.5434 0.2883
vn -0.8001 0.5233 0.2932
vn -0.8395 0.5434 0.0013
vn -0.8259 0.5443 0.1469
vn -0.8522 0.5232 0.0019
vn -0.8522 0.5232 0.0019
vn -0.8259 0.5443 0.1469
vn -0.8397 0.5219 0.1499
vn -0.5402 0.5443 -0.6418
vn -0.6439 0.5434 -0.5387
vn -0.5497 0.5219 -0.6523
vn -0.5497 0.5219 -0.6523
vn -0.6439 0.5434 -0.5387
vn -0.654 0.5233 -0.5463
vn -0.5402 0.5443 -0.6418
vn -0.4208 0.5434 -0.7264
vn -0.6047 0.3392 -0.7206
vn -0.6047 0.3392 -0.7206
vn -0.4208 0.5434 -0.7264
vn -0.4698 0.3422 -0.8137
vn -0.3414 0.0613 -0.9379
vn -0.4991 0.0607 -0.8644
vn -0.3217 0.3392 -0.884
vn -0.3217 0.3392 -0.884
vn -0.4991 0.0607 -0.8644
vn -0.4698 0.3422 -0.8137
vn -0.1631 0.3422 -0.9254
vn -0.1733 0.0607 -0.983
vn -0.3218 0.3392 -0.884
vn -0.3217 0.3392 -0.884
vn -0.1733 0.0607 -0.983
vn -0.3414 0.0613 -0.9379
vn -0.1632 0.3422 -0.9254
vn -0.147 0.5433 -0.8265
vn -0.0814 0.338 -0.9376
vn -0.0814 0.3381 -0.9376
vn -0.147 0.5433 -0.8265
vn -0.0726 0.5435 -0.8362
vn 0.1446 0.5433 -0.827
vn 0.0727 0.5422 -0.8371
vn 0.1461 0.5232 -0.8396
vn 0.1461 0.5232 -0.8396
vn 0.0727 0.5422 -0.8371
vn 0.0739 0.5188 -0.8517
vn 0.4866 0.2296 -0.8429
vn 0.4245 0.5233 -0.7389
vn 0.3327 0.2317 -0.9141
vn 0.3327 0.2317 -0.9141
vn 0.4245 0.5233 -0.7389
vn 0.29 0.5219 -0.8022
vn 0.4866 0.2296 -0.8429
vn 0.5001 0.0111 -0.8659
vn 0.6253 0.2317 -0.7452
vn 0.6253 0.2317 -0.7452
vn 0.5001 0.0111 -0.8659
vn 0.6428 0.0109 -0.7659
vn 0.7661 0.0111 -0.6427
vn 0.6428 0.0109 -0.766
vn 0.7561 0.1602 -0.6345
vn 0.7561 0.1602 -0.6345
vn 0.6428 0.0109 -0.766
vn 0.6344 0.1603 -0.7562
vn 0.9847 0.0109 0.1737
vn 0.9999 0.0111 0.0001
vn 0.9721 0.1603 0.1714
vn 0.9721 0.1603 0.1714
vn 0.9999 0.0111 0.0001
vn 0.9871 0.1602 -0.0001
vn 0.9847 0.0109 0.1737
vn 0.9396 0.0111 0.3421
vn 0.958 0.2317 0.1689
vn 0.958 0.2318 0.1689
vn 0.9396 0.0111 0.3421
vn 0.9146 0.2296 0.3329
vn 0.7396 0.5219 0.4249
vn 0.8014 0.5232 0.2897
vn 0.8424 0.2317 0.4864
vn 0.8424 0.2317 0.4864
vn 0.8014 0.5232 0.2897
vn 0.9146 0.2296 0.3329
vn 0.5402 0.5443 0.6418
vn 0.6439 0.5434 0.5387
vn 0.5497 0.5219 0.6523
vn 0.5497 0.5219 0.6523
vn 0.6439 0.5434 0.5387
vn 0.654 0.5233 0.5463
vn 0.5402 0.5443 0.6418
vn 0.4209 0.5433 0.7264
vn 0.6047 0.3392 0.7206
vn 0.6047 0.3392 0.7206
vn 0.4209 0.5433 0.7264
vn 0.4698 0.3422 0.8137
vn 0.3414 0.0613 0.9379
vn 0.4991 0.0607 0.8644
vn 0.3217 0.3392 0.884
vn 0.3217 0.3392 0.884
vn 0.4991 0.0607 0.8644
vn 0.4698 0.3422 0.8137
vn 0.3414 0.0613 0.9379
vn 0.1733 0.0607 0.983
vn 0.3191 -0.3526 0.8797
vn 0.3191 -0.3526 0.8797
vn 0.1733 0.0607 0.983
vn 0.1614 -0.3532 0.9215
vn -0.4687 -0.3531 0.8097
vn -0.4991 0.0607 0.8644
vn -0.6023 -0.3526 0.7162
vn -0.6023 -0.3526 0.7162
vn -0.4991 0.0607 0.8644
vn -0.6416 0.0613 0.7646
vn -0.7198 0.3422 0.604
vn -0.7646 0.0607 0.6416
vn -0.6047 0.3392 0.7206
vn -0.6047 0.3392 0.7206
vn -0.7646 0.0607 0.6416
vn -0.6416 0.0613 0.7646
vn -0.7198 0.3422 0.604
vn -0.6423 0.5433 0.5406
vn -0.8147 0.3392 0.4704
vn -0.8147 0.3392 0.4704
vn -0.6423 0.5433 0.5406
vn -0.7259 0.5443 0.4205
vn -0.7885 0.5433 0.2883
vn -0.7259 0.5443 0.4205
vn -0.8002 0.5232 0.2932
vn -0.8002 0.5232 0.2932
vn -0.7259 0.5443 0.4205
vn -0.7378 0.5219 0.4281
vn -0.9146 0.2296 -0.3329
vn -0.8014 0.5233 -0.2897
vn -0.958 0.2317 -0.1689
vn -0.958 0.2317 -0.1689
vn -0.8014 0.5233 -0.2897
vn -0.8404 0.5219 -0.1463
vn -0.8404 0.5219 -0.1463
vn -0.8522 0.5232 0.0019
vn -0.958 0.2317 -0.1689
vn -0.958 0.2317 -0.1689
vn -0.8522 0.5232 0.0019
vn -0.9733 0.2296 0
vn -0.7396 0.5219 -0.4249
vn -0.8014 0.5232 -0.2897
vn -0.8424 0.2317 -0.4864
vn -0.8424 0.2317 -0.4864
vn -0.8014 0.5232 -0.2897
vn -0.9146 0.2296 -0.3329
vn -0.7456 0.2296 -0.6256
vn -0.654 0.5233 -0.5463
vn -0.8425 0.2317 -0.4864
vn -0.8425 0.2317 -0.4864
vn -0.654 0.5233 -0.5463
vn -0.7396 0.5219 -0.4249
vn -0.4208 0.5433 -0.7264
vn -0.5402 0.5443 -0.6418
vn -0.4277 0.5232 -0.7371
vn -0.4277 0.5232 -0.7371
vn -0.5402 0.5443 -0.6418
vn -0.5497 0.5219 -0.6523
vn -0.4698 0.3422 -0.8137
vn -0.4208 0.5433 -0.7264
vn -0.3217 0.3392 -0.884
vn -0.3218 0.3392 -0.884
vn -0.4208 0.5433 -0.7264
vn -0.2881 0.5443 -0.7879
vn -0.2881 0.5443 -0.7879
vn -0.147 0.5433 -0.8265
vn -0.3218 0.3392 -0.884
vn -0.3217 0.3392 -0.884
vn -0.147 0.5433 -0.8265
vn -0.1632 0.3422 -0.9254
vn -0.0726 0.5436 -0.8362
vn -0.147 0.5434 -0.8265
vn -0.0738 0.5221 -0.8497
vn -0.0738 0.5221 -0.8497
vn -0.147 0.5434 -0.8265
vn -0.1498 0.5233 -0.8389
vn 0.29 0.5219 -0.8022
vn 0.1461 0.5232 -0.8396
vn 0.3327 0.2317 -0.9141
vn 0.3327 0.2317 -0.9141
vn 0.1461 0.5232 -0.8396
vn 0.169 0.2296 -0.9585
vn 0.3421 0.0109 -0.9396
vn 0.5 0.0111 -0.8659
vn 0.3327 0.2317 -0.9141
vn 0.3327 0.2317 -0.9141
vn 0.5 0.0111 -0.8659
vn 0.4866 0.2296 -0.8429
vn 0.6428 0.0109 -0.7659
vn 0.5 0.0111 -0.8659
vn 0.6345 0.1603 -0.7561
vn 0.6344 0.1603 -0.7562
vn 0.5 0.0111 -0.8659
vn 0.4935 0.1602 -0.8549
vn 0.9396 0.0111 0.3421
vn 0.9847 0.0109 0.1737
vn 0.9276 0.1602 0.3376
vn 0.9847 0.0109 0.1737
vn 0.9721 0.1603 0.1714
vn 0.9146 0.2296 0.3329
vn 0.9396 0.0111 0.3421
vn 0.8424 0.2318 0.4864
vn 0.8424 0.2317 0.4864
vn 0.9396 0.0111 0.3421
vn 0.8659 0.0109 0.5
vn 0.7456 0.2296 0.6256
vn 0.654 0.5233 0.5463
vn 0.8425 0.2317 0.4864
vn 0.8425 0.2317 0.4864
vn 0.654 0.5233 0.5463
vn 0.7396 0.5219 0.4249
vn 0.4209 0.5434 0.7264
vn 0.5402 0.5443 0.6418
vn 0.4277 0.5232 0.7371
vn 0.4277 0.5232 0.7371
vn 0.5402 0.5443 0.6418
vn 0.5497 0.5219 0.6523
vn 0.4698 0.3422 0.8137
vn 0.4208 0.5433 0.7264
vn 0.3217 0.3392 0.884
vn 0.3218 0.3392 0.884
vn 0.4208 0.5433 0.7264
vn 0.2881 0.5443 0.7879
vn 0.1632 0.3422 0.9254
vn 0.1733 0.0607 0.983
vn 0.3218 0.3392 0.884
vn 0.3217 0.3392 0.884
vn 0.1733 0.0607 0.983
vn 0.3414 0.0613 0.9379
vn 0.1614 -0.3531 0.9215
vn 0.1733 0.0607 0.983
vn -0.0011 -0.3526 0.9358
vn -0.001 -0.3526 0.9358
vn 0.1733 0.0607 0.983
vn 0 0.0613 0.9981
vn -0.3414 0.0613 0.9379
vn -0.4991 0.0607 0.8644
vn -0.3211 -0.3526 0.879
vn -0.3211 -0.3526 0.879
vn -0.4991 0.0607 0.8644
vn -0.4687 -0.3532 0.8097
vn -0.6416 0.0613 0.7646
vn -0.4991 0.0607 0.8644
vn -0.6047 0.3392 0.7206
vn -0.6047 0.3392 0.7206
vn -0.4991 0.0607 0.8644
vn -0.4698 0.3422 0.8137
vn -0.5383 0.5443 0.6434
vn -0.6423 0.5433 0.5406
vn -0.6047 0.3392 0.7206
vn -0.6047 0.3392 0.7206
vn -0.6423 0.5433 0.5406
vn -0.7198 0.3422 0.604
vn -0.7259 0.5443 0.4205
vn -0.6423 0.5434 0.5406
vn -0.7378 0.5219 0.4281
vn -0.7378 0.5219 0.4281
vn -0.6423 0.5434 0.5406
vn -0.6516 0.5233 0.5492
vn -0.8397 0.5219 0.1499
vn -0.8001 0.5232 0.2932
vn -0.958 0.2317 0.1689
vn -0.958 0.2317 0.1689
vn -0.8001 0.5232 0.2932
vn -0.9146 0.2296 0.3329
vn -0.9733 0.2296 0
vn -0.8522 0.5233 0.0019
vn -0.958 0.2317 0.1689
vn -0.958 0.2317 0.1689
vn -0.8522 0.5233 0.0019
vn -0.8397 0.5219 0.1499
vn -0.9847 0.0109 -0.1737
vn -0.9396 0.0111 -0.3421
vn -0.958 0.2317 -0.1689
vn -0.958 0.2317 -0.1689
vn -0.9396 0.0111 -0.3421
vn -0.9146 0.2296 -0.3329
vn -0.9733 0.2296 0
vn -0.9999 0.0111 -0.0001
vn -0.958 0.2318 -0.1689
vn -0.958 0.2317 -0.1689
vn -0.9999 0.0111 -0.0001
vn -0.9847 0.0109 -0.1737
vn -0.9146 0.2296 -0.3329
vn -0.9396 0.0111 -0.3421
vn -0.8424 0.2318 -0.4864
vn -0.8424 0.2317 -0.4864
vn -0.9396 0.0111 -0.3421
vn -0.8659 0.0109 -0.5
vn -0.8659 0.0109 -0.5001
vn -0.7659 0.0111 -0.6428
vn -0.8425 0.2317 -0.4864
vn -0.8425 0.2317 -0.4864
vn -0.7659 0.0111 -0.6428
vn -0.7456 0.2296 -0.6256
vn -0.5497 0.5219 -0.6523
vn -0.654 0.5232 -0.5463
vn -0.6253 0.2317 -0.7452
vn -0.6253 0.2317 -0.7452
vn -0.654 0.5232 -0.5463
vn -0.7456 0.2296 -0.6256
vn -0.2881 0.5443 -0.7879
vn -0.4208 0.5434 -0.7264
vn -0.2935 0.5219 -0.8009
vn -0.2935 0.5219 -0.8009
vn -0.4208 0.5434 -0.7264
vn -0.4277 0.5233 -0.7371
vn -0.147 0.5434 -0.8265
vn -0.2881 0.5443 -0.7879
vn -0.1498 0.5232 -0.8389
vn -0.1498 0.5232 -0.8389
vn -0.2881 0.5443 -0.7879
vn -0.2935 0.5219 -0.8009
vn 0.169 0.2296 -0.9585
vn 0.1461 0.5233 -0.8395
vn 0.0842 0.2309 -0.9693
vn 0.0841 0.2309 -0.9693
vn 0.1461 0.5233 -0.8395
vn 0.0739 0.5188 -0.8517
vn 0.169 0.2296 -0.9585
vn 0.1737 0.0111 -0.9847
vn 0.3327 0.2317 -0.9141
vn 0.3327 0.2317 -0.9141
vn 0.1737 0.0111 -0.9847
vn 0.3421 0.0109 -0.9396
vn 0.5 0.0111 -0.8659
vn 0.3421 0.0109 -0.9396
vn 0.4935 0.1602 -0.8549
vn 0.4935 0.1602 -0.8549
vn 0.3421 0.0109 -0.9396
vn 0.3376 0.1603 -0.9276
vn 0.9275 0.1602 -0.3376
vn 0.8548 0.1603 -0.4935
vn 0.3529 0.9267 -0.1294
vn 0.3529 0.9267 -0.1294
vn 0.8548 0.1603 -0.4936
vn 0.3252 0.9266 -0.1887
vn 0.8659 0.0109 0.5001
vn 0.9396 0.0111 0.3421
vn 0.8548 0.1603 0.4935
vn 0.8548 0.1603 0.4935
vn 0.9396 0.0111 0.3421
vn 0.9276 0.1602 0.3375
vn 0.8659 0.0109 0.5001
vn 0.7659 0.0111 0.6428
vn 0.8425 0.2317 0.4864
vn 0.8425 0.2318 0.4864
vn 0.7659 0.0111 0.6428
vn 0.7456 0.2296 0.6256
vn 0.5497 0.5219 0.6523
vn 0.654 0.5232 0.5463
vn 0.6253 0.2317 0.7452
vn 0.6253 0.2317 0.7452
vn 0.654 0.5232 0.5463
vn 0.7456 0.2296 0.6256
vn 0.2881 0.5443 0.7879
vn 0.4208 0.5434 0.7264
vn 0.2935 0.5219 0.8009
vn 0.2935 0.5219 0.8009
vn 0.4208 0.5434 0.7264
vn 0.4277 0.5233 0.7371
vn 0.2881 0.5443 0.7879
vn 0.147 0.5433 0.8265
vn 0.3218 0.3392 0.884
vn 0.3217 0.3392 0.884
vn 0.147 0.5433 0.8265
vn 0.1632 0.3422 0.9254
vn 0 0.0613 0.9981
vn 0.1733 0.0607 0.983
vn 0 0.3392 0.9407
vn 0 0.3392 0.9407
vn 0.1733 0.0607 0.983
vn 0.1632 0.3422 0.9254
vn 0 0.0613 0.9981
vn -0.1733 0.0607 0.983
vn -0.0011 -0.3526 0.9358
vn -0.001 -0.3526 0.9358
vn -0.1733 0.0607 0.983
vn -0.1635 -0.3532 0.9212
vn 0.9721 0.1603 -0.1715
vn 0.9275 0.1602 -0.3377
vn 0.3701 0.9266 -0.0661
vn 0.3701 0.9266 -0.0661
vn 0.9275 0.1602 -0.3376
vn 0.3529 0.9267 -0.1294
vn -0.1635 -0.3531 0.9212
vn -0.1733 0.0607 0.983
vn -0.321 -0.3526 0.879
vn -0.321 -0.3526 0.879
vn -0.1733 0.0607 0.983
vn -0.3414 0.0613 0.9379
vn -0.4698 0.3422 0.8137
vn -0.4991 0.0607 0.8644
vn -0.3217 0.3392 0.884
vn -0.3217 0.3392 0.884
vn -0.4991 0.0607 0.8644
vn -0.3414 0.0613 0.9379
vn -0.4698 0.3422 0.8137
vn -0.4187 0.5433 0.7277
vn -0.6047 0.3392 0.7206
vn -0.6047 0.3392 0.7206
vn -0.4187 0.5433 0.7277
vn -0.5383 0.5443 0.6434
vn -0.6423 0.5433 0.5406
vn -0.5383 0.5443 0.6434
vn -0.6516 0.5232 0.5492
vn -0.6516 0.5232 0.5492
vn -0.5383 0.5443 0.6434
vn -0.5469 0.5219 0.6546
vn -0.9146 0.2296 0.3329
vn -0.8001 0.5233 0.2932
vn -0.8424 0.2317 0.4864
vn -0.8424 0.2317 0.4864
vn -0.8001 0.5233 0.2932
vn -0.7378 0.5219 0.4281
vn -0.9146 0.2296 0.3329
vn -0.9397 0.0111 0.3419
vn -0.958 0.2317 0.1689
vn -0.958 0.2317 0.1689
vn -0.9397 0.0111 0.3419
vn -0.9848 0.0109 0.1736
vn -0.9848 0.0109 0.1735
vn -0.9999 0.0111 -0.0001
vn -0.958 0.2317 0.1689
vn -0.958 0.2318 0.1689
vn -0.9999 0.0111 -0.0001
vn -0.9733 0.2296 0
vn -0.9396 0.0111 -0.3421
vn -0.9847 0.0109 -0.1737
vn -0.9276 0.1602 -0.3376
vn -0.9276 0.1602 -0.3376
vn -0.9847 0.0109 -0.1737
vn -0.9721 0.1603 -0.1714
vn -0.9847 0.0109 -0.1737
vn -0.9999 0.0111 -0.0001
vn -0.9721 0.1603 -0.1714
vn -0.9721 0.1603 -0.1714
vn -0.9999 0.0111 -0.0001
vn -0.9871 0.1602 0.0001
vn -0.8659 0.0109 -0.5001
vn -0.9396 0.0111 -0.3421
vn -0.8548 0.1603 -0.4935
vn -0.8548 0.1603 -0.4935
vn -0.9396 0.0111 -0.3421
vn -0.9276 0.1602 -0.3375
vn -0.7659 0.0111 -0.6428
vn -0.8659 0.0109 -0.5
vn -0.7562 0.1602 -0.6345
vn -0.7562 0.1602 -0.6345
vn -0.8659 0.0109 -0.5
vn -0.8548 0.1603 -0.4935
vn -0.7456 0.2296 -0.6256
vn -0.7659 0.0111 -0.6428
vn -0.6253 0.2317 -0.7452
vn -0.6253 0.2317 -0.7452
vn -0.7659 0.0111 -0.6428
vn -0.6427 0.0109 -0.7661
vn -0.4867 0.2296 -0.8429
vn -0.4277 0.5233 -0.7371
vn -0.6253 0.2317 -0.7452
vn -0.6253 0.2317 -0.7452
vn -0.4277 0.5233 -0.7371
vn -0.5497 0.5219 -0.6523
vn -0.0738 0.522 -0.8497
vn -0.1498 0.5232 -0.8389
vn -0.0841 0.2309 -0.9693
vn -0.0842 0.2309 -0.9693
vn -0.1498 0.5232 -0.8389
vn -0.169 0.2296 -0.9585
vn 0.0865 0.0108 -0.9962
vn 0.1737 0.0111 -0.9847
vn 0.0853 0.2309 -0.9692
vn 0.0842 0.2309 -0.9693
vn 0.1737 0.0111 -0.9847
vn 0.169 0.2296 -0.9585
vn 0.3421 0.0109 -0.9396
vn 0.1737 0.0111 -0.9847
vn 0.3376 0.1603 -0.9275
vn 0.3376 0.1603 -0.9275
vn 0.1737 0.0111 -0.9847
vn 0.1713 0.1602 -0.9721
vn 0.8548 0.1603 -0.4936
vn 0.7561 0.1602 -0.6346
vn 0.3252 0.9266 -0.1887
vn 0.3252 0.9266 -0.1887
vn 0.7561 0.1602 -0.6345
vn 0.2874 0.9267 -0.2423
vn 0.9871 0.1602 0
vn 0.9721 0.1603 -0.1714
vn 0.3759 0.9267 -0.0009
vn 0.3759 0.9267 -0.0009
vn 0.9721 0.1603 -0.1714
vn 0.3701 0.9266 -0.0662
vn 0.7659 0.0111 0.6428
vn 0.8659 0.0109 0.5
vn 0.7562 0.1602 0.6345
vn 0.7562 0.1602 0.6345
vn 0.8659 0.0109 0.5
vn 0.8548 0.1603 0.4935
vn 0.7456 0.2296 0.6256
vn 0.7659 0.0111 0.6428
vn 0.6253 0.2317 0.7452
vn 0.6253 0.2317 0.7452
vn 0.7659 0.0111 0.6428
vn 0.6427 0.0109 0.7661
vn 0.4867 0.2296 0.8429
vn 0.4277 0.5233 0.7371
vn 0.6253 0.2317 0.7452
vn 0.6253 0.2317 0.7452
vn 0.4277 0.5233 0.7371
vn 0.5497 0.5219 0.6523
vn 0.147 0.5434 0.8265
vn 0.2881 0.5443 0.7879
vn 0.1498 0.5232 0.8389
vn 0.1498 0.5232 0.8389
vn 0.2881 0.5443 0.7879
vn 0.2935 0.5219 0.8009
vn 0.1632 0.3422 0.9254
vn 0.147 0.5433 0.8265
vn 0 0.3392 0.9407
vn 0 0.3392 0.9407
vn 0.147 0.5433 0.8265
vn 0.0013 0.5443 0.8389
vn -0.1632 0.3422 0.9254
vn -0.1733 0.0607 0.983
vn 0 0.3392 0.9407
vn 0 0.3392 0.9407
vn -0.1733 0.0607 0.983
vn 0 0.0613 0.9981
vn -0.3414 0.0613 0.9379
vn -0.1733 0.0607 0.983
vn -0.3217 0.3392 0.884
vn -0.3218 0.3392 0.884
vn -0.1733 0.0607 0.983
vn -0.1632 0.3422 0.9254
vn -0.2857 0.5443 0.7887
vn -0.4187 0.5433 0.7277
vn -0.3218 0.3392 0.884
vn -0.3217 0.3392 0.884
vn -0.4187 0.5433 0.7277
vn -0.4698 0.3422 0.8137
vn -0.5383 0.5443 0.6434
vn -0.4187 0.5434 0.7276
vn -0.5469 0.5219 0.6546
vn -0.5469 0.5219 0.6546
vn -0.4187 0.5434 0.7276
vn -0.4245 0.5233 0.7389
vn -0.7378 0.5219 0.4281
vn -0.6516 0.5232 0.5492
vn -0.8425 0.2317 0.4864
vn -0.8425 0.2317 0.4864
vn -0.6516 0.5232 0.5492
vn -0.7456 0.2296 0.6256
vn -0.866 0.0109 0.4999
vn -0.9397 0.0111 0.3419
vn -0.8424 0.2317 0.4864
vn -0.8424 0.2318 0.4864
vn -0.9397 0.0111 0.3419
vn -0.9146 0.2296 0.3329
vn -0.9848 0.0109 0.1735
vn -0.9397 0.0111 0.3419
vn -0.9721 0.1603 0.1714
vn -0.9721 0.1603 0.1715
vn -0.9397 0.0111 0.3419
vn -0.9275 0.1602 0.3377
vn -0.9999 0.0111 -0.0001
vn -0.9848 0.0109 0.1736
vn -0.9871 0.1602 0
vn -0.9871 0.1602 0
vn -0.9848 0.0109 0.1736
vn -0.9721 0.1603 0.1714
vn -0.6427 0.0109 -0.7661
vn -0.7659 0.0111 -0.6428
vn -0.6345 0.1604 -0.7561
vn -0.6345 0.1603 -0.7561
vn -0.7659 0.0111 -0.6428
vn -0.7562 0.1602 -0.6344
vn -0.6427 0.0109 -0.7661
vn -0.4999 0.0111 -0.866
vn -0.6253 0.2317 -0.7452
vn -0.6253 0.2318 -0.7452
vn -0.4999 0.0111 -0.866
vn -0.4866 0.2296 -0.8429
vn -0.2935 0.5219 -0.8009
vn -0.4277 0.5232 -0.7371
vn -0.3327 0.2317 -0.9141
vn -0.3327 0.2317 -0.9141
vn -0.4277 0.5232 -0.7371
vn -0.4866 0.2296 -0.8429
vn -0.169 0.2296 -0.9585
vn -0.1498 0.5233 -0.8389
vn -0.3327 0.2317 -0.9141
vn -0.3327 0.2317 -0.9141
vn -0.1498 0.5233 -0.8389
vn -0.2935 0.5219 -0.8009
vn -0.169 0.2296 -0.9585
vn -0.1735 0.0111 -0.9848
vn -0.0842 0.2309 -0.9693
vn -0.0841 0.2309 -0.9693
vn -0.1735 0.0111 -0.9848
vn -0.0858 0.0109 -0.9963
vn 0.1737 0.0111 -0.9847
vn 0.0865 0.0108 -0.9962
vn 0.1714 0.1602 -0.9721
vn 0.0864 0.0108 -0.9962
vn 0.0854 0.1553 -0.9842
vn 0.7561 0.1602 -0.6345
vn 0.6345 0.1603 -0.7561
vn 0.2874 0.9267 -0.2423
vn 0.2874 0.9267 -0.2423
vn 0.6345 0.1603 -0.7562
vn 0.241 0.9266 -0.2885
vn 0.9721 0.1603 0.1713
vn 0.9871 0.1602 -0.0001
vn 0.3704 0.9266 0.0644
vn 0.3704 0.9266 0.0645
vn 0.9871 0.1602 0
vn 0.3759 0.9267 -0.0009
vn 0.6427 0.0109 0.7661
vn 0.7659 0.0111 0.6428
vn 0.6345 0.1603 0.7561
vn 0.6345 0.1603 0.7561
vn 0.7659 0.0111 0.6428
vn 0.7562 0.1602 0.6344
vn 0.6427 0.0109 0.7661
vn 0.4999 0.0111 0.866
vn 0.6253 0.2317 0.7452
vn 0.6253 0.2317 0.7452
vn 0.4999 0.0111 0.866
vn 0.4866 0.2296 0.8429
vn 0.2935 0.5219 0.8009
vn 0.4277 0.5232 0.7371
vn 0.3327 0.2317 0.9141
vn 0.3327 0.2317 0.9141
vn 0.4277 0.5232 0.7371
vn 0.4866 0.2296 0.8429
vn 0.0013 0.5443 0.8389
vn 0.147 0.5434 0.8265
vn 0.0018 0.5219 0.853
vn 0.0018 0.5219 0.853
vn 0.147 0.5434 0.8265
vn 0.1498 0.5233 0.8389
vn 0.0013 0.5443 0.8389
vn -0.1445 0.5433 0.827
vn 0 0.3392 0.9407
vn 0 0.3392 0.9407
vn -0.1445 0.5433 0.827
vn -0.1632 0.3422 0.9254
vn -0.1632 0.3422 0.9254
vn -0.1445 0.5433 0.827
vn -0.3217 0.3392 0.884
vn -0.3217 0.3392 0.884
vn -0.1445 0.5433 0.827
vn -0.2857 0.5443 0.7887
vn -0.4187 0.5433 0.7277
vn -0.2857 0.5443 0.7887
vn -0.4245 0.5232 0.7389
vn -0.4245 0.5232 0.739
vn -0.2857 0.5443 0.7887
vn -0.29 0.5219 0.8022
vn -0.7456 0.2296 0.6256
vn -0.6516 0.5233 0.5492
vn -0.6253 0.2317 0.7452
vn -0.6253 0.2317 0.7452
vn -0.6516 0.5233 0.5492
vn -0.5469 0.5219 0.6546
vn -0.7456 0.2296 0.6256
vn -0.7661 0.0111 0.6427
vn -0.8425 0.2318 0.4864
vn -0.8425 0.2317 0.4864
vn -0.7661 0.0111 0.6427
vn -0.866 0.0109 0.4999
vn -0.9397 0.0111 0.3419
vn -0.866 0.0109 0.4999
vn -0.9275 0.1602 0.3376
vn -0.9275 0.1602 0.3376
vn -0.866 0.0109 0.4999
vn -0.8548 0.1603 0.4936
vn -0.4999 0.0111 -0.866
vn -0.6427 0.0109 -0.766
vn -0.4936 0.1602 -0.8548
vn -0.4936 0.1602 -0.8548
vn -0.6427 0.0109 -0.766
vn -0.6345 0.1603 -0.7561
vn -0.4867 0.2296 -0.8429
vn -0.4999 0.0111 -0.866
vn -0.3327 0.2318 -0.9141
vn -0.3327 0.2317 -0.9141
vn -0.4999 0.0111 -0.866
vn -0.3419 0.0109 -0.9397
vn -0.3419 0.0109 -0.9397
vn -0.1736 0.0111 -0.9848
vn -0.3327 0.2317 -0.9141
vn -0.3327 0.2317 -0.9141
vn -0.1736 0.0111 -0.9848
vn -0.169 0.2296 -0.9585
vn -0.0865 0.0109 -0.9962
vn -0.1736 0.0111 -0.9848
vn -0.0853 0.1642 -0.9827
vn -0.0853 0.1642 -0.9827
vn -0.1736 0.0111 -0.9848
vn -0.1715 0.1602 -0.9721
vn 0.6344 0.1603 -0.7562
vn 0.4935 0.1602 -0.8549
vn 0.241 0.9266 -0.2885
vn 0.241 0.9266 -0.2885
vn 0.4935 0.1602 -0.8549
vn 0.1872 0.9267 -0.326
vn 0.9276 0.1602 0.3376
vn 0.9721 0.1603 0.1714
vn 0.3535 0.9267 0.1277
vn 0.3535 0.9267 0.1278
vn 0.9721 0.1603 0.1714
vn 0.3704 0.9266 0.0644
vn 0.4999 0.0111 0.866
vn 0.6427 0.0109 0.766
vn 0.4936 0.1602 0.8548
vn 0.4936 0.1602 0.8548
vn 0.6427 0.0109 0.766
vn 0.6345 0.1603 0.7561
vn 0.4867 0.2296 0.8429
vn 0.4999 0.0111 0.866
vn 0.3327 0.2317 0.9141
vn 0.3327 0.2317 0.9141
vn 0.4999 0.0111 0.866
vn 0.3419 0.0109 0.9397
vn 0.169 0.2296 0.9585
vn 0.1498 0.5233 0.8389
vn 0.3327 0.2317 0.9141
vn 0.3327 0.2317 0.9141
vn 0.1498 0.5233 0.8389
vn 0.2935 0.5219 0.8009
vn -0.1445 0.5434 0.827
vn 0.0013 0.5443 0.8389
vn -0.1461 0.5232 0.8396
vn -0.1461 0.5232 0.8396
vn 0.0013 0.5443 0.8389
vn 0.0018 0.5219 0.853
vn -0.2857 0.5443 0.7887
vn -0.1446 0.5434 0.827
vn -0.29 0.5219 0.8022
vn -0.29 0.5219 0.8022
vn -0.1445 0.5434 0.827
vn -0.1461 0.5233 0.8396
vn -0.5469 0.5219 0.6546
vn -0.4244 0.5232 0.739
vn -0.6253 0.2317 0.7452
vn -0.6253 0.2317 0.7452
vn -0.4245 0.5232 0.739
vn -0.4867 0.2296 0.8429
vn -0.6428 0.0109 0.7659
vn -0.7661 0.0111 0.6427
vn -0.6253 0.2317 0.7452
vn -0.6253 0.2318 0.7452
vn -0.7661 0.0111 0.6427
vn -0.7456 0.2296 0.6256
vn -0.866 0.0109 0.4999
vn -0.766 0.0111 0.6427
vn -0.8548 0.1603 0.4936
vn -0.8548 0.1603 0.4936
vn -0.7661 0.0111 0.6427
vn -0.7561 0.1602 0.6345
vn -0.3419 0.0109 -0.9397
vn -0.4999 0.0111 -0.866
vn -0.3376 0.1603 -0.9275
vn -0.3376 0.1603 -0.9275
vn -0.4999 0.0111 -0.866
vn -0.4936 0.1602 -0.8548
vn -0.1736 0.0111 -0.9848
vn -0.3419 0.0109 -0.9397
vn -0.1714 0.1602 -0.9721
vn -0.3419 0.0109 -0.9397
vn -0.3376 0.1603 -0.9275
vn 0.4935 0.1602 -0.8549
vn 0.3376 0.1603 -0.9275
vn 0.1872 0.9267 -0.326
vn 0.1872 0.9267 -0.326
vn 0.3376 0.1603 -0.9275
vn 0.1278 0.9266 -0.3536
vn 0.8139 0.4955 -0.3035
vn 0.7581 0.496 -0.4233
vn 0.8637 0.4481 -0.2306
vn 0.8637 0.4481 -0.2306
vn 0.7581 0.496 -0.4234
vn 0.7328 0.4481 -0.5121
vn 0.8549 0.1603 0.4935
vn 0.9276 0.1602 0.3375
vn 0.326 0.9266 0.1872
vn 0.326 0.9266 0.1872
vn 0.9276 0.1602 0.3376
vn 0.3535 0.9267 0.1278
vn 0.3419 0.0109 0.9397
vn 0.4999 0.0111 0.866
vn 0.3376 0.1603 0.9275
vn 0.3376 0.1603 0.9275
vn 0.4999 0.0111 0.866
vn 0.4936 0.1602 0.8548
vn 0.3419 0.0109 0.9397
vn 0.1736 0.0111 0.9848
vn 0.3327 0.2317 0.9141
vn 0.3327 0.2317 0.9141
vn 0.1736 0.0111 0.9848
vn 0.169 0.2296 0.9585
vn 0.0018 0.5219 0.853
vn 0.1498 0.5232 0.8389
vn 0 0.2317 0.9728
vn 0 0.2317 0.9728
vn 0.1498 0.5232 0.8389
vn 0.169 0.2296 0.9585
vn 0.8572 0.496 -0.1385
vn 0.8139 0.4955 -0.3035
vn 0.8638 0.448 -0.2306
vn -0.4866 0.2296 0.8429
vn -0.4245 0.5233 0.7389
vn -0.3327 0.2317 0.9141
vn -0.3327 0.2317 0.9141
vn -0.4245 0.5233 0.7389
vn -0.29 0.5219 0.8022
vn -0.4866 0.2296 0.8429
vn -0.5001 0.0111 0.8659
vn -0.6253 0.2318 0.7452
vn -0.6253 0.2317 0.7452
vn -0.5001 0.0111 0.8659
vn -0.6428 0.0109 0.7659
vn -0.7661 0.0111 0.6427
vn -0.6428 0.0109 0.766
vn -0.7561 0.1602 0.6345
vn -0.7561 0.1602 0.6345
vn -0.6428 0.0109 0.766
vn -0.6344 0.1603 0.7562
vn -0.9276 0.1602 -0.3376
vn -0.9721 0.1603 -0.1714
vn -0.3535 0.9267 -0.1278
vn -0.3535 0.9267 -0.1278
vn -0.9721 0.1603 -0.1714
vn -0.3704 0.9266 -0.0644
vn -0.9721 0.1603 -0.1713
vn -0.9871 0.1602 0.0001
vn -0.3704 0.9266 -0.0645
vn -0.3704 0.9266 -0.0645
vn -0.9871 0.1602 0
vn -0.3759 0.9267 0.0009
vn -0.8549 0.1603 -0.4935
vn -0.9276 0.1602 -0.3375
vn -0.326 0.9266 -0.1872
vn -0.326 0.9266 -0.1872
vn -0.9276 0.1602 -0.3376
vn -0.3535 0.9267 -0.1278
vn -0.7562 0.1602 -0.6345
vn -0.8548 0.1603 -0.4935
vn -0.2885 0.9267 -0.241
vn -0.2885 0.9267 -0.241
vn -0.8548 0.1603 -0.4935
vn -0.326 0.9266 -0.1872
vn 0.3375 0.1603 -0.9276
vn 0.1713 0.1602 -0.9721
vn 0.1278 0.9266 -0.3536
vn 0.1278 0.9266 -0.3536
vn 0.1714 0.1602 -0.9721
vn 0.0644 0.9267 -0.3703
vn 0.7581 0.496 -0.4234
vn 0.661 0.4955 -0.5636
vn 0.7328 0.448 -0.5121
vn 0.8686 0.4955 -0.0068
vn 0.8572 0.496 -0.1385
vn 0.8905 0.4481 0.0787
vn 0.8905 0.4481 0.0787
vn 0.8572 0.496 -0.1385
vn 0.8637 0.4481 -0.2306
vn 0.7562 0.1602 0.6345
vn 0.8548 0.1603 0.4935
vn 0.2885 0.9267 0.241
vn 0.2885 0.9267 0.241
vn 0.8548 0.1603 0.4935
vn 0.326 0.9266 0.1872
vn 0.1736 0.0111 0.9848
vn 0.3419 0.0109 0.9397
vn 0.1714 0.1602 0.9721
vn 0.1714 0.1602 0.9721
vn 0.3419 0.0109 0.9397
vn 0.3376 0.1603 0.9275
vn 0.169 0.2296 0.9585
vn 0.1735 0.0111 0.9848
vn 0 0.2317 0.9728
vn 0 0.2317 0.9728
vn 0.1735 0.0111 0.9848
vn -0.0001 0.0109 0.9999
vn -0.169 0.2296 0.9585
vn -0.1461 0.5233 0.8396
vn 0 0.2317 0.9728
vn 0 0.2317 0.9728
vn -0.1461 0.5233 0.8395
vn 0.0018 0.5219 0.853
vn -0.29 0.5219 0.8022
vn -0.1461 0.5232 0.8396
vn -0.3327 0.2317 0.9141
vn -0.3327 0.2317 0.9141
vn -0.1461 0.5232 0.8396
vn -0.169 0.2296 0.9585
vn -0.3421 0.0109 0.9396
vn -0.5 0.0111 0.8659
vn -0.3327 0.2317 0.9141
vn -0.3327 0.2318 0.9141
vn -0.5 0.0111 0.8659
vn -0.4867 0.2296 0.8429
vn -0.6428 0.0109 0.7659
vn -0.5 0.0111 0.8659
vn -0.6345 0.1603 0.7561
vn -0.6344 0.1603 0.7562
vn -0.5 0.0111 0.8659
vn -0.4935 0.1602 0.8549
vn -0.9721 0.1603 0.1715
vn -0.9275 0.1602 0.3377
vn -0.3701 0.9266 0.0661
vn -0.3701 0.9266 0.0661
vn -0.9275 0.1602 0.3376
vn -0.3529 0.9267 0.1294
vn -0.9871 0.1602 0
vn -0.9721 0.1603 0.1714
vn -0.3759 0.9267 0.0009
vn -0.3759 0.9267 0.0009
vn -0.9721 0.1603 0.1714
vn -0.3701 0.9266 0.0662
vn -0.6345 0.1603 -0.7561
vn -0.7562 0.1602 -0.6344
vn -0.2423 0.9266 -0.2874
vn -0.2423 0.9266 -0.2874
vn -0.7562 0.1602 -0.6345
vn -0.2885 0.9267 -0.241
vn 0.1714 0.1602 -0.9721
vn 0.0855 0.1553 -0.9842
vn 0.0644 0.9267 -0.3703
vn 0.0644 0.9267 -0.3703
vn 0.0854 0.1553 -0.9842
vn 0.0326 0.9262 -0.3757
vn 0.661 0.4955 -0.5635
vn 0.5676 0.496 -0.6571
vn 0.7328 0.4481 -0.5121
vn 0.7328 0.4481 -0.5121
vn 0.5676 0.496 -0.6571
vn 0.5134 0.4481 -0.7319
vn 0.8529 0.496 0.163
vn 0.8686 0.4955 -0.0068
vn 0.8905 0.448 0.0787
vn 0.6345 0.1603 0.7561
vn 0.7562 0.1602 0.6344
vn 0.2423 0.9266 0.2874
vn 0.2423 0.9266 0.2874
vn 0.7562 0.1602 0.6345
vn 0.2885 0.9267 0.241
vn -0.0001 0.0109 0.9999
vn 0.1736 0.0111 0.9848
vn 0 0.1603 0.9871
vn 0 0.1603 0.9871
vn 0.1736 0.0111 0.9848
vn 0.1715 0.1602 0.9721
vn -0.0001 0.0109 0.9999
vn -0.1737 0.0111 0.9847
vn 0 0.2317 0.9728
vn 0 0.2317 0.9728
vn -0.1737 0.0111 0.9847
vn -0.169 0.2296 0.9585
vn -0.169 0.2296 0.9585
vn -0.1737 0.0111 0.9847
vn -0.3327 0.2317 0.9141
vn -0.3327 0.2317 0.9141
vn -0.1737 0.0111 0.9847
vn -0.3421 0.0109 0.9396
vn -0.5 0.0111 0.8659
vn -0.3421 0.0109 0.9396
vn -0.4935 0.1602 0.8549
vn -0.4935 0.1602 0.8549
vn -0.3421 0.0109 0.9396
vn -0.3376 0.1603 0.9276
vn -0.9275 0.1602 0.3376
vn -0.8548 0.1603 0.4935
vn -0.3529 0.9267 0.1294
vn -0.3529 0.9267 0.1294
vn -0.8548 0.1603 0.4936
vn -0.3251 0.9266 0.1887
vn -0.4936 0.1602 -0.8548
vn -0.6345 0.1603 -0.7561
vn -0.1887 0.9267 -0.3251
vn -0.1887 0.9267 -0.3251
vn -0.6345 0.1603 -0.7561
vn -0.2423 0.9266 -0.2874
vn -0.0854 0.1642 -0.9827
vn -0.1715 0.1602 -0.9721
vn -0.0326 0.9262 -0.3757
vn -0.0326 0.9262 -0.3757
vn -0.1714 0.1602 -0.9721
vn -0.0661 0.9267 -0.37
vn 0.5676 0.496 -0.6571
vn 0.4284 0.4955 -0.7556
vn 0.5134 0.448 -0.7319
vn 0.7844 0.2822 -0.5524
vn 0.926 0.2821 -0.2508
vn 0.7328 0.448 -0.5121
vn 0.7328 0.448 -0.5121
vn 0.926 0.2821 -0.2508
vn 0.8637 0.448 -0.2306
vn 0.8185 0.4955 0.2907
vn 0.8529 0.496 0.163
vn 0.8099 0.4481 0.3785
vn 0.8099 0.4481 0.3785
vn 0.8529 0.496 0.163
vn 0.8905 0.4481 0.0787
vn 0.4936 0.1602 0.8548
vn 0.6345 0.1603 0.7561
vn 0.1887 0.9267 0.3251
vn 0.1887 0.9267 0.3251
vn 0.6345 0.1603 0.7561
vn 0.2423 0.9266 0.2874
vn -0.1737 0.0111 0.9847
vn -0.0001 0.0109 0.9999
vn -0.1714 0.1602 0.9721
vn -0.1714 0.1602 0.9721
vn -0.0001 0.0109 0.9999
vn 0 0.1603 0.9871
vn -0.3421 0.0109 0.9396
vn -0.1737 0.0111 0.9847
vn -0.3376 0.1603 0.9275
vn -0.3376 0.1603 0.9275
vn -0.1737 0.0111 0.9847
vn -0.1713 0.1602 0.9721
vn -0.8548 0.1603 0.4936
vn -0.7561 0.1602 0.6346
vn -0.3251 0.9266 0.1887
vn -0.3251 0.9266 0.1887
vn -0.7561 0.1602 0.6345
vn -0.2874 0.9267 0.2423
vn -0.3377 0.1603 -0.9275
vn -0.4936 0.1602 -0.8548
vn -0.1294 0.9266 -0.353
vn -0.1294 0.9266 -0.353
vn -0.4936 0.1602 -0.8548
vn -0.1887 0.9267 -0.3251
vn -0.1714 0.1602 -0.9721
vn -0.3376 0.1603 -0.9275
vn -0.0661 0.9267 -0.37
vn -0.0661 0.9267 -0.37
vn -0.3376 0.1603 -0.9275
vn -0.1294 0.9266 -0.353
vn 0.4284 0.4955 -0.7556
vn 0.3086 0.496 -0.8116
vn 0.5134 0.4481 -0.7319
vn 0.5134 0.4481 -0.7319
vn 0.3086 0.496 -0.8116
vn 0.2321 0.4481 -0.8633
vn 0.9604 0.1099 -0.256
vn 0.926 0.2822 -0.2508
vn 0.8149 0.1099 -0.5691
vn 0.8149 0.1099 -0.5691
vn 0.926 0.2822 -0.2508
vn 0.7844 0.2821 -0.5524
vn 0.926 0.2822 -0.2508
vn 0.9559 0.2821 0.0811
vn 0.8638 0.448 -0.2306
vn 0.8638 0.448 -0.2306
vn 0.9559 0.2821 0.0811
vn 0.8905 0.448 0.0787
vn 0.7457 0.496 0.4449
vn 0.8185 0.4955 0.2906
vn 0.8099 0.448 0.3785
vn 0.3377 0.1603 0.9275
vn 0.4936 0.1602 0.8548
vn 0.1294 0.9266 0.353
vn 0.1294 0.9266 0.353
vn 0.4936 0.1602 0.8548
vn 0.1887 0.9267 0.3251
vn -0.7561 0.1602 0.6345
vn -0.6345 0.1603 0.7561
vn -0.2874 0.9267 0.2423
vn -0.2874 0.9267 0.2423
vn -0.6345 0.1603 0.7562
vn -0.241 0.9266 0.2885
vn -0.8185 0.4955 -0.2907
vn -0.8529 0.496 -0.163
vn -0.8099 0.4481 -0.3785
vn -0.8099 0.4481 -0.3785
vn -0.8529 0.496 -0.163
vn -0.8905 0.4481 -0.0787
vn -0.8529 0.496 -0.163
vn -0.8686 0.4955 0.0068
vn -0.8905 0.448 -0.0787
vn -0.7457 0.496 -0.4449
vn -0.8185 0.4955 -0.2906
vn -0.8099 0.448 -0.3785
vn -0.6698 0.4955 -0.5531
vn -0.7457 0.496 -0.4449
vn -0.6316 0.4481 -0.6327
vn -0.6316 0.4481 -0.6327
vn -0.7457 0.496 -0.4449
vn -0.8099 0.4481 -0.3785
vn 0.3086 0.496 -0.8116
vn 0.1441 0.4955 -0.8566
vn 0.2321 0.448 -0.8633
vn 0.5482 0.2822 -0.7873
vn 0.7844 0.2821 -0.5524
vn 0.5134 0.448 -0.7319
vn 0.5134 0.448 -0.7319
vn 0.7844 0.2821 -0.5524
vn 0.7328 0.448 -0.5122
vn 0.9604 0.1099 -0.256
vn 0.8149 0.1099 -0.5691
vn 0.9646 0.0479 -0.2594
vn 0.9646 0.0479 -0.2594
vn 0.8149 0.1099 -0.5691
vn 0.8177 0.0479 -0.5737
vn 0.99 0.1099 0.0879
vn 0.9559 0.2822 0.081
vn 0.9604 0.1099 -0.2561
vn 0.9604 0.1099 -0.2561
vn 0.9559 0.2822 0.0811
vn 0.926 0.2821 -0.2508
vn 0.6698 0.4955 0.5531
vn 0.7457 0.496 0.4449
vn 0.6316 0.4481 0.6327
vn 0.6316 0.4481 0.6327
vn 0.7457 0.496 0.4449
vn 0.8099 0.4481 0.3785
vn 0.1714 0.1602 0.9721
vn 0.3376 0.1603 0.9275
vn 0.0661 0.9267 0.37
vn 0.0661 0.9267 0.37
vn 0.3376 0.1603 0.9275
vn 0.1294 0.9266 0.353
vn -0.6344 0.1603 0.7562
vn -0.4935 0.1602 0.8549
vn -0.241 0.9266 0.2885
vn -0.241 0.9266 0.2885
vn -0.4935 0.1602 0.8549
vn -0.1872 0.9267 0.326
vn -0.8572 0.496 0.1385
vn -0.8139 0.4955 0.3035
vn -0.8638 0.448 0.2306
vn -0.8686 0.4955 0.0068
vn -0.8572 0.496 0.1385
vn -0.8905 0.4481 -0.0787
vn -0.8905 0.4481 -0.0787
vn -0.8572 0.496 0.1385
vn -0.8637 0.4481 0.2306
vn -0.5486 0.496 -0.6731
vn -0.6698 0.4955 -0.5531
vn -0.6316 0.448 -0.6327
vn 0.1441 0.4955 -0.8566
vn 0.0748 0.5023 -0.8615
vn 0.2321 0.4481 -0.8633
vn 0.2321 0.4481 -0.8633
vn 0.0754 0.5021 -0.8615
vn 0.0781 0.4433 -0.893
vn 0.8149 0.1099 -0.5691
vn 0.7844 0.2822 -0.5524
vn 0.5711 0.1099 -0.8135
vn 0.5711 0.1099 -0.8135
vn 0.7844 0.2822 -0.5524
vn 0.5482 0.2821 -0.7874
vn 0.99 0.1099 0.0879
vn 0.9604 0.1099 -0.2561
vn 0.9951 0.0479 0.0862
vn 0.9951 0.0479 0.0862
vn 0.9604 0.1099 -0.2561
vn 0.9646 0.0479 -0.2594
vn 0.9559 0.2822 0.0811
vn 0.8706 0.2821 0.4031
vn 0.8905 0.448 0.0787
vn 0.8905 0.448 0.0787
vn 0.8706 0.2821 0.4031
vn 0.8099 0.448 0.3785
vn 0.5486 0.496 0.6731
vn 0.6698 0.4955 0.5531
vn 0.6316 0.448 0.6327
vn 0.0001 0.1603 0.9871
vn 0.1715 0.1602 0.9721
vn 0.0008 0.9266 0.3759
vn 0.0008 0.9266 0.3759
vn 0.1714 0.1602 0.9721
vn 0.0661 0.9267 0.37
vn -0.4935 0.1602 0.8549
vn -0.3376 0.1603 0.9275
vn -0.1872 0.9267 0.326
vn -0.1872 0.9267 0.326
vn -0.3376 0.1603 0.9275
vn -0.1278 0.9266 0.3535
vn -0.8139 0.4955 0.3035
vn -0.7581 0.496 0.4233
vn -0.8637 0.4481 0.2306
vn -0.8637 0.4481 0.2306
vn -0.7581 0.496 0.4234
vn -0.7328 0.4481 0.5121
vn -0.4402 0.4955 -0.7488
vn -0.5486 0.496 -0.6731
vn -0.3771 0.4481 -0.8106
vn -0.3771 0.4481 -0.8106
vn -0.5486 0.496 -0.6731
vn -0.6316 0.4481 -0.6327
vn -0.0757 0.484 -0.8718
vn -0.1576 0.4955 -0.8542
vn -0.2201 0.4427 -0.8692
vn 0.2458 0.2822 -0.9273
vn 0.5482 0.2821 -0.7873
vn 0.2321 0.448 -0.8633
vn 0.2321 0.448 -0.8633
vn 0.5482 0.2821 -0.7873
vn 0.5134 0.448 -0.7319
vn 0.8149 0.1099 -0.5691
vn 0.5711 0.1099 -0.8135
vn 0.8177 0.0479 -0.5737
vn 0.8177 0.0479 -0.5737
vn 0.5711 0.1099 -0.8135
vn 0.5722 0.0479 -0.8187
vn 0.9003 0.1099 0.4212
vn 0.8706 0.2822 0.4031
vn 0.9901 0.1099 0.0879
vn 0.9901 0.1099 0.0879
vn 0.8706 0.2822 0.4031
vn 0.9559 0.2821 0.081
vn 0.4402 0.4955 0.7488
vn 0.5485 0.496 0.6731
vn 0.3771 0.4481 0.8106
vn 0.3771 0.4481 0.8106
vn 0.5486 0.496 0.6731
vn 0.6316 0.4481 0.6327
vn -0.1714 0.1602 0.9721
vn 0 0.1603 0.9871
vn -0.0644 0.9267 0.3703
vn -0.0644 0.9267 0.3703
vn 0 0.1603 0.9871
vn 0.0009 0.9266 0.3759
vn -0.3375 0.1603 0.9276
vn -0.1713 0.1602 0.9721
vn -0.1278 0.9266 0.3536
vn -0.1278 0.9266 0.3536
vn -0.1714 0.1602 0.9721
vn -0.0644 0.9267 0.3703
vn -0.7581 0.496 0.4234
vn -0.661 0.4955 0.5636
vn -0.7328 0.448 0.5121
vn -0.9559 0.2822 -0.0811
vn -0.8706 0.2821 -0.4031
vn -0.8905 0.448 -0.0787
vn -0.8905 0.448 -0.0787
vn -0.8706 0.2821 -0.4031
vn -0.8099 0.448 -0.3785
vn -0.8706 0.2822 -0.4031
vn -0.6802 0.2821 -0.6766
vn -0.8099 0.448 -0.3785
vn -0.8099 0.448 -0.3785
vn -0.6802 0.2821 -0.6766
vn -0.6316 0.448 -0.6327
vn -0.2853 0.496 -0.8201
vn -0.4402 0.4955 -0.7488
vn -0.3771 0.448 -0.8106
vn -0.1575 0.4955 -0.8542
vn -0.2853 0.496 -0.8201
vn -0.2201 0.4427 -0.8692
vn -0.2201 0.4427 -0.8692
vn -0.2853 0.496 -0.8201
vn -0.3771 0.4481 -0.8106
vn 0.5711 0.1099 -0.8135
vn 0.5482 0.2822 -0.7873
vn 0.2584 0.1099 -0.9598
vn 0.2584 0.1099 -0.9598
vn 0.5482 0.2822 -0.7873
vn 0.2458 0.2821 -0.9273
vn 0.2531 -0.9652 -0.0658
vn 0.1964 -0.979 -0.0555
vn 0.2153 -0.9652 -0.1484
vn 0.2153 -0.9652 -0.1484
vn 0.1964 -0.979 -0.0554
vn 0.1656 -0.979 -0.1193
vn 0.9003 0.1099 0.4212
vn 0.9901 0.1099 0.0879
vn 0.9056 0.0479 0.4213
vn 0.9056 0.0479 0.4213
vn 0.99 0.1099 0.0879
vn 0.9951 0.0479 0.0861
vn 0.8706 0.2822 0.4031
vn 0.6802 0.2821 0.6766
vn 0.8099 0.448 0.3785
vn 0.8099 0.448 0.3785
vn 0.6802 0.2821 0.6766
vn 0.6316 0.448 0.6327
vn 0.2853 0.496 0.8201
vn 0.4402 0.4955 0.7488
vn 0.3771 0.448 0.8106
vn -0.661 0.4955 0.5635
vn -0.5676 0.496 0.6571
vn -0.7328 0.4481 0.5121
vn -0.7328 0.4481 0.5121
vn -0.5676 0.496 0.6571
vn -0.5134 0.4481 0.7319
vn -0.926 0.2822 0.2508
vn -0.9559 0.2821 -0.0811
vn -0.8638 0.448 0.2306
vn -0.8638 0.448 0.2306
vn -0.9559 0.2821 -0.0811
vn -0.8905 0.448 -0.0787
vn -0.9003 0.1099 -0.4212
vn -0.8706 0.2822 -0.4031
vn -0.9901 0.1099 -0.0879
vn -0.9901 0.1099 -0.0879
vn -0.8706 0.2822 -0.4031
vn -0.9559 0.2821 -0.081
vn -0.7019 0.1099 -0.7037
vn -0.6802 0.2822 -0.6765
vn -0.9003 0.1099 -0.4212
vn -0.9003 0.1099 -0.4212
vn -0.6802 0.2822 -0.6766
vn -0.8706 0.2822 -0.4031
vn 0.0838 0.2752 -0.9577
vn 0.2458 0.2821 -0.9273
vn 0.0781 0.4434 -0.8929
vn 0.0781 0.4434 -0.8929
vn 0.2458 0.2821 -0.9273
vn 0.2321 0.448 -0.8634
vn 0.5711 0.1099 -0.8135
vn 0.2584 0.1099 -0.9598
vn 0.5722 0.0479 -0.8187
vn 0.5722 0.0479 -0.8187
vn 0.2584 0.1099 -0.9598
vn 0.2576 0.0479 -0.9651
vn 0.2603 -0.9652 0.0248
vn 0.2035 -0.979 0.0151
vn 0.2531 -0.9652 -0.0658
vn 0.2531 -0.9652 -0.0658
vn 0.2035 -0.979 0.0151
vn 0.1964 -0.979 -0.0554
vn 0.7019 0.1099 0.7037
vn 0.6802 0.2822 0.6765
vn 0.9003 0.1099 0.4212
vn 0.9003 0.1099 0.4212
vn 0.6802 0.2822 0.6766
vn 0.8706 0.2821 0.4031
vn 0.1575 0.4955 0.8542
vn 0.2853 0.496 0.8201
vn 0.0771 0.4481 0.8907
vn 0.0771 0.4481 0.8907
vn 0.2853 0.496 0.8201
vn 0.3771 0.4481 0.8106
vn -0.5676 0.496 0.6571
vn -0.4284 0.4955 0.7556
vn -0.5134 0.448 0.7319
vn -0.7844 0.2822 0.5524
vn -0.926 0.2821 0.2508
vn -0.7328 0.448 0.5121
vn -0.7328 0.448 0.5121
vn -0.926 0.2821 0.2508
vn -0.8637 0.448 0.2306
vn -0.99 0.1099 -0.0879
vn -0.9559 0.2822 -0.081
vn -0.9604 0.1099 0.2561
vn -0.9604 0.1099 0.2561
vn -0.9559 0.2822 -0.0811
vn -0.926 0.2821 0.2508
vn -0.9003 0.1099 -0.4212
vn -0.9901 0.1099 -0.0879
vn -0.9056 0.0479 -0.4213
vn -0.9057 0.0479 -0.4213
vn -0.99 0.1099 -0.0879
vn -0.9951 0.0479 -0.0862
vn -0.7019 0.1099 -0.7037
vn -0.9003 0.1099 -0.4212
vn -0.7069 0.0479 -0.7057
vn -0.7069 0.0479 -0.7057
vn -0.9003 0.1099 -0.4212
vn -0.9057 0.0479 -0.4213
vn -0.6802 0.2822 -0.6765
vn -0.4078 0.2821 -0.8684
vn -0.6316 0.448 -0.6327
vn -0.6316 0.448 -0.6327
vn -0.4078 0.2821 -0.8684
vn -0.3771 0.448 -0.8106
vn 0.2585 0.1099 -0.9597
vn 0.2458 0.2822 -0.9273
vn 0.0866 0.109 -0.9903
vn 0.0866 0.109 -0.9903
vn 0.2458 0.2822 -0.9273
vn 0.0838 0.2752 -0.9577
vn 0.2153 -0.9652 -0.1484
vn 0.1656 -0.979 -0.1193
vn 0.1516 -0.9652 -0.2131
vn 0.1516 -0.9652 -0.2131
vn 0.1655 -0.979 -0.1193
vn 0.1148 -0.979 -0.1687
vn 0.7019 0.1099 0.7037
vn 0.9003 0.1099 0.4212
vn 0.7069 0.0479 0.7057
vn 0.7069 0.0479 0.7057
vn 0.9003 0.1099 0.4212
vn 0.9057 0.0479 0.4213
vn 0.6802 0.2822 0.6766
vn 0.4078 0.2821 0.8684
vn 0.6316 0.448 0.6327
vn 0.6316 0.448 0.6327
vn 0.4078 0.2821 0.8684
vn 0.3771 0.448 0.8106
vn -0.0124 0.496 0.8682
vn 0.1576 0.4955 0.8542
vn 0.0771 0.448 0.8907
vn -0.4284 0.4955 0.7556
vn -0.3086 0.496 0.8116
vn -0.5134 0.4481 0.7319
vn -0.5134 0.4481 0.7319
vn -0.3086 0.496 0.8116
vn -0.2321 0.4481 0.8633
vn -0.9604 0.1099 0.256
vn -0.926 0.2822 0.2508
vn -0.8149 0.1099 0.5691
vn -0.8149 0.1099 0.5691
vn -0.926 0.2822 0.2508
vn -0.7844 0.2821 0.5524
vn -0.99 0.1099 -0.0879
vn -0.9604 0.1099 0.2561
vn -0.9951 0.0479 -0.0862
vn -0.9951 0.0479 -0.0862
vn -0.9604 0.1099 0.2561
vn -0.9646 0.0479 0.2594
vn -0.4189 0.1099 -0.9013
vn -0.4078 0.2822 -0.8684
vn -0.7019 0.1099 -0.7037
vn -0.7019 0.1099 -0.7037
vn -0.4078 0.2822 -0.8684
vn -0.6802 0.2821 -0.6765
vn -0.4078 0.2822 -0.8684
vn -0.2484 0.2811 -0.927
vn -0.3771 0.448 -0.8106
vn -0.3771 0.448 -0.8106
vn -0.2484 0.2811 -0.927
vn -0.2201 0.4427 -0.8692
vn 0.2585 0.1099 -0.9597
vn 0.0866 0.109 -0.9903
vn 0.2577 0.0479 -0.9651
vn 0.2576 0.0479 -0.9651
vn 0.0871 0.109 -0.9902
vn 0.0871 0.0471 -0.9951
vn 0.4661 -0.8222 -0.3266
vn 0.5497 -0.8223 -0.1475
vn 0.2153 -0.9652 -0.1484
vn 0.2153 -0.9652 -0.1484
vn 0.5497 -0.8222 -0.1476
vn 0.2531 -0.9652 -0.0658
vn 0.2362 -0.9652 0.1123
vn 0.1861 -0.979 0.0837
vn 0.2603 -0.9652 0.0248
vn 0.2603 -0.9652 0.0248
vn 0.1861 -0.979 0.0837
vn 0.2035 -0.979 0.0151
vn 0.4189 0.1099 0.9013
vn 0.4078 0.2822 0.8684
vn 0.7019 0.1099 0.7037
vn 0.7019 0.1099 0.7037
vn 0.4078 0.2822 0.8684
vn 0.6802 0.2821 0.6765
vn -0.1441 0.4955 0.8566
vn -0.0124 0.496 0.8682
vn -0.2321 0.4481 0.8633
vn -0.2321 0.4481 0.8633
vn -0.0124 0.496 0.8682
vn 0.0771 0.4481 0.8907
vn -0.3086 0.496 0.8116
vn -0.1441 0.4955 0.8566
vn -0.2321 0.448 0.8633
vn -0.5482 0.2822 0.7873
vn -0.7844 0.2821 0.5524
vn -0.5134 0.448 0.7319
vn -0.5134 0.448 0.7319
vn -0.7844 0.2821 0.5524
vn -0.7328 0.448 0.5122
vn -0.9604 0.1099 0.256
vn -0.8149 0.1099 0.5691
vn -0.9646 0.0479 0.2594
vn -0.9646 0.0479 0.2594
vn -0.8149 0.1099 0.5691
vn -0.8177 0.0479 0.5737
vn -0.4189 0.1099 -0.9013
vn -0.702 0.1099 -0.7037
vn -0.4229 0.0479 -0.9049
vn -0.4229 0.0479 -0.9049
vn -0.7019 0.1099 -0.7037
vn -0.707 0.0479 -0.7056
vn -0.2573 0.1075 -0.9603
vn -0.2484 0.2811 -0.927
vn -0.4189 0.1099 -0.9013
vn -0.4189 0.1099 -0.9013
vn -0.2484 0.2811 -0.927
vn -0.4078 0.2821 -0.8684
vn 0.1516 -0.9652 -0.2131
vn 0.1148 -0.979 -0.1687
vn 0.0696 -0.9652 -0.2521
vn 0.0696 -0.9652 -0.2521
vn 0.1148 -0.979 -0.1687
vn 0.0502 -0.979 -0.1978
vn 0.8999 -0.3624 -0.2428
vn 0.5497 -0.8223 -0.1476
vn 0.7626 -0.3624 -0.5359
vn 0.7626 -0.3624 -0.5359
vn 0.5497 -0.8222 -0.1476
vn 0.4661 -0.8222 -0.3266
vn 0.5497 -0.8222 -0.1475
vn 0.567 -0.8223 0.0494
vn 0.2531 -0.9652 -0.0658
vn 0.2531 -0.9652 -0.0658
vn 0.567 -0.8222 0.0493
vn 0.2603 -0.9652 0.0247
vn 0.4189 0.1099 0.9013
vn 0.702 0.1099 0.7037
vn 0.4229 0.0479 0.9049
vn 0.4229 0.0479 0.9049
vn 0.7019 0.1099 0.7037
vn 0.707 0.0479 0.7056
vn 0.4078 0.2822 0.8684
vn 0.0862 0.2821 0.9555
vn 0.3771 0.448 0.8106
vn 0.3771 0.448 0.8106
vn 0.0862 0.2821 0.9555
vn 0.0772 0.4481 0.8907
vn -0.8149 0.1099 0.5691
vn -0.7844 0.2822 0.5524
vn -0.5711 0.1099 0.8135
vn -0.5711 0.1099 0.8135
vn -0.7844 0.2822 0.5524
vn -0.5482 0.2821 0.7874
vn -0.2362 -0.9652 -0.1123
vn -0.1861 -0.979 -0.0837
vn -0.2603 -0.9652 -0.0248
vn -0.2603 -0.9652 -0.0248
vn -0.1861 -0.979 -0.0837
vn -0.2035 -0.979 -0.0151
vn -0.1835 -0.9652 -0.1863
vn -0.1462 -0.979 -0.1423
vn -0.2362 -0.9652 -0.1123
vn -0.1462 -0.979 -0.1423
vn -0.1861 -0.979 -0.0837
vn -0.2573 0.1075 -0.9603
vn -0.4189 0.1099 -0.9013
vn -0.2585 0.0471 -0.9649
vn -0.2585 0.0471 -0.9649
vn -0.4189 0.1099 -0.9013
vn -0.423 0.0479 -0.9049
vn 0.3262 -0.8222 -0.4664
vn 0.4661 -0.8223 -0.3266
vn 0.1516 -0.9652 -0.2131
vn 0.466 -0.8222 -0.3267
vn 0.2153 -0.9652 -0.1484
vn 0.8065 0.1832 -0.5622
vn 0.9501 0.1832 -0.2525
vn 0.7626 -0.3624 -0.5359
vn 0.7626 -0.3624 -0.5359
vn 0.9501 0.1832 -0.2525
vn 0.8999 -0.3624 -0.2428
vn 0.9286 -0.3624 0.0797
vn 0.567 -0.8222 0.0493
vn 0.8999 -0.3624 -0.2427
vn 0.8999 -0.3624 -0.2427
vn 0.567 -0.8222 0.0494
vn 0.5497 -0.8222 -0.1475
vn 0.1835 -0.9652 0.1863
vn 0.1462 -0.979 0.1423
vn 0.2362 -0.9652 0.1123
vn 0.2362 -0.9652 0.1123
vn 0.1462 -0.979 0.1423
vn 0.1861 -0.979 0.0837
vn 0.0854 0.1099 0.9903
vn 0.0862 0.2822 0.9555
vn 0.4189 0.1099 0.9013
vn 0.4189 0.1099 0.9013
vn 0.0862 0.2822 0.9555
vn 0.4078 0.2821 0.8684
vn -0.2458 0.2822 0.9273
vn -0.5482 0.2821 0.7873
vn -0.2321 0.448 0.8633
vn -0.2321 0.448 0.8633
vn -0.5482 0.2821 0.7873
vn -0.5134 0.4481 0.7319
vn -0.8149 0.1099 0.5691
vn -0.5711 0.1099 0.8135
vn -0.8177 0.0479 0.5737
vn -0.8177 0.0479 0.5737
vn -0.5711 0.1099 0.8135
vn -0.5722 0.0479 0.8187
vn -0.2603 -0.9652 -0.0248
vn -0.2035 -0.979 -0.0151
vn -0.2531 -0.9652 0.0658
vn -0.2531 -0.9652 0.0658
vn -0.2035 -0.979 -0.0151
vn -0.1964 -0.979 0.0554
vn 0.0696 -0.9652 -0.2521
vn 0.0502 -0.979 -0.1978
vn 0.0233 -0.9635 -0.2669
vn 0.0233 -0.9635 -0.2669
vn 0.0502 -0.979 -0.1978
vn 0.018 -0.9783 -0.2062
vn 0.7626 -0.3624 -0.5359
vn 0.466 -0.8223 -0.3267
vn 0.5333 -0.3624 -0.7644
vn 0.5333 -0.3624 -0.7644
vn 0.4661 -0.8222 -0.3267
vn 0.3262 -0.8222 -0.4663
vn 0.6223 0.765 -0.1658
vn 0.9501 0.1832 -0.2525
vn 0.528 0.765 -0.3686
vn 0.5281 0.765 -0.3686
vn 0.9501 0.1831 -0.2525
vn 0.8065 0.1832 -0.5622
vn 0.9501 0.1832 -0.2525
vn 0.9792 0.1832 0.0877
vn 0.8999 -0.3624 -0.2427
vn 0.8999 -0.3624 -0.2428
vn 0.9792 0.1832 0.0877
vn 0.9286 -0.3624 0.0797
vn 0.567 -0.8222 0.0494
vn 0.5159 -0.8223 0.2403
vn 0.2603 -0.9652 0.0248
vn 0.2603 -0.9652 0.0248
vn 0.5159 -0.8222 0.2403
vn 0.2362 -0.9652 0.1123
vn 0.0854 0.1099 0.9903
vn 0.4189 0.1099 0.9013
vn 0.088 0.0479 0.995
vn 0.088 0.0479 0.995
vn 0.4189 0.1099 0.9013
vn 0.423 0.0479 0.9049
vn 0.0862 0.2822 0.9555
vn -0.2458 0.2821 0.9273
vn 0.0771 0.448 0.8907
vn 0.0771 0.448 0.8907
vn -0.2458 0.2821 0.9273
vn -0.2321 0.448 0.8634
vn -0.5711 0.1099 0.8135
vn -0.5482 0.2822 0.7873
vn -0.2584 0.1099 0.9598
vn -0.2584 0.1099 0.9598
vn -0.5482 0.2822 0.7873
vn -0.2458 0.2821 0.9273
vn -0.2531 -0.9652 0.0658
vn -0.1964 -0.979 0.0554
vn -0.2153 -0.9652 0.1484
vn -0.2153 -0.9652 0.1484
vn -0.1964 -0.979 0.0554
vn -0.1656 -0.979 0.1193
vn -0.1087 -0.9652 -0.2378
vn -0.0887 -0.979 -0.1837
vn -0.1835 -0.9652 -0.1863
vn -0.1835 -0.9652 -0.1863
vn -0.0887 -0.979 -0.1837
vn -0.1462 -0.979 -0.1423
vn 0.1471 -0.8222 -0.5498
vn 0.3262 -0.8223 -0.4663
vn 0.0696 -0.9652 -0.2521
vn 0.0696 -0.9652 -0.2521
vn 0.3262 -0.8222 -0.4664
vn 0.1516 -0.9652 -0.2131
vn 0.5655 0.1832 -0.8041
vn 0.8065 0.1832 -0.5622
vn 0.5333 -0.3624 -0.7644
vn 0.5333 -0.3624 -0.7644
vn 0.8065 0.1832 -0.5622
vn 0.7626 -0.3624 -0.5359
vn 0.4014 0.8711 -0.2828
vn 0.4739 0.8712 -0.1285
vn 0.528 0.765 -0.3686
vn 0.5281 0.765 -0.3686
vn 0.4739 0.8712 -0.1285
vn 0.6223 0.765 -0.1658
vn 0.6415 0.765 0.057
vn 0.9792 0.1832 0.0877
vn 0.6223 0.765 -0.1658
vn 0.6223 0.765 -0.1658
vn 0.9792 0.1831 0.0877
vn 0.9501 0.1832 -0.2525
vn 0.8454 -0.3624 0.3925
vn 0.5159 -0.8222 0.2403
vn 0.9286 -0.3624 0.0797
vn 0.9286 -0.3624 0.0797
vn 0.5159 -0.8222 0.2403
vn 0.567 -0.8222 0.0494
vn 0.1087 -0.9652 0.2378
vn 0.0887 -0.979 0.1837
vn 0.1835 -0.9652 0.1863
vn 0.1835 -0.9652 0.1863
vn 0.0887 -0.979 0.1837
vn 0.1462 -0.979 0.1423
vn -0.2585 0.1099 0.9597
vn -0.2458 0.2822 0.9273
vn 0.0854 0.1099 0.9903
vn 0.0854 0.1099 0.9903
vn -0.2458 0.2822 0.9273
vn 0.0862 0.2821 0.9555
vn -0.5711 0.1099 0.8135
vn -0.2584 0.1099 0.9598
vn -0.5722 0.0479 0.8187
vn -0.5722 0.0479 0.8187
vn -0.2584 0.1099 0.9598
vn -0.2576 0.0479 0.9651
vn -0.567 -0.8222 -0.0494
vn -0.5159 -0.8223 -0.2403
vn -0.2603 -0.9652 -0.0248
vn -0.2603 -0.9652 -0.0248
vn -0.5159 -0.8222 -0.2403
vn -0.2362 -0.9652 -0.1123
vn -0.5159 -0.8222 -0.2403
vn -0.4026 -0.8223 -0.4023
vn -0.2362 -0.9652 -0.1123
vn -0.2362 -0.9652 -0.1123
vn -0.4026 -0.8222 -0.4022
vn -0.1835 -0.9652 -0.1863
vn -0.0679 -0.965 -0.2535
vn -0.0536 -0.9783 -0.2
vn -0.1087 -0.9652 -0.2378
vn -0.1087 -0.9652 -0.2378
vn -0.0536 -0.9783 -0.2
vn -0.0887 -0.979 -0.1838
vn 0.5333 -0.3624 -0.7644
vn 0.3262 -0.8223 -0.4664
vn 0.2397 -0.3624 -0.9007
vn 0.2397 -0.3624 -0.9007
vn 0.3262 -0.8222 -0.4664
vn 0.1471 -0.8222 -0.5498
vn 0.5281 0.765 -0.3686
vn 0.8065 0.1832 -0.5622
vn 0.3701 0.765 -0.527
vn 0.3701 0.765 -0.527
vn 0.8064 0.1831 -0.5622
vn 0.5655 0.1832 -0.8041
vn 0.9441 0.2117 -0.2526
vn 0.4739 0.8711 -0.1285
vn 0.8008 0.2117 -0.5603
vn 0.8008 0.2117 -0.5603
vn 0.4739 0.8711 -0.1285
vn 0.4014 0.8712 -0.2828
vn 0.4739 0.8712 -0.1285
vn 0.4893 0.8712 0.0413
vn 0.6223 0.765 -0.1658
vn 0.6223 0.765 -0.1658
vn 0.4893 0.8712 0.0413
vn 0.6415 0.765 0.0571
vn 0.9792 0.1832 0.0877
vn 0.8901 0.1832 0.4173
vn 0.9286 -0.3624 0.0797
vn 0.9286 -0.3624 0.0797
vn 0.8901 0.1832 0.4173
vn 0.8454 -0.3624 0.3925
vn 0.5159 -0.8222 0.2403
vn 0.4026 -0.8223 0.4023
vn 0.2362 -0.9652 0.1123
vn 0.2362 -0.9652 0.1123
vn 0.4026 -0.8222 0.4022
vn 0.1835 -0.9652 0.1863
vn -0.2585 0.1099 0.9597
vn 0.0854 0.1099 0.9903
vn -0.2577 0.0479 0.9651
vn -0.2577 0.0479 0.9651
vn 0.0854 0.1099 0.9903
vn 0.088 0.0479 0.995
vn -0.2153 -0.9652 0.1484
vn -0.1656 -0.979 0.1193
vn -0.1516 -0.9652 0.2131
vn -0.1516 -0.9652 0.2131
vn -0.1656 -0.979 0.1193
vn -0.1148 -0.979 0.1687
vn -0.5497 -0.8222 0.1475
vn -0.567 -0.8223 -0.0494
vn -0.2531 -0.9652 0.0658
vn -0.2531 -0.9652 0.0658
vn -0.567 -0.8222 -0.0493
vn -0.2603 -0.9652 -0.0247
vn -0.8454 -0.3624 -0.3924
vn -0.5159 -0.8222 -0.2403
vn -0.9286 -0.3624 -0.0797
vn -0.9286 -0.3624 -0.0797
vn -0.5159 -0.8222 -0.2403
vn -0.567 -0.8222 -0.0494
vn -0.6602 -0.3624 -0.6579
vn -0.4026 -0.8222 -0.4023
vn -0.8454 -0.3624 -0.3925
vn -0.8454 -0.3624 -0.3925
vn -0.4026 -0.8222 -0.4023
vn -0.5159 -0.8222 -0.2403
vn 0.0489 -0.8273 -0.5596
vn 0.1471 -0.8222 -0.5498
vn 0.0233 -0.9635 -0.2669
vn 0.0234 -0.9634 -0.2669
vn 0.147 -0.8223 -0.5498
vn 0.0696 -0.9652 -0.2521
vn 0.2564 0.1832 -0.949
vn 0.5655 0.1832 -0.8041
vn 0.2397 -0.3624 -0.9007
vn 0.2397 -0.3624 -0.9007
vn 0.5655 0.1832 -0.8041
vn 0.5333 -0.3624 -0.7644
vn 0.2804 0.8712 -0.4031
vn 0.4014 0.8712 -0.2828
vn 0.3701 0.765 -0.527
vn 0.3701 0.765 -0.527
vn 0.4014 0.8712 -0.2828
vn 0.5281 0.765 -0.3687
vn 0.9441 0.2117 -0.2526
vn 0.8008 0.2117 -0.5603
vn 0.9536 0.1579 -0.2564
vn 0.9536 0.1579 -0.2564
vn 0.8008 0.2117 -0.5603
vn 0.8084 0.1579 -0.5671
vn 0.9736 0.2117 0.0855
vn 0.4893 0.8712 0.0413
vn 0.9441 0.2117 -0.2526
vn 0.9441 0.2117 -0.2526
vn 0.4893 0.8711 0.0413
vn 0.4739 0.8712 -0.1285
vn 0.5833 0.765 0.273
vn 0.8901 0.1832 0.4173
vn 0.6415 0.765 0.057
vn 0.6415 0.765 0.057
vn 0.8901 0.1832 0.4173
vn 0.9792 0.1832 0.0877
vn 0.6601 -0.3624 0.6579
vn 0.4026 -0.8222 0.4023
vn 0.8454 -0.3624 0.3925
vn 0.8454 -0.3624 0.3925
vn 0.4026 -0.8222 0.4023
vn 0.5159 -0.8222 0.2403
vn 0.0208 -0.9652 0.2607
vn 0.0205 -0.979 0.203
vn 0.1087 -0.9652 0.2378
vn 0.1087 -0.9652 0.2378
vn 0.0205 -0.979 0.203
vn 0.0887 -0.979 0.1837
vn -0.4661 -0.8222 0.3266
vn -0.5497 -0.8222 0.1476
vn -0.2153 -0.9652 0.1484
vn -0.2153 -0.9652 0.1484
vn -0.5497 -0.8222 0.1476
vn -0.2531 -0.9652 0.0658
vn -0.9286 -0.3624 -0.0796
vn -0.567 -0.8223 -0.0493
vn -0.8999 -0.3624 0.2427
vn -0.8999 -0.3624 0.2427
vn -0.567 -0.8222 -0.0494
vn -0.5497 -0.8222 0.1475
vn -0.9792 0.1832 -0.0877
vn -0.8901 0.1832 -0.4173
vn -0.9286 -0.3624 -0.0797
vn -0.9286 -0.3624 -0.0797
vn -0.8901 0.1832 -0.4173
vn -0.8454 -0.3624 -0.3925
vn -0.8901 0.1832 -0.4173
vn -0.6937 0.1832 -0.6966
vn -0.8454 -0.3624 -0.3925
vn -0.8454 -0.3624 -0.3925
vn -0.6937 0.1832 -0.6966
vn -0.6602 -0.3624 -0.6579
vn -0.4026 -0.8222 -0.4023
vn -0.2407 -0.8222 -0.5157
vn -0.1835 -0.9652 -0.1863
vn -0.1835 -0.9652 -0.1863
vn -0.2408 -0.8222 -0.5157
vn -0.1087 -0.9652 -0.2378
vn 0.2397 -0.3624 -0.9007
vn 0.147 -0.8223 -0.5498
vn 0.0815 -0.3539 -0.9317
vn 0.0815 -0.3539 -0.9317
vn 0.1471 -0.8222 -0.5498
vn 0.0489 -0.8273 -0.5596
vn 0.3701 0.765 -0.527
vn 0.5655 0.1832 -0.8041
vn 0.1676 0.765 -0.6218
vn 0.1675 0.765 -0.6218
vn 0.5656 0.1832 -0.8041
vn 0.2564 0.1832 -0.9491
vn 0.8008 0.2117 -0.5603
vn 0.4014 0.8712 -0.2828
vn 0.5609 0.2117 -0.8004
vn 0.5609 0.2117 -0.8004
vn 0.4014 0.8712 -0.2828
vn 0.2804 0.8712 -0.403
vn 0.9736 0.2117 0.0856
vn 0.9441 0.2117 -0.2526
vn 0.9838 0.1579 0.0852
vn 0.9838 0.1579 0.0852
vn 0.9441 0.2117 -0.2526
vn 0.9536 0.1579 -0.2564
vn 0.4893 0.8712 0.0413
vn 0.4456 0.8712 0.2062
vn 0.6415 0.765 0.057
vn 0.6415 0.765 0.057
vn 0.4456 0.8712 0.2062
vn 0.5833 0.765 0.273
vn 0.8901 0.1832 0.4173
vn 0.6937 0.1832 0.6966
vn 0.8454 -0.3624 0.3925
vn 0.8454 -0.3624 0.3925
vn 0.6937 0.1832 0.6966
vn 0.6602 -0.3624 0.6579
vn 0.4026 -0.8222 0.4023
vn 0.2407 -0.8223 0.5157
vn 0.1835 -0.9652 0.1863
vn 0.1835 -0.9652 0.1863
vn 0.2408 -0.8222 0.5157
vn 0.1087 -0.9652 0.2378
vn -0.1516 -0.9652 0.2131
vn -0.1148 -0.979 0.1687
vn -0.0696 -0.9652 0.2521
vn -0.0696 -0.9652 0.2521
vn -0.1148 -0.979 0.1687
vn -0.0502 -0.979 0.1978
vn -0.8999 -0.3624 0.2428
vn -0.5497 -0.8223 0.1476
vn -0.7626 -0.3624 0.5359
vn -0.7626 -0.3624 0.5359
vn -0.5497 -0.8222 0.1475
vn -0.4661 -0.8222 0.3266
vn -0.9501 0.1832 0.2525
vn -0.9792 0.1832 -0.0877
vn -0.8999 -0.3624 0.2427
vn -0.8999 -0.3624 0.2428
vn -0.9792 0.1832 -0.0877
vn -0.9286 -0.3624 -0.0797
vn -0.5833 0.765 -0.273
vn -0.8901 0.1832 -0.4173
vn -0.6415 0.765 -0.057
vn -0.6415 0.765 -0.057
vn -0.8901 0.1831 -0.4173
vn -0.9792 0.1832 -0.0877
vn -0.4547 0.765 -0.456
vn -0.6937 0.1832 -0.6966
vn -0.5833 0.765 -0.273
vn -0.5833 0.765 -0.273
vn -0.6937 0.1832 -0.6965
vn -0.8901 0.1832 -0.4173
vn -0.3953 -0.3624 -0.844
vn -0.2408 -0.8223 -0.5157
vn -0.6602 -0.3624 -0.6579
vn -0.6602 -0.3624 -0.6579
vn -0.2408 -0.8222 -0.5157
vn -0.4026 -0.8222 -0.4023
vn -0.2408 -0.8222 -0.5157
vn -0.1524 -0.8083 -0.5687
vn -0.1087 -0.9652 -0.2378
vn -0.1087 -0.9652 -0.2378
vn -0.1524 -0.8083 -0.5687
vn -0.0679 -0.9649 -0.2535
vn 0.0857 0.1836 -0.9793
vn 0.2564 0.1832 -0.949
vn 0.0815 -0.3539 -0.9317
vn 0.0815 -0.3539 -0.9317
vn 0.2564 0.1832 -0.9491
vn 0.2397 -0.3624 -0.9007
vn 0.1257 0.8711 -0.4747
vn 0.2804 0.8712 -0.403
vn 0.1676 0.765 -0.6218
vn 0.1676 0.765 -0.6218
vn 0.2804 0.8712 -0.403
vn 0.3701 0.765 -0.527
vn 0.8008 0.2117 -0.5603
vn 0.5609 0.2117 -0.8004
vn 0.8084 0.1579 -0.5671
vn 0.8084 0.1579 -0.5671
vn 0.5609 0.2117 -0.8004
vn 0.5657 0.1579 -0.8094
vn 0.5867 0.6981 -0.4105
vn 0.6917 0.6981 -0.185
vn 0.8084 0.1579 -0.5671
vn 0.8084 0.1579 -0.5671
vn 0.6917 0.6981 -0.1851
vn 0.9536 0.1579 -0.2564
vn 0.8856 0.2117 0.4134
vn 0.4456 0.8712 0.2062
vn 0.9736 0.2117 0.0855
vn 0.9736 0.2117 0.0855
vn 0.4456 0.8712 0.2062
vn 0.4893 0.8711 0.0414
vn 0.4547 0.765 0.456
vn 0.6937 0.1832 0.6966
vn 0.5833 0.765 0.273
vn 0.5833 0.765 0.273
vn 0.6937 0.1832 0.6965
vn 0.8901 0.1832 0.4173
vn 0.3953 -0.3624 0.844
vn 0.2407 -0.8222 0.5157
vn 0.6602 -0.3624 0.6579
vn 0.6601 -0.3624 0.6579
vn 0.2408 -0.8222 0.5157
vn 0.4026 -0.8222 0.4023
vn -0.0696 -0.9652 0.2521
vn -0.0502 -0.979 0.1978
vn 0.0208 -0.9652 0.2607
vn 0.0208 -0.9652 0.2607
vn -0.0502 -0.979 0.1978
vn 0.0205 -0.979 0.203
vn -0.3262 -0.8222 0.4664
vn -0.4661 -0.8223 0.3266
vn -0.1516 -0.9652 0.2131
vn -0.466 -0.8222 0.3267
vn -0.2153 -0.9652 0.1484
vn -0.8065 0.1832 0.5622
vn -0.9501 0.1832 0.2525
vn -0.7626 -0.3624 0.5359
vn -0.7626 -0.3624 0.5359
vn -0.9501 0.1832 0.2525
vn -0.8999 -0.3624 0.2428
vn -0.6415 0.765 -0.057
vn -0.9792 0.1832 -0.0877
vn -0.6223 0.765 0.1658
vn -0.6223 0.765 0.1658
vn -0.9792 0.1831 -0.0877
vn -0.9501 0.1832 0.2525
vn -0.4893 0.8712 -0.0413
vn -0.4456 0.8712 -0.2062
vn -0.6415 0.765 -0.057
vn -0.6415 0.765 -0.057
vn -0.4456 0.8712 -0.2062
vn -0.5833 0.765 -0.273
vn -0.4456 0.8712 -0.2062
vn -0.3482 0.8712 -0.3462
vn -0.5833 0.765 -0.273
vn -0.5833 0.765 -0.273
vn -0.3482 0.8712 -0.3461
vn -0.4547 0.765 -0.456
vn -0.6937 0.1832 -0.6966
vn -0.4136 0.1832 -0.8918
vn -0.6601 -0.3624 -0.6579
vn -0.6602 -0.3624 -0.6579
vn -0.4136 0.1832 -0.8918
vn -0.3953 -0.3624 -0.844
vn -0.2414 -0.3612 -0.9007
vn -0.1524 -0.8083 -0.5687
vn -0.3953 -0.3624 -0.844
vn -0.3953 -0.3624 -0.844
vn -0.1524 -0.8083 -0.5687
vn -0.2407 -0.8222 -0.5157
vn 0.1676 0.765 -0.6218
vn 0.2564 0.1832 -0.9491
vn 0.057 0.7566 -0.6514
vn 0.057 0.7566 -0.6514
vn 0.2564 0.1831 -0.9491
vn 0.0857 0.1837 -0.9792
vn 0.5609 0.2117 -0.8004
vn 0.2804 0.8712 -0.403
vn 0.2533 0.2117 -0.9439
vn 0.2533 0.2117 -0.9439
vn 0.2804 0.8712 -0.403
vn 0.1257 0.8711 -0.4747
vn 0.2892 0.9541 -0.0778
vn 0.6917 0.6981 -0.185
vn 0.2452 0.9541 -0.172
vn 0.2452 0.9541 -0.172
vn 0.6917 0.6981 -0.1851
vn 0.5867 0.6981 -0.4105
vn 0.6917 0.6981 -0.185
vn 0.7133 0.6981 0.0627
vn 0.9536 0.1579 -0.2564
vn 0.9536 0.1579 -0.2564
vn 0.7133 0.6981 0.0627
vn 0.9838 0.1579 0.0852
vn 0.8856 0.2117 0.4134
vn 0.9736 0.2117 0.0856
vn 0.8953 0.1579 0.4166
vn 0.8953 0.1579 0.4166
vn 0.9736 0.2117 0.0856
vn 0.9838 0.1579 0.0852
vn 0.4456 0.8712 0.2062
vn 0.3482 0.8712 0.3462
vn 0.5833 0.765 0.273
vn 0.5833 0.765 0.273
vn 0.3482 0.8712 0.3462
vn 0.4547 0.765 0.456
vn 0.6937 0.1832 0.6966
vn 0.4136 0.1832 0.8918
vn 0.6601 -0.3624 0.6579
vn 0.6602 -0.3624 0.6579
vn 0.4136 0.1832 0.8918
vn 0.3953 -0.3624 0.844
vn 0.2408 -0.8222 0.5157
vn 0.0498 -0.8222 0.5669
vn 0.1087 -0.9652 0.2378
vn 0.1087 -0.9652 0.2378
vn 0.0499 -0.8223 0.5669
vn 0.0208 -0.9652 0.2607
vn -0.7626 -0.3624 0.5359
vn -0.466 -0.8223 0.3267
vn -0.5333 -0.3624 0.7644
vn -0.5333 -0.3624 0.7644
vn -0.4661 -0.8222 0.3267
vn -0.3262 -0.8222 0.4663
vn -0.6223 0.765 0.1658
vn -0.9501 0.1832 0.2525
vn -0.528 0.765 0.3686
vn -0.528 0.7651 0.3686
vn -0.9501 0.1832 0.2524
vn -0.8065 0.1832 0.5622
vn -0.4739 0.8712 0.1285
vn -0.4893 0.8712 -0.0413
vn -0.6223 0.765 0.1658
vn -0.6223 0.765 0.1658
vn -0.4893 0.8712 -0.0413
vn -0.6415 0.765 -0.0571
vn -0.8856 0.2117 -0.4133
vn -0.4456 0.8712 -0.2062
vn -0.9736 0.2117 -0.0855
vn -0.9736 0.2117 -0.0855
vn -0.4456 0.8711 -0.2062
vn -0.4893 0.8712 -0.0413
vn -0.6908 0.2117 -0.6913
vn -0.3482 0.8711 -0.3462
vn -0.8856 0.2117 -0.4134
vn -0.8856 0.2117 -0.4133
vn -0.3482 0.8712 -0.3462
vn -0.4456 0.8712 -0.2062
vn -0.2713 0.765 -0.584
vn -0.4136 0.1832 -0.8918
vn -0.4547 0.765 -0.456
vn -0.4547 0.765 -0.456
vn -0.4137 0.1832 -0.8918
vn -0.6937 0.1832 -0.6966
vn -0.4136 0.1832 -0.8918
vn -0.2547 0.1773 -0.9506
vn -0.3953 -0.3624 -0.844
vn -0.3953 -0.3624 -0.844
vn -0.2547 0.1773 -0.9506
vn -0.2413 -0.3612 -0.9007
vn 0.0435 0.8668 -0.4967
vn 0.1257 0.8712 -0.4746
vn 0.057 0.7566 -0.6514
vn 0.057 0.7566 -0.6514
vn 0.1257 0.8712 -0.4747
vn 0.1676 0.765 -0.6218
vn 0.5609 0.2117 -0.8004
vn 0.2533 0.2117 -0.9439
vn 0.5657 0.1579 -0.8093
vn 0.5657 0.1579 -0.8094
vn 0.2533 0.2117 -0.9439
vn 0.2548 0.1579 -0.954
vn 0.411 0.6981 -0.5863
vn 0.5867 0.6981 -0.4105
vn 0.5657 0.1579 -0.8094
vn 0.5657 0.1579 -0.8094
vn 0.5867 0.6981 -0.4105
vn 0.8084 0.1579 -0.5671
vn 0.2892 0.9541 -0.0777
vn 0.2452 0.9541 -0.172
vn 0.3199 0.9434 -0.0879
vn 0.3199 0.9434 -0.0879
vn 0.2452 0.9541 -0.172
vn 0.2705 0.9434 -0.192
vn 0.2984 0.9541 0.0258
vn 0.7133 0.6981 0.0627
vn 0.2892 0.9541 -0.0778
vn 0.2892 0.9541 -0.0778
vn 0.7133 0.6981 0.0627
vn 0.6917 0.6981 -0.185
vn 0.6908 0.2117 0.6913
vn 0.3482 0.8712 0.3462
vn 0.8856 0.2117 0.4134
vn 0.8856 0.2117 0.4134
vn 0.3482 0.8711 0.3462
vn 0.4456 0.8712 0.2062
vn 0.2713 0.765 0.584
vn 0.4136 0.1832 0.8918
vn 0.4547 0.765 0.456
vn 0.4547 0.765 0.456
vn 0.4137 0.1831 0.8918
vn 0.6937 0.1832 0.6966
vn 0.0828 -0.3624 0.9283
vn 0.0499 -0.8222 0.5669
vn 0.3953 -0.3624 0.844
vn 0.3953 -0.3624 0.844
vn 0.0499 -0.8222 0.5669
vn 0.2407 -0.8222 0.5157
vn -0.1471 -0.8222 0.5498
vn -0.3262 -0.8223 0.4663
vn -0.0696 -0.9652 0.2521
vn -0.0696 -0.9652 0.2521
vn -0.3262 -0.8222 0.4664
vn -0.1516 -0.9652 0.2131
vn -0.5656 0.1832 0.8041
vn -0.8065 0.1832 0.5622
vn -0.5333 -0.3624 0.7644
vn -0.5333 -0.3624 0.7644
vn -0.8065 0.1832 0.5622
vn -0.7626 -0.3624 0.5359
vn -0.4014 0.8712 0.2828
vn -0.4739 0.8712 0.1285
vn -0.5281 0.765 0.3686
vn -0.5281 0.765 0.3686
vn -0.4739 0.8712 0.1285
vn -0.6223 0.765 0.1658
vn -0.9736 0.2117 -0.0855
vn -0.4893 0.8711 -0.0413
vn -0.9441 0.2117 0.2526
vn -0.9441 0.2117 0.2526
vn -0.4893 0.8712 -0.0414
vn -0.4739 0.8712 0.1285
vn -0.8856 0.2117 -0.4134
vn -0.9736 0.2117 -0.0856
vn -0.8953 0.1579 -0.4166
vn -0.8953 0.1579 -0.4166
vn -0.9736 0.2117 -0.0856
vn -0.9838 0.1579 -0.0852
vn -0.6908 0.2117 -0.6913
vn -0.8856 0.2117 -0.4134
vn -0.6988 0.1579 -0.6976
vn -0.6988 0.1579 -0.6976
vn -0.8856 0.2117 -0.4134
vn -0.8953 0.1579 -0.4165
vn -0.3482 0.8712 -0.3462
vn -0.2088 0.8712 -0.4444
vn -0.4547 0.765 -0.456
vn -0.4547 0.765 -0.456
vn -0.2088 0.8712 -0.4444
vn -0.2713 0.765 -0.5841
vn -0.1671 0.7637 -0.6235
vn -0.2547 0.1772 -0.9506
vn -0.2713 0.765 -0.5841
vn -0.2714 0.765 -0.584
vn -0.2547 0.1773 -0.9506
vn -0.4136 0.1832 -0.8918
vn 0.2533 0.2117 -0.9439
vn 0.1257 0.8711 -0.4747
vn 0.0852 0.2105 -0.9739
vn 0.0852 0.2104 -0.9739
vn 0.1257 0.8712 -0.4747
vn 0.0434 0.8668 -0.4967
vn 0.2452 0.9541 -0.172
vn 0.5867 0.6981 -0.4105
vn 0.1716 0.9541 -0.2455
vn 0.1716 0.9541 -0.2455
vn 0.5867 0.6981 -0.4105
vn 0.4109 0.6981 -0.5864
vn 0.2983 0.9541 0.0258
vn 0.2892 0.9541 -0.0777
vn 0.3307 0.9434 0.0268
vn 0.3307 0.9434 0.0268
vn 0.2892 0.9541 -0.0778
vn 0.3199 0.9434 -0.0879
vn 0.7133 0.6981 0.0627
vn 0.6488 0.6981 0.3029
vn 0.9838 0.1579 0.0852
vn 0.9838 0.1579 0.0852
vn 0.6488 0.6981 0.3028
vn 0.8953 0.1579 0.4166
vn 0.6908 0.2117 0.6913
vn 0.8856 0.2117 0.4133
vn 0.6988 0.1579 0.6976
vn 0.6988 0.1579 0.6976
vn 0.8856 0.2117 0.4134
vn 0.8953 0.1579 0.4165
vn 0.3482 0.8712 0.3462
vn 0.2088 0.8712 0.4444
vn 0.4547 0.765 0.456
vn 0.4547 0.765 0.456
vn 0.2088 0.8712 0.4444
vn 0.2713 0.765 0.584
vn 0.4136 0.1832 0.8918
vn 0.0836 0.1832 0.9795
vn 0.3953 -0.3624 0.844
vn 0.3953 -0.3624 0.844
vn 0.0837 0.1832 0.9795
vn 0.0828 -0.3624 0.9283
vn 0.0498 -0.8222 0.567
vn -0.1471 -0.8223 0.5498
vn 0.0208 -0.9652 0.2607
vn 0.0208 -0.9652 0.2607
vn -0.147 -0.8223 0.5498
vn -0.0696 -0.9652 0.2521
vn -0.5333 -0.3624 0.7644
vn -0.3262 -0.8223 0.4664
vn -0.2397 -0.3624 0.9007
vn -0.2397 -0.3624 0.9007
vn -0.3262 -0.8222 0.4664
vn -0.1471 -0.8222 0.5498
vn -0.5281 0.765 0.3686
vn -0.8064 0.1832 0.5622
vn -0.3701 0.765 0.527
vn -0.3701 0.765 0.527
vn -0.8064 0.1831 0.5622
vn -0.5655 0.1832 0.8041
vn -0.9441 0.2117 0.2526
vn -0.4739 0.8712 0.1285
vn -0.8008 0.2117 0.5603
vn -0.8008 0.2117 0.5603
vn -0.4739 0.8711 0.1285
vn -0.4014 0.8712 0.2828
vn -0.9736 0.2117 -0.0855
vn -0.9441 0.2117 0.2526
vn -0.9838 0.1579 -0.0852
vn -0.9838 0.1579 -0.0852
vn -0.9441 0.2117 0.2526
vn -0.9536 0.1579 0.2564
vn -0.4127 0.2117 -0.8859
vn -0.2088 0.8712 -0.4444
vn -0.6908 0.2117 -0.6913
vn -0.6908 0.2117 -0.6913
vn -0.2088 0.8711 -0.4444
vn -0.3482 0.8712 -0.3462
vn -0.2088 0.8712 -0.4444
vn -0.1281 0.8689 -0.478
vn -0.2713 0.765 -0.584
vn -0.2714 0.765 -0.584
vn -0.1281 0.869 -0.478
vn -0.1671 0.7637 -0.6236
vn 0.2533 0.2117 -0.9439
vn 0.0852 0.2104 -0.9739
vn 0.2548 0.1579 -0.954
vn 0.2548 0.1579 -0.954
vn 0.0852 0.2104 -0.9739
vn 0.0861 0.1545 -0.9842
vn 0.1856 0.6981 -0.6916
vn 0.4109 0.6981 -0.5864
vn 0.2548 0.1579 -0.954
vn 0.2547 0.1579 -0.954
vn 0.4109 0.6981 -0.5864
vn 0.5657 0.1579 -0.8094
vn 0.2451 0.9541 -0.172
vn 0.1716 0.9541 -0.2454
vn 0.2705 0.9434 -0.192
vn 0.2705 0.9434 -0.192
vn 0.1716 0.9541 -0.2455
vn 0.1885 0.9434 -0.273
vn 0.2715 0.9541 0.1263
vn 0.6488 0.6981 0.3029
vn 0.2984 0.9541 0.0259
vn 0.2984 0.9541 0.0259
vn 0.6488 0.6981 0.3029
vn 0.7133 0.6981 0.0627
vn 0.4127 0.2117 0.8859
vn 0.2088 0.8712 0.4444
vn 0.6908 0.2117 0.6913
vn 0.6908 0.2117 0.6913
vn 0.2088 0.8711 0.4444
vn 0.3482 0.8712 0.3462
vn 0.0552 0.765 0.6416
vn 0.0837 0.1832 0.9795
vn 0.2713 0.765 0.5841
vn 0.2714 0.765 0.584
vn 0.0837 0.1831 0.9795
vn 0.4136 0.1832 0.8918
vn -0.2397 -0.3624 0.9007
vn -0.1471 -0.8222 0.5498
vn 0.0828 -0.3624 0.9283
vn 0.0828 -0.3624 0.9283
vn -0.1471 -0.8222 0.5498
vn 0.0498 -0.8222 0.5669
vn -0.2564 0.1832 0.9491
vn -0.5655 0.1832 0.8041
vn -0.2397 -0.3624 0.9007
vn -0.2397 -0.3624 0.9007
vn -0.5655 0.1832 0.8041
vn -0.5333 -0.3624 0.7644
vn -0.2804 0.8712 0.403
vn -0.4014 0.8712 0.2828
vn -0.3701 0.765 0.527
vn -0.3701 0.765 0.527
vn -0.4014 0.8712 0.2828
vn -0.5281 0.765 0.3687
vn -0.9441 0.2117 0.2526
vn -0.8008 0.2117 0.5603
vn -0.9536 0.1579 0.2564
vn -0.9536 0.1579 0.2564
vn -0.8008 0.2117 0.5603
vn -0.8084 0.1579 0.5671
vn -0.7133 0.6981 -0.0627
vn -0.6488 0.6981 -0.3029
vn -0.9838 0.1579 -0.0852
vn -0.9838 0.1579 -0.0852
vn -0.6488 0.6981 -0.3028
vn -0.8953 0.1579 -0.4166
vn -0.6488 0.6981 -0.3029
vn -0.5061 0.6981 -0.5065
vn -0.8953 0.1579 -0.4166
vn -0.8953 0.1579 -0.4165
vn -0.5061 0.6981 -0.5065
vn -0.6988 0.1579 -0.6976
vn -0.4127 0.2117 -0.8859
vn -0.6908 0.2117 -0.6913
vn -0.4181 0.1579 -0.8946
vn -0.4181 0.1579 -0.8946
vn -0.6908 0.2117 -0.6913
vn -0.6988 0.1579 -0.6976
vn -0.2532 0.2068 -0.9451
vn -0.1281 0.869 -0.478
vn -0.4127 0.2117 -0.8859
vn -0.4127 0.2117 -0.8859
vn -0.1281 0.869 -0.478
vn -0.2088 0.8712 -0.4444
vn 0.1716 0.9541 -0.2454
vn 0.4109 0.6981 -0.5864
vn 0.0773 0.9541 -0.2893
vn 0.0773 0.9541 -0.2893
vn 0.4109 0.6981 -0.5864
vn 0.1856 0.6981 -0.6915
vn 0.9409 0.2271 -0.2512
vn 0.3199 0.9434 -0.088
vn 0.7983 0.2271 -0.5579
vn 0.7983 0.2271 -0.5579
vn 0.3199 0.9434 -0.0879
vn 0.2705 0.9434 -0.1921
vn 0.2715 0.9541 0.1263
vn 0.2984 0.9541 0.0259
vn 0.3016 0.9434 0.1383
vn 0.3016 0.9434 0.1383
vn 0.2983 0.9541 0.0258
vn 0.3307 0.9434 0.0268
vn 0.6488 0.6981 0.3029
vn 0.5061 0.6981 0.5065
vn 0.8953 0.1579 0.4166
vn 0.8953 0.1579 0.4165
vn 0.5061 0.6981 0.5065
vn 0.6988 0.1579 0.6976
vn 0.4127 0.2117 0.8859
vn 0.6908 0.2117 0.6913
vn 0.4181 0.1579 0.8946
vn 0.4181 0.1579 0.8946
vn 0.6908 0.2117 0.6913
vn 0.6988 0.1579 0.6976
vn 0.2088 0.8712 0.4444
vn 0.0443 0.8712 0.489
vn 0.2713 0.765 0.584
vn 0.2713 0.765 0.584
vn 0.0442 0.8712 0.489
vn 0.0552 0.765 0.6416
vn 0.0836 0.1832 0.9795
vn -0.2564 0.1832 0.949
vn 0.0828 -0.3624 0.9283
vn 0.0828 -0.3624 0.9283
vn -0.2564 0.1832 0.9491
vn -0.2397 -0.3624 0.9007
vn -0.3701 0.765 0.527
vn -0.5655 0.1832 0.8041
vn -0.1676 0.765 0.6218
vn -0.1675 0.7651 0.6218
vn -0.5656 0.1832 0.8041
vn -0.2564 0.1832 0.9491
vn -0.8008 0.2117 0.5603
vn -0.4014 0.8712 0.2828
vn -0.5609 0.2117 0.8004
vn -0.5608 0.2117 0.8004
vn -0.4014 0.8711 0.2828
vn -0.2804 0.8712 0.403
vn -0.6917 0.6981 0.1851
vn -0.7133 0.6981 -0.0627
vn -0.9536 0.1579 0.2564
vn -0.9536 0.1579 0.2564
vn -0.7133 0.6981 -0.0627
vn -0.9838 0.1579 -0.0852
vn -0.2715 0.9541 -0.1263
vn -0.6488 0.6981 -0.3029
vn -0.2984 0.9541 -0.0259
vn -0.2984 0.9541 -0.0259
vn -0.6488 0.6981 -0.3029
vn -0.7133 0.6981 -0.0627
vn -0.212 0.9541 -0.2116
vn -0.5061 0.6981 -0.5065
vn -0.2715 0.9541 -0.1263
vn -0.2715 0.9541 -0.1263
vn -0.5061 0.6981 -0.5065
vn -0.6488 0.6981 -0.3029
vn -0.2532 0.2067 -0.9451
vn -0.4127 0.2117 -0.8859
vn -0.2556 0.1567 -0.954
vn -0.2556 0.1567 -0.954
vn -0.4127 0.2117 -0.8859
vn -0.4181 0.1579 -0.8946
vn 0.0623 0.6996 -0.7118
vn 0.1856 0.6981 -0.6915
vn 0.0861 0.1544 -0.9842
vn 0.0861 0.1544 -0.9842
vn 0.1856 0.6981 -0.6916
vn 0.2548 0.1579 -0.954
vn 0.1716 0.9541 -0.2455
vn 0.0773 0.9541 -0.2893
vn 0.1885 0.9434 -0.273
vn 0.1885 0.9434 -0.273
vn 0.0773 0.9541 -0.2893
vn 0.0838 0.9434 -0.321
vn 0.9409 0.2271 -0.2512
vn 0.7982 0.2271 -0.5579
vn 0.9512 -0.1754 -0.254
vn 0.9512 -0.1754 -0.254
vn 0.7983 0.2271 -0.5579
vn 0.8069 -0.1754 -0.564
vn 0.9701 0.2271 0.0858
vn 0.3307 0.9434 0.0267
vn 0.9409 0.2271 -0.2512
vn 0.9409 0.2271 -0.2512
vn 0.3307 0.9434 0.0268
vn 0.3199 0.9434 -0.0879
vn 0.212 0.9541 0.2116
vn 0.5061 0.6981 0.5065
vn 0.2715 0.9541 0.1263
vn 0.2715 0.9541 0.1263
vn 0.5061 0.6981 0.5065
vn 0.6488 0.6981 0.3029
vn 0.0848 0.2117 0.9737
vn 0.0442 0.8712 0.489
vn 0.4127 0.2117 0.8859
vn 0.4127 0.2117 0.8859
vn 0.0442 0.8712 0.489
vn 0.2088 0.8711 0.4444
vn -0.1676 0.765 0.6218
vn -0.2564 0.1832 0.9491
vn 0.0552 0.765 0.6416
vn 0.0552 0.765 0.6416
vn -0.2563 0.1832 0.9491
vn 0.0836 0.1832 0.9795
vn -0.1257 0.8712 0.4747
vn -0.2804 0.8712 0.403
vn -0.1676 0.765 0.6218
vn -0.1676 0.765 0.6218
vn -0.2804 0.8712 0.403
vn -0.3701 0.765 0.527
vn -0.8008 0.2117 0.5603
vn -0.5609 0.2117 0.8004
vn -0.8084 0.1579 0.5671
vn -0.8084 0.1579 0.5671
vn -0.5609 0.2117 0.8004
vn -0.5657 0.1579 0.8094
vn -0.5867 0.6981 0.4104
vn -0.6917 0.6981 0.185
vn -0.8084 0.1579 0.5671
vn -0.8084 0.1579 0.5671
vn -0.6917 0.6981 0.1851
vn -0.9536 0.1579 0.2564
vn -0.2984 0.9541 -0.0258
vn -0.7133 0.6981 -0.0627
vn -0.2892 0.9541 0.0777
vn -0.2892 0.9541 0.0778
vn -0.7133 0.6981 -0.0627
vn -0.6917 0.6981 0.1851
vn -0.2715 0.9541 -0.1263
vn -0.2984 0.9541 -0.0259
vn -0.3016 0.9434 -0.1383
vn -0.3016 0.9434 -0.1383
vn -0.2983 0.9541 -0.0258
vn -0.3307 0.9434 -0.0268
vn -0.2119 0.9541 -0.2116
vn -0.2715 0.9541 -0.1263
vn -0.2361 0.9434 -0.2331
vn -0.2361 0.9434 -0.2331
vn -0.2715 0.9541 -0.1263
vn -0.3016 0.9434 -0.1382
vn -0.5061 0.6981 -0.5065
vn -0.3023 0.6981 -0.6491
vn -0.6988 0.1579 -0.6976
vn -0.6988 0.1579 -0.6976
vn -0.3024 0.6981 -0.649
vn -0.4181 0.1579 -0.8946
vn 0.0773 0.9541 -0.2893
vn 0.1856 0.6981 -0.6915
vn 0.0268 0.9514 -0.3069
vn 0.0268 0.9514 -0.3069
vn 0.1856 0.6981 -0.6915
vn 0.0623 0.6996 -0.7118
vn 0.7983 0.2271 -0.5578
vn 0.2705 0.9434 -0.192
vn 0.5593 0.2271 -0.7972
vn 0.5593 0.2271 -0.7973
vn 0.2705 0.9434 -0.192
vn 0.1885 0.9434 -0.273
vn 0.9701 0.2271 0.0857
vn 0.9409 0.2271 -0.2512
vn 0.9807 -0.1754 0.0866
vn 0.9807 -0.1754 0.0866
vn 0.9409 0.2271 -0.2512
vn 0.9512 -0.1754 -0.254
vn 0.2119 0.9541 0.2116
vn 0.2715 0.9541 0.1263
vn 0.2361 0.9434 0.2331
vn 0.2361 0.9434 0.2331
vn 0.2715 0.9541 0.1263
vn 0.3016 0.9434 0.1382
vn 0.5061 0.6981 0.5065
vn 0.3023 0.6981 0.6491
vn 0.6988 0.1579 0.6976
vn 0.6988 0.1579 0.6976
vn 0.3024 0.6981 0.649
vn 0.4181 0.1579 0.8946
vn 0.0848 0.2117 0.9736
vn 0.4127 0.2117 0.8859
vn 0.0869 0.1579 0.9836
vn 0.0869 0.1579 0.9836
vn 0.4127 0.2117 0.8859
vn 0.4181 0.1579 0.8946
vn 0.0442 0.8712 0.489
vn -0.1257 0.8712 0.4746
vn 0.0552 0.765 0.6416
vn 0.0552 0.765 0.6416
vn -0.1257 0.8712 0.4746
vn -0.1676 0.765 0.6218
vn -0.5609 0.2117 0.8004
vn -0.2804 0.8711 0.4031
vn -0.2533 0.2117 0.9439
vn -0.2533 0.2117 0.9439
vn -0.2804 0.8712 0.403
vn -0.1257 0.8712 0.4746
vn -0.2892 0.9541 0.0778
vn -0.6917 0.6981 0.185
vn -0.2452 0.9541 0.172
vn -0.2452 0.9541 0.172
vn -0.6917 0.6981 0.185
vn -0.5867 0.6981 0.4105
vn -0.2983 0.9541 -0.0258
vn -0.2892 0.9541 0.0777
vn -0.3307 0.9434 -0.0268
vn -0.3307 0.9434 -0.0268
vn -0.2892 0.9541 0.0778
vn -0.3199 0.9434 0.0879
vn -0.1268 0.9541 -0.2713
vn -0.3023 0.6981 -0.649
vn -0.2119 0.9541 -0.2116
vn -0.2119 0.9541 -0.2116
vn -0.3023 0.6981 -0.6491
vn -0.5061 0.6981 -0.5065
vn -0.3023 0.6981 -0.6491
vn -0.1885 0.6853 -0.7034
vn -0.4181 0.1579 -0.8946
vn -0.4181 0.1579 -0.8946
vn -0.1885 0.6853 -0.7034
vn -0.2556 0.1567 -0.954
vn 0.0773 0.9541 -0.2893
vn 0.0269 0.9514 -0.3069
vn 0.0838 0.9434 -0.321
vn 0.0838 0.9434 -0.321
vn 0.0268 0.9514 -0.3069
vn 0.0301 0.9386 -0.3437
vn 0.7983 0.2271 -0.5579
vn 0.5593 0.2271 -0.7973
vn 0.8069 -0.1754 -0.564
vn 0.8069 -0.1754 -0.564
vn 0.5593 0.2271 -0.7973
vn 0.5654 -0.1754 -0.806
vn 0.4396 -0.8452 -0.304
vn 0.517 -0.8452 -0.1353
vn 0.8069 -0.1755 -0.564
vn 0.8069 -0.1754 -0.564
vn 0.517 -0.8452 -0.1353
vn 0.9512 -0.1755 -0.254
vn 0.8823 0.2271 0.4124
vn 0.3016 0.9434 0.1382
vn 0.9701 0.2271 0.0858
vn 0.9701 0.2271 0.0857
vn 0.3016 0.9434 0.1383
vn 0.3307 0.9434 0.0268
vn 0.1268 0.9541 0.2713
vn 0.3023 0.6981 0.6491
vn 0.2119 0.9541 0.2116
vn 0.2119 0.9541 0.2116
vn 0.3023 0.6981 0.649
vn -0.2533 0.2117 0.944
vn -0.1257 0.8712 0.4746
vn 0.0848 0.2117 0.9736
vn 0.0848 0.2117 0.9736
vn -0.1257 0.8712 0.4746
vn 0.0442 0.8712 0.489
vn -0.5609 0.2117 0.8004
vn -0.2533 0.2117 0.9439
vn -0.5657 0.1579 0.8093
vn -0.5657 0.1579 0.8094
vn -0.2533 0.2117 0.9439
vn -0.2548 0.1579 0.954
vn -0.4109 0.6981 0.5864
vn -0.5867 0.6981 0.4105
vn -0.5657 0.1579 0.8094
vn -0.5657 0.1579 0.8094
vn -0.5867 0.6981 0.4105
vn -0.8084 0.1579 0.5671
vn -0.2892 0.9541 0.0778
vn -0.2452 0.9541 0.172
vn -0.3199 0.9434 0.0879
vn -0.3199 0.9434 0.0879
vn -0.2452 0.9541 0.172
vn -0.2705 0.9434 0.1921
vn -0.1268 0.9541 -0.2713
vn -0.2119 0.9541 -0.2116
vn -0.1422 0.9434 -0.2998
vn -0.1421 0.9434 -0.2998
vn -0.2119 0.9541 -0.2116
vn -0.2361 0.9434 -0.2331
vn -0.0775 0.9541 -0.2892
vn -0.1885 0.6853 -0.7034
vn -0.1268 0.9541 -0.2713
vn -0.1268 0.9541 -0.2713
vn -0.1885 0.6853 -0.7034
vn -0.3023 0.6981 -0.6491
vn 0.5593 0.2271 -0.7972
vn 0.1885 0.9434 -0.273
vn 0.2529 0.2271 -0.9405
vn 0.2529 0.2271 -0.9405
vn 0.1886 0.9434 -0.273
vn 0.0838 0.9434 -0.321
vn 0.517 -0.8452 -0.1353
vn 0.5321 -0.8452 0.0497
vn 0.9512 -0.1755 -0.254
vn 0.9512 -0.1755 -0.254
vn 0.5321 -0.8452 0.0497
vn 0.9807 -0.1754 0.0866
vn 0.8823 0.2271 0.4124
vn 0.9701 0.2271 0.0857
vn 0.8919 -0.1754 0.4168
vn 0.8919 -0.1754 0.4168
vn 0.9701 0.2271 0.0858
vn 0.9807 -0.1754 0.0866
vn 0.1268 0.9541 0.2713
vn 0.2119 0.9541 0.2116
vn 0.1422 0.9434 0.2998
vn 0.1421 0.9434 0.2998
vn 0.2119 0.9541 0.2116
vn 0.2361 0.9434 0.2331
vn 0.3023 0.6981 0.6491
vn 0.0621 0.6981 0.7133
vn 0.4181 0.1579 0.8946
vn 0.4181 0.1579 0.8946
vn 0.0621 0.6981 0.7133
vn 0.0869 0.1579 0.9836
vn -0.2533 0.2117 0.9439
vn 0.0848 0.2117 0.9736
vn -0.2548 0.1579 0.954
vn -0.2548 0.1579 0.954
vn 0.0848 0.2117 0.9736
vn 0.0869 0.1579 0.9836
vn -0.2452 0.9541 0.172
vn -0.5867 0.6981 0.4105
vn -0.1716 0.9541 0.2455
vn -0.1716 0.9541 0.2455
vn -0.5867 0.6981 0.4105
vn -0.4109 0.6981 0.5864
vn -0.8823 0.2271 -0.4124
vn -0.3016 0.9434 -0.1382
vn -0.9701 0.2271 -0.0858
vn -0.9701 0.2271 -0.0857
vn -0.3016 0.9434 -0.1383
vn -0.3307 0.9434 -0.0268
vn -0.688 0.2271 -0.6893
vn -0.2361 0.9434 -0.233
vn -0.8823 0.2271 -0.4124
vn -0.8823 0.2271 -0.4124
vn -0.2361 0.9434 -0.2331
vn -0.3016 0.9434 -0.1382
vn -0.0775 0.9541 -0.2892
vn -0.1268 0.9541 -0.2713
vn -0.085 0.9445 -0.3173
vn -0.085 0.9445 -0.3173
vn -0.1268 0.9541 -0.2713
vn -0.1422 0.9434 -0.2998
vn 0.5593 0.2271 -0.7973
vn 0.2529 0.2271 -0.9405
vn 0.5654 -0.1754 -0.806
vn 0.5654 -0.1754 -0.806
vn 0.2529 0.2271 -0.9405
vn 0.2556 -0.1754 -0.9507
vn 0.3091 -0.8452 -0.436
vn 0.4396 -0.8452 -0.304
vn 0.5654 -0.1755 -0.806
vn 0.5654 -0.1754 -0.806
vn 0.4396 -0.8452 -0.3039
vn 0.8069 -0.1754 -0.564
vn 0.517 -0.8452 -0.1353
vn 0.4396 -0.8452 -0.304
vn 0.4309 -0.8954 -0.1126
vn 0.4309 -0.8954 -0.1126
vn 0.4396 -0.8452 -0.3039
vn 0.3664 -0.8954 -0.2532
vn 0.688 0.2271 0.6893
vn 0.2361 0.9434 0.233
vn 0.8823 0.2271 0.4124
vn 0.8823 0.2271 0.4124
vn 0.2361 0.9434 0.2331
vn 0.3016 0.9434 0.1382
vn 0.0264 0.9541 0.2983
vn 0.0621 0.6981 0.7133
vn 0.1268 0.9541 0.2713
vn 0.1268 0.9541 0.2713
vn 0.0621 0.6981 0.7133
vn 0.3023 0.6981 0.649
vn -0.1856 0.6981 0.6916
vn -0.4109 0.6981 0.5864
vn -0.2548 0.1579 0.954
vn -0.2547 0.1579 0.954
vn -0.4109 0.6981 0.5864
vn -0.5657 0.1579 0.8094
vn -0.2451 0.9541 0.172
vn -0.1716 0.9541 0.2454
vn -0.2705 0.9434 0.192
vn -0.2705 0.9434 0.192
vn -0.1716 0.9541 0.2455
vn -0.1885 0.9434 0.273
vn -0.9701 0.2271 -0.0858
vn -0.3307 0.9434 -0.0267
vn -0.9409 0.2271 0.2512
vn -0.9409 0.2271 0.2512
vn -0.3307 0.9434 -0.0268
vn -0.3199 0.9434 0.0879
vn -0.8823 0.2271 -0.4124
vn -0.9701 0.2271 -0.0857
vn -0.8919 -0.1754 -0.4168
vn -0.8919 -0.1754 -0.4168
vn -0.9701 0.2271 -0.0858
vn -0.9807 -0.1754 -0.0866
vn -0.688 0.2271 -0.6892
vn -0.8823 0.2271 -0.4124
vn -0.6955 -0.1754 -0.6967
vn -0.6955 -0.1754 -0.6967
vn -0.8823 0.2271 -0.4124
vn -0.8919 -0.1754 -0.4168
vn 0.2529 0.2271 -0.9405
vn 0.0838 0.9434 -0.321
vn 0.0849 0.226 -0.9704
vn 0.0849 0.226 -0.9704
vn 0.0838 0.9434 -0.321
vn 0.0301 0.9386 -0.3437
vn 0.5321 -0.8452 0.0497
vn 0.517 -0.8452 -0.1353
vn 0.4434 -0.8954 0.0415
vn 0.4434 -0.8954 0.0415
vn 0.517 -0.8452 -0.1353
vn 0.4309 -0.8954 -0.1126
vn 0.5321 -0.8452 0.0497
vn 0.483 -0.8452 0.2287
vn 0.9807 -0.1754 0.0867
vn 0.9807 -0.1755 0.0867
vn 0.483 -0.8452 0.2287
vn 0.8919 -0.1754 0.4168
vn 0.688 0.2271 0.6893
vn 0.8823 0.2271 0.4124
vn 0.6955 -0.1754 0.6967
vn 0.6955 -0.1754 0.6967
vn 0.8823 0.2271 0.4124
vn 0.8919 -0.1754 0.4168
vn 0.0263 0.9541 0.2983
vn 0.1268 0.9541 0.2713
vn 0.0311 0.9434 0.3303
vn 0.0311 0.9434 0.3303
vn 0.1268 0.9541 0.2713
vn 0.1422 0.9434 0.2998
vn 0.0621 0.6981 0.7133
vn -0.1856 0.6981 0.6915
vn 0.0869 0.1579 0.9836
vn 0.0869 0.1579 0.9836
vn -0.1856 0.6981 0.6915
vn -0.2548 0.1579 0.954
vn -0.1716 0.9541 0.2455
vn -0.4109 0.6981 0.5864
vn -0.0773 0.9541 0.2893
vn -0.0773 0.9541 0.2893
vn -0.4109 0.6981 0.5864
vn -0.1856 0.6981 0.6915
vn -0.9409 0.2271 0.2512
vn -0.3199 0.9434 0.088
vn -0.7983 0.2271 0.5579
vn -0.7983 0.2271 0.5579
vn -0.3199 0.9434 0.0879
vn -0.2705 0.9434 0.192
vn -0.9701 0.2271 -0.0857
vn -0.9409 0.2271 0.2512
vn -0.9807 -0.1754 -0.0866
vn -0.9807 -0.1754 -0.0866
vn -0.9409 0.2271 0.2512
vn -0.9512 -0.1754 0.254
vn -0.4108 0.2271 -0.883
vn -0.1422 0.9434 -0.2997
vn -0.688 0.2271 -0.6893
vn -0.688 0.2271 -0.6892
vn -0.1421 0.9434 -0.2998
vn -0.2361 0.9434 -0.2331
vn 0.2529 0.2271 -0.9405
vn 0.0849 0.226 -0.9704
vn 0.2556 -0.1754 -0.9507
vn 0.2556 -0.1754 -0.9507
vn 0.0849 0.226 -0.9704
vn 0.0858 -0.1742 -0.981
vn 0.1413 -0.8452 -0.5154
vn 0.3091 -0.8452 -0.436
vn 0.2556 -0.1755 -0.9507
vn 0.2556 -0.1754 -0.9507
vn 0.3091 -0.8452 -0.4359
vn 0.5654 -0.1754 -0.806
vn 0.4396 -0.8452 -0.304
vn 0.3091 -0.8452 -0.4359
vn 0.3664 -0.8954 -0.2532
vn 0.3664 -0.8954 -0.2532
vn 0.3091 -0.8452 -0.436
vn 0.2577 -0.8954 -0.3632
vn 0.687 -0.5451 -0.4806
vn 0.8099 -0.5451 -0.2167
vn 0.3664 -0.8954 -0.2532
vn 0.3664 -0.8954 -0.2532
vn 0.8099 -0.5451 -0.2167
vn 0.4308 -0.8954 -0.1126
vn 0.4108 0.2271 0.883
vn 0.1422 0.9434 0.2997
vn 0.688 0.2271 0.6893
vn 0.688 0.2271 0.6892
vn 0.1421 0.9434 0.2998
vn 0.2361 0.9434 0.233
vn -0.0773 0.9541 0.2894
vn -0.1856 0.6981 0.6915
vn 0.0263 0.9541 0.2983
vn 0.0263 0.9541 0.2983
vn -0.1856 0.6981 0.6915
vn 0.0621 0.6981 0.7133
vn -0.1716 0.9541 0.2455
vn -0.0773 0.9541 0.2893
vn -0.1885 0.9434 0.273
vn -0.1885 0.9434 0.273
vn -0.0773 0.9541 0.2893
vn -0.0838 0.9434 0.321
vn -0.9409 0.2271 0.2512
vn -0.7982 0.2271 0.5579
vn -0.9512 -0.1754 0.254
vn -0.9512 -0.1754 0.254
vn -0.7983 0.2271 0.5579
vn -0.8069 -0.1754 0.564
vn -0.5321 -0.8452 -0.0497
vn -0.483 -0.8452 -0.2287
vn -0.9807 -0.1754 -0.0867
vn -0.9807 -0.1754 -0.0867
vn -0.483 -0.8452 -0.2287
vn -0.8919 -0.1754 -0.4168
vn -0.483 -0.8452 -0.2287
vn -0.3757 -0.8452 -0.3801
vn -0.8919 -0.1755 -0.4168
vn -0.8919 -0.1755 -0.4168
vn -0.3757 -0.8452 -0.3801
vn -0.6956 -0.1755 -0.6967
vn -0.4108 0.2271 -0.883
vn -0.688 0.2271 -0.6892
vn -0.4153 -0.1754 -0.8926
vn -0.4153 -0.1754 -0.8926
vn -0.688 0.2271 -0.6893
vn -0.6955 -0.1754 -0.6967
vn -0.2524 0.2216 -0.9419
vn -0.085 0.9445 -0.3173
vn -0.4108 0.2271 -0.883
vn -0.4108 0.2271 -0.883
vn -0.085 0.9445 -0.3173
vn -0.1421 0.9434 -0.2997
vn 0.965 0.0346 -0.26
vn 0.8099 -0.5451 -0.2167
vn 0.8178 0.0346 -0.5744
vn 0.8178 0.0347 -0.5744
vn 0.8099 -0.5451 -0.2167
vn 0.6869 -0.5451 -0.4806
vn 0.8099 -0.5451 -0.2166
vn 0.8352 -0.5451 0.0734
vn 0.4309 -0.8954 -0.1126
vn 0.4309 -0.8954 -0.1126
vn 0.8352 -0.5451 0.0734
vn 0.4434 -0.8954 0.0415
vn 0.483 -0.8452 0.2287
vn 0.5321 -0.8452 0.0497
vn 0.4024 -0.8954 0.1907
vn 0.4024 -0.8954 0.1907
vn 0.5321 -0.8452 0.0497
vn 0.4434 -0.8954 0.0415
vn 0.483 -0.8452 0.2287
vn 0.3757 -0.8452 0.3801
vn 0.8919 -0.1755 0.4168
vn 0.8919 -0.1755 0.4168
vn 0.3757 -0.8452 0.3801
vn 0.6955 -0.1754 0.6967
vn 0.4108 0.2271 0.883
vn 0.688 0.2271 0.6892
vn 0.4153 -0.1754 0.8926
vn 0.4153 -0.1754 0.8926
vn 0.688 0.2271 0.6893
vn 0.6955 -0.1754 0.6967
vn -0.0773 0.9541 0.2893
vn 0.0263 0.9541 0.2983
vn -0.0838 0.9434 0.321
vn -0.0838 0.9434 0.321
vn 0.0264 0.9541 0.2983
vn 0.0311 0.9434 0.3303
vn -0.7983 0.2271 0.5579
vn -0.2705 0.9434 0.1921
vn -0.5593 0.2271 0.7972
vn -0.5593 0.2271 0.7973
vn -0.2705 0.9434 0.192
vn -0.1885 0.9434 0.273
vn -0.517 -0.8452 0.1353
vn -0.5321 -0.8452 -0.0497
vn -0.9512 -0.1755 0.254
vn -0.9512 -0.1754 0.254
vn -0.5321 -0.8452 -0.0497
vn -0.9807 -0.1754 -0.0867
vn -0.2524 0.2215 -0.9419
vn -0.4108 0.2271 -0.883
vn -0.255 -0.1715 -0.9516
vn -0.255 -0.1715 -0.9516
vn -0.4108 0.2271 -0.883
vn -0.4153 -0.1754 -0.8926
vn 0.0466 -0.8446 -0.5334
vn 0.1413 -0.8452 -0.5154
vn 0.0858 -0.1742 -0.981
vn 0.0858 -0.1742 -0.981
vn 0.1414 -0.8452 -0.5154
vn 0.2556 -0.1754 -0.9507
vn 0.3091 -0.8452 -0.436
vn 0.1414 -0.8452 -0.5154
vn 0.2577 -0.8954 -0.3632
vn 0.2577 -0.8954 -0.3632
vn 0.1414 -0.8452 -0.5154
vn 0.1179 -0.8954 -0.4295
vn 0.4812 -0.5451 -0.6865
vn 0.6869 -0.5451 -0.4806
vn 0.2577 -0.8954 -0.3632
vn 0.2577 -0.8954 -0.3632
vn 0.6869 -0.5451 -0.4806
vn 0.3663 -0.8954 -0.2532
vn 0.648 0.6122 -0.4532
vn 0.7639 0.6122 -0.2042
vn 0.8178 0.0346 -0.5744
vn 0.8178 0.0347 -0.5744
vn 0.7639 0.6122 -0.2042
vn 0.965 0.0346 -0.26
vn 0.9957 0.0346 0.0857
vn 0.8352 -0.5451 0.0734
vn 0.965 0.0347 -0.26
vn 0.965 0.0346 -0.26
vn 0.8351 -0.5451 0.0734
vn 0.8099 -0.5451 -0.2167
vn 0.084 0.2271 0.9702
vn 0.0311 0.9434 0.3303
vn 0.4108 0.2271 0.883
vn 0.4108 0.2271 0.883
vn 0.031 0.9434 0.3303
vn 0.1422 0.9434 0.2997
vn -0.7983 0.2271 0.5579
vn -0.5593 0.2271 0.7973
vn -0.8069 -0.1754 0.564
vn -0.8069 -0.1754 0.564
vn -0.5593 0.2271 0.7973
vn -0.5654 -0.1754 0.806
vn -0.4396 -0.8452 0.304
vn -0.517 -0.8452 0.1353
vn -0.8069 -0.1755 0.564
vn -0.8069 -0.1754 0.564
vn -0.517 -0.8452 0.1353
vn -0.9512 -0.1754 0.254
vn -0.483 -0.8452 -0.2287
vn -0.5321 -0.8452 -0.0497
vn -0.4024 -0.8954 -0.1907
vn -0.4024 -0.8954 -0.1907
vn -0.5321 -0.8452 -0.0497
vn -0.4434 -0.8954 -0.0415
vn -0.3757 -0.8452 -0.3801
vn -0.483 -0.8452 -0.2287
vn -0.3129 -0.8954 -0.3168
vn -0.3129 -0.8954 -0.3168
vn -0.483 -0.8452 -0.2287
vn -0.4025 -0.8954 -0.1907
vn -0.3757 -0.8452 -0.3801
vn -0.223 -0.8452 -0.4857
vn -0.6955 -0.1755 -0.6967
vn -0.6955 -0.1755 -0.6967
vn -0.223 -0.8452 -0.4856
vn -0.4153 -0.1755 -0.8926
vn 0.8178 0.0346 -0.5744
vn 0.6869 -0.5451 -0.4806
vn 0.5721 0.0346 -0.8195
vn 0.5721 0.0347 -0.8195
vn 0.6869 -0.5451 -0.4806
vn 0.4811 -0.5451 -0.6866
vn 0.4052 0.9078 -0.1087
vn 0.7639 0.6122 -0.2042
vn 0.3436 0.9078 -0.2407
vn 0.3436 0.9078 -0.2407
vn 0.7639 0.6122 -0.2042
vn 0.648 0.6122 -0.4531
vn 0.7639 0.6122 -0.2042
vn 0.7877 0.6122 0.0694
vn 0.965 0.0346 -0.26
vn 0.965 0.0346 -0.26
vn 0.7877 0.6122 0.0694
vn 0.9957 0.0346 0.0857
vn 0.8352 -0.5451 0.0734
vn 0.7597 -0.5451 0.3546
vn 0.4434 -0.8954 0.0415
vn 0.4434 -0.8954 0.0416
vn 0.7597 -0.5451 0.3546
vn 0.4024 -0.8954 0.1907
vn 0.3757 -0.8452 0.3801
vn 0.483 -0.8452 0.2287
vn 0.3129 -0.8954 0.3168
vn 0.3129 -0.8954 0.3168
vn 0.483 -0.8452 0.2287
vn 0.4025 -0.8954 0.1907
vn 0.3757 -0.8452 0.3801
vn 0.223 -0.8452 0.4856
vn 0.6955 -0.1755 0.6967
vn 0.6955 -0.1755 0.6967
vn 0.223 -0.8452 0.4856
vn 0.4153 -0.1755 0.8926
vn 0.084 0.2271 0.9702
vn 0.4108 0.2271 0.883
vn 0.085 -0.1754 0.9808
vn 0.085 -0.1754 0.9808
vn 0.4108 0.2271 0.883
vn 0.4153 -0.1754 0.8926
vn -0.5593 0.2271 0.7972
vn -0.1885 0.9434 0.273
vn -0.2529 0.2271 0.9405
vn -0.2529 0.2271 0.9405
vn -0.1885 0.9434 0.273
vn -0.0838 0.9434 0.321
vn -0.5321 -0.8452 -0.0497
vn -0.517 -0.8452 0.1353
vn -0.4434 -0.8954 -0.0415
vn -0.4434 -0.8954 -0.0415
vn -0.517 -0.8452 0.1353
vn -0.4309 -0.8954 0.1126
vn -0.2231 -0.8452 -0.4857
vn -0.1412 -0.8381 -0.5269
vn -0.4153 -0.1754 -0.8926
vn -0.4153 -0.1755 -0.8926
vn -0.1412 -0.8381 -0.5269
vn -0.255 -0.1715 -0.9516
vn 0.1414 -0.8452 -0.5154
vn 0.0467 -0.8446 -0.5334
vn 0.1179 -0.8954 -0.4294
vn 0.1179 -0.8954 -0.4294
vn 0.0467 -0.8446 -0.5334
vn 0.0392 -0.8933 -0.4478
vn 0.2173 -0.5451 -0.8097
vn 0.4812 -0.5451 -0.6866
vn 0.1179 -0.8954 -0.4294
vn 0.1179 -0.8954 -0.4294
vn 0.4812 -0.5451 -0.6865
vn 0.2577 -0.8954 -0.3632
vn 0.4539 0.6122 -0.6474
vn 0.648 0.6122 -0.4531
vn 0.5721 0.0347 -0.8195
vn 0.5721 0.0346 -0.8195
vn 0.648 0.6122 -0.4531
vn 0.8178 0.0346 -0.5744
vn 0.4052 0.9078 -0.1086
vn 0.3436 0.9078 -0.2407
vn 0.3048 0.9487 -0.0844
vn 0.3048 0.9487 -0.0844
vn 0.3436 0.9078 -0.2407
vn 0.2575 0.9487 -0.1836
vn 0.4179 0.9078 0.0365
vn 0.7876 0.6122 0.0694
vn 0.4052 0.9078 -0.1086
vn 0.4052 0.9078 -0.1086
vn 0.7876 0.6122 0.0694
vn 0.7639 0.6122 -0.2042
vn 0.9064 0.0346 0.4211
vn 0.7597 -0.5451 0.3546
vn 0.9957 0.0346 0.0857
vn 0.9957 0.0346 0.0857
vn 0.7597 -0.5451 0.3546
vn 0.8352 -0.5451 0.0734
vn -0.2529 0.2271 0.9405
vn -0.0838 0.9434 0.321
vn 0.084 0.2271 0.9702
vn 0.084 0.2271 0.9702
vn -0.0838 0.9434 0.321
vn 0.0311 0.9434 0.3303
vn -0.5593 0.2271 0.7973
vn -0.2529 0.2271 0.9405
vn -0.5654 -0.1754 0.806
vn -0.5654 -0.1754 0.806
vn -0.2529 0.2271 0.9405
vn -0.2556 -0.1754 0.9507
vn -0.3091 -0.8452 0.436
vn -0.4396 -0.8452 0.304
vn -0.5654 -0.1755 0.806
vn -0.5654 -0.1754 0.806
vn -0.4396 -0.8452 0.3039
vn -0.8069 -0.1754 0.564
vn -0.517 -0.8452 0.1353
vn -0.4396 -0.8452 0.3039
vn -0.4309 -0.8954 0.1126
vn -0.4309 -0.8954 0.1126
vn -0.4396 -0.8452 0.3039
vn -0.3664 -0.8954 0.2532
vn -0.8352 -0.5451 -0.0734
vn -0.7597 -0.5451 -0.3546
vn -0.4434 -0.8954 -0.0415
vn -0.4434 -0.8954 -0.0416
vn -0.7597 -0.5451 -0.3546
vn -0.4024 -0.8954 -0.1907
vn -0.7597 -0.5451 -0.3546
vn -0.5926 -0.5451 -0.5931
vn -0.4024 -0.8954 -0.1907
vn -0.4024 -0.8954 -0.1907
vn -0.5926 -0.5451 -0.5931
vn -0.3129 -0.8954 -0.3168
vn -0.223 -0.8452 -0.4857
vn -0.3757 -0.8452 -0.3801
vn -0.1857 -0.8954 -0.4048
vn -0.1857 -0.8954 -0.4048
vn -0.3757 -0.8452 -0.3801
vn -0.313 -0.8954 -0.3168
vn 0.5721 0.0346 -0.8195
vn 0.4811 -0.5451 -0.6866
vn 0.2573 0.0346 -0.9657
vn 0.2573 0.0347 -0.9657
vn 0.4811 -0.5451 -0.6866
vn 0.2173 -0.5451 -0.8097
vn 0.3436 0.9078 -0.2407
vn 0.648 0.6122 -0.4531
vn 0.2405 0.9078 -0.3437
vn 0.2405 0.9078 -0.3437
vn 0.648 0.6122 -0.4531
vn 0.4539 0.6122 -0.6474
vn 0.4179 0.9078 0.0365
vn 0.4052 0.9078 -0.1086
vn 0.3153 0.9487 0.0249
vn 0.3153 0.9487 0.0249
vn 0.4052 0.9078 -0.1086
vn 0.3048 0.9487 -0.0844
vn 0.7876 0.6122 0.0694
vn 0.7164 0.6122 0.3346
vn 0.9957 0.0346 0.0857
vn 0.9957 0.0346 0.0857
vn 0.7164 0.6122 0.3346
vn 0.9064 0.0346 0.4211
vn 0.7597 -0.5451 0.3546
vn 0.5926 -0.5451 0.5931
vn 0.4024 -0.8954 0.1907
vn 0.4024 -0.8954 0.1907
vn 0.5926 -0.5451 0.5931
vn 0.3129 -0.8954 0.3168
vn 0.223 -0.8452 0.4857
vn 0.3757 -0.8452 0.3801
vn 0.1857 -0.8954 0.4048
vn 0.1857 -0.8954 0.4047
vn 0.3757 -0.8452 0.3801
vn 0.313 -0.8954 0.3168
vn 0.2231 -0.8452 0.4857
vn 0.0435 -0.8452 0.5326
vn 0.4153 -0.1754 0.8926
vn 0.4153 -0.1755 0.8926
vn 0.0434 -0.8452 0.5327
vn 0.0849 -0.1754 0.9808
vn -0.2529 0.2271 0.9405
vn 0.084 0.227 0.9703
vn -0.2556 -0.1754 0.9507
vn -0.2556 -0.1754 0.9507
vn 0.084 0.2271 0.9702
vn 0.085 -0.1754 0.9808
vn -0.8099 -0.5451 0.2166
vn -0.8352 -0.5451 -0.0734
vn -0.4309 -0.8954 0.1126
vn -0.4309 -0.8954 0.1126
vn -0.8352 -0.5451 -0.0734
vn -0.4434 -0.8954 -0.0415
vn -0.9064 0.0346 -0.4211
vn -0.7597 -0.5451 -0.3546
vn -0.9957 0.0346 -0.0857
vn -0.9957 0.0346 -0.0857
vn -0.7597 -0.5451 -0.3546
vn -0.8352 -0.5451 -0.0734
vn -0.7077 0.0346 -0.7057
vn -0.5926 -0.5451 -0.5931
vn -0.9064 0.0346 -0.4211
vn -0.9064 0.0346 -0.4211
vn -0.5926 -0.5451 -0.5931
vn -0.7597 -0.5451 -0.3546
vn -0.1412 -0.8381 -0.5269
vn -0.223 -0.8452 -0.4857
vn -0.117 -0.8919 -0.4367
vn -0.117 -0.8919 -0.4367
vn -0.223 -0.8452 -0.4857
vn -0.1857 -0.8954 -0.4048
vn 0.0732 -0.5435 -0.8362
vn 0.2173 -0.5451 -0.8097
vn 0.0392 -0.8933 -0.4478
vn 0.0392 -0.8933 -0.4478
vn 0.2173 -0.5451 -0.8097
vn 0.1179 -0.8954 -0.4294
vn 0.2051 0.6122 -0.7636
vn 0.4539 0.6122 -0.6474
vn 0.2573 0.0347 -0.9657
vn 0.2573 0.0347 -0.9657
vn 0.4539 0.6122 -0.6474
vn 0.5721 0.0346 -0.8195
vn 0.3436 0.9078 -0.2407
vn 0.2405 0.9078 -0.3437
vn 0.2575 0.9487 -0.1836
vn 0.2575 0.9487 -0.1835
vn 0.2405 0.9078 -0.3437
vn 0.1792 0.9487 -0.2606
vn 0.6825 -0.658 -0.3183
vn 0.6173 -0.6636 -0.4226
vn 0.7013 -0.6334 -0.327
vn 0.7013 -0.6334 -0.327
vn 0.6173 -0.6636 -0.4226
vn 0.6281 -0.6401 -0.4425
vn 0.3802 0.9078 0.1772
vn 0.7164 0.6122 0.3346
vn 0.4179 0.9078 0.0365
vn 0.4179 0.9078 0.0365
vn 0.7164 0.6122 0.3346
vn 0.7877 0.6122 0.0694
vn 0.7077 0.0346 0.7057
vn 0.5926 -0.5451 0.5931
vn 0.9064 0.0346 0.4211
vn 0.9064 0.0346 0.4211
vn 0.5926 -0.5451 0.593
vn 0.7597 -0.5451 0.3546
vn -0.1413 -0.8452 0.5154
vn -0.3091 -0.8452 0.436
vn -0.2556 -0.1755 0.9507
vn -0.2556 -0.1755 0.9507
vn -0.3091 -0.8452 0.4359
vn -0.5654 -0.1754 0.8059
vn -0.4396 -0.8452 0.304
vn -0.3091 -0.8452 0.436
vn -0.3664 -0.8954 0.2532
vn -0.3664 -0.8954 0.2532
vn -0.3091 -0.8452 0.436
vn -0.2577 -0.8954 0.3632
vn -0.687 -0.5451 0.4806
vn -0.8099 -0.5451 0.2167
vn -0.3664 -0.8954 0.2532
vn -0.3664 -0.8954 0.2532
vn -0.8099 -0.5451 0.2166
vn -0.4308 -0.8954 0.1126
vn -0.9957 0.0346 -0.0857
vn -0.8352 -0.5451 -0.0734
vn -0.965 0.0346 0.26
vn -0.965 0.0346 0.26
vn -0.8351 -0.5451 -0.0734
vn -0.8099 -0.5451 0.2167
vn -0.7876 0.6122 -0.0694
vn -0.7164 0.6122 -0.3346
vn -0.9957 0.0346 -0.0857
vn -0.9957 0.0346 -0.0857
vn -0.7164 0.6122 -0.3346
vn -0.9064 0.0346 -0.4211
vn -0.7164 0.6122 -0.3346
vn -0.5588 0.6122 -0.5595
vn -0.9064 0.0346 -0.4211
vn -0.9064 0.0346 -0.4211
vn -0.5588 0.6122 -0.5595
vn -0.7077 0.0346 -0.7057
vn -0.5925 -0.5451 -0.5931
vn -0.354 -0.5451 -0.76
vn -0.3129 -0.8954 -0.3168
vn -0.3129 -0.8954 -0.3168
vn -0.354 -0.5451 -0.76
vn -0.1857 -0.8954 -0.4047
vn 0.2573 0.0346 -0.9657
vn 0.2173 -0.5451 -0.8097
vn 0.0871 0.0338 -0.9956
vn 0.0871 0.0338 -0.9956
vn 0.2173 -0.5451 -0.8097
vn 0.0731 -0.5435 -0.8362
vn 0.2405 0.9078 -0.3437
vn 0.4539 0.6122 -0.6474
vn 0.1085 0.9078 -0.4052
vn 0.1085 0.9078 -0.4052
vn 0.4539 0.6122 -0.6474
vn 0.2051 0.6122 -0.7636
vn 0.7445 -0.6636 0.0731
vn 0.7502 -0.658 -0.0656
vn 0.7655 -0.6401 0.0648
vn 0.7655 -0.6401 0.0648
vn 0.7502 -0.658 -0.0656
vn 0.7693 -0.6353 -0.0673
vn 0.3802 0.9078 0.1772
vn 0.4179 0.9078 0.0365
vn 0.2877 0.9487 0.1313
vn 0.2877 0.9487 0.1313
vn 0.4179 0.9078 0.0365
vn 0.3153 0.9487 0.0249
vn 0.7164 0.6122 0.3346
vn 0.5588 0.6122 0.5595
vn 0.9064 0.0347 0.4211
vn 0.9064 0.0346 0.4211
vn 0.5588 0.6122 0.5595
vn 0.7077 0.0346 0.7057
vn 0.5926 -0.5451 0.5931
vn 0.354 -0.5451 0.76
vn 0.313 -0.8954 0.3168
vn 0.313 -0.8954 0.3168
vn 0.354 -0.5451 0.76
vn 0.1857 -0.8954 0.4047
vn 0.0434 -0.8452 0.5327
vn 0.223 -0.8452 0.4857
vn 0.0361 -0.8954 0.4439
vn 0.0361 -0.8954 0.4439
vn 0.223 -0.8452 0.4857
vn 0.1857 -0.8954 0.4048
vn 0.0435 -0.8452 0.5327
vn -0.1413 -0.8452 0.5154
vn 0.0849 -0.1755 0.9808
vn 0.0849 -0.1755 0.9808
vn -0.1414 -0.8452 0.5154
vn -0.2556 -0.1754 0.9507
vn -0.965 0.0346 0.26
vn -0.8099 -0.5451 0.2166
vn -0.8179 0.0346 0.5744
vn -0.8178 0.0346 0.5744
vn -0.8099 -0.5451 0.2167
vn -0.6869 -0.5451 0.4806
vn -0.7639 0.6122 0.2042
vn -0.7877 0.6122 -0.0694
vn -0.965 0.0346 0.26
vn -0.965 0.0347 0.26
vn -0.7876 0.6122 -0.0694
vn -0.9957 0.0346 -0.0857
vn -0.3802 0.9078 -0.1772
vn -0.7164 0.6122 -0.3346
vn -0.4179 0.9078 -0.0365
vn -0.4179 0.9078 -0.0365
vn -0.7164 0.6122 -0.3346
vn -0.7877 0.6122 -0.0694
vn -0.2967 0.9078 -0.2966
vn -0.5588 0.6122 -0.5595
vn -0.3802 0.9078 -0.1772
vn -0.3802 0.9078 -0.1772
vn -0.5588 0.6122 -0.5594
vn -0.7164 0.6122 -0.3346
vn -0.4236 0.0346 -0.9052
vn -0.354 -0.5451 -0.76
vn -0.7077 0.0346 -0.7057
vn -0.7077 0.0346 -0.7057
vn -0.354 -0.5451 -0.76
vn -0.5926 -0.5451 -0.5931
vn -0.354 -0.5451 -0.76
vn -0.2187 -0.5349 -0.8161
vn -0.1857 -0.8954 -0.4048
vn -0.1857 -0.8954 -0.4047
vn -0.2187 -0.5349 -0.8161
vn -0.117 -0.892 -0.4367
vn 0.069 0.6114 -0.7883
vn 0.2051 0.6122 -0.7636
vn 0.0871 0.0338 -0.9956
vn 0.0871 0.0338 -0.9956
vn 0.2051 0.6122 -0.7636
vn 0.2573 0.0346 -0.9657
vn 0.1085 0.9078 -0.4052
vn 0.1792 0.9487 -0.2606
vn 0.1792 0.9487 -0.2606
vn 0.1085 0.9078 -0.4052
vn 0.0793 0.9487 -0.3062
vn 0.6172 -0.6636 -0.4226
vn 0.4355 -0.6636 -0.6082
vn 0.6281 -0.6401 -0.4425
vn 0.6281 -0.6401 -0.4425
vn 0.4355 -0.6636 -0.6082
vn 0.4388 -0.6401 -0.6306
vn 0.2967 0.9078 0.2966
vn 0.5588 0.6122 0.5595
vn 0.3802 0.9078 0.1772
vn 0.3802 0.9078 0.1772
vn 0.5588 0.6122 0.5594
vn 0.7164 0.6122 0.3346
vn 0.4236 0.0346 0.9052
vn 0.354 -0.5451 0.76
vn 0.7077 0.0346 0.7057
vn 0.7077 0.0346 0.7057
vn 0.354 -0.5451 0.76
vn 0.5926 -0.5451 0.593
vn -0.3091 -0.8452 0.436
vn -0.1414 -0.8452 0.5154
vn -0.2577 -0.8954 0.3632
vn -0.2577 -0.8954 0.3632
vn -0.1414 -0.8452 0.5154
vn -0.1179 -0.8954 0.4294
vn -0.4812 -0.5451 0.6866
vn -0.6869 -0.5451 0.4806
vn -0.2577 -0.8954 0.3632
vn -0.2577 -0.8954 0.3632
vn -0.6869 -0.5451 0.4806
vn -0.3663 -0.8954 0.2532
vn -0.648 0.6122 0.4532
vn -0.7639 0.6122 0.2042
vn -0.8178 0.0346 0.5744
vn -0.8178 0.0346 0.5744
vn -0.7639 0.6122 0.2042
vn -0.965 0.0346 0.26
vn -0.4179 0.9078 -0.0365
vn -0.7876 0.6122 -0.0694
vn -0.4052 0.9078 0.1086
vn -0.4052 0.9078 0.1086
vn -0.7876 0.6122 -0.0694
vn -0.7639 0.6122 0.2042
vn -0.3802 0.9078 -0.1772
vn -0.4179 0.9078 -0.0365
vn -0.2877 0.9487 -0.1313
vn -0.2877 0.9487 -0.1313
vn -0.4179 0.9078 -0.0365
vn -0.3153 0.9487 -0.0249
vn -0.2967 0.9078 -0.2965
vn -0.3802 0.9078 -0.1772
vn -0.2255 0.9487 -0.2217
vn -0.2255 0.9487 -0.2217
vn -0.3802 0.9078 -0.1772
vn -0.2877 0.9487 -0.1313
vn -0.5588 0.6122 -0.5594
vn -0.3337 0.6122 -0.7168
vn -0.7077 0.0346 -0.7057
vn -0.7077 0.0346 -0.7057
vn -0.3337 0.6122 -0.7168
vn -0.4237 0.0346 -0.9052
vn -0.2587 0.0344 -0.9654
vn -0.2187 -0.5349 -0.8161
vn -0.4237 0.0346 -0.9052
vn -0.4237 0.0346 -0.9052
vn -0.2187 -0.5349 -0.8161
vn -0.354 -0.5451 -0.76
vn 0.1085 0.9078 -0.4052
vn 0.2051 0.6122 -0.7636
vn 0.0374 0.9034 -0.4271
vn 0.0374 0.9034 -0.4271
vn 0.2051 0.6122 -0.7636
vn 0.0689 0.6113 -0.7884
vn 0.7613 -0.5426 -0.355
vn 0.7014 -0.6333 -0.3271
vn 0.6861 -0.5451 -0.4818
vn 0.6861 -0.5451 -0.4818
vn 0.7014 -0.6333 -0.3271
vn 0.6281 -0.6401 -0.4425
vn 0.6746 -0.6636 0.3233
vn 0.7445 -0.6636 0.0731
vn 0.6972 -0.6401 0.3227
vn 0.6972 -0.6401 0.3227
vn 0.7445 -0.6636 0.0731
vn 0.7656 -0.6401 0.0647
vn 0.2967 0.9078 0.2966
vn 0.3802 0.9078 0.1772
vn 0.2255 0.9487 0.2218
vn 0.2255 0.9487 0.2218
vn 0.3802 0.9078 0.1772
vn 0.2877 0.9487 0.1313
vn 0.5588 0.6122 0.5595
vn 0.3337 0.6122 0.7168
vn 0.7077 0.0346 0.7057
vn 0.7077 0.0346 0.7057
vn 0.3337 0.6122 0.7168
vn 0.4236 0.0346 0.9052
vn 0.354 -0.5451 0.76
vn 0.0727 -0.5451 0.8352
vn 0.1857 -0.8954 0.4048
vn 0.1857 -0.8954 0.4048
vn 0.0727 -0.5451 0.8352
vn 0.0361 -0.8954 0.4438
vn -0.1414 -0.8452 0.5154
vn 0.0434 -0.8452 0.5326
vn -0.1179 -0.8954 0.4294
vn -0.1179 -0.8954 0.4294
vn 0.0434 -0.8452 0.5326
vn 0.0361 -0.8954 0.4439
vn -0.8178 0.0346 0.5744
vn -0.6869 -0.5451 0.4806
vn -0.5721 0.0346 0.8195
vn -0.5721 0.0346 0.8195
vn -0.6869 -0.5451 0.4806
vn -0.4811 -0.5451 0.6866
vn -0.4052 0.9078 0.1087
vn -0.7639 0.6122 0.2042
vn -0.3436 0.9078 0.2407
vn -0.3436 0.9078 0.2407
vn -0.7639 0.6122 0.2042
vn -0.648 0.6122 0.4531
vn -0.4179 0.9078 -0.0365
vn -0.4052 0.9078 0.1086
vn -0.3153 0.9487 -0.0249
vn -0.3153 0.9487 -0.0249
vn -0.4052 0.9078 0.1086
vn -0.3048 0.9487 0.0844
vn -0.1774 0.9078 -0.3801
vn -0.3337 0.6122 -0.7168
vn -0.2967 0.9078 -0.2966
vn -0.2967 0.9078 -0.2966
vn -0.3337 0.6122 -0.7168
vn -0.5588 0.6122 -0.5595
vn -0.3337 0.6122 -0.7168
vn -0.2068 0.6012 -0.7719
vn -0.4237 0.0346 -0.9052
vn -0.4237 0.0346 -0.9052
vn -0.2068 0.6012 -0.7719
vn -0.2587 0.0344 -0.9653
vn 0.1085 0.9078 -0.4052
vn 0.0374 0.9034 -0.4271
vn 0.0793 0.9487 -0.3062
vn 0.0374 0.9034 -0.4271
vn 0.0279 0.9472 -0.3194
vn 0.4355 -0.6636 -0.6082
vn 0.2012 -0.6636 -0.7205
vn 0.4389 -0.6401 -0.6306
vn 0.4389 -0.6401 -0.6306
vn 0.2012 -0.6636 -0.7205
vn 0.1967 -0.6401 -0.7427
vn 0.7773 -0.3175 -0.5431
vn 0.8685 -0.3035 -0.3919
vn 0.6861 -0.5451 -0.4818
vn 0.6861 -0.5451 -0.4818
vn 0.8685 -0.3035 -0.3919
vn 0.7613 -0.5426 -0.355
vn 0.8353 -0.5451 0.072
vn 0.7655 -0.6401 0.0648
vn 0.8411 -0.5359 -0.0736
vn 0.8411 -0.5359 -0.0736
vn 0.7655 -0.6401 0.0648
vn 0.7693 -0.6353 -0.0673
vn 0.1774 0.9078 0.3802
vn 0.3337 0.6122 0.7168
vn 0.2967 0.9078 0.2966
vn 0.2967 0.9078 0.2966
vn 0.3337 0.6122 0.7168
vn 0.5588 0.6122 0.5594
vn 0.0885 0.0346 0.9955
vn 0.0727 -0.5451 0.8352
vn 0.4237 0.0347 0.9052
vn 0.4236 0.0347 0.9052
vn 0.0727 -0.5451 0.8352
vn 0.354 -0.5451 0.76
vn -0.2173 -0.5451 0.8097
vn -0.4812 -0.5451 0.6866
vn -0.1179 -0.8954 0.4294
vn -0.1179 -0.8954 0.4295
vn -0.4812 -0.5451 0.6866
vn -0.2577 -0.8954 0.3632
vn -0.4539 0.6122 0.6474
vn -0.648 0.6122 0.4531
vn -0.5721 0.0346 0.8195
vn -0.5721 0.0346 0.8195
vn -0.648 0.6122 0.4531
vn -0.8178 0.0346 0.5744
vn -0.4052 0.9078 0.1086
vn -0.3436 0.9078 0.2407
vn -0.3048 0.9487 0.0844
vn -0.3048 0.9487 0.0844
vn -0.3436 0.9078 0.2407
vn -0.2575 0.9487 0.1836
vn -0.6746 -0.6636 -0.3233
vn -0.7274 -0.658 -0.1949
vn -0.6972 -0.6401 -0.3227
vn -0.6972 -0.6401 -0.3227
vn -0.7274 -0.658 -0.1949
vn -0.7459 -0.6353 -0.1999
vn -0.5233 -0.6637 -0.5345
vn -0.6746 -0.6636 -0.3233
vn -0.5448 -0.6401 -0.5417
vn -0.5448 -0.6401 -0.5417
vn -0.6746 -0.6637 -0.3233
vn -0.6972 -0.6401 -0.3227
vn -0.1774 0.9078 -0.3802
vn -0.2967 0.9078 -0.2966
vn -0.136 0.9487 -0.2855
vn -0.136 0.9487 -0.2855
vn -0.2967 0.9078 -0.2966
vn -0.2255 0.9487 -0.2218
vn -0.1089 0.9071 -0.4066
vn -0.2068 0.6012 -0.7719
vn -0.1774 0.9078 -0.3802
vn -0.1774 0.9078 -0.3802
vn -0.2069 0.6012 -0.7719
vn -0.3337 0.6122 -0.7168
vn 0.6861 -0.5451 -0.4818
vn 0.6281 -0.6401 -0.4425
vn 0.48 -0.5451 -0.6874
vn 0.48 -0.5451 -0.6874
vn 0.6281 -0.6401 -0.4425
vn 0.4389 -0.6401 -0.6306
vn 0.921 -0.094 -0.378
vn 0.8685 -0.3035 -0.3919
vn 0.8145 -0.0997 -0.5716
vn 0.8145 -0.0997 -0.5716
vn 0.8685 -0.3035 -0.3919
vn 0.7773 -0.3175 -0.5431
vn 0.8995 -0.4291 -0.0824
vn 0.9205 -0.3736 0.1143
vn 0.8411 -0.5359 -0.0736
vn 0.8411 -0.5359 -0.0736
vn 0.9205 -0.3736 0.1143
vn 0.8352 -0.5451 0.072
vn 0.5233 -0.6636 0.5345
vn 0.6746 -0.6636 0.3233
vn 0.5448 -0.6401 0.5417
vn 0.5448 -0.6401 0.5417
vn 0.6746 -0.6636 0.3233
vn 0.6972 -0.6401 0.3227
vn 0.1774 0.9078 0.3802
vn 0.2967 0.9078 0.2966
vn 0.136 0.9487 0.2855
vn 0.136 0.9487 0.2855
vn 0.2967 0.9078 0.2966
vn 0.2255 0.9487 0.2218
vn 0.3337 0.6122 0.7168
vn 0.0684 0.6122 0.7877
vn 0.4237 0.0346 0.9052
vn 0.4237 0.0346 0.9052
vn 0.0684 0.6122 0.7877
vn 0.0885 0.0346 0.9955
vn 0.0727 -0.5451 0.8352
vn -0.2173 -0.5451 0.8097
vn 0.0361 -0.8954 0.4439
vn 0.0361 -0.8954 0.4438
vn -0.2173 -0.5451 0.8097
vn -0.1179 -0.8954 0.4294
vn -0.5721 0.0346 0.8195
vn -0.4811 -0.5451 0.6866
vn -0.2573 0.0347 0.9657
vn -0.2573 0.0346 0.9657
vn -0.4811 -0.5451 0.6866
vn -0.2173 -0.5451 0.8097
vn -0.3436 0.9078 0.2407
vn -0.648 0.6122 0.4531
vn -0.2406 0.9078 0.3437
vn -0.2406 0.9078 0.3437
vn -0.648 0.6122 0.4531
vn -0.4539 0.6122 0.6474
vn -0.7502 -0.658 0.0656
vn -0.7246 -0.6637 0.186
vn -0.7709 -0.6334 0.0674
vn -0.7709 -0.6333 0.0674
vn -0.7246 -0.6636 0.186
vn -0.7415 -0.6401 0.201
vn -0.1089 0.9071 -0.4066
vn -0.1773 0.9078 -0.3801
vn -0.083 0.9472 -0.3097
vn -0.083 0.9472 -0.3097
vn -0.1773 0.9078 -0.3801
vn -0.136 0.9487 -0.2855
vn 0.2012 -0.6636 -0.7205
vn 0.0656 -0.658 -0.7502
vn 0.1967 -0.6401 -0.7427
vn 0.1967 -0.6401 -0.7427
vn 0.0656 -0.658 -0.7502
vn 0.0673 -0.6353 -0.7693
vn 0.5447 -0.3175 -0.7762
vn 0.7773 -0.3175 -0.5431
vn 0.48 -0.5451 -0.6874
vn 0.48 -0.5451 -0.6874
vn 0.7773 -0.3175 -0.5431
vn 0.6861 -0.5451 -0.4818
vn 0.8182 0.0576 -0.5721
vn 0.9386 0.0633 -0.3391
vn 0.8145 -0.0997 -0.5715
vn 0.8145 -0.0997 -0.5715
vn 0.9386 0.0633 -0.3391
vn 0.921 -0.0939 -0.378
vn 0.9561 -0.1811 -0.2303
vn 0.921 -0.0939 -0.378
vn 0.9821 -0.0123 -0.1878
vn 0.7603 -0.5451 0.3533
vn 0.6972 -0.6401 0.3227
vn 0.8353 -0.5451 0.072
vn 0.8353 -0.5451 0.072
vn 0.6972 -0.6401 0.3227
vn 0.7655 -0.6401 0.0647
vn 0.0367 0.9078 0.4179
vn 0.0684 0.6122 0.7877
vn 0.1774 0.9078 0.3802
vn 0.1774 0.9078 0.3802
vn 0.0684 0.6122 0.7877
vn 0.3337 0.6122 0.7168
vn -0.2573 0.0346 0.9657
vn -0.2173 -0.5451 0.8097
vn 0.0885 0.0346 0.9955
vn 0.0885 0.0347 0.9955
vn -0.2173 -0.5451 0.8097
vn 0.0727 -0.5451 0.8352
vn -0.2051 0.6122 0.7636
vn -0.4539 0.6122 0.6474
vn -0.2573 0.0346 0.9657
vn -0.2573 0.0346 0.9657
vn -0.4539 0.6122 0.6474
vn -0.5721 0.0346 0.8195
vn -0.3436 0.9078 0.2407
vn -0.2405 0.9078 0.3437
vn -0.2575 0.9487 0.1836
vn -0.2575 0.9487 0.1836
vn -0.2405 0.9078 0.3437
vn -0.1792 0.9487 0.2606
vn -0.7246 -0.6637 0.186
vn -0.6173 -0.6636 0.4226
vn -0.7415 -0.6401 0.201
vn -0.7415 -0.6401 0.201
vn -0.6173 -0.6636 0.4226
vn -0.6281 -0.6401 0.4425
vn -0.309 -0.6636 -0.6813
vn -0.5233 -0.6637 -0.5345
vn -0.3267 -0.6401 -0.6954
vn -0.3267 -0.6401 -0.6954
vn -0.5233 -0.6636 -0.5345
vn -0.5448 -0.6401 -0.5417
vn 0.48 -0.5451 -0.6874
vn 0.4389 -0.6401 -0.6306
vn 0.2159 -0.5451 -0.8101
vn 0.2159 -0.5451 -0.8101
vn 0.4389 -0.6401 -0.6306
vn 0.1967 -0.6401 -0.7427
vn 0.8145 -0.0997 -0.5715
vn 0.7773 -0.3175 -0.5431
vn 0.5699 -0.0997 -0.8157
vn 0.5699 -0.0997 -0.8157
vn 0.7773 -0.3175 -0.5431
vn 0.5447 -0.3175 -0.7762
vn 0.9322 0.1885 -0.3089
vn 0.9386 0.0633 -0.3391
vn 0.8049 0.184 -0.5641
vn 0.8049 0.184 -0.5641
vn 0.9386 0.0633 -0.3391
vn 0.8181 0.0576 -0.5721
vn 0.9894 -0.1271 0.0697
vn 0.9635 -0.1387 0.2292
vn 0.9205 -0.3736 0.1143
vn 0.921 -0.0939 -0.378
vn 0.9386 0.0633 -0.3391
vn 0.9821 -0.0124 -0.1878
vn 0.9821 -0.0124 -0.1878
vn 0.9386 0.0632 -0.3392
vn 0.9823 0.1038 -0.1557
vn 0.9205 -0.3736 0.1143
vn 0.8484 -0.3308 0.4133
vn 0.8353 -0.5451 0.072
vn 0.8353 -0.5451 0.072
vn 0.8484 -0.3308 0.4133
vn 0.7603 -0.5451 0.3533
vn 0.309 -0.6636 0.6813
vn 0.5233 -0.6636 0.5345
vn 0.3267 -0.6401 0.6954
vn 0.3267 -0.6401 0.6954
vn 0.5233 -0.6636 0.5345
vn 0.5448 -0.6401 0.5417
vn 0.0367 0.9078 0.4179
vn 0.1773 0.9078 0.3801
vn 0.0302 0.9487 0.3148
vn 0.0302 0.9487 0.3148
vn 0.1773 0.9078 0.3801
vn 0.136 0.9487 0.2855
vn 0.0684 0.6122 0.7877
vn -0.2051 0.6122 0.7636
vn 0.0885 0.0346 0.9955
vn 0.0885 0.0346 0.9955
vn -0.2051 0.6122 0.7636
vn -0.2573 0.0346 0.9657
vn -0.2405 0.9078 0.3437
vn -0.4539 0.6122 0.6474
vn -0.1085 0.9078 0.4052
vn -0.1085 0.9078 0.4052
vn -0.4539 0.6122 0.6474
vn -0.2051 0.6122 0.7636
vn -0.7515 -0.5528 -0.3602
vn -0.6972 -0.6401 -0.3227
vn -0.7908 -0.5743 -0.2119
vn -0.7908 -0.5743 -0.2119
vn -0.6972 -0.6401 -0.3227
vn -0.746 -0.6353 -0.1999
vn -0.5936 -0.5451 -0.592
vn -0.5448 -0.6401 -0.5417
vn -0.7515 -0.5528 -0.3602
vn -0.7515 -0.5528 -0.3602
vn -0.5448 -0.6401 -0.5417
vn -0.6972 -0.6401 -0.3227
vn -0.1949 -0.658 -0.7274
vn -0.309 -0.6636 -0.6813
vn -0.2003 -0.6334 -0.7475
vn -0.2003 -0.6334 -0.7475
vn -0.309 -0.6637 -0.6813
vn -0.3267 -0.6401 -0.6954
vn 0.2464 -0.3175 -0.9157
vn 0.5447 -0.3175 -0.7762
vn 0.2159 -0.5451 -0.8101
vn 0.2159 -0.5451 -0.8101
vn 0.5447 -0.3175 -0.7762
vn 0.48 -0.5451 -0.6874
vn 0.5731 0.0576 -0.8174
vn 0.8182 0.0576 -0.5721
vn 0.5699 -0.0997 -0.8156
vn 0.5699 -0.0997 -0.8156
vn 0.8182 0.0576 -0.5721
vn 0.8145 -0.0997 -0.5716
vn 0.787 0.2781 -0.5508
vn 0.9143 0.2776 -0.2949
vn 0.8049 0.184 -0.5642
vn 0.8049 0.184 -0.5642
vn 0.9143 0.2776 -0.2949
vn 0.9322 0.1885 -0.3089
vn 0.965 0.0732 0.252
vn 0.9635 -0.1386 0.2292
vn 0.9956 0.0326 0.0878
vn 0.9956 0.0325 0.0878
vn 0.9635 -0.1386 0.2292
vn 0.9894 -0.127 0.0697
vn 0.8803 -0.0997 0.4637
vn 0.8484 -0.3308 0.4133
vn 0.9635 -0.1387 0.2292
vn 0.9635 -0.1387 0.2292
vn 0.8484 -0.3308 0.4133
vn 0.9205 -0.3736 0.1143
vn 0.9386 0.0632 -0.3391
vn 0.9323 0.1885 -0.3088
vn 0.9823 0.1038 -0.1557
vn 0.9823 0.1037 -0.1557
vn 0.9322 0.1885 -0.3089
vn 0.9695 0.2041 -0.136
vn 0.5936 -0.5451 0.592
vn 0.5448 -0.6401 0.5417
vn 0.7603 -0.5451 0.3533
vn 0.7603 -0.5451 0.3533
vn 0.5448 -0.6401 0.5417
vn 0.6972 -0.6401 0.3227
vn -0.1085 0.9078 0.4052
vn -0.2051 0.6122 0.7636
vn 0.0366 0.9078 0.4179
vn 0.0366 0.9078 0.4179
vn -0.2051 0.6122 0.7636
vn 0.0685 0.6122 0.7877
vn -0.2405 0.9078 0.3437
vn -0.1085 0.9078 0.4052
vn -0.1792 0.9487 0.2606
vn -0.1792 0.9487 0.2606
vn -0.1085 0.9078 0.4052
vn -0.0793 0.9487 0.3062
vn -0.6172 -0.6637 0.4226
vn -0.4355 -0.6636 0.6082
vn -0.6281 -0.6401 0.4425
vn -0.6281 -0.6401 0.4425
vn -0.4355 -0.6636 0.6082
vn -0.4388 -0.6401 0.6306
vn -0.8258 -0.5616 0.0517
vn -0.7709 -0.6334 0.0674
vn -0.8003 -0.5543 0.2286
vn -0.8003 -0.5543 0.2286
vn -0.7709 -0.6334 0.0674
vn -0.7415 -0.6401 0.201
vn -0.8366 -0.322 -0.4432
vn -0.7515 -0.5528 -0.3602
vn -0.8779 -0.3992 -0.2642
vn -0.8779 -0.3993 -0.2642
vn -0.7515 -0.5528 -0.3602
vn -0.7907 -0.5743 -0.2119
vn -0.8258 -0.5616 0.0517
vn -0.9253 -0.3727 0.0697
vn -0.9274 -0.3651 -0.0818
vn -0.8366 -0.322 -0.4432
vn -0.6698 -0.3176 -0.6712
vn -0.7515 -0.5528 -0.3602
vn -0.7515 -0.5528 -0.3602
vn -0.6698 -0.3176 -0.6712
vn -0.5936 -0.5451 -0.592
vn 0.2159 -0.5451 -0.8101
vn 0.1967 -0.6401 -0.7427
vn 0.0736 -0.5359 -0.8411
vn 0.1967 -0.6401 -0.7427
vn 0.0673 -0.6353 -0.7693
vn 0.5699 -0.0997 -0.8157
vn 0.5447 -0.3175 -0.7762
vn 0.2565 -0.0997 -0.9614
vn 0.2565 -0.0997 -0.9614
vn 0.5447 -0.3175 -0.7762
vn 0.2464 -0.3175 -0.9157
vn 0.8049 0.1839 -0.5642
vn 0.8181 0.0576 -0.5721
vn 0.5634 0.184 -0.8054
vn 0.5634 0.184 -0.8054
vn 0.8181 0.0576 -0.5721
vn 0.5731 0.0576 -0.8174
vn 0.8871 0.3615 -0.2871
vn 0.9143 0.2776 -0.2948
vn 0.7637 0.361 -0.5352
vn 0.7637 0.361 -0.5351
vn 0.9143 0.2776 -0.2948
vn 0.787 0.2781 -0.5507
vn 0.965 0.0732 0.2519
vn 0.9956 0.0325 0.0878
vn 0.9467 0.1759 0.2699
vn 0.965 0.0731 0.252
vn 0.8828 0.0579 0.4661
vn 0.9635 -0.1387 0.2292
vn 0.9635 -0.1386 0.2292
vn 0.8828 0.0579 0.4661
vn 0.8803 -0.0997 0.4637
vn 0.9323 0.1885 -0.3089
vn 0.9143 0.2776 -0.2949
vn 0.9695 0.2041 -0.136
vn 0.9695 0.2041 -0.136
vn 0.9143 0.2776 -0.2948
vn 0.9555 0.2789 -0.0965
vn 0.8484 -0.3308 0.4133
vn 0.6698 -0.3175 0.6712
vn 0.7603 -0.5451 0.3533
vn 0.7603 -0.5451 0.3533
vn 0.6698 -0.3175 0.6712
vn 0.5936 -0.5451 0.592
vn 0.0573 -0.6636 0.7458
vn 0.309 -0.6636 0.6813
vn 0.0692 -0.6401 0.7652
vn 0.0692 -0.6401 0.7652
vn 0.309 -0.6636 0.6813
vn 0.3267 -0.6401 0.6954
vn -0.1085 0.9078 0.4052
vn 0.0366 0.9078 0.4179
vn -0.0793 0.9487 0.3062
vn -0.0793 0.9487 0.3062
vn 0.0366 0.9078 0.4179
vn 0.0302 0.9487 0.3148
vn -0.8003 -0.5543 0.2286
vn -0.7415 -0.6401 0.201
vn -0.6861 -0.5451 0.4818
vn -0.6861 -0.5451 0.4818
vn -0.7415 -0.6401 0.201
vn -0.6281 -0.6401 0.4425
vn -0.9033 -0.3171 0.2891
vn -0.9253 -0.3727 0.0698
vn -0.8003 -0.5543 0.2286
vn -0.8003 -0.5543 0.2286
vn -0.9253 -0.3727 0.0697
vn -0.8258 -0.5616 0.0517
vn -0.9329 -0.193 -0.3041
vn -0.8366 -0.322 -0.4432
vn -0.8779 -0.3993 -0.2643
vn -0.9775 -0.1929 -0.0856
vn -0.9253 -0.3727 0.0698
vn -0.9826 -0.1261 0.1362
vn -0.7043 -0.0997 -0.7028
vn -0.6698 -0.3176 -0.6712
vn -0.8793 -0.098 -0.4661
vn -0.8793 -0.098 -0.4661
vn -0.6698 -0.3176 -0.6712
vn -0.8366 -0.322 -0.4432
vn -0.3553 -0.5451 -0.7594
vn -0.3267 -0.6401 -0.6954
vn -0.5936 -0.5451 -0.592
vn -0.5936 -0.5451 -0.592
vn -0.3267 -0.6401 -0.6954
vn -0.5448 -0.6401 -0.5417
vn 0.0827 -0.3157 -0.9452
vn 0.2464 -0.3175 -0.9157
vn 0.0736 -0.5359 -0.8411
vn 0.0736 -0.5359 -0.8411
vn 0.2464 -0.3175 -0.9157
vn 0.2159 -0.5451 -0.8101
vn 0.259 0.0576 -0.9642
vn 0.5731 0.0576 -0.8174
vn 0.2566 -0.0997 -0.9614
vn 0.2566 -0.0997 -0.9614
vn 0.5731 0.0576 -0.8174
vn 0.5699 -0.0997 -0.8157
vn 0.5512 0.2781 -0.7867
vn 0.787 0.2781 -0.5508
vn 0.5634 0.1839 -0.8054
vn 0.5634 0.1839 -0.8054
vn 0.787 0.2781 -0.5508
vn 0.8049 0.184 -0.5641
vn 0.7264 0.4626 -0.5083
vn 0.8441 0.4624 -0.2715
vn 0.7637 0.361 -0.5351
vn 0.7637 0.361 -0.5351
vn 0.8441 0.4624 -0.2715
vn 0.8871 0.3615 -0.2871
vn 0.8828 0.0579 0.4661
vn 0.965 0.0732 0.252
vn 0.8713 0.1814 0.4561
vn 0.8712 0.1814 0.4561
vn 0.965 0.0731 0.252
vn 0.9467 0.1759 0.2699
vn 0.7043 -0.0997 0.7029
vn 0.6698 -0.3175 0.6712
vn 0.8803 -0.0997 0.4638
vn 0.8803 -0.0997 0.4637
vn 0.6698 -0.3175 0.6712
vn 0.8484 -0.3308 0.4133
vn 0.9555 0.2789 -0.0965
vn 0.9143 0.2776 -0.2949
vn 0.9293 0.3634 -0.0656
vn 0.9293 0.3634 -0.0656
vn 0.9143 0.2776 -0.2949
vn 0.8871 0.3615 -0.2871
vn 0.9695 0.2041 -0.136
vn 0.9555 0.2789 -0.0965
vn 0.9524 0.293 0.084
vn 0.3553 -0.5451 0.7594
vn 0.3267 -0.6401 0.6954
vn 0.5936 -0.5451 0.592
vn 0.5936 -0.5451 0.592
vn 0.3267 -0.6401 0.6954
vn 0.5448 -0.6401 0.5417
vn -0.4355 -0.6636 0.6082
vn -0.2012 -0.6636 0.7205
vn -0.4389 -0.6401 0.6306
vn -0.4388 -0.6401 0.6306
vn -0.2012 -0.6636 0.7205
vn -0.1967 -0.6401 0.7427
vn -0.7773 -0.3175 0.5431
vn -0.9033 -0.3171 0.2891
vn -0.6861 -0.5451 0.4818
vn -0.6861 -0.5451 0.4818
vn -0.9033 -0.3171 0.2891
vn -0.8003 -0.5543 0.2286
vn -0.9253 -0.3727 0.0698
vn -0.9033 -0.3171 0.2891
vn -0.9826 -0.1261 0.1362
vn -0.9826 -0.1261 0.1362
vn -0.9033 -0.3171 0.2891
vn -0.9442 -0.1059 0.312
vn -0.966 0.0588 -0.2518
vn -0.8826 0.0574 -0.4666
vn -0.9549 -0.0646 -0.29
vn -0.9549 -0.0646 -0.29
vn -0.8826 0.0574 -0.4666
vn -0.8793 -0.098 -0.4661
vn -0.9926 0.0837 -0.0875
vn -0.966 0.0588 -0.2519
vn -0.9957 -0.0295 -0.0878
vn -0.9957 -0.0295 -0.0878
vn -0.966 0.0588 -0.2518
vn -0.9549 -0.0646 -0.2899
vn -0.8826 0.0574 -0.4666
vn -0.7056 0.0576 -0.7063
vn -0.8793 -0.098 -0.4661
vn -0.8793 -0.098 -0.4661
vn -0.7055 0.0576 -0.7063
vn -0.7043 -0.0997 -0.7028
vn -0.6698 -0.3176 -0.6712
vn -0.3998 -0.3175 -0.8598
vn -0.5936 -0.5451 -0.592
vn -0.5936 -0.5451 -0.592
vn -0.3998 -0.3175 -0.8598
vn -0.3553 -0.5451 -0.7593
vn -0.2174 -0.5426 -0.8114
vn -0.2003 -0.6334 -0.7475
vn -0.3553 -0.5451 -0.7593
vn -0.3553 -0.5451 -0.7593
vn -0.2003 -0.6333 -0.7475
vn -0.3267 -0.6401 -0.6954
vn 0.2566 -0.0997 -0.9614
vn 0.2464 -0.3175 -0.9157
vn 0.0867 -0.0976 -0.9914
vn 0.0867 -0.0976 -0.9914
vn 0.2464 -0.3175 -0.9157
vn 0.0827 -0.3157 -0.9452
vn 0.5634 0.1839 -0.8054
vn 0.5731 0.0576 -0.8174
vn 0.254 0.184 -0.9496
vn 0.254 0.184 -0.9496
vn 0.5731 0.0576 -0.8174
vn 0.259 0.0576 -0.9642
vn 0.7637 0.361 -0.5352
vn 0.787 0.2781 -0.5508
vn 0.5347 0.361 -0.7641
vn 0.5346 0.361 -0.7641
vn 0.787 0.2781 -0.5508
vn 0.5512 0.2781 -0.7867
vn 0.7893 0.5715 -0.2247
vn 0.8441 0.4624 -0.2715
vn 0.6768 0.5636 -0.4736
vn 0.6768 0.5636 -0.4735
vn 0.8441 0.4624 -0.2715
vn 0.7263 0.4626 -0.5083
vn 0.8517 0.2503 0.4604
vn 0.8713 0.1814 0.4561
vn 0.9289 0.2215 0.2968
vn 0.9289 0.2215 0.2968
vn 0.8713 0.1813 0.4561
vn 0.9467 0.176 0.2699
vn 0.8828 0.0579 0.4661
vn 0.7055 0.0576 0.7064
vn 0.8803 -0.0997 0.4638
vn 0.8803 -0.0997 0.4638
vn 0.7055 0.0576 0.7064
vn 0.7043 -0.0997 0.7029
vn 0.8441 0.4624 -0.2715
vn 0.8727 0.485 -0.0558
vn 0.8871 0.3615 -0.2871
vn 0.8871 0.3615 -0.2871
vn 0.8727 0.485 -0.0558
vn 0.9293 0.3634 -0.0656
vn 0.9555 0.2789 -0.0965
vn 0.9293 0.3635 -0.0656
vn 0.9524 0.293 0.084
vn 0.9293 0.3635 -0.0656
vn 0.9242 0.3731 0.0815
vn 0.6698 -0.3175 0.6712
vn 0.3998 -0.3175 0.8598
vn 0.5936 -0.5451 0.592
vn 0.5936 -0.5451 0.592
vn 0.3998 -0.3175 0.8598
vn 0.3553 -0.5451 0.7593
vn -0.2012 -0.6636 0.7205
vn 0.0573 -0.6636 0.7459
vn -0.1967 -0.6401 0.7427
vn -0.1967 -0.6401 0.7427
vn 0.0573 -0.6636 0.7459
vn 0.0692 -0.6401 0.7652
vn -0.6861 -0.5451 0.4818
vn -0.6281 -0.6401 0.4425
vn -0.48 -0.5451 0.6874
vn -0.4799 -0.5451 0.6874
vn -0.6281 -0.6401 0.4425
vn -0.4388 -0.6401 0.6306
vn -0.9441 -0.1059 0.312
vn -0.9033 -0.3171 0.2891
vn -0.8145 -0.0997 0.5716
vn -0.8145 -0.0997 0.5715
vn -0.9033 -0.3171 0.2891
vn -0.7773 -0.3175 0.5431
vn -0.9826 -0.1261 0.1362
vn -0.9441 -0.1059 0.312
vn -0.9876 0.0119 0.1568
vn -0.9876 0.0119 0.1568
vn -0.9441 -0.1059 0.312
vn -0.9454 0.033 0.3243
vn -0.8694 0.1838 -0.4586
vn -0.8826 0.0574 -0.4666
vn -0.9479 0.2232 -0.2272
vn -0.9479 0.2232 -0.2272
vn -0.8826 0.0574 -0.4666
vn -0.966 0.0588 -0.2518
vn -0.976 0.2067 -0.0691
vn -0.9479 0.2232 -0.2273
vn -0.9926 0.0836 -0.0875
vn -0.9926 0.0836 -0.0875
vn -0.9479 0.2232 -0.2273
vn -0.966 0.0588 -0.2519
vn -0.6954 0.1839 -0.6947
vn -0.7055 0.0576 -0.7063
vn -0.8694 0.1838 -0.4586
vn -0.8694 0.1838 -0.4586
vn -0.7056 0.0576 -0.7063
vn -0.8826 0.0574 -0.4666
vn -0.4214 -0.0997 -0.9014
vn -0.3998 -0.3175 -0.8598
vn -0.7043 -0.0997 -0.7028
vn -0.7043 -0.0997 -0.7028
vn -0.3998 -0.3175 -0.8598
vn -0.6698 -0.3175 -0.6712
vn -0.3998 -0.3175 -0.8598
vn -0.246 -0.3106 -0.9182
vn -0.3553 -0.5451 -0.7593
vn -0.3553 -0.5451 -0.7593
vn -0.246 -0.3106 -0.9182
vn -0.2174 -0.5426 -0.8114
vn 0.087 0.057 -0.9946
vn 0.259 0.0576 -0.9642
vn 0.0867 -0.0976 -0.9914
vn 0.0867 -0.0976 -0.9914
vn 0.259 0.0576 -0.9642
vn 0.2565 -0.0997 -0.9614
vn 0.2488 0.2781 -0.9278
vn 0.5511 0.2781 -0.7867
vn 0.254 0.1839 -0.9496
vn 0.254 0.184 -0.9496
vn 0.5511 0.2781 -0.7867
vn 0.5634 0.1839 -0.8054
vn 0.5087 0.4626 -0.7261
vn 0.7263 0.4626 -0.5083
vn 0.5346 0.361 -0.7641
vn 0.5347 0.361 -0.7641
vn 0.7263 0.4626 -0.5083
vn 0.7637 0.361 -0.5352
vn 0.6169 0.657 -0.4333
vn 0.7279 0.657 -0.1962
vn 0.6768 0.5636 -0.4735
vn 0.6768 0.5636 -0.4735
vn 0.7279 0.657 -0.1962
vn 0.7893 0.5715 -0.2247
vn 0.9098 0.3365 0.2431
vn 0.8821 0.3212 0.3446
vn 0.9289 0.2215 0.2968
vn 0.6954 0.1839 0.6947
vn 0.7055 0.0576 0.7064
vn 0.8713 0.1814 0.4561
vn 0.8713 0.1814 0.4561
vn 0.7055 0.0576 0.7064
vn 0.8828 0.0579 0.4661
vn 0.4214 -0.0997 0.9014
vn 0.3998 -0.3175 0.8598
vn 0.7043 -0.0997 0.7029
vn 0.7043 -0.0997 0.7029
vn 0.3998 -0.3175 0.8598
vn 0.6698 -0.3175 0.6712
vn 0.8113 0.5838 0.0308
vn 0.8728 0.485 -0.0558
vn 0.7893 0.5715 -0.2247
vn 0.7893 0.5715 -0.2247
vn 0.8728 0.485 -0.0558
vn 0.8441 0.4624 -0.2715
vn 0.9293 0.3635 -0.0656
vn 0.8727 0.485 -0.0558
vn 0.9242 0.3731 0.0815
vn 0.9242 0.3731 0.0815
vn 0.8728 0.485 -0.0558
vn 0.9078 0.4105 0.086
vn 0.8727 0.485 -0.0558
vn 0.864 0.4898 0.1168
vn 0.9078 0.4105 0.086
vn 0.0742 -0.5451 0.8351
vn 0.0691 -0.6401 0.7652
vn 0.3553 -0.5451 0.7593
vn 0.3553 -0.5451 0.7593
vn 0.0691 -0.6401 0.7652
vn 0.3267 -0.6401 0.6954
vn -0.5447 -0.3175 0.7762
vn -0.7773 -0.3175 0.5431
vn -0.48 -0.5451 0.6874
vn -0.48 -0.5451 0.6874
vn -0.7773 -0.3175 0.5431
vn -0.6861 -0.5451 0.4818
vn -0.8104 0.0464 0.5841
vn -0.9454 0.033 0.3243
vn -0.8145 -0.0997 0.5715
vn -0.8145 -0.0997 0.5715
vn -0.9454 0.033 0.3243
vn -0.9441 -0.1059 0.312
vn -0.9454 0.033 0.3243
vn -0.9132 0.1425 0.3817
vn -0.9656 0.1556 0.2082
vn -0.9876 0.0119 0.1568
vn -0.9454 0.033 0.3243
vn -0.9656 0.1556 0.2083
vn -0.9373 0.3065 -0.1662
vn -0.8612 0.288 -0.4189
vn -0.9479 0.2232 -0.2273
vn -0.9479 0.2232 -0.2273
vn -0.8612 0.288 -0.4189
vn -0.8694 0.1838 -0.4586
vn -0.976 0.2067 -0.0691
vn -0.9373 0.3065 -0.1662
vn -0.9479 0.2231 -0.2272
vn -0.8612 0.288 -0.4189
vn -0.6791 0.2781 -0.6794
vn -0.8694 0.1838 -0.4586
vn -0.8694 0.1838 -0.4586
vn -0.6791 0.2781 -0.6794
vn -0.6953 0.184 -0.6947
vn -0.7055 0.0576 -0.7063
vn -0.4213 0.0576 -0.9051
vn -0.7043 -0.0997 -0.7028
vn -0.7043 -0.0997 -0.7028
vn -0.4213 0.0576 -0.9051
vn -0.4214 -0.0997 -0.9014
vn -0.2576 -0.0988 -0.9612
vn -0.246 -0.3106 -0.9182
vn -0.4214 -0.0997 -0.9014
vn -0.4214 -0.0997 -0.9014
vn -0.246 -0.3106 -0.9182
vn -0.3999 -0.3175 -0.8598
vn 0.254 0.1839 -0.9496
vn 0.259 0.0576 -0.9642
vn 0.0857 0.1807 -0.9798
vn 0.259 0.0576 -0.9642
vn 0.087 0.057 -0.9946
vn 0.5346 0.361 -0.7641
vn 0.5511 0.2781 -0.7867
vn 0.2411 0.361 -0.9009
vn 0.2411 0.361 -0.9009
vn 0.5511 0.2781 -0.7867
vn 0.2488 0.2781 -0.9278
vn 0.6768 0.5636 -0.4735
vn 0.7263 0.4626 -0.5083
vn 0.474 0.5636 -0.6765
vn 0.474 0.5636 -0.6765
vn 0.7263 0.4626 -0.5083
vn 0.5087 0.4626 -0.7261
vn 0.6685 0.7226 -0.176
vn 0.7279 0.657 -0.1962
vn 0.568 0.7226 -0.394
vn 0.568 0.7226 -0.394
vn 0.7279 0.657 -0.1962
vn 0.6169 0.657 -0.4333
vn 0.8294 0.4105 0.379
vn 0.8821 0.3212 0.3446
vn 0.9098 0.3365 0.2431
vn 0.8517 0.2503 0.4604
vn 0.8821 0.3212 0.3446
vn 0.7865 0.3215 0.5273
vn 0.8517 0.2503 0.4604
vn 0.6719 0.269 0.69
vn 0.8713 0.1813 0.4561
vn 0.8713 0.1813 0.4561
vn 0.6719 0.269 0.69
vn 0.6953 0.184 0.6947
vn 0.7055 0.0576 0.7064
vn 0.4213 0.0576 0.9051
vn 0.7043 -0.0997 0.7029
vn 0.7043 -0.0997 0.7029
vn 0.4213 0.0576 0.9051
vn 0.4214 -0.0997 0.9014
vn 0.7279 0.657 -0.1962
vn 0.754 0.6562 0.0292
vn 0.7893 0.5715 -0.2247
vn 0.7893 0.5715 -0.2247
vn 0.754 0.6562 0.0292
vn 0.8113 0.5838 0.0307
vn 0.864 0.4898 0.1168
vn 0.8727 0.485 -0.0558
vn 0.8113 0.5838 0.0308
vn 0.864 0.4898 0.1168
vn 0.8246 0.5347 0.1846
vn 0.9078 0.4105 0.086
vn 0.3998 -0.3175 0.8598
vn 0.0817 -0.3175 0.9447
vn 0.3553 -0.5451 0.7593
vn 0.3553 -0.5451 0.7593
vn 0.0817 -0.3175 0.9447
vn 0.0742 -0.5451 0.8351
vn -0.48 -0.5451 0.6874
vn -0.4389 -0.6401 0.6306
vn -0.2159 -0.5451 0.8101
vn -0.2159 -0.5451 0.8101
vn -0.4389 -0.6401 0.6306
vn -0.1967 -0.6401 0.7427
vn -0.8145 -0.0997 0.5715
vn -0.7773 -0.3175 0.5431
vn -0.5699 -0.0997 0.8157
vn -0.5699 -0.0997 0.8157
vn -0.5447 -0.3175 0.7762
vn -0.9454 0.033 0.3243
vn -0.8104 0.0464 0.5841
vn -0.9132 0.1425 0.3817
vn -0.9132 0.1425 0.3817
vn -0.8104 0.0464 0.5841
vn -0.7757 0.1842 0.6037
vn -0.9656 0.1556 0.2082
vn -0.9132 0.1425 0.3817
vn -0.9375 0.2542 0.2375
vn -0.9375 0.2542 0.2375
vn -0.9132 0.1425 0.3817
vn -0.8774 0.2783 0.3909
vn -0.8453 0.361 -0.3938
vn -0.8612 0.288 -0.4189
vn -0.9194 0.3644 -0.148
vn -0.9194 0.3644 -0.1479
vn -0.8612 0.288 -0.4189
vn -0.9373 0.3065 -0.1662
vn -0.9492 0.3146 -0.0005
vn -0.9373 0.3065 -0.1662
vn -0.976 0.2067 -0.0691
vn -0.6596 0.361 -0.6592
vn -0.679 0.2781 -0.6794
vn -0.8453 0.361 -0.3938
vn -0.8453 0.361 -0.3938
vn -0.679 0.2781 -0.6794
vn -0.8612 0.288 -0.4189
vn -0.4158 0.1839 -0.8907
vn -0.4214 0.0576 -0.9051
vn -0.6953 0.184 -0.6947
vn -0.6953 0.184 -0.6947
vn -0.4214 0.0576 -0.9051
vn -0.7055 0.0576 -0.7063
vn -0.4213 0.0576 -0.9051
vn -0.2584 0.0565 -0.9644
vn -0.4214 -0.0997 -0.9014
vn -0.4214 -0.0997 -0.9014
vn -0.2584 0.0565 -0.9644
vn -0.2576 -0.0988 -0.9612
vn 0.0838 0.2747 -0.9579
vn 0.2488 0.2781 -0.9278
vn 0.0857 0.1807 -0.9798
vn 0.0857 0.1807 -0.9798
vn 0.2488 0.2781 -0.9278
vn 0.254 0.1839 -0.9496
vn 0.2297 0.4626 -0.8563
vn 0.5087 0.4626 -0.7261
vn 0.2411 0.361 -0.9009
vn 0.2411 0.361 -0.9009
vn 0.5087 0.4626 -0.7261
vn 0.5346 0.361 -0.7641
vn 0.4315 0.657 -0.6182
vn 0.6169 0.657 -0.4333
vn 0.4741 0.5636 -0.6765
vn 0.4741 0.5636 -0.6765
vn 0.6169 0.657 -0.4333
vn 0.6768 0.5636 -0.4735
vn 0.5449 0.7416 -0.3913
vn 0.6458 0.7416 -0.1813
vn 0.568 0.7226 -0.394
vn 0.568 0.7226 -0.394
vn 0.6458 0.7416 -0.1813
vn 0.6685 0.7226 -0.176
vn 0.8821 0.3212 0.3446
vn 0.8294 0.4105 0.379
vn 0.7865 0.3215 0.5273
vn 0.8294 0.4105 0.379
vn 0.8098 0.4484 0.3783
vn 0.7865 0.3214 0.5273
vn 0.8098 0.4484 0.3783
vn 0.7411 0.4539 0.4947
vn 0.7865 0.3215 0.5273
vn 0.6253 0.3602 0.6922
vn 0.6719 0.269 0.69
vn 0.7865 0.3215 0.5273
vn 0.7865 0.3215 0.5273
vn 0.6719 0.269 0.69
vn 0.8517 0.2503 0.4604
vn 0.4158 0.1839 0.8907
vn 0.4214 0.0576 0.9051
vn 0.6953 0.184 0.6947
vn 0.6953 0.184 0.6947
vn 0.4214 0.0576 0.9051
vn 0.7055 0.0576 0.7064
vn 0.0877 -0.0997 0.9911
vn 0.0817 -0.3175 0.9447
vn 0.4214 -0.0997 0.9014
vn 0.4214 -0.0997 0.9014
vn 0.0817 -0.3175 0.9447
vn 0.3999 -0.3175 0.8598
vn 0.6842 0.7275 0.0514
vn 0.754 0.6562 0.0291
vn 0.6685 0.7226 -0.176
vn 0.6685 0.7226 -0.176
vn 0.754 0.6562 0.0291
vn 0.7279 0.657 -0.1962
vn 0.864 0.4898 0.1168
vn 0.8113 0.5838 0.0308
vn 0.8246 0.5347 0.1846
vn 0.8246 0.5347 0.1846
vn 0.8113 0.5838 0.0308
vn 0.7893 0.5863 0.1824
vn -0.2159 -0.5451 0.8101
vn -0.1967 -0.6401 0.7427
vn 0.0742 -0.5451 0.8351
vn 0.0742 -0.5451 0.8351
vn -0.1967 -0.6401 0.7427
vn 0.0692 -0.6401 0.7652
vn -0.2464 -0.3175 0.9157
vn -0.5447 -0.3175 0.7762
vn -0.2159 -0.5451 0.8101
vn -0.2159 -0.5451 0.8101
vn -0.5447 -0.3175 0.7762
vn -0.48 -0.5451 0.6874
vn -0.5731 0.0576 0.8174
vn -0.8104 0.0464 0.5841
vn -0.5699 -0.0997 0.8156
vn -0.5699 -0.0997 0.8156
vn -0.8104 0.0464 0.5841
vn -0.8145 -0.0997 0.5716
vn -0.7581 0.2776 0.5901
vn -0.8774 0.2783 0.3908
vn -0.7757 0.1842 0.6037
vn -0.7757 0.1842 0.6037
vn -0.8774 0.2783 0.3908
vn -0.9132 0.1425 0.3817
vn -0.9375 0.2542 0.2375
vn -0.8774 0.2783 0.3908
vn -0.9124 0.3288 0.2438
vn -0.8774 0.2783 0.3908
vn -0.8446 0.3393 0.4143
vn -0.8744 0.4668 -0.1319
vn -0.8034 0.4626 -0.3749
vn -0.9194 0.3644 -0.1479
vn -0.9194 0.3644 -0.1479
vn -0.8034 0.4626 -0.3749
vn -0.8453 0.361 -0.3938
vn -0.9227 0.3848 0.0225
vn -0.9194 0.3644 -0.1479
vn -0.9492 0.3145 -0.0005
vn -0.9492 0.3145 -0.0005
vn -0.9194 0.3644 -0.1479
vn -0.9373 0.3065 -0.1662
vn -0.8034 0.4626 -0.3749
vn -0.6267 0.4626 -0.627
vn -0.8453 0.361 -0.3938
vn -0.8453 0.361 -0.3938
vn -0.6267 0.4626 -0.627
vn -0.6596 0.361 -0.6592
vn -0.679 0.2781 -0.6794
vn -0.4057 0.2781 -0.8707
vn -0.6954 0.1839 -0.6947
vn -0.6953 0.184 -0.6947
vn -0.4057 0.2781 -0.8707
vn -0.4158 0.1839 -0.8907
vn -0.2545 0.1818 -0.9498
vn -0.2584 0.0565 -0.9644
vn -0.4158 0.184 -0.8907
vn -0.4158 0.184 -0.8907
vn -0.2584 0.0565 -0.9644
vn -0.4214 0.0576 -0.9051
vn 0.2411 0.361 -0.9009
vn 0.2488 0.2781 -0.9278
vn 0.0815 0.3552 -0.9312
vn 0.0815 0.3552 -0.9312
vn 0.2488 0.2781 -0.9278
vn 0.0838 0.2748 -0.9579
vn 0.474 0.5636 -0.6765
vn 0.5087 0.4626 -0.7261
vn 0.2141 0.5636 -0.7978
vn 0.2141 0.5636 -0.7978
vn 0.5087 0.4626 -0.7261
vn 0.2297 0.4626 -0.8563
vn 0.568 0.7226 -0.394
vn 0.6169 0.657 -0.4333
vn 0.399 0.7226 -0.5645
vn 0.399 0.7226 -0.5645
vn 0.6169 0.657 -0.4333
vn 0.4315 0.657 -0.6182
vn 0.6458 0.7416 -0.1813
vn 0.5449 0.7416 -0.3913
vn 0.8977 0.3668 -0.2442
vn 0.8977 0.3668 -0.2442
vn 0.5449 0.7416 -0.3913
vn 0.76 0.3668 -0.5365
vn 0.7051 0.5399 0.4598
vn 0.7411 0.4539 0.4947
vn 0.8099 0.4484 0.3783
vn 0.6038 0.4432 0.6626
vn 0.6253 0.3602 0.6922
vn 0.7411 0.4539 0.4947
vn 0.7411 0.4539 0.4947
vn 0.6253 0.3603 0.6922
vn 0.7865 0.3214 0.5273
vn 0.6719 0.269 0.69
vn 0.4057 0.2781 0.8707
vn 0.6954 0.1839 0.6947
vn 0.6953 0.184 0.6947
vn 0.4057 0.2781 0.8707
vn 0.4158 0.184 0.8907
vn 0.4213 0.0576 0.9051
vn 0.0864 0.0576 0.9946
vn 0.4214 -0.0997 0.9014
vn 0.4214 -0.0997 0.9014
vn 0.0864 0.0576 0.9946
vn 0.0877 -0.0997 0.9911
vn 0.6458 0.7416 -0.1813
vn 0.6689 0.7416 0.0505
vn 0.6685 0.7226 -0.176
vn 0.6685 0.7226 -0.176
vn 0.6689 0.7416 0.0505
vn 0.6842 0.7275 0.0514
vn 0.8113 0.5838 0.0307
vn 0.754 0.6562 0.0291
vn 0.7893 0.5863 0.1824
vn 0.7893 0.5863 0.1824
vn 0.754 0.6562 0.0291
vn 0.7131 0.666 0.219
vn 0.0817 -0.3175 0.9447
vn -0.2464 -0.3175 0.9157
vn 0.0742 -0.5451 0.8351
vn 0.0742 -0.5451 0.8351
vn -0.2159 -0.5451 0.8101
vn -0.5699 -0.0997 0.8156
vn -0.5447 -0.3175 0.7762
vn -0.2565 -0.0997 0.9614
vn -0.2565 -0.0997 0.9614
vn -0.5447 -0.3175 0.7762
vn -0.2464 -0.3175 0.9157
vn -0.7757 0.1842 0.6037
vn -0.8104 0.0464 0.584
vn -0.5634 0.184 0.8054
vn -0.5634 0.184 0.8054
vn -0.8104 0.0464 0.584
vn -0.5731 0.0576 0.8174
vn -0.8774 0.2783 0.3909
vn -0.7581 0.2776 0.5901
vn -0.8445 0.3393 0.4143
vn -0.8445 0.3393 0.4143
vn -0.7581 0.2776 0.5901
vn -0.746 0.336 0.575
vn -0.8446 0.3393 0.4142
vn -0.8303 0.4106 0.3769
vn -0.9124 0.3288 0.2438
vn -0.7485 0.5636 -0.3494
vn -0.8034 0.4626 -0.3749
vn -0.8185 0.5633 -0.1129
vn -0.8185 0.5633 -0.1129
vn -0.8034 0.4626 -0.3749
vn -0.8744 0.4669 -0.1319
vn -0.9194 0.3644 -0.1479
vn -0.9227 0.3848 0.0225
vn -0.8744 0.4668 -0.1319
vn -0.9227 0.3848 0.0225
vn -0.907 0.4196 0.0369
vn -0.8744 0.4669 -0.1319
vn -0.907 0.4195 0.037
vn -0.8747 0.4813 0.0571
vn -0.8744 0.4668 -0.1319
vn -0.5839 0.5636 -0.5843
vn -0.6267 0.4626 -0.627
vn -0.7485 0.5636 -0.3494
vn -0.7485 0.5636 -0.3494
vn -0.6267 0.4626 -0.627
vn -0.8034 0.4626 -0.3749
vn -0.3944 0.361 -0.8451
vn -0.4057 0.2781 -0.8707
vn -0.6596 0.361 -0.6592
vn -0.6596 0.361 -0.6592
vn -0.4057 0.2781 -0.8707
vn -0.679 0.2781 -0.6794
vn -0.4057 0.2781 -0.8707
vn -0.2489 0.2736 -0.9291
vn -0.4158 0.184 -0.8906
vn -0.4158 0.184 -0.8906
vn -0.249 0.2736 -0.9291
vn -0.2545 0.1818 -0.9498
vn 0.0774 0.4587 -0.8852
vn 0.2297 0.4626 -0.8563
vn 0.0815 0.3552 -0.9313
vn 0.0815 0.3552 -0.9313
vn 0.2297 0.4626 -0.8563
vn 0.2411 0.361 -0.9009
vn 0.194 0.657 -0.7285
vn 0.4315 0.657 -0.6182
vn 0.2141 0.5636 -0.7978
vn 0.2141 0.5636 -0.7978
vn 0.4315 0.657 -0.6182
vn 0.474 0.5636 -0.6765
vn 0.3782 0.7416 -0.554
vn 0.5449 0.7416 -0.3913
vn 0.399 0.7226 -0.5645
vn 0.399 0.7226 -0.5645
vn 0.5449 0.7416 -0.3913
vn 0.568 0.7226 -0.394
vn 0.7051 0.5398 0.4598
vn 0.645 0.5438 0.5369
vn 0.7411 0.4539 0.4947
vn 0.7411 0.4539 0.4947
vn 0.645 0.5438 0.5369
vn 0.6038 0.4432 0.6626
vn 0.3944 0.361 0.8451
vn 0.4057 0.2781 0.8707
vn 0.6253 0.3602 0.6922
vn 0.6253 0.3602 0.6922
vn 0.4057 0.2781 0.8707
vn 0.6719 0.269 0.6901
vn 0.0861 0.1839 0.9792
vn 0.0864 0.0576 0.9946
vn 0.4158 0.184 0.8907
vn 0.0864 0.0576 0.9946
vn 0.4214 0.0576 0.9051
vn -0.2566 -0.0997 0.9614
vn -0.2464 -0.3175 0.9157
vn 0.0877 -0.0997 0.9911
vn 0.0877 -0.0997 0.9911
vn -0.2464 -0.3175 0.9157
vn 0.0817 -0.3175 0.9447
vn 0.6689 0.7416 0.0505
vn 0.6458 0.7416 -0.1813
vn 0.9271 0.3668 0.0776
vn 0.9271 0.3668 0.0776
vn 0.6458 0.7416 -0.1813
vn 0.8977 0.3668 -0.2442
vn 0.6292 0.7348 0.2533
vn 0.7131 0.666 0.219
vn 0.6842 0.7274 0.0514
vn 0.6842 0.7275 0.0514
vn 0.7131 0.666 0.219
vn 0.754 0.6562 0.0291
vn 0.7893 0.5863 0.1824
vn 0.7131 0.666 0.219
vn 0.6455 0.6868 0.3341
vn -0.259 0.0576 0.9642
vn -0.5731 0.0576 0.8174
vn -0.2566 -0.0997 0.9614
vn -0.2566 -0.0997 0.9614
vn -0.5731 0.0576 0.8174
vn -0.5699 -0.0997 0.8157
vn -0.5512 0.2781 0.7867
vn -0.7581 0.2776 0.5901
vn -0.5634 0.1839 0.8054
vn -0.5634 0.184 0.8054
vn -0.7581 0.2776 0.5901
vn -0.7757 0.1842 0.6037
vn -0.8445 0.3393 0.4143
vn -0.7726 0.4445 0.4534
vn -0.8303 0.4106 0.3769
vn -0.8303 0.4106 0.3769
vn -0.7726 0.4445 0.4534
vn -0.8003 0.4688 0.3738
vn -0.7444 0.6635 -0.0759
vn -0.6837 0.657 -0.3176
vn -0.8185 0.5633 -0.1129
vn -0.8185 0.5633 -0.1129
vn -0.6837 0.657 -0.3176
vn -0.7485 0.5636 -0.3494
vn -0.8332 0.5047 0.2259
vn -0.8747 0.4813 0.0571
vn -0.907 0.4195 0.037
vn -0.8185 0.5633 -0.1129
vn -0.8744 0.4668 -0.1319
vn -0.812 0.5758 0.0955
vn -0.812 0.5758 0.0955
vn -0.8744 0.4668 -0.1319
vn -0.8747 0.4813 0.0571
vn -0.6837 0.657 -0.3176
vn -0.5339 0.657 -0.5323
vn -0.7485 0.5636 -0.3494
vn -0.7485 0.5636 -0.3494
vn -0.5339 0.657 -0.5323
vn -0.5839 0.5636 -0.5843
vn -0.6267 0.4626 -0.6271
vn -0.3745 0.4626 -0.8036
vn -0.6596 0.361 -0.6592
vn -0.6596 0.361 -0.6592
vn -0.3745 0.4626 -0.8036
vn -0.3944 0.361 -0.8451
vn -0.2417 0.3573 -0.9022
vn -0.249 0.2736 -0.9291
vn -0.3944 0.361 -0.8451
vn -0.3944 0.361 -0.8451
vn -0.249 0.2736 -0.9291
vn -0.4057 0.2781 -0.8707
vn 0.2141 0.5636 -0.7978
vn 0.2297 0.4626 -0.8563
vn 0.0725 0.5557 -0.8282
vn 0.0725 0.5557 -0.8282
vn 0.0774 0.4587 -0.8852
vn 0.399 0.7226 -0.5645
vn 0.4315 0.657 -0.6182
vn 0.1818 0.7226 -0.667
vn 0.1818 0.7226 -0.6669
vn 0.4315 0.657 -0.6182
vn 0.1941 0.657 -0.7285
vn 0.5449 0.7416 -0.3913
vn 0.3782 0.7416 -0.5541
vn 0.76 0.3668 -0.5365
vn 0.76 0.3668 -0.5365
vn 0.3782 0.7416 -0.554
vn 0.5307 0.3668 -0.7641
vn 0.8977 0.3668 -0.2442
vn 0.76 0.3668 -0.5365
vn 0.9655 -0.0337 -0.2582
vn 0.9655 -0.0337 -0.2582
vn 0.76 0.3668 -0.5365
vn 0.819 -0.0337 -0.5728
vn 0.5694 0.6214 0.5382
vn 0.645 0.5438 0.5369
vn 0.7051 0.5399 0.4598
vn 0.6037 0.4432 0.6626
vn 0.645 0.5438 0.537
vn 0.5056 0.5378 0.6747
vn 0.6038 0.4432 0.6626
vn 0.3681 0.4551 0.8108
vn 0.6253 0.3602 0.6922
vn 0.6253 0.3603 0.6922
vn 0.3681 0.4551 0.8108
vn 0.3944 0.361 0.8451
vn 0.4057 0.2781 0.8707
vn 0.0835 0.2781 0.9569
vn 0.4158 0.184 0.8906
vn 0.4158 0.184 0.8906
vn 0.0835 0.2781 0.9569
vn 0.0861 0.1839 0.9792
vn 0.0864 0.0576 0.9946
vn -0.259 0.0576 0.9642
vn 0.0877 -0.0997 0.9911
vn 0.0877 -0.0997 0.9911
vn -0.259 0.0576 0.9642
vn -0.2565 -0.0997 0.9614
vn 0.6689 0.7416 0.0505
vn 0.6095 0.7457 0.2692
vn 0.6842 0.7275 0.0514
vn 0.6842 0.7275 0.0514
vn 0.6095 0.7457 0.2692
vn 0.6292 0.7348 0.2533
vn 0.6455 0.6868 0.3341
vn 0.7131 0.666 0.219
vn 0.6292 0.7348 0.2533
vn -0.5634 0.1839 0.8054
vn -0.5731 0.0576 0.8174
vn -0.254 0.184 0.9496
vn -0.254 0.184 0.9496
vn -0.5731 0.0576 0.8174
vn -0.259 0.0576 0.9642
vn -0.746 0.336 0.575
vn -0.7581 0.2776 0.5901
vn -0.5274 0.3522 0.7731
vn -0.5274 0.3522 0.7731
vn -0.7581 0.2776 0.5901
vn -0.5512 0.2781 0.7867
vn -0.746 0.336 0.575
vn -0.6549 0.4342 0.6186
vn -0.7726 0.4445 0.4534
vn -0.8003 0.4688 0.3738
vn -0.7726 0.4445 0.4534
vn -0.7047 0.5377 0.4629
vn -0.6252 0.7226 -0.2949
vn -0.6837 0.657 -0.3176
vn -0.6884 0.7226 -0.0633
vn -0.6884 0.7226 -0.0633
vn -0.6837 0.657 -0.3176
vn -0.7444 0.6635 -0.0759
vn -0.7689 0.594 0.2367
vn -0.812 0.5758 0.0956
vn -0.8332 0.5048 0.2259
vn -0.8332 0.5047 0.2259
vn -0.812 0.5758 0.0956
vn -0.8747 0.4813 0.0571
vn -0.7222 0.6736 0.157
vn -0.7444 0.6635 -0.0759
vn -0.812 0.5758 0.0956
vn -0.812 0.5758 0.0955
vn -0.7444 0.6634 -0.0759
vn -0.8185 0.5633 -0.1129
vn -0.4867 0.7226 -0.4909
vn -0.5339 0.657 -0.5323
vn -0.6252 0.7226 -0.2949
vn -0.6252 0.7226 -0.2949
vn -0.5339 0.657 -0.5323
vn -0.6837 0.657 -0.3176
vn -0.3488 0.5636 -0.7488
vn -0.3745 0.4626 -0.8036
vn -0.5839 0.5636 -0.5843
vn -0.5839 0.5636 -0.5843
vn -0.3745 0.4626 -0.8036
vn -0.6267 0.4626 -0.627
vn -0.3745 0.4626 -0.8036
vn -0.2304 0.4554 -0.86
vn -0.3944 0.361 -0.8451
vn -0.3944 0.361 -0.8451
vn -0.2304 0.4554 -0.86
vn -0.2417 0.3573 -0.9022
vn 0.066 0.6537 -0.7539
vn 0.1941 0.657 -0.7285
vn 0.0725 0.5557 -0.8282
vn 0.0725 0.5557 -0.8282
vn 0.1941 0.657 -0.7285
vn 0.2141 0.5636 -0.7978
vn 0.1659 0.7416 -0.65
vn 0.3782 0.7416 -0.554
vn 0.1819 0.7226 -0.6669
vn 0.1819 0.7226 -0.6669
vn 0.3782 0.7416 -0.554
vn 0.399 0.7226 -0.5645
vn 0.4888 0.6408 0.592
vn 0.5056 0.5378 0.6746
vn 0.5694 0.6214 0.5382
vn 0.5694 0.6214 0.5382
vn 0.5056 0.5378 0.6747
vn 0.645 0.5438 0.5369
vn 0.3144 0.5496 0.774
vn 0.3681 0.4551 0.8108
vn 0.5056 0.5378 0.6747
vn 0.5056 0.5378 0.6746
vn 0.3681 0.4551 0.8108
vn 0.6037 0.4432 0.6626
vn 0.0816 0.361 0.929
vn 0.0835 0.2781 0.9569
vn 0.3944 0.361 0.8451
vn 0.3944 0.361 0.8451
vn 0.0835 0.2781 0.9569
vn 0.4057 0.2781 0.8707
vn -0.254 0.1839 0.9496
vn -0.259 0.0576 0.9642
vn 0.0861 0.184 0.9792
vn 0.0861 0.184 0.9792
vn -0.259 0.0576 0.9642
vn 0.0864 0.0576 0.9946
vn 0.9271 0.3668 0.0776
vn 0.8977 0.3668 -0.2442
vn 0.9956 -0.0337 0.0876
vn 0.9956 -0.0337 0.0876
vn 0.8977 0.3668 -0.2442
vn 0.9655 -0.0337 -0.2582
vn 0.6095 0.7457 0.2692
vn 0.6689 0.7416 0.0505
vn 0.8446 0.3668 0.39
vn 0.8446 0.3668 0.39
vn 0.6689 0.7416 0.0505
vn 0.9271 0.3668 0.0776
vn 0.6455 0.6868 0.3341
vn 0.6292 0.7348 0.2533
vn 0.58 0.7173 0.386
vn 0.58 0.7173 0.386
vn 0.6292 0.7348 0.2533
vn 0.5389 0.7394 0.4034
vn -0.2488 0.2781 0.9278
vn -0.5511 0.2781 0.7867
vn -0.254 0.1839 0.9496
vn -0.254 0.1839 0.9496
vn -0.5511 0.2781 0.7867
vn -0.5634 0.184 0.8054
vn -0.4708 0.4616 0.7519
vn -0.6548 0.4342 0.6186
vn -0.5274 0.3522 0.7731
vn -0.5274 0.3522 0.7731
vn -0.6548 0.4342 0.6186
vn -0.746 0.336 0.575
vn -0.7726 0.4445 0.4534
vn -0.6548 0.4342 0.6186
vn -0.7047 0.5377 0.4629
vn -0.7047 0.5377 0.4629
vn -0.6548 0.4342 0.6186
vn -0.6044 0.5572 0.5694
vn -0.6689 0.7416 -0.0505
vn -0.6113 0.7416 -0.2762
vn -0.6884 0.7226 -0.0633
vn -0.6884 0.7226 -0.0633
vn -0.6113 0.7416 -0.2762
vn -0.6252 0.7226 -0.2949
vn -0.7689 0.594 0.2367
vn -0.7222 0.6736 0.157
vn -0.812 0.5758 0.0955
vn -0.6884 0.7226 -0.0633
vn -0.7443 0.6635 -0.0759
vn -0.666 0.7266 0.1688
vn -0.666 0.7266 0.1688
vn -0.7444 0.6635 -0.0759
vn -0.7223 0.6736 0.157
vn -0.6113 0.7416 -0.2762
vn -0.48 0.7416 -0.4686
vn -0.6252 0.7226 -0.2949
vn -0.6252 0.7226 -0.2949
vn -0.48 0.7416 -0.4686
vn -0.4867 0.7226 -0.491
vn -0.5339 0.657 -0.5323
vn -0.3196 0.657 -0.6828
vn -0.5839 0.5636 -0.5843
vn -0.5839 0.5636 -0.5843
vn -0.3196 0.657 -0.6828
vn -0.3488 0.5636 -0.7488
vn -0.2145 0.5597 -0.8004
vn -0.2304 0.4554 -0.8599
vn -0.3488 0.5636 -0.7488
vn -0.3488 0.5636 -0.7488
vn -0.2304 0.4554 -0.8599
vn -0.3745 0.4626 -0.8036
vn 0.1818 0.7226 -0.667
vn 0.1941 0.657 -0.7285
vn 0.0608 0.716 -0.6954
vn 0.0608 0.716 -0.6954
vn 0.1941 0.657 -0.7285
vn 0.066 0.6537 -0.7539
vn 0.3782 0.7416 -0.554
vn 0.1659 0.7416 -0.65
vn 0.5307 0.3668 -0.7641
vn 0.5307 0.3668 -0.7641
vn 0.1659 0.7416 -0.65
vn 0.2374 0.3668 -0.8995
vn 0.76 0.3668 -0.5365
vn 0.5307 0.3668 -0.7641
vn 0.819 -0.0337 -0.5729
vn 0.819 -0.0337 -0.5728
vn 0.5307 0.3668 -0.7641
vn 0.5737 -0.0337 -0.8184
vn 0.4888 0.6408 0.5921
vn 0.4013 0.6397 0.6555
vn 0.5056 0.5377 0.6747
vn 0.3681 0.4551 0.8108
vn 0.0771 0.4626 0.8832
vn 0.3944 0.361 0.8451
vn 0.3944 0.361 0.8451
vn 0.0771 0.4626 0.8832
vn 0.0816 0.361 0.929
vn 0.0835 0.2781 0.9569
vn -0.2488 0.2781 0.9278
vn 0.0861 0.184 0.9792
vn 0.0861 0.184 0.9792
vn -0.2488 0.2781 0.9278
vn -0.254 0.1839 0.9496
vn 0.4699 0.752 0.4623
vn 0.5389 0.7394 0.4035
vn 0.6095 0.7457 0.2692
vn 0.6095 0.7457 0.2692
vn 0.5389 0.7394 0.4034
vn 0.6292 0.7348 0.2534
vn 0.58 0.7173 0.386
vn 0.5389 0.7395 0.4034
vn 0.4146 0.7542 0.5092
vn -0.5274 0.3523 0.7731
vn -0.5511 0.2781 0.7867
vn -0.2411 0.361 0.9009
vn -0.2411 0.361 0.9009
vn -0.5511 0.2781 0.7867
vn -0.2488 0.2781 0.9278
vn -0.6548 0.4342 0.6186
vn -0.4708 0.4616 0.7519
vn -0.6044 0.5572 0.5694
vn -0.6044 0.5572 0.5694
vn -0.4708 0.4616 0.7519
vn -0.4414 0.5516 0.7077
vn -0.7047 0.5377 0.4629
vn -0.6044 0.5572 0.5694
vn -0.5528 0.6089 0.5689
vn -0.6113 0.7416 -0.2762
vn -0.6689 0.7416 -0.0505
vn -0.8446 0.3668 -0.39
vn -0.8446 0.3668 -0.39
vn -0.6689 0.7416 -0.0505
vn -0.9271 0.3668 -0.0776
vn -0.665 0.6894 0.2873
vn -0.7223 0.6736 0.157
vn -0.7689 0.594 0.2367
vn -0.6458 0.7416 0.1813
vn -0.6689 0.7416 -0.0505
vn -0.666 0.7266 0.1688
vn -0.666 0.7266 0.1688
vn -0.6689 0.7416 -0.0505
vn -0.6884 0.7226 -0.0632
vn -0.4799 0.7416 -0.4687
vn -0.6113 0.7416 -0.2762
vn -0.6603 0.3668 -0.6553
vn -0.6603 0.3668 -0.6553
vn -0.6113 0.7416 -0.2762
vn -0.8446 0.3668 -0.39
vn -0.2894 0.7226 -0.6278
vn -0.3196 0.657 -0.6828
vn -0.4867 0.7226 -0.491
vn -0.4867 0.7226 -0.4909
vn -0.3196 0.657 -0.6828
vn -0.5339 0.657 -0.5323
vn -0.3196 0.657 -0.6828
vn -0.1969 0.6488 -0.735
vn -0.3488 0.5636 -0.7488
vn -0.3488 0.5636 -0.7488
vn -0.1969 0.6489 -0.735
vn -0.2145 0.5598 -0.8004
vn 0.059 0.7364 -0.674
vn 0.1659 0.7416 -0.65
vn 0.0608 0.7161 -0.6954
vn 0.0608 0.7161 -0.6954
vn 0.1659 0.7416 -0.65
vn 0.1819 0.7226 -0.6669
vn 0.3415 0.7079 0.6183
vn 0.4013 0.6397 0.6555
vn 0.4888 0.6408 0.592
vn 0.3144 0.5496 0.774
vn 0.4013 0.6397 0.6555
vn 0.2233 0.6304 0.7434
vn 0.0626 0.5566 0.8284
vn 0.0771 0.4626 0.8832
vn 0.3144 0.5496 0.774
vn 0.3144 0.5496 0.774
vn 0.0771 0.4626 0.8832
vn 0.3681 0.4551 0.8108
vn -0.2411 0.361 0.9009
vn -0.2488 0.2781 0.9278
vn 0.0816 0.361 0.929
vn 0.0816 0.361 0.929
vn -0.2488 0.2781 0.9278
vn 0.0835 0.2781 0.9569
vn 0.8446 0.3668 0.39
vn 0.9271 0.3668 0.0775
vn 0.9056 -0.0337 0.4228
vn 0.9056 -0.0337 0.4228
vn 0.9271 0.3668 0.0776
vn 0.9956 -0.0337 0.0876
vn 0.4699 0.752 0.4623
vn 0.6095 0.7457 0.2693
vn 0.6603 0.3668 0.6553
vn 0.6603 0.3668 0.6553
vn 0.6095 0.7457 0.2693
vn 0.8446 0.3668 0.39
vn 0.4146 0.7542 0.5092
vn 0.5389 0.7394 0.4034
vn 0.4699 0.752 0.4623
vn -0.2297 0.4626 0.8563
vn -0.4708 0.4616 0.7519
vn -0.2411 0.361 0.9009
vn -0.2411 0.361 0.9009
vn -0.4708 0.4616 0.7519
vn -0.5274 0.3522 0.7731
vn -0.6044 0.5572 0.5694
vn -0.4414 0.5516 0.7077
vn -0.5528 0.6089 0.5689
vn -0.5528 0.6089 0.5689
vn -0.4414 0.5516 0.7077
vn -0.4999 0.6247 0.5999
vn -0.5824 0.7369 0.3431
vn -0.666 0.7266 0.1687
vn -0.6649 0.6894 0.2873
vn -0.665 0.6894 0.2872
vn -0.666 0.7266 0.1688
vn -0.7222 0.6736 0.157
vn -0.6689 0.7416 -0.0505
vn -0.6458 0.7416 0.1813
vn -0.9271 0.3668 -0.0776
vn -0.9271 0.3668 -0.0776
vn -0.6458 0.7416 0.1813
vn -0.8977 0.3668 0.2442
vn -0.4799 0.7416 -0.4687
vn -0.2907 0.7416 -0.6045
vn -0.4867 0.7226 -0.4909
vn -0.4867 0.7226 -0.491
vn -0.2907 0.7416 -0.6045
vn -0.2894 0.7226 -0.6278
vn -0.18 0.7185 -0.6718
vn -0.1969 0.6488 -0.735
vn -0.2894 0.7226 -0.6278
vn -0.2894 0.7226 -0.6278
vn -0.1969 0.6488 -0.735
vn -0.3196 0.657 -0.6828
vn 0.1659 0.7416 -0.65
vn 0.059 0.7364 -0.674
vn 0.2374 0.3668 -0.8995
vn 0.2374 0.3668 -0.8995
vn 0.059 0.7364 -0.674
vn 0.0817 0.3488 -0.9336
vn 0.5307 0.3668 -0.7641
vn 0.2374 0.3668 -0.8995
vn 0.5736 -0.0337 -0.8184
vn 0.5736 -0.0337 -0.8184
vn 0.2374 0.3668 -0.8995
vn 0.2592 -0.0337 -0.9652
vn 0.7059 -0.6827 -0.1886
vn 0.668 -0.7206 -0.1858
vn 0.5988 -0.6827 -0.4187
vn 0.5989 -0.6827 -0.4187
vn 0.6679 -0.7207 -0.1858
vn 0.5641 -0.7206 -0.403
vn 0.2314 0.7078 0.6674
vn 0.2233 0.6304 0.7434
vn 0.3416 0.7079 0.6183
vn 0.3416 0.7079 0.6183
vn 0.2233 0.6304 0.7435
vn 0.4013 0.6397 0.6555
vn 0.0333 0.6447 0.7637
vn 0.0626 0.5566 0.8284
vn 0.2233 0.6304 0.7435
vn 0.2233 0.6304 0.7434
vn 0.0626 0.5566 0.8284
vn 0.3144 0.5496 0.774
vn 0.077 0.4626 0.8832
vn -0.2297 0.4626 0.8563
vn 0.0816 0.361 0.929
vn 0.0816 0.361 0.929
vn -0.2297 0.4626 0.8563
vn -0.2411 0.361 0.9009
vn 0.4146 0.7542 0.5092
vn 0.4699 0.752 0.4623
vn 0.3315 0.7567 0.5634
vn 0.3315 0.7567 0.5634
vn 0.4699 0.752 0.4623
vn 0.3006 0.7388 0.6032
vn -0.4414 0.5516 0.7078
vn -0.4708 0.4616 0.7519
vn -0.2089 0.5579 0.8032
vn -0.2089 0.5579 0.8032
vn -0.4708 0.4616 0.7519
vn -0.2297 0.4626 0.8563
vn -0.4414 0.5516 0.7077
vn -0.3663 0.6282 0.6864
vn -0.4999 0.6247 0.5999
vn -0.8446 0.3668 -0.39
vn -0.9271 0.3668 -0.0776
vn -0.9056 -0.0337 -0.4228
vn -0.9056 -0.0337 -0.4228
vn -0.9271 0.3668 -0.0776
vn -0.9956 -0.0337 -0.0876
vn -0.5556 0.7184 0.4185
vn -0.5824 0.7369 0.3431
vn -0.665 0.6894 0.2873
vn -0.5493 0.7455 0.3775
vn -0.6458 0.7416 0.1813
vn -0.5824 0.7369 0.3431
vn -0.5824 0.7369 0.3431
vn -0.6458 0.7416 0.1813
vn -0.666 0.7266 0.1687
vn -0.6603 0.3668 -0.6553
vn -0.8446 0.3668 -0.39
vn -0.7064 -0.0337 -0.707
vn -0.7064 -0.0337 -0.707
vn -0.8446 0.3668 -0.39
vn -0.9056 -0.0337 -0.4228
vn -0.2907 0.7416 -0.6045
vn -0.4799 0.7416 -0.4687
vn -0.3963 0.3668 -0.8417
vn -0.3964 0.3668 -0.8416
vn -0.4799 0.7416 -0.4686
vn -0.6603 0.3668 -0.6553
vn -0.2907 0.7416 -0.6045
vn -0.175 0.7366 -0.6532
vn -0.2894 0.7226 -0.6278
vn -0.2894 0.7226 -0.6278
vn -0.175 0.7366 -0.6532
vn -0.18 0.7186 -0.6718
vn 0.7533 -0.3946 -0.5262
vn 0.8878 -0.3946 -0.2369
vn 0.5989 -0.6827 -0.4187
vn 0.5989 -0.6827 -0.4187
vn 0.8878 -0.3946 -0.2369
vn 0.7059 -0.6827 -0.1886
vn 0.0333 0.6447 0.7637
vn 0.2233 0.6304 0.7435
vn 0.1089 0.7019 0.7039
vn 0.1089 0.7019 0.7039
vn 0.2233 0.6304 0.7435
vn 0.2314 0.7078 0.6674
vn -0.2089 0.5579 0.8032
vn -0.2297 0.4626 0.8563
vn 0.0626 0.5566 0.8284
vn 0.0626 0.5566 0.8284
vn 0.0771 0.4626 0.8832
vn 0.7279 -0.6827 0.0642
vn 0.6912 -0.7206 0.0539
vn 0.7059 -0.6827 -0.1886
vn 0.7059 -0.6827 -0.1886
vn 0.6912 -0.7206 0.0539
vn 0.6679 -0.7206 -0.1858
vn 0.6603 0.3668 0.6553
vn 0.8446 0.3668 0.39
vn 0.7064 -0.0337 0.7071
vn 0.7064 -0.0337 0.707
vn 0.8446 0.3668 0.39
vn 0.9056 -0.0337 0.4228
vn 0.3006 0.7388 0.6032
vn 0.4699 0.752 0.4623
vn 0.3963 0.3668 0.8417
vn 0.3964 0.3668 0.8416
vn 0.4699 0.752 0.4623
vn 0.6603 0.3668 0.6553
vn -0.1556 0.642 0.7508
vn -0.3663 0.6282 0.6865
vn -0.2089 0.5579 0.8032
vn -0.2089 0.5579 0.8032
vn -0.3663 0.6282 0.6865
vn -0.4414 0.5516 0.7077
vn -0.4999 0.6247 0.5999
vn -0.3663 0.6282 0.6865
vn -0.3508 0.7079 0.613
vn -0.5825 0.7369 0.3431
vn -0.5556 0.7185 0.4185
vn -0.459 0.7516 0.4737
vn -0.6458 0.7416 0.1813
vn -0.5493 0.7455 0.3775
vn -0.8977 0.3668 0.2442
vn -0.8977 0.3668 0.2442
vn -0.5493 0.7455 0.3775
vn -0.76 0.3668 0.5365
vn -0.9271 0.3668 -0.0776
vn -0.8977 0.3668 0.2442
vn -0.9956 -0.0337 -0.0876
vn -0.9956 -0.0337 -0.0876
vn -0.8977 0.3668 0.2442
vn -0.9655 -0.0337 0.2582
vn -0.175 0.7366 -0.6533
vn -0.2907 0.7416 -0.6045
vn -0.24 0.3744 -0.8957
vn -0.24 0.3744 -0.8957
vn -0.2907 0.7416 -0.6045
vn -0.3964 0.3668 -0.8417
vn 0.2374 0.3668 -0.8995
vn 0.0817 0.3487 -0.9337
vn 0.2591 -0.0337 -0.9653
vn 0.2591 -0.0337 -0.9652
vn 0.0795 0.3487 -0.9338
vn 0.0871 -0.0332 -0.9956
vn 0.5989 -0.6827 -0.4187
vn 0.5641 -0.7206 -0.4031
vn 0.4195 -0.6827 -0.5982
vn 0.4196 -0.6827 -0.5982
vn 0.5641 -0.7206 -0.403
vn 0.3922 -0.7206 -0.5717
vn 0.9654 0 -0.2609
vn 0.8878 -0.3946 -0.2369
vn 0.8179 0 -0.5753
vn 0.8179 0 -0.5753
vn 0.8878 -0.3946 -0.2369
vn 0.7532 -0.3946 -0.5262
vn 0.0333 0.6447 0.7637
vn 0.1089 0.7019 0.7039
vn -0.0051 0.7055 0.7087
vn 0.0333 0.6447 0.7637
vn -0.1556 0.642 0.7508
vn 0.0626 0.5566 0.8284
vn 0.0626 0.5566 0.8284
vn -0.1556 0.642 0.7508
vn -0.2089 0.5579 0.8032
vn 0.8878 -0.3946 -0.2369
vn 0.9153 -0.3946 0.0811
vn 0.7059 -0.6827 -0.1886
vn 0.7059 -0.6827 -0.1886
vn 0.9153 -0.3946 0.0811
vn 0.7279 -0.6827 0.0642
vn 0.1606 0.7828 0.6012
vn 0.3006 0.7388 0.6032
vn 0.0649 0.7469 0.6617
vn -0.3509 0.7079 0.613
vn -0.3663 0.6282 0.6865
vn -0.2359 0.6969 0.6773
vn -0.3928 0.7485 0.5343
vn -0.5493 0.7455 0.3775
vn -0.459 0.7516 0.4737
vn -0.459 0.7516 0.4737
vn -0.5493 0.7455 0.3775
vn -0.5825 0.7369 0.3431
vn -0.3964 0.3668 -0.8416
vn -0.6603 0.3668 -0.6553
vn -0.4219 -0.0337 -0.906
vn -0.4219 -0.0337 -0.906
vn -0.6603 0.3668 -0.6553
vn -0.7063 -0.0337 -0.7071
vn 0.5279 -0.3946 -0.7521
vn 0.7533 -0.3946 -0.5262
vn 0.4195 -0.6827 -0.5982
vn 0.4196 -0.6827 -0.5982
vn 0.7533 -0.3946 -0.5262
vn 0.5989 -0.6827 -0.4186
vn 0.7532 0.3946 -0.5262
vn 0.8878 0.3946 -0.2369
vn 0.8179 0 -0.5753
vn 0.8179 0 -0.5753
vn 0.8878 0.3946 -0.2369
vn 0.9654 0 -0.2609
vn -0.1556 0.642 0.7508
vn 0.0333 0.6447 0.7637
vn -0.0811 0.6892 0.72
vn -0.0811 0.6892 0.72
vn 0.0333 0.6447 0.7637
vn -0.0051 0.7055 0.7087
vn 0.9964 0 0.085
vn 0.9153 -0.3946 0.0811
vn 0.9654 0 -0.2609
vn 0.9654 0 -0.2609
vn 0.8878 -0.3946 -0.2369
vn 0.662 -0.6827 0.3093
vn 0.6311 -0.7206 0.287
vn 0.7279 -0.6827 0.0642
vn 0.7279 -0.6827 0.0642
vn 0.6311 -0.7207 0.287
vn 0.6912 -0.7206 0.0539
vn 0.3964 0.3668 0.8416
vn 0.6603 0.3668 0.6553
vn 0.4219 -0.0337 0.906
vn 0.4219 -0.0337 0.906
vn 0.6603 0.3668 0.6553
vn 0.7063 -0.0337 0.7071
vn 0.0649 0.7469 0.6617
vn 0.3006 0.7388 0.6032
vn 0.0846 0.3668 0.9265
vn 0.0846 0.3668 0.9265
vn 0.3006 0.7388 0.6032
vn 0.3964 0.3668 0.8417
vn 0.1606 0.7828 0.6012
vn 0.0649 0.7469 0.6617
vn -0.0342 0.8032 0.5947
vn -0.2359 0.6969 0.6773
vn -0.1556 0.642 0.7508
vn -0.0811 0.6892 0.72
vn -0.3091 0.7544 0.5791
vn -0.3928 0.7485 0.5343
vn -0.4589 0.7516 0.4737
vn -0.5493 0.7455 0.3775
vn -0.3928 0.7485 0.5343
vn -0.76 0.3668 0.5365
vn -0.76 0.3668 0.5365
vn -0.3928 0.7485 0.5343
vn -0.5307 0.3668 0.7641
vn -0.8977 0.3668 0.2442
vn -0.76 0.3668 0.5365
vn -0.9655 -0.0337 0.2582
vn -0.9655 -0.0337 0.2582
vn -0.76 0.3668 0.5365
vn -0.819 -0.0337 0.5728
vn -0.24 0.3744 -0.8957
vn -0.3964 0.3668 -0.8416
vn -0.2587 -0.0332 -0.9654
vn -0.2587 -0.0332 -0.9654
vn -0.3964 0.3668 -0.8416
vn -0.4219 -0.0337 -0.906
vn 0.4196 -0.6827 -0.5982
vn 0.3922 -0.7206 -0.5717
vn 0.1896 -0.6827 -0.7057
vn 0.1896 -0.6827 -0.7057
vn 0.3922 -0.7207 -0.5717
vn 0.1731 -0.7206 -0.6714
vn 0.8179 0 -0.5753
vn 0.7533 -0.3946 -0.5262
vn 0.5718 0 -0.8204
vn 0.5718 0 -0.8204
vn 0.7533 -0.3946 -0.5262
vn 0.5278 -0.3946 -0.7521
vn 0.7356 0.6499 -0.1912
vn 0.8878 0.3946 -0.2369
vn 0.6258 0.6499 -0.4313
vn 0.6258 0.6499 -0.4313
vn 0.8878 0.3946 -0.2369
vn 0.7533 0.3946 -0.5262
vn 0.8878 0.3946 -0.2369
vn 0.9153 0.3946 0.0811
vn 0.9654 0 -0.2609
vn 0.9654 0 -0.2609
vn 0.9153 0.3946 0.0811
vn 0.9964 0 0.085
vn 0.9153 -0.3946 0.0811
vn 0.8324 -0.3946 0.3892
vn 0.7279 -0.6827 0.0642
vn 0.7279 -0.6827 0.0642
vn 0.8324 -0.3946 0.3892
vn 0.662 -0.6827 0.3093
vn -0.0342 0.8032 0.5947
vn 0.0649 0.7469 0.6617
vn -0.1863 0.7422 0.6437
vn -0.662 -0.6827 -0.3093
vn -0.6311 -0.7206 -0.287
vn -0.7279 -0.6827 -0.0642
vn -0.7279 -0.6827 -0.0642
vn -0.6311 -0.7206 -0.287
vn -0.6912 -0.7206 -0.0539
vn -0.3091 0.7544 0.5791
vn -0.1863 0.7422 0.6437
vn -0.3928 0.7485 0.5343
vn -0.5163 -0.6827 -0.517
vn -0.4949 -0.7206 -0.4856
vn -0.662 -0.6827 -0.3093
vn -0.662 -0.6827 -0.3093
vn -0.4949 -0.7206 -0.4856
vn -0.6311 -0.7206 -0.287
vn 0.2388 -0.3946 -0.8873
vn 0.5279 -0.3946 -0.7521
vn 0.1896 -0.6827 -0.7056
vn 0.1896 -0.6827 -0.7057
vn 0.5279 -0.3946 -0.7521
vn 0.4196 -0.6827 -0.5982
vn 0.5278 0.3946 -0.7521
vn 0.7533 0.3946 -0.5262
vn 0.5718 0 -0.8204
vn 0.5718 0 -0.8204
vn 0.7533 0.3946 -0.5262
vn 0.8179 0 -0.5753
vn 0.2536 0.9375 -0.2382
vn 0.3473 0.9375 -0.0195
vn 0.3403 0.9203 -0.193
vn 0.3403 0.9203 -0.1931
vn 0.3473 0.9375 -0.0194
vn 0.3745 0.9182 -0.129
vn 0.7566 0.6499 0.0719
vn 0.9153 0.3946 0.0811
vn 0.7356 0.6499 -0.1912
vn 0.7356 0.6499 -0.1912
vn 0.9153 0.3946 0.0811
vn 0.8878 0.3946 -0.2369
vn 0.9072 0 0.4207
vn 0.8324 -0.3946 0.3892
vn 0.9964 0 0.085
vn 0.9964 0 0.085
vn 0.8324 -0.3946 0.3892
vn 0.9153 -0.3946 0.0811
vn 0.5163 -0.6827 0.517
vn 0.4949 -0.7206 0.4856
vn 0.662 -0.6827 0.3093
vn 0.662 -0.6827 0.3093
vn 0.4949 -0.7207 0.4855
vn 0.6311 -0.7206 0.287
vn 0.0846 0.3668 0.9264
vn 0.3964 0.3668 0.8416
vn 0.0866 -0.0337 0.9957
vn 0.0866 -0.0337 0.9957
vn 0.3964 0.3668 0.8416
vn 0.4219 -0.0337 0.906
vn -0.1864 0.7422 0.6437
vn 0.0649 0.7469 0.6617
vn -0.2374 0.3668 0.8995
vn -0.2374 0.3668 0.8995
vn 0.0649 0.7469 0.6617
vn 0.0846 0.3668 0.9265
vn -0.1284 0.7712 0.6235
vn -0.1864 0.7422 0.6437
vn -0.3091 0.7544 0.5791
vn -0.9153 -0.3946 -0.0811
vn -0.8324 -0.3946 -0.3892
vn -0.7279 -0.6827 -0.0642
vn -0.7279 -0.6827 -0.0642
vn -0.662 -0.6827 -0.3093
vn -0.3928 0.7485 0.5343
vn -0.1864 0.7422 0.6437
vn -0.5307 0.3668 0.7641
vn -0.5307 0.3668 0.7641
vn -0.1864 0.7422 0.6437
vn -0.2374 0.3668 0.8995
vn -0.76 0.3668 0.5365
vn -0.5307 0.3668 0.7641
vn -0.819 -0.0337 0.5729
vn -0.819 -0.0337 0.5728
vn -0.5307 0.3668 0.7641
vn -0.5737 -0.0337 0.8184
vn -0.7279 -0.6827 -0.0642
vn -0.6912 -0.7206 -0.0539
vn -0.7059 -0.6827 0.1886
vn -0.7059 -0.6827 0.1886
vn -0.6912 -0.7206 -0.0539
vn -0.6679 -0.7206 0.1858
vn -0.8324 -0.3946 -0.3892
vn -0.649 -0.3946 -0.6504
vn -0.662 -0.6827 -0.3093
vn -0.662 -0.6827 -0.3093
vn -0.649 -0.3946 -0.6504
vn -0.5163 -0.6827 -0.5171
vn 0.1897 -0.6827 -0.7056
vn 0.1731 -0.7206 -0.6714
vn 0.0643 -0.6755 -0.7345
vn 0.0643 -0.6755 -0.7345
vn 0.1731 -0.7206 -0.6714
vn 0.0609 -0.7153 -0.6961
vn 0.5718 0 -0.8204
vn 0.5279 -0.3946 -0.7521
vn 0.2568 0 -0.9665
vn 0.2568 0 -0.9665
vn 0.5279 -0.3946 -0.7521
vn 0.2388 -0.3946 -0.8873
vn 0.6258 0.6499 -0.4312
vn 0.7533 0.3946 -0.5262
vn 0.4406 0.6499 -0.6193
vn 0.4406 0.6499 -0.6193
vn 0.7533 0.3946 -0.5262
vn 0.5279 0.3946 -0.7521
vn 0.1436 0.9896 -0.0079
vn 0.3474 0.9375 -0.0194
vn 0.1049 0.9896 -0.0983
vn 0.1049 0.9896 -0.0983
vn 0.3474 0.9375 -0.0195
vn 0.2536 0.9375 -0.2382
vn 0.3473 0.9375 -0.0195
vn 0.3848 0.9203 0.0709
vn 0.3745 0.9182 -0.129
vn 0.9153 0.3946 0.0811
vn 0.8324 0.3946 0.3892
vn 0.9964 0 0.085
vn 0.9964 0 0.085
vn 0.8324 0.3946 0.3892
vn 0.9072 0 0.4207
vn 0.8324 -0.3946 0.3892
vn 0.649 -0.3946 0.6504
vn 0.662 -0.6827 0.3093
vn 0.662 -0.6827 0.3093
vn 0.649 -0.3946 0.6504
vn 0.5163 -0.6827 0.5171
vn -0.9072 0 -0.4207
vn -0.8324 -0.3946 -0.3892
vn -0.9964 0 -0.085
vn -0.9964 0 -0.085
vn -0.8324 -0.3946 -0.3892
vn -0.9153 -0.3946 -0.0811
vn -0.8878 -0.3946 0.2369
vn -0.9153 -0.3946 -0.0811
vn -0.7059 -0.6827 0.1886
vn -0.7059 -0.6827 0.1886
vn -0.9153 -0.3946 -0.0811
vn -0.7279 -0.6827 -0.0642
vn -0.7086 0 -0.7056
vn -0.649 -0.3946 -0.6504
vn -0.9072 0 -0.4207
vn -0.9072 0 -0.4207
vn -0.649 -0.3946 -0.6504
vn -0.8323 -0.3946 -0.3892
vn -0.3083 -0.6827 -0.6625
vn -0.299 -0.7206 -0.6255
vn -0.5163 -0.6827 -0.517
vn -0.5163 -0.6827 -0.5171
vn -0.299 -0.7206 -0.6255
vn -0.4949 -0.7206 -0.4856
vn 0.0801 -0.3955 -0.915
vn 0.2388 -0.3946 -0.8873
vn 0.0643 -0.6755 -0.7345
vn 0.0643 -0.6755 -0.7345
vn 0.2388 -0.3946 -0.8873
vn 0.1896 -0.6827 -0.7056
vn 0.2388 0.3946 -0.8873
vn 0.5279 0.3946 -0.7521
vn 0.2568 0 -0.9665
vn 0.2568 0 -0.9665
vn 0.5278 0.3946 -0.7521
vn 0.5718 0 -0.8204
vn 0.2536 0.9375 -0.2382
vn 0.3403 0.9203 -0.193
vn 0.2039 0.9182 -0.3395
vn 0.6864 0.6499 0.3264
vn 0.8324 0.3946 0.3892
vn 0.7566 0.6499 0.0719
vn 0.7566 0.6499 0.0719
vn 0.8324 0.3946 0.3892
vn 0.9153 0.3946 0.0811
vn 0.7086 0 0.7056
vn 0.649 -0.3946 0.6504
vn 0.9072 0 0.4207
vn 0.9072 0 0.4207
vn 0.649 -0.3946 0.6504
vn 0.8324 -0.3946 0.3892
vn 0.3083 -0.6827 0.6625
vn 0.299 -0.7206 0.6255
vn 0.5163 -0.6827 0.5171
vn 0.5163 -0.6827 0.517
vn 0.299 -0.7206 0.6255
vn 0.4949 -0.7206 0.4856
vn -0.2374 0.3668 0.8995
vn 0.0846 0.3668 0.9265
vn -0.2591 -0.0337 0.9652
vn -0.2591 -0.0337 0.9652
vn 0.0846 0.3668 0.9265
vn 0.0866 -0.0337 0.9957
vn -0.9153 0.3946 -0.0811
vn -0.8324 0.3946 -0.3892
vn -0.9964 0 -0.085
vn -0.9964 0 -0.085
vn -0.8324 0.3946 -0.3892
vn -0.9072 0 -0.4207
vn -0.5307 0.3668 0.7641
vn -0.2373 0.3668 0.8995
vn -0.5736 -0.0337 0.8184
vn -0.5736 -0.0337 0.8184
vn -0.2374 0.3668 0.8995
vn -0.2592 -0.0337 0.9652
vn -0.7059 -0.6827 0.1886
vn -0.6679 -0.7206 0.1858
vn -0.5988 -0.6827 0.4187
vn -0.5989 -0.6827 0.4187
vn -0.668 -0.7206 0.1858
vn -0.5641 -0.7206 0.403
vn -0.9964 0 -0.085
vn -0.9153 -0.3946 -0.0811
vn -0.9654 0 0.2609
vn -0.9654 0 0.2609
vn -0.9153 -0.3946 -0.0811
vn -0.8878 -0.3946 0.2369
vn -0.8324 0.3946 -0.3892
vn -0.649 0.3946 -0.6504
vn -0.9072 0 -0.4207
vn -0.9072 0 -0.4207
vn -0.649 0.3946 -0.6504
vn -0.7086 0 -0.7056
vn -0.649 -0.3946 -0.6504
vn -0.3874 -0.3946 -0.8332
vn -0.5163 -0.6827 -0.5171
vn -0.5163 -0.6827 -0.5171
vn -0.3874 -0.3946 -0.8332
vn -0.3083 -0.6827 -0.6625
vn -0.1901 -0.6787 -0.7094
vn -0.1809 -0.7153 -0.675
vn -0.3083 -0.6827 -0.6625
vn -0.3083 -0.6827 -0.6624
vn -0.1809 -0.7153 -0.675
vn -0.299 -0.7206 -0.6255
vn 0.2568 0 -0.9665
vn 0.2388 -0.3946 -0.8873
vn 0.0871 0 -0.9962
vn 0.0872 0 -0.9962
vn 0.2388 -0.3946 -0.8873
vn 0.08 -0.3955 -0.915
vn 0.4406 0.6499 -0.6193
vn 0.5279 0.3946 -0.7521
vn 0.2022 0.6499 -0.7326
vn 0.2022 0.6499 -0.7326
vn 0.5279 0.3946 -0.7521
vn 0.2388 0.3946 -0.8873
vn 0.3473 0.9375 -0.0194
vn 0.2786 0.9375 0.2084
vn 0.3848 0.9203 0.0709
vn 0.3848 0.9203 0.0709
vn 0.2786 0.9375 0.2084
vn 0.3698 0.9182 0.1419
vn 0.8324 0.3946 0.3892
vn 0.649 0.3946 0.6504
vn 0.9072 0 0.4207
vn 0.9072 0 0.4207
vn 0.649 0.3946 0.6504
vn 0.7086 0 0.7056
vn 0.649 -0.3946 0.6504
vn 0.3874 -0.3946 0.8332
vn 0.5163 -0.6827 0.5171
vn 0.5163 -0.6827 0.5171
vn 0.3874 -0.3946 0.8332
vn 0.3083 -0.6827 0.6625
vn -0.6864 0.6499 -0.3264
vn -0.8324 0.3946 -0.3892
vn -0.7566 0.6499 -0.0719
vn -0.7566 0.6499 -0.0719
vn -0.8324 0.3946 -0.3892
vn -0.9153 0.3946 -0.0811
vn -0.7533 -0.3946 0.5262
vn -0.8878 -0.3946 0.2369
vn -0.5989 -0.6827 0.4187
vn -0.5989 -0.6827 0.4187
vn -0.8878 -0.3946 0.2368
vn -0.7059 -0.6827 0.1886
vn -0.8878 0.3946 0.2369
vn -0.9153 0.3946 -0.0811
vn -0.9654 0 0.2609
vn -0.9654 0 0.2609
vn -0.9153 0.3946 -0.0811
vn -0.9964 0 -0.085
vn -0.5334 0.6499 -0.5414
vn -0.649 0.3946 -0.6504
vn -0.6864 0.6499 -0.3264
vn -0.6864 0.6499 -0.3264
vn -0.649 0.3946 -0.6504
vn -0.8324 0.3946 -0.3892
vn -0.4245 0 -0.9054
vn -0.3874 -0.3946 -0.8332
vn -0.7086 0 -0.7056
vn -0.7086 0 -0.7056
vn -0.3874 -0.3946 -0.8332
vn -0.649 -0.3946 -0.6504
vn -0.3875 -0.3946 -0.8332
vn -0.239 -0.3834 -0.8921
vn -0.3083 -0.6827 -0.6625
vn -0.3083 -0.6827 -0.6625
vn -0.2391 -0.3834 -0.8921
vn -0.1901 -0.6787 -0.7094
vn 0.08 0.3955 -0.915
vn 0.2388 0.3946 -0.8873
vn 0.0872 0 -0.9962
vn 0.0872 0 -0.9962
vn 0.2388 0.3946 -0.8873
vn 0.2568 0 -0.9665
vn 0.0412 0.9375 -0.3455
vn 0.1366 0.9203 -0.3666
vn 0.1366 0.9203 -0.3667
vn 0.2536 0.9375 -0.2382
vn 0.204 0.9182 -0.3395
vn 0.115 0.9896 0.0863
vn 0.2786 0.9375 0.2084
vn 0.1436 0.9896 -0.0079
vn 0.1436 0.9896 -0.0078
vn 0.2786 0.9375 0.2084
vn 0.3474 0.9375 -0.0195
vn 0.5334 0.6499 0.5414
vn 0.649 0.3946 0.6504
vn 0.6864 0.6499 0.3264
vn 0.6864 0.6499 0.3263
vn 0.649 0.3946 0.6504
vn 0.8324 0.3946 0.3892
vn 0.4245 0 0.9054
vn 0.3874 -0.3946 0.8332
vn 0.7086 0 0.7056
vn 0.7086 0 0.7056
vn 0.3874 -0.3946 0.8332
vn 0.649 -0.3946 0.6504
vn 0.0632 -0.6827 0.7279
vn 0.067 -0.7206 0.6901
vn 0.3083 -0.6827 0.6625
vn 0.3083 -0.6827 0.6625
vn 0.067 -0.7206 0.6901
vn 0.299 -0.7206 0.6255
vn -0.3331 0.9375 -0.1005
vn -0.3373 0.9203 -0.1982
vn -0.396 0.9182 -0.0069
vn -0.5989 -0.6827 0.4187
vn -0.5641 -0.7206 0.4031
vn -0.4195 -0.6827 0.5982
vn -0.4196 -0.6827 0.5982
vn -0.5641 -0.7206 0.403
vn -0.3922 -0.7206 0.5717
vn -0.9654 0 0.2609
vn -0.8878 -0.3946 0.2369
vn -0.8179 0 0.5753
vn -0.8179 0 0.5753
vn -0.8878 -0.3946 0.2369
vn -0.7532 -0.3946 0.5262
vn -0.7566 0.6499 -0.0719
vn -0.9153 0.3946 -0.0811
vn -0.7356 0.6499 0.1912
vn -0.7356 0.6499 0.1912
vn -0.9153 0.3946 -0.0811
vn -0.8878 0.3946 0.2369
vn -0.333 0.9375 -0.1005
vn -0.1905 0.9375 -0.2911
vn -0.3374 0.9203 -0.1982
vn -0.3374 0.9203 -0.1982
vn -0.1905 0.9375 -0.2911
vn -0.2989 0.9182 -0.2598
vn -0.649 0.3946 -0.6504
vn -0.3874 0.3946 -0.8332
vn -0.7086 0 -0.7056
vn -0.7086 0 -0.7056
vn -0.3874 0.3946 -0.8332
vn -0.4245 0 -0.9054
vn -0.2588 0 -0.9659
vn -0.239 -0.3834 -0.8921
vn -0.4246 0 -0.9054
vn -0.4246 0 -0.9054
vn -0.239 -0.3834 -0.8921
vn -0.3874 -0.3946 -0.8332
vn 0.2022 0.6499 -0.7326
vn 0.2388 0.3946 -0.8873
vn 0.0667 0.6441 -0.762
vn 0.0667 0.6441 -0.762
vn 0.2388 0.3946 -0.8873
vn 0.0801 0.3955 -0.915
vn 0.1049 0.9896 -0.0983
vn 0.2536 0.9375 -0.2382
vn 0.0172 0.9896 -0.1427
vn 0.0172 0.9896 -0.1427
vn 0.2536 0.9375 -0.2382
vn 0.0412 0.9375 -0.3454
vn 0.2786 0.9375 0.2084
vn 0.2492 0.9203 0.3016
vn 0.3698 0.9182 0.1419
vn 0.649 0.3946 0.6504
vn 0.3874 0.3946 0.8332
vn 0.7086 0 0.7056
vn 0.7086 0 0.7056
vn 0.3874 0.3946 0.8332
vn 0.4245 0 0.9054
vn 0.3874 -0.3946 0.8332
vn 0.0791 -0.3946 0.9155
vn 0.3083 -0.6827 0.6625
vn 0.3083 -0.6827 0.6625
vn 0.0791 -0.3946 0.9155
vn 0.0631 -0.6827 0.728
vn -0.5279 -0.3946 0.7521
vn -0.7533 -0.3946 0.5262
vn -0.4195 -0.6827 0.5982
vn -0.4196 -0.6827 0.5982
vn -0.7533 -0.3946 0.5262
vn -0.5989 -0.6827 0.4186
vn -0.7532 0.3946 0.5262
vn -0.8878 0.3946 0.2369
vn -0.8179 0 0.5753
vn -0.8179 0 0.5753
vn -0.8878 0.3946 0.2369
vn -0.9654 0 0.2609
vn -0.3197 0.9375 0.1371
vn -0.3331 0.9375 -0.1005
vn -0.3858 0.9203 0.065
vn -0.3858 0.9203 0.065
vn -0.3331 0.9375 -0.1005
vn -0.396 0.9182 -0.0069
vn -0.0786 0.9896 -0.1204
vn -0.1905 0.9375 -0.2911
vn -0.1376 0.9896 -0.0417
vn -0.1376 0.9896 -0.0417
vn -0.1905 0.9375 -0.2911
vn -0.3331 0.9375 -0.1005
vn -0.316 0.6499 -0.6912
vn -0.3874 0.3946 -0.8332
vn -0.5334 0.6499 -0.5414
vn -0.5334 0.6499 -0.5414
vn -0.3874 0.3946 -0.8332
vn -0.649 0.3946 -0.6504
vn -0.3874 0.3946 -0.8332
vn -0.2391 0.3834 -0.8921
vn -0.4245 0 -0.9054
vn -0.4246 0 -0.9054
vn -0.2391 0.3834 -0.8921
vn -0.2588 0 -0.9659
vn 0.0412 0.9375 -0.3454
vn 0.1366 0.9203 -0.3666
vn -0.062 0.9182 -0.3912
vn 0.316 0.6499 0.6912
vn 0.3874 0.3946 0.8332
vn 0.5334 0.6499 0.5414
vn 0.5334 0.6499 0.5414
vn 0.3874 0.3946 0.8332
vn 0.649 0.3946 0.6504
vn 0.0893 0 0.996
vn 0.0791 -0.3946 0.9155
vn 0.4245 0 0.9054
vn 0.4245 0 0.9054
vn 0.0791 -0.3946 0.9155
vn 0.3874 -0.3946 0.8332
vn -0.1897 -0.6827 0.7057
vn -0.1731 -0.7206 0.6714
vn 0.0632 -0.6827 0.728
vn 0.0631 -0.6827 0.728
vn -0.1731 -0.7206 0.6714
vn 0.067 -0.7206 0.6901
vn -0.4195 -0.6827 0.5982
vn -0.3922 -0.7206 0.5717
vn -0.1896 -0.6827 0.7057
vn -0.1896 -0.6827 0.7057
vn -0.3922 -0.7206 0.5717
vn -0.1731 -0.7206 0.6714
vn -0.8179 0 0.5753
vn -0.7533 -0.3946 0.5262
vn -0.5718 0 0.8204
vn -0.5718 0 0.8204
vn -0.7533 -0.3946 0.5262
vn -0.5278 -0.3946 0.7521
vn -0.7356 0.6499 0.1912
vn -0.8878 0.3946 0.2369
vn -0.6258 0.6499 0.4313
vn -0.6258 0.6499 0.4313
vn -0.8878 0.3946 0.2369
vn -0.7533 0.3946 0.5262
vn -0.1376 0.9896 -0.0417
vn -0.3331 0.9375 -0.1005
vn -0.1322 0.9896 0.0565
vn -0.1322 0.9896 0.0565
vn -0.333 0.9375 -0.1005
vn -0.3197 0.9375 0.1371
vn -0.1905 0.9375 -0.2911
vn -0.131 0.9203 -0.3687
vn -0.2989 0.9182 -0.2598
vn -0.198 0.6441 -0.7389
vn -0.2391 0.3834 -0.8921
vn -0.316 0.6499 -0.6912
vn -0.316 0.6499 -0.6912
vn -0.239 0.3834 -0.8921
vn -0.3874 0.3946 -0.8332
vn 0.2786 0.9375 0.2084
vn 0.0795 0.9375 0.3387
vn 0.2492 0.9203 0.3016
vn 0.2492 0.9203 0.3016
vn 0.0795 0.9375 0.3387
vn 0.192 0.9182 0.3464
vn 0.3874 0.3946 0.8332
vn 0.0791 0.3946 0.9155
vn 0.4245 0 0.9054
vn 0.4245 0 0.9054
vn 0.0791 0.3946 0.9155
vn 0.0893 0 0.996
vn 0.0791 -0.3946 0.9155
vn -0.2388 -0.3946 0.8873
vn 0.0631 -0.6827 0.728
vn 0.0631 -0.6827 0.728
vn -0.2388 -0.3946 0.8873
vn -0.1896 -0.6827 0.7056
vn -0.2388 -0.3946 0.8873
vn -0.5279 -0.3946 0.7521
vn -0.1896 -0.6827 0.7056
vn -0.1896 -0.6827 0.7056
vn -0.5279 -0.3946 0.7521
vn -0.4196 -0.6827 0.5982
vn -0.5278 0.3946 0.7521
vn -0.7533 0.3946 0.5262
vn -0.5718 0 0.8204
vn -0.5718 0 0.8204
vn -0.7533 0.3946 0.5262
vn -0.8179 0 0.5753
vn -0.3198 0.9375 0.1371
vn -0.3858 0.9203 0.065
vn -0.3078 0.9182 0.2493
vn -0.1905 0.9375 -0.2911
vn 0.0412 0.9375 -0.3455
vn -0.131 0.9203 -0.3687
vn -0.131 0.9203 -0.3687
vn 0.0412 0.9375 -0.3455
vn -0.062 0.9182 -0.3912
vn 0.0327 0.9896 0.14
vn 0.0795 0.9375 0.3387
vn 0.115 0.9896 0.0862
vn 0.115 0.9896 0.0863
vn 0.0795 0.9375 0.3387
vn 0.2786 0.9375 0.2084
vn 0.0606 0.6499 0.7576
vn 0.0791 0.3946 0.9155
vn 0.316 0.6499 0.6912
vn 0.316 0.6499 0.6912
vn 0.0791 0.3946 0.9155
vn 0.3874 0.3946 0.8332
vn -0.2568 0 0.9665
vn -0.2388 -0.3946 0.8873
vn 0.0893 0 0.996
vn 0.0893 0 0.996
vn -0.2388 -0.3946 0.8873
vn 0.0791 -0.3946 0.9154
vn -0.5718 0 0.8204
vn -0.5279 -0.3946 0.7521
vn -0.2568 0 0.9665
vn -0.2568 0 0.9665
vn -0.5279 -0.3946 0.7521
vn -0.2388 -0.3946 0.8873
vn -0.6258 0.6499 0.4312
vn -0.7533 0.3946 0.5262
vn -0.4406 0.6499 0.6193
vn -0.4406 0.6499 0.6193
vn -0.7533 0.3946 0.5262
vn -0.5279 0.3946 0.7521
vn 0.0172 0.9896 -0.1427
vn 0.0412 0.9375 -0.3454
vn -0.0786 0.9896 -0.1204
vn -0.0786 0.9896 -0.1204
vn 0.0412 0.9375 -0.3455
vn -0.1905 0.9375 -0.2911
vn 0.0795 0.9375 0.3387
vn -0.003 0.9203 0.3913
vn 0.192 0.9182 0.3464
vn 0.0791 0.3946 0.9154
vn -0.2388 0.3946 0.8873
vn 0.0893 0 0.996
vn 0.0893 0 0.996
vn -0.2388 0.3946 0.8873
vn -0.2568 0 0.9665
vn -0.2388 0.3946 0.8873
vn -0.5279 0.3946 0.7521
vn -0.2568 0 0.9665
vn -0.2568 0 0.9665
vn -0.5278 0.3946 0.7521
vn -0.5718 0 0.8204
vn -0.1568 0.9375 0.3105
vn -0.3197 0.9375 0.1371
vn -0.2538 0.9203 0.2978
vn -0.2538 0.9203 0.2978
vn -0.3197 0.9375 0.1371
vn -0.3078 0.9182 0.2493
vn -0.2022 0.6499 0.7326
vn -0.2388 0.3946 0.8873
vn 0.0606 0.6499 0.7576
vn 0.0606 0.6499 0.7576
vn -0.2388 0.3946 0.8873
vn 0.0791 0.3946 0.9155
vn -0.4406 0.6499 0.6193
vn -0.5279 0.3946 0.7521
vn -0.2022 0.6499 0.7326
vn -0.2022 0.6499 0.7326
vn -0.5279 0.3946 0.7521
vn -0.2388 0.3946 0.8873
vn -0.1322 0.9896 0.0565
vn -0.3198 0.9375 0.1371
vn -0.065 0.9896 0.1283
vn -0.065 0.9896 0.1282
vn -0.3198 0.9375 0.1371
vn -0.1568 0.9375 0.3105
vn 0.0795 0.9375 0.3387
vn -0.1568 0.9375 0.3105
vn -0.003 0.9203 0.3912
vn -0.003 0.9203 0.3912
vn -0.1568 0.9375 0.3105
vn -0.0755 0.9182 0.3888
vn -0.1568 0.9375 0.3105
vn -0.2538 0.9203 0.2978
vn -0.0755 0.9182 0.3888
vn -0.065 0.9896 0.1282
vn -0.1568 0.9375 0.3105
vn 0.0327 0.9896 0.14
vn 0.0327 0.9896 0.14
vn -0.1568 0.9375 0.3105
vn 0.0795 0.9375 0.3387
vn 0 -0.3907 0.9205
vn 0 -0.3907 0.9205
vn 0 -0.3907 0.9205
vn 0 -0.3907 0.9205
vn 0 -0.3907 0.9205
vn 0 0.9205 0.3907
vn 0 0.9205 0.3907
vn 0.002 0.9205 0.3907
vn 0.0001 0.9146 0.4043
vn 0.0018 0.92 0.3919
vn 0.0018 0.92 0.3919
vn 0.0001 0.9146 0.4043
vn 0 0.9142 0.4053
vn 0 0.3907 -0.9205
vn 0 0.3907 -0.9205
vn 0 0.3907 -0.9205
vn 0 0.3907 -0.9205
vn 0.1436 0.9896 -0.0078
vn 0.1049 0.9896 -0.0983
vn 0 1 0
vn 0.115 0.9896 0.0863
vn 0.1436 0.9896 -0.0078
vn 0 1 0
vn 0.1049 0.9896 -0.0983
vn 0.0172 0.9896 -0.1427
vn 0 1 0
vn -0.0786 0.9896 -0.1204
vn -0.1376 0.9896 -0.0417
vn 0 1 0
vn -0.1376 0.9896 -0.0417
vn -0.1322 0.9896 0.0565
vn 0 1 0
vn 0.0327 0.9896 0.14
vn 0.115 0.9896 0.0863
vn 0 1 0
vn 0.0172 0.9896 -0.1427
vn -0.0786 0.9896 -0.1204
vn 0 1 0
vn -0.1322 0.9896 0.0565
vn -0.065 0.9896 0.1283
vn 0 1 0
vn -0.065 0.9896 0.1283
vn 0.0327 0.9896 0.14
vn 0 1 0
vn 0 -1 0
vn -0.9274 -0.3651 -0.0818
vn -0.9775 -0.1929 -0.0855
vn -0.9773 -0.1935 -0.0862
vn -0.9274 -0.3651 -0.0818
vn -0.9253 -0.3727 0.0697
vn -0.9774 -0.193 -0.0857
vn -0.9549 -0.0646 -0.2899
vn -0.9329 -0.193 -0.3041
vn -0.9957 -0.0295 -0.0878
vn -0.8793 -0.098 -0.4661
vn -0.9329 -0.193 -0.3041
vn -0.9549 -0.0646 -0.29
vn -0.9329 -0.1929 -0.3041
vn -0.8793 -0.098 -0.4661
vn -0.8366 -0.322 -0.4432
vn 0 0.4113 -0.9115
vn 0 0.4445 -0.8958
vn 0 0.4126 -0.9109
vn 0 0.4126 -0.9109
vn 0 0.4445 -0.8958
vn 0 0.4113 -0.9115
vn 0 0.4126 -0.9109
vn 0 0.4445 -0.8958
vn 0 0.4126 -0.9109
vn 0 0.3907 -0.9205
vn 0 0.3907 -0.9205
vn 0 0.4126 -0.9109
vn 0 0.4113 -0.9115
vn 0 0.4126 -0.9109
vn 0 0.4126 -0.9109
vn 0 0.4113 -0.9115
vn 0 0.3907 -0.9205
vn 0 0.3907 -0.9205
vn 0 0.3907 -0.9205
vn 0 0.3907 -0.9205
vn 0.0002 0.3666 -0.9304
vn 0 0.3907 -0.9205
vn 0 0.3666 -0.9304
vn 0 0.3907 -0.9205
vn 0.0002 0.3665 -0.9304
vn 0.002 0.3832 -0.9237
vn 0.002 0.3832 -0.9237
vn 0.0002 0.3665 -0.9304
vn -0.0007 0.317 -0.9484
vn -0.0018 0.3834 -0.9236
vn 0.0002 0.3665 -0.9304
vn 0.0002 0.3666 -0.9304
vn -0.0018 0.3834 -0.9236
vn -0.0007 0.317 -0.9484
vn 0.002 0.3832 -0.9237
vn -0.0007 0.317 -0.9484
vn 0.0676 0.6778 -0.7321
vn -0.0007 0.317 -0.9484
vn -0.0018 0.3834 -0.9236
vn -0.0614 0.6533 -0.7546
vn 0 -0.3801 0.925
vn 0 -0.3801 0.925
vn -0.0005 -0.3653 0.9309
vn 0 -0.3907 0.9205
vn 0 -0.3679 0.9299
vn 0 -0.3679 0.9299
vn 0 -0.3907 0.9205
vn 0 -0.3907 0.9205
vn 0 -0.3907 0.9205
vn 0 -0.3907 0.9205
vn 0 -0.3907 0.9205
vn 0 -0.3907 0.9205
vn 0 -0.3907 0.9205
vn 0 -0.3907 0.9205
vn 0 -0.3907 0.9205
vn 0 -0.3907 0.9205
vn 0 -0.3907 0.9205
vn 0 -0.3907 0.9205
vn 0 -0.3907 0.9205
vn 0 -0.3908 0.9205
vn 0 -0.3907 0.9205
vn 0 -0.3801 0.925
vn -0.0002 -0.3444 0.9388
vn -0.0005 -0.3653 0.9309
vn -0.0005 -0.3653 0.9309
vn -0.0002 -0.3444 0.9388
vn -0.0019 -0.2975 0.9547
vn 0 -0.3679 0.9299
vn -0.0005 -0.3653 0.9309
vn 0 -0.2975 0.9547
vn 0 -0.2975 0.9547
vn 0 -0.3653 0.9309
vn -0.0019 -0.2975 0.9547
vn 0.9895 -0.127 0.0697
vn 0.9205 -0.3736 0.1143
vn 0.9387 -0.3396 -0.059
vn 0.9387 -0.3396 -0.059
vn 0.8995 -0.4292 -0.0824
vn 0.9496 -0.2872 -0.1258
vn 0.9561 -0.1811 -0.2303
vn 0.8685 -0.3036 -0.3919
vn 0.921 -0.094 -0.378
vn -0.2359 0.6969 0.6773
vn -0.3663 0.6282 0.6865
vn -0.1556 0.642 0.7508
vn 0.5056 0.5378 0.6747
vn 0.4013 0.6397 0.6555
vn 0.3144 0.5496 0.774
vn 0.9289 0.2215 0.2968
vn 0.8821 0.3212 0.3446
vn 0.8517 0.2503 0.4604
vn -0.7726 0.4445 0.4534
vn -0.8446 0.3393 0.4143
vn -0.746 0.336 0.575
vn -0.0342 0.8032 0.5947
vn -0.1863 0.7422 0.6437
vn -0.1284 0.7712 0.6235
vn 0.3315 0.7567 0.5634
vn 0.3006 0.7388 0.6032
vn 0.1606 0.7828 0.6012
vn 0.9387 -0.3396 -0.059
vn 0.9205 -0.3736 0.1143
vn 0.8995 -0.4292 -0.0824
vt 0.3689 0.2167
vt 0.3637 0.1906
vt 0.4096 0.2072
vt 0.4046 0.1816
vt 0.3747 0.2428
vt 0.4153 0.2328
vt 0.3592 0.1645
vt 0.4002 0.1557
vt 0.3812 0.2688
vt 0.4215 0.2582
vt 0.3546 0.1388
vt 0.3972 0.1301
vt 0.3884 0.2946
vt 0.4284 0.2835
vt 0.3505 0.109
vt 0.3935 0.1025
vt 0.3968 0.3201
vt 0.4366 0.3086
vt 0.3472 0.0799
vt 0.3905 0.0746
vt 0.4064 0.3467
vt 0.4449 0.334
vt 0.7418 0.7241
vt 0.7146 0.7105
vt 0.7607 0.6846
vt 0.7351 0.6718
vt 0.6877 0.6957
vt 0.71 0.6578
vt 0.7693 0.7366
vt 0.7867 0.6964
vt 0.7971 0.7477
vt 0.813 0.7072
vt 0.3445 0.0512
vt 0.3876 0.0467
vt 0.4218 0.2047
vt 0.4168 0.1792
vt 0.4274 0.2299
vt 0.4157 0.3725
vt 0.4548 0.3587
vt 0.6615 0.6797
vt 0.6359 0.6624
vt 0.6855 0.6426
vt 0.6616 0.6264
vt 0.8249 0.7577
vt 0.8395 0.717
vt 0.3418 0.0231
vt 0.3847 0.0189
vt 0.4125 0.1537
vt 0.4335 0.255
vt 0.4261 0.4007
vt 0.4659 0.3844
vt 0.6111 0.6438
vt 0.6386 0.609
vt 0.8524 0.7669
vt 0.866 0.726
vt 0.9335 0.7913
vt 0.9069 0.7833
vt 0.9456 0.7508
vt 0.9191 0.7426
vt 0.4093 0.1278
vt 0.4402 0.2801
vt 0.4383 0.4286
vt 0.4775 0.41
vt 0.5873 0.624
vt 0.6163 0.5907
vt 0.8798 0.7753
vt 0.8926 0.7344
vt 0.4056 0.1006
vt 0.4484 0.3051
vt 0.4522 0.456
vt 0.4905 0.4351
vt 0.5644 0.603
vt 0.595 0.5712
vt 0.4026 0.0731
vt 0.432 0.2026
vt 0.4271 0.1774
vt 0.4565 0.3303
vt 0.4376 0.2276
vt 0.4675 0.4826
vt 0.5048 0.4597
vt 0.5425 0.5809
vt 0.5747 0.5507
vt 0.7659 0.6738
vt 0.7408 0.6611
vt 0.7161 0.6474
vt 0.7915 0.6854
vt 0.8175 0.696
vt 0.3999 0.0454
vt 0.4227 0.1517
vt 0.4436 0.2524
vt 0.4662 0.3545
vt 0.4842 0.5085
vt 0.5204 0.4837
vt 0.5217 0.5576
vt 0.5554 0.5292
vt 0.6921 0.6325
vt 0.6687 0.6166
vt 0.8437 0.7056
vt 0.3972 0.0188
vt 0.4198 0.1259
vt 0.4502 0.277
vt 0.4771 0.3797
vt 0.5023 0.5335
vt 0.5373 0.5068
vt 0.646 0.5996
vt 0.8699 0.7145
vt 0.9481 0.7385
vt 0.9226 0.7308
vt 0.4162 0.099
vt 0.4578 0.3014
vt 0.4884 0.4047
vt 0.6243 0.5816
vt 0.8963 0.7229
vt 0.4133 0.0716
vt 0.4638 0.1967
vt 0.4585 0.1721
vt 0.4659 0.3264
vt 0.5011 0.4293
vt 0.4694 0.2208
vt 0.6034 0.5625
vt 0.7705 0.6643
vt 0.7457 0.6519
vt 0.7214 0.6383
vt 0.7957 0.6758
vt 0.8214 0.6862
vt 0.4108 0.044
vt 0.4539 0.147
vt 0.4753 0.2448
vt 0.4759 0.3508
vt 0.5151 0.4533
vt 0.5835 0.5424
vt 0.6978 0.6237
vt 0.6748 0.6081
vt 0.8473 0.6958
vt 0.4077 0.0173
vt 0.4502 0.1212
vt 0.4813 0.2687
vt 0.4866 0.3756
vt 0.5305 0.4767
vt 0.5647 0.5214
vt 0.6526 0.5914
vt 0.8734 0.7044
vt 0.9514 0.7286
vt 0.926 0.7205
vt 0.4474 0.0949
vt 0.4728 0.1695
vt 0.4776 0.1938
vt 0.488 0.2925
vt 0.4978 0.4001
vt 0.547 0.4995
vt 0.4829 0.2177
vt 0.6312 0.5737
vt 0.8997 0.7126
vt 0.4454 0.0674
vt 0.4685 0.1447
vt 0.4927 0.1908
vt 0.4883 0.1669
vt 0.4886 0.2413
vt 0.4954 0.3162
vt 0.5103 0.4242
vt 0.4978 0.2142
vt 0.6107 0.5549
vt 0.7839 0.6366
vt 0.7602 0.6248
vt 0.737 0.6119
vt 0.8081 0.6475
vt 0.8328 0.6575
vt 0.444 0.0389
vt 0.4652 0.1194
vt 0.4844 0.1425
vt 0.5069 0.164
vt 0.511 0.1873
vt 0.5033 0.2375
vt 0.4947 0.2648
vt 0.5039 0.34
vt 0.5241 0.4478
vt 0.5158 0.2103
vt 0.5911 0.5353
vt 0.7146 0.5981
vt 0.6927 0.5833
vt 0.858 0.6666
vt 0.4422 0.0108
vt 0.4626 0.0933
vt 0.4815 0.1176
vt 0.5035 0.1403
vt 0.5568 0.1796
vt 0.5539 0.158
vt 0.5211 0.233
vt 0.5094 0.2605
vt 0.5014 0.2882
vt 0.5135 0.3635
vt 0.539 0.4708
vt 0.5605 0.2009
vt 0.5726 0.5146
vt 0.6716 0.5675
vt 0.8835 0.6749
vt 0.9643 0.6977
vt 0.9371 0.6898
vt 0.461 0.066
vt 0.4793 0.092
vt 0.501 0.116
vt 0.5518 0.1361
vt 0.5651 0.222
vt 0.527 0.2554
vt 0.5161 0.2834
vt 0.5089 0.3114
vt 0.5244 0.3867
vt 0.5553 0.4931
vt 0.6514 0.5506
vt 0.7673 0.6115
vt 0.7904 0.6231
vt 0.7447 0.599
vt 0.8141 0.6337
vt 0.8383 0.6435
vt 0.9099 0.6826
vt 0.46 0.0374
vt 0.4781 0.0651
vt 0.4994 0.0911
vt 0.5507 0.1139
vt 0.5754 0.1767
vt 0.5726 0.1559
vt 0.5704 0.2428
vt 0.5336 0.2777
vt 0.5235 0.3061
vt 0.5173 0.3346
vt 0.5364 0.4095
vt 0.5789 0.1973
vt 0.6319 0.5329
vt 0.7015 0.5711
vt 0.7228 0.5855
vt 0.7975 0.6084
vt 0.7749 0.5972
vt 0.7529 0.585
vt 0.8206 0.6187
vt 0.8442 0.6282
vt 0.863 0.6523
vt 0.459 0.0093
vt 0.4776 0.037
vt 0.4987 0.065
vt 0.5506 0.0914
vt 0.5707 0.1348
vt 0.5885 0.1543
vt 0.5911 0.1745
vt 0.5833 0.2176
vt 0.5766 0.2634
vt 0.5409 0.2997
vt 0.5318 0.3286
vt 0.5268 0.3575
vt 0.5496 0.4317
vt 0.5945 0.1944
vt 0.6133 0.5142
vt 0.681 0.5557
vt 0.7316 0.5719
vt 0.7109 0.5579
vt 0.784 0.5801
vt 0.8058 0.5909
vt 0.7628 0.5683
vt 0.8282 0.6008
vt 0.8511 0.6098
vt 0.8684 0.6366
vt 0.8882 0.6603
vt 0.9418 0.6748
vt 0.9693 0.6818
vt 0.4782 0.009
vt 0.499 0.0383
vt 0.5515 0.0687
vt 0.5698 0.1136
vt 0.5867 0.134
vt 0.6255 0.1701
vt 0.6234 0.1516
vt 0.5987 0.214
vt 0.5884 0.2377
vt 0.5835 0.2836
vt 0.5491 0.3215
vt 0.5412 0.3509
vt 0.5374 0.38
vt 0.5639 0.4534
vt 0.6284 0.1884
vt 0.5958 0.4947
vt 0.6612 0.5393
vt 0.691 0.5429
vt 0.7222 0.5421
vt 0.7421 0.5557
vt 0.8262 0.5467
vt 0.8062 0.5372
vt 0.7869 0.5267
vt 0.8466 0.5553
vt 0.8675 0.563
vt 0.8745 0.6178
vt 0.8931 0.6444
vt 0.9144 0.6677
vt 0.9735 0.6635
vt 0.946 0.6579
vt 0.5013 0.0115
vt 0.5535 0.0461
vt 0.57 0.0921
vt 0.586 0.1135
vt 0.622 0.133
vt 0.632 0.2065
vt 0.6037 0.2334
vt 0.5943 0.2576
vt 0.5912 0.3035
vt 0.5582 0.3429
vt 0.5515 0.3728
vt 0.5492 0.4022
vt 0.5794 0.4744
vt 0.6422 0.522
vt 0.6718 0.527
vt 0.7029 0.5277
vt 0.7681 0.5154
vt 0.75 0.5032
vt 0.8887 0.5698
vt 0.8986 0.625
vt 0.919 0.6514
vt 0.9497 0.6371
vt 0.9761 0.6411
vt 0.557 0.0243
vt 0.5713 0.0704
vt 0.5863 0.0928
vt 0.6218 0.1142
vt 0.6366 0.2244
vt 0.6094 0.2527
vt 0.601 0.2771
vt 0.5998 0.323
vt 0.5683 0.364
vt 0.5631 0.3942
vt 0.5621 0.4238
vt 0.6242 0.5039
vt 0.6534 0.5103
vt 0.6844 0.5125
vt 0.7325 0.4902
vt 0.8341 0.5293
vt 0.8149 0.5202
vt 0.7964 0.5102
vt 0.8536 0.5376
vt 0.8736 0.545
vt 0.9105 0.5755
vt 0.9237 0.6315
vt 0.977 0.5857
vt 0.955 0.5838
vt 0.5736 0.049
vt 0.5878 0.0719
vt 0.6226 0.0951
vt 0.6419 0.2421
vt 0.6159 0.2715
vt 0.6084 0.2962
vt 0.6093 0.3422
vt 0.5795 0.3847
vt 0.5755 0.4152
vt 0.5761 0.4448
vt 0.6071 0.4849
vt 0.6359 0.4928
vt 0.6667 0.4964
vt 0.7157 0.4765
vt 0.7784 0.4993
vt 0.7609 0.4876
vt 0.8222 0.5059
vt 0.8406 0.5147
vt 0.8043 0.4963
vt 0.8595 0.5227
vt 0.8786 0.5298
vt 0.8939 0.5514
vt 0.9327 0.5803
vt 0.577 0.0288
vt 0.5905 0.0512
vt 0.6246 0.0757
vt 0.6345 0.1664
vt 0.6324 0.1483
vt 0.6426 0.1655
vt 0.6407 0.1477
vt 0.6478 0.2595
vt 0.6231 0.29
vt 0.6167 0.3149
vt 0.6196 0.361
vt 0.5916 0.4049
vt 0.5892 0.4356
vt 0.5911 0.4653
vt 0.6373 0.1844
vt 0.6453 0.183
vt 0.6194 0.4744
vt 0.6499 0.4795
vt 0.6996 0.4621
vt 0.7441 0.4752
vt 0.7701 0.4745
vt 0.787 0.4858
vt 0.8546 0.4824
vt 0.8378 0.4745
vt 0.8214 0.4658
vt 0.8718 0.4895
vt 0.8893 0.4959
vt 0.8982 0.5358
vt 0.9147 0.5567
vt 0.9777 0.566
vt 0.9571 0.564
vt 0.5939 0.0311
vt 0.6277 0.0562
vt 0.6311 0.13
vt 0.6394 0.1299
vt 0.6409 0.2022
vt 0.6489 0.2005
vt 0.6545 0.2766
vt 0.6311 0.3081
vt 0.6259 0.3334
vt 0.6308 0.3794
vt 0.6047 0.4245
vt 0.6038 0.4553
vt 0.6339 0.4619
vt 0.6843 0.4468
vt 0.7279 0.4621
vt 0.7539 0.4625
vt 0.8055 0.4563
vt 0.7901 0.446
vt 0.9073 0.5011
vt 0.9183 0.5408
vt 0.9359 0.5609
vt 0.9593 0.5473
vt 0.9797 0.5491
vt 0.6322 0.0369
vt 0.6309 0.1116
vt 0.6392 0.1118
vt 0.6454 0.2197
vt 0.6532 0.2176
vt 0.662 0.2933
vt 0.6399 0.3259
vt 0.6359 0.3514
vt 0.6428 0.3971
vt 0.6188 0.4435
vt 0.6696 0.4309
vt 0.7125 0.4483
vt 0.7383 0.4499
vt 0.7753 0.435
vt 0.9258 0.5054
vt 0.9387 0.5446
vt 0.9843 0.512
vt 0.9643 0.5108
vt 0.6316 0.0929
vt 0.64 0.0935
vt 0.6506 0.2371
vt 0.6583 0.2346
vt 0.6701 0.3096
vt 0.6496 0.3433
vt 0.6467 0.369
vt 0.6558 0.4143
vt 0.6979 0.4336
vt 0.7235 0.4365
vt 0.761 0.4234
vt 0.9448 0.5086
vt 0.6336 0.0738
vt 0.6419 0.075
vt 0.6961 0.1674
vt 0.693 0.1373
vt 0.6564 0.2542
vt 0.664 0.2513
vt 0.6791 0.3256
vt 0.66 0.3602
vt 0.6582 0.386
vt 0.6839 0.4183
vt 0.7093 0.4225
vt 0.7474 0.4112
vt 0.8594 0.473
vt 0.8429 0.4652
vt 0.8627 0.4654
vt 0.8465 0.4578
vt 0.8268 0.4567
vt 0.8308 0.4495
vt 0.8762 0.4799
vt 0.8791 0.4722
vt 0.8934 0.4861
vt 0.8959 0.4782
vt 0.6367 0.0547
vt 0.6448 0.0565
vt 0.702 0.197
vt 0.663 0.2709
vt 0.6704 0.2677
vt 0.6887 0.3411
vt 0.6712 0.3766
vt 0.6706 0.4024
vt 0.6959 0.4077
vt 0.7342 0.3983
vt 0.8112 0.4473
vt 0.7961 0.4372
vt 0.8155 0.4403
vt 0.8008 0.4305
vt 0.911 0.4913
vt 0.9131 0.4832
vt 0.6411 0.0357
vt 0.6491 0.0383
vt 0.6927 0.1073
vt 0.6703 0.2873
vt 0.6776 0.2838
vt 0.699 0.3562
vt 0.6831 0.3924
vt 0.7219 0.3848
vt 0.7815 0.4264
vt 0.7865 0.4199
vt 0.9292 0.4955
vt 0.9308 0.4874
vt 0.9866 0.502
vt 0.967 0.5008
vt 0.9863 0.4934
vt 0.9676 0.4925
vt 0.7401 0.136
vt 0.743 0.1611
vt 0.7106 0.226
vt 0.6783 0.3034
vt 0.6855 0.2995
vt 0.7101 0.3708
vt 0.7675 0.4151
vt 0.7728 0.4088
vt 0.9479 0.4986
vt 0.9491 0.4904
vt 0.696 0.0776
vt 0.7877 0.154
vt 0.7851 0.1329
vt 0.7481 0.1862
vt 0.6871 0.319
vt 0.6941 0.3148
vt 0.7541 0.403
vt 0.7597 0.397
vt 0.89 0.4197
vt 0.8629 0.4068
vt 0.918 0.4298
vt 0.7396 0.1112
vt 0.8328 0.1458
vt 0.8307 0.1281
vt 0.7921 0.175
vt 0.7218 0.2541
vt 0.6965 0.3342
vt 0.7033 0.3298
vt 0.7412 0.3904
vt 0.7472 0.3847
vt 0.8371 0.3913
vt 0.7035 0.0495
vt 0.7842 0.112
vt 0.8365 0.1632
vt 0.7555 0.2108
vt 0.7067 0.349
vt 0.7133 0.3442
vt 0.7291 0.3772
vt 0.7352 0.3717
vt 0.8128 0.3734
vt 0.9467 0.4367
vt 0.9756 0.4394
vt 0.7415 0.0872
vt 0.8298 0.11
vt 0.7983 0.1958
vt 0.7355 0.2811
vt 0.7175 0.3634
vt 0.724 0.3583
vt 0.8848 0.3649
vt 0.9073 0.3761
vt 0.9304 0.3849
vt 0.7848 0.0915
vt 0.8382 0.8204
vt 0.8435 0.8046
vt 0.876 0.8195
vt 0.8749 0.8033
vt 0.8418 0.1805
vt 0.7651 0.2346
vt 0.7904 0.3532
vt 0.8631 0.3516
vt 0.9256 0.3351
vt 0.9068 0.3255
vt 0.9448 0.343
vt 0.7459 0.0645
vt 0.8299 0.0916
vt 0.8235 0.8204
vt 0.8202 0.805
vt 0.8064 0.2159
vt 0.7516 0.3068
vt 0.8427 0.3363
vt 0.8887 0.3142
vt 0.9457 0.2943
vt 0.9299 0.2862
vt 0.9622 0.3013
vt 0.9534 0.3913
vt 0.7866 0.0716
vt 0.9097 0.8179
vt 0.9069 0.8016
vt 0.8482 0.1969
vt 0.7768 0.2576
vt 0.7699 0.3309
vt 0.8714 0.3013
vt 0.9149 0.2768
vt 0.9643 0.3494
vt 0.976 0.395
vt 0.8305 0.0728
vt 0.8804 0.8417
vt 0.8478 0.8424
vt 0.7939 0.8231
vt 0.7928 0.807
vt 0.8162 0.2352
vt 0.8236 0.3191
vt 0.9007 0.2661
vt 0.9794 0.3074
vt 0.9836 0.3545
vt 0.9418 0.8142
vt 0.9366 0.798
vt 0.8509 0.8564
vt 0.8831 0.8555
vt 0.8231 0.8438
vt 0.8562 0.2126
vt 0.7906 0.2796
vt 0.8554 0.2868
vt 0.5267 0.8221
vt 0.5274 0.8057
vt 0.5575 0.8223
vt 0.5577 0.806
vt 0.4958 0.8214
vt 0.4974 0.805
vt 0.997 0.3132
vt 0.9141 0.8402
vt 0.8849 0.8675
vt 0.8532 0.8683
vt 0.824 0.8574
vt 0.7653 0.824
vt 0.7648 0.8078
vt 0.8278 0.2536
vt 0.8063 0.3001
vt 0.8877 0.2544
vt 0.5882 0.8225
vt 0.5883 0.8062
vt 0.9716 0.8052
vt 0.9619 0.7905
vt 0.9165 0.8541
vt 0.8546 0.8769
vt 0.886 0.8761
vt 0.8248 0.8691
vt 0.7947 0.8449
vt 0.8655 0.2275
vt 0.8409 0.2709
vt 0.6186 0.8228
vt 0.6186 0.8064
vt 0.4647 0.8192
vt 0.4687 0.803
vt 0.949 0.8369
vt 0.9182 0.8662
vt 0.8869 0.8839
vt 0.8556 0.8848
vt 0.8253 0.8777
vt 0.7952 0.8582
vt 0.7366 0.824
vt 0.7364 0.8077
vt 0.876 0.2415
vt 0.5573 0.8444
vt 0.5259 0.8442
vt 0.4937 0.8436
vt 0.4349 0.8122
vt 0.4434 0.7962
vt 0.9522 0.8516
vt 0.9192 0.8749
vt 0.8558 0.8882
vt 0.8872 0.8872
vt 0.8257 0.8854
vt 0.7957 0.8698
vt 0.766 0.8455
vt 0.6486 0.8231
vt 0.6487 0.8068
vt 0.5881 0.8446
vt 0.5256 0.8576
vt 0.5572 0.8578
vt 0.4929 0.8572
vt 0.9857 0.8289
vt 0.9541 0.8645
vt 0.92 0.8827
vt 0.8568 0.898
vt 0.8877 0.8972
vt 0.8259 0.8888
vt 0.7961 0.8782
vt 0.7664 0.8586
vt 0.7075 0.8238
vt 0.7075 0.8075
vt 0.6186 0.8447
vt 0.5882 0.8579
vt 0.5572 0.8695
vt 0.5255 0.8693
vt 0.4927 0.869
vt 0.4597 0.842
vt 0.9916 0.8458
vt 0.9547 0.8736
vt 0.9202 0.886
vt 0.8265 0.8987
vt 0.7965 0.8859
vt 0.7667 0.8701
vt 0.7369 0.8456
vt 0.6782 0.8235
vt 0.6783 0.8072
vt 0.6187 0.858
vt 0.5882 0.8696
vt 0.5256 0.8777
vt 0.5572 0.8779
vt 0.4927 0.8776
vt 0.4578 0.8563
vt 0.4229 0.8366
vt 0.9938 0.8614
vt 0.9549 0.8815
vt 0.9202 0.8962
vt 0.8879 0.9047
vt 0.8573 0.9055
vt 0.7966 0.8892
vt 0.7669 0.8784
vt 0.7372 0.8586
vt 0.6487 0.8449
vt 0.6188 0.8696
vt 0.5883 0.878
vt 0.5573 0.8856
vt 0.5257 0.8854
vt 0.493 0.8853
vt 0.4575 0.8688
vt 0.4187 0.8539
vt 0.9932 0.8723
vt 0.9548 0.8849
vt 0.8577 0.9148
vt 0.8882 0.9141
vt 0.8269 0.9061
vt 0.797 0.899
vt 0.7671 0.886
vt 0.7374 0.8701
vt 0.7077 0.8454
vt 0.6488 0.8581
vt 0.6188 0.8781
vt 0.5883 0.8857
vt 0.5258 0.8887
vt 0.5573 0.8889
vt 0.4932 0.8886
vt 0.4577 0.8779
vt 0.4178 0.8694
vt 0.9917 0.8816
vt 0.9542 0.8952
vt 0.92 0.9038
vt 0.8582 0.9329
vt 0.8883 0.9323
vt 0.8274 0.9154
vt 0.7672 0.8894
vt 0.7375 0.8784
vt 0.7078 0.8585
vt 0.6783 0.8452
vt 0.6488 0.8697
vt 0.6188 0.8857
vt 0.5883 0.889
vt 0.5262 0.8984
vt 0.5576 0.8986
vt 0.4941 0.8983
vt 0.4584 0.8859
vt 0.4197 0.8799
vt 0.9911 0.8851
vt 0.9197 0.9132
vt 0.828 0.9332
vt 0.7973 0.9064
vt 0.7674 0.8991
vt 0.7377 0.886
vt 0.708 0.87
vt 0.6784 0.8583
vt 0.6489 0.8781
vt 0.6188 0.8891
vt 0.5884 0.8987
vt 0.4588 0.8893
vt 0.4222 0.889
vt 0.9896 0.8969
vt 0.9533 0.9029
vt 0.9186 0.9317
vt 0.7976 0.9156
vt 0.7377 0.8894
vt 0.7081 0.8783
vt 0.6785 0.8698
vt 0.6489 0.8858
vt 0.6188 0.8988
vt 0.5578 0.906
vt 0.5266 0.9058
vt 0.4949 0.9057
vt 0.4606 0.8993
vt 0.4232 0.8923
vt 0.9517 0.9125
vt 0.8583 0.937
vt 0.8883 0.9364
vt 0.798 0.9333
vt 0.7676 0.9065
vt 0.7379 0.8991
vt 0.7082 0.886
vt 0.6785 0.8782
vt 0.6489 0.8891
vt 0.5885 0.9061
vt 0.5273 0.915
vt 0.5581 0.9152
vt 0.4962 0.9149
vt 0.4256 0.9037
vt 0.9876 0.9051
vt 0.948 0.9314
vt 0.8584 0.9446
vt 0.8883 0.9442
vt 0.8281 0.9373
vt 0.7678 0.9157
vt 0.7082 0.8893
vt 0.6786 0.8859
vt 0.6489 0.8989
vt 0.6188 0.9062
vt 0.5886 0.9153
vt 0.5286 0.9328
vt 0.5588 0.9329
vt 0.4987 0.9328
vt 0.4622 0.9068
vt 0.9839 0.915
vt 0.9183 0.9359
vt 0.8283 0.9449
vt 0.7681 0.9333
vt 0.738 0.9065
vt 0.7083 0.899
vt 0.6786 0.8892
vt 0.6189 0.9155
vt 0.589 0.9331
vt 0.4645 0.9159
vt 0.4283 0.9117
vt 0.9755 0.9331
vt 0.918 0.9438
vt 0.8883 0.949
vt 0.8585 0.9494
vt 0.7981 0.9374
vt 0.7381 0.9157
vt 0.6786 0.8989
vt 0.6489 0.9063
vt 0.619 0.9332
vt 0.4695 0.9337
vt 0.4329 0.9208
vt 0.9473 0.9358
vt 0.8284 0.9496
vt 0.7983 0.945
vt 0.7383 0.9333
vt 0.7083 0.9064
vt 0.6489 0.9155
vt 0.529 0.9369
vt 0.559 0.937
vt 0.4994 0.937
vt 0.4425 0.937
vt 0.9467 0.9439
vt 0.9179 0.9486
vt 0.8586 0.9607
vt 0.8884 0.9605
vt 0.7682 0.9374
vt 0.7084 0.9156
vt 0.6787 0.9063
vt 0.6488 0.9332
vt 0.5891 0.9371
vt 0.5295 0.9445
vt 0.5594 0.9446
vt 0.5001 0.9447
vt 0.9739 0.9372
vt 0.8284 0.9609
vt 0.7984 0.9497
vt 0.7683 0.945
vt 0.7085 0.9333
vt 0.6787 0.9156
vt 0.619 0.9372
vt 0.5893 0.9447
vt 0.4706 0.9379
vt 0.9733 0.9447
vt 0.9468 0.9488
vt 0.9181 0.9602
vt 0.8884 0.9657
vt 0.8587 0.9659
vt 0.7384 0.9373
vt 0.6787 0.9332
vt 0.6191 0.9448
vt 0.5595 0.9493
vt 0.5298 0.9492
vt 0.5004 0.9494
vt 0.4716 0.9457
vt 0.4442 0.9409
vt 0.8588 0.9713
vt 0.8885 0.9711
vt 0.8284 0.966
vt 0.7986 0.9609
vt 0.7684 0.9496
vt 0.7384 0.9449
vt 0.6489 0.9373
vt 0.5894 0.9494
vt 0.4453 0.9478
vt 0.9739 0.9495
vt 0.9476 0.9604
vt 0.9182 0.9654
vt 0.8885 0.9767
vt 0.8588 0.9769
vt 0.8285 0.9714
vt 0.7085 0.9373
vt 0.6489 0.9449
vt 0.6191 0.9495
vt 0.5302 0.9604
vt 0.5598 0.9605
vt 0.5006 0.9607
vt 0.4718 0.9506
vt 0.9183 0.9709
vt 0.8588 0.983
vt 0.8886 0.9829
vt 0.8285 0.9769
vt 0.7986 0.966
vt 0.7685 0.9609
vt 0.7385 0.9496
vt 0.7085 0.9449
vt 0.6787 0.9373
vt 0.5895 0.9607
vt 0.4448 0.9524
vt 0.9771 0.9608
vt 0.948 0.9656
vt 0.9183 0.9765
vt 0.8588 0.9922
vt 0.8886 0.9921
vt 0.8285 0.9831
vt 0.7987 0.9714
vt 0.6787 0.9449
vt 0.6489 0.9496
vt 0.6192 0.9608
vt 0.5599 0.9657
vt 0.5303 0.9655
vt 0.5007 0.9658
vt 0.4715 0.9617
vt 0.9482 0.9709
vt 0.9183 0.9827
vt 0.8285 0.9922
vt 0.7987 0.9769
vt 0.7685 0.966
vt 0.7385 0.9608
vt 0.7085 0.9496
vt 0.5896 0.9659
vt 0.5304 0.9709
vt 0.56 0.971
vt 0.5007 0.9711
vt 0.4421 0.963
vt 0.9782 0.966
vt 0.9482 0.9764
vt 0.9184 0.9918
vt 0.3773 0.5358
vt 0.4013 0.5358
vt 0.375 0.5498
vt 0.4017 0.5519
vt 0.7987 0.9831
vt 0.7685 0.9714
vt 0.6787 0.9496
vt 0.6489 0.9608
vt 0.6192 0.9659
vt 0.5896 0.9712
vt 0.56 0.9766
vt 0.5305 0.9764
vt 0.5009 0.9766
vt 0.4713 0.9668
vt 0.9787 0.9715
vt 0.9479 0.9825
vt 0.3669 0.7818
vt 0.3884 0.7766
vt 0.373 0.801
vt 0.4019 0.794
vt 0.7987 0.9922
vt 0.7686 0.9769
vt 0.7385 0.9659
vt 0.7086 0.9608
vt 0.6192 0.9713
vt 0.5897 0.9767
vt 0.5305 0.9826
vt 0.56 0.9827
vt 0.501 0.9827
vt 0.4713 0.9721
vt 0.441 0.9681
vt 0.9783 0.9772
vt 0.9475 0.9916
vt 0.4245 0.526
vt 0.4288 0.5471
vt 0.7686 0.983
vt 0.7385 0.9713
vt 0.6787 0.9608
vt 0.6489 0.9659
vt 0.6193 0.9768
vt 0.5897 0.9829
vt 0.5306 0.9917
vt 0.56 0.9919
vt 0.5012 0.9919
vt 0.4714 0.9775
vt 0.4407 0.9735
vt 0.977 0.9835
vt 0.3688 0.5665
vt 0.3998 0.5714
vt 0.3428 0.7827
vt 0.346 0.8026
vt 0.7685 0.9921
vt 0.7385 0.9768
vt 0.7086 0.9659
vt 0.6488 0.9713
vt 0.6193 0.983
vt 0.5897 0.992
vt 0.4718 0.9836
vt 0.4412 0.9792
vt 0.9749 0.9927
vt 0.4502 0.5195
vt 0.457 0.5414
vt 0.3985 0.5863
vt 0.3648 0.5806
vt 0.3792 0.8259
vt 0.4019 0.8166
vt 0.7385 0.9829
vt 0.7086 0.9713
vt 0.6786 0.9659
vt 0.6488 0.9768
vt 0.6193 0.9921
vt 0.1134 0.5153
vt 0.1385 0.511
vt 0.1164 0.538
vt 0.1458 0.5327
vt 0.0871 0.5166
vt 0.0866 0.5394
vt 0.4725 0.9927
vt 0.4427 0.9853
vt 0.4311 0.57
vt 0.3622 0.5973
vt 0.3976 0.6013
vt 0.4142 0.832
vt 0.3859 0.8449
vt 0.3171 0.7817
vt 0.3187 0.8015
vt 0.7385 0.9921
vt 0.7086 0.9768
vt 0.6786 0.9713
vt 0.6489 0.983
vt 0.1418 0.7735
vt 0.1612 0.7805
vt 0.1298 0.791
vt 0.1536 0.7996
vt 0.4452 0.9945
vt 0.4745 0.5117
vt 0.4853 0.5326
vt 0.4318 0.5863
vt 0.3975 0.616
vt 0.3621 0.6136
vt 0.3514 0.5883
vt 0.3478 0.596
vt 0.3512 0.8275
vt 0.7086 0.9829
vt 0.6786 0.9768
vt 0.6489 0.9921
vt 0.1838 0.7818
vt 0.1794 0.8014
vt 0.0609 0.5153
vt 0.0568 0.5378
vt 0.4632 0.5661
vt 0.4321 0.6021
vt 0.3629 0.628
vt 0.3976 0.6297
vt 0.3994 0.8613
vt 0.3829 0.8648
vt 0.3402 0.6128
vt 0.3552 0.8461
vt 0.2903 0.7805
vt 0.2908 0.8002
vt 0.7086 0.992
vt 0.6786 0.9829
vt 0.1193 0.5634
vt 0.154 0.5582
vt 0.0857 0.5647
vt 0.0362 0.5101
vt 0.0275 0.5316
vt 0.4662 0.5839
vt 0.4321 0.6175
vt 0.3978 0.6433
vt 0.3644 0.6419
vt 0.3848 0.8833
vt 0.3947 0.8823
vt 0.3581 0.8646
vt 0.3347 0.6274
vt 0.3221 0.8262
vt 0.6786 0.992
vt 0.2088 0.7811
vt 0.2063 0.8007
vt 0.1153 0.8149
vt 0.1434 0.8235
vt 0.1204 0.5814
vt 0.1487 0.5784
vt 0.115 0.8368
vt 0.1003 0.8307
vt 0.0851 0.5825
vt 0.4971 0.5586
vt 0.4676 0.6014
vt 0.4318 0.6316
vt 0.3663 0.6564
vt 0.3978 0.6575
vt 0.387 0.9006
vt 0.3593 0.8828
vt 0.3378 0.6423
vt 0.3244 0.8444
vt 0.2628 0.7799
vt 0.2625 0.7994
vt 0.1723 0.8254
vt 0.1375 0.8419
vt 0.1502 0.5904
vt 0.1082 0.8412
vt 0.109 0.8558
vt 0.0849 0.5996
vt 0.1206 0.5988
vt 0.0521 0.5636
vt 0.5029 0.5788
vt 0.468 0.6185
vt 0.4311 0.6457
vt 0.3972 0.6729
vt 0.3681 0.6719
vt 0.3589 0.8994
vt 0.3261 0.8626
vt 0.3417 0.6576
vt 0.3307 0.6432
vt 0.2923 0.8247
vt 0.2354 0.7802
vt 0.2342 0.7997
vt 0.1679 0.8433
vt 0.133 0.8608
vt 0.1488 0.6151
vt 0.1204 0.6149
vt 0.1499 0.5981
vt 0.1616 0.6151
vt 0.1539 0.5979
vt 0.0846 0.6159
vt 0.0497 0.582
vt 0.0176 0.5581
vt 0.506 0.5992
vt 0.4672 0.6341
vt 0.4296 0.6604
vt 0.3685 0.6892
vt 0.3951 0.6903
vt 0.3565 0.9153
vt 0.3772 0.9178
vt 0.3267 0.8803
vt 0.3463 0.673
vt 0.3278 0.6591
vt 0.2934 0.8427
vt 0.2015 0.8249
vt 0.1647 0.8614
vt 0.1125 0.8775
vt 0.1306 0.8795
vt 0.1197 0.6295
vt 0.147 0.6299
vt 0.1666 0.6303
vt 0.0847 0.6307
vt 0.0483 0.6
vt 0.0121 0.5783
vt 0.5064 0.6192
vt 0.4656 0.6495
vt 0.4271 0.6764
vt 0.3908 0.7097
vt 0.3667 0.7082
vt 0.3649 0.9335
vt 0.3604 0.9329
vt 0.3263 0.8962
vt 0.2941 0.8608
vt 0.3426 0.6905
vt 0.3266 0.6672
vt 0.331 0.6754
vt 0.262 0.8238
vt 0.1985 0.8428
vt 0.1633 0.8792
vt 0.139 0.8967
vt 0.1194 0.8966
vt 0.1535 0.6438
vt 0.1192 0.6435
vt 0.0852 0.6451
vt 0.0481 0.6175
vt 0.0096 0.5988
vt 0.5053 0.6375
vt 0.4626 0.6657
vt 0.4224 0.6942
vt 0.3622 0.7287
vt 0.3835 0.7301
vt 0.3576 0.9414
vt 0.3452 0.9304
vt 0.3248 0.9116
vt 0.2943 0.8783
vt 0.3433 0.7082
vt 0.3264 0.6769
vt 0.2617 0.8418
vt 0.2315 0.824
vt 0.1964 0.8607
vt 0.1637 0.8953
vt 0.1288 0.9141
vt 0.1413 0.913
vt 0.1189 0.6578
vt 0.1511 0.6578
vt 0.1693 0.6447
vt 0.0864 0.6601
vt 0.0486 0.6334
vt 0.009 0.6189
vt 0.5021 0.6554
vt 0.4579 0.6829
vt 0.415 0.7135
vt 0.376 0.7462
vt 0.357 0.745
vt 0.3504 0.9488
vt 0.3404 0.9473
vt 0.3223 0.9274
vt 0.2939 0.8941
vt 0.2615 0.8598
vt 0.3408 0.7281
vt 0.3232 0.6912
vt 0.2299 0.8419
vt 0.1956 0.8782
vt 0.1654 0.911
vt 0.1411 0.9301
vt 0.1456 0.9294
vt 0.1489 0.6726
vt 0.1192 0.6731
vt 0.1726 0.6576
vt 0.0888 0.6762
vt 0.0502 0.649
vt 0.0105 0.6372
vt 0.4973 0.6741
vt 0.4501 0.7015
vt 0.4043 0.7333
vt 0.3547 0.7534
vt 0.3728 0.7547
vt 0.3327 0.9633
vt 0.3185 0.9438
vt 0.2931 0.9092
vt 0.2613 0.8773
vt 0.3374 0.7442
vt 0.3255 0.7076
vt 0.2287 0.8599
vt 0.1957 0.894
vt 0.1685 0.9271
vt 0.1483 0.938
vt 0.1209 0.6904
vt 0.148 0.6894
vt 0.175 0.6649
vt 0.1722 0.6733
vt 0.0932 0.694
vt 0.053 0.6653
vt 0.0132 0.6551
vt 0.4892 0.6936
vt 0.4389 0.7208
vt 0.3943 0.7487
vt 0.3201 0.9626
vt 0.2916 0.9245
vt 0.2612 0.893
vt 0.3359 0.7525
vt 0.3195 0.7271
vt 0.3137 0.7062
vt 0.2282 0.8773
vt 0.1969 0.9092
vt 0.1652 0.945
vt 0.1551 0.9457
vt 0.1493 0.7083
vt 0.125 0.7096
vt 0.177 0.674
vt 0.1684 0.69
vt 0.1005 0.7132
vt 0.0578 0.6825
vt 0.0184 0.6737
vt 0.4774 0.7142
vt 0.424 0.7395
vt 0.3897 0.7571
vt 0.353 0.7637
vt 0.3703 0.7653
vt 0.315 0.9742
vt 0.3069 0.9599
vt 0.2896 0.9404
vt 0.261 0.9079
vt 0.3176 0.7436
vt 0.2282 0.893
vt 0.1987 0.9247
vt 0.1797 0.943
vt 0.1725 0.9614
vt 0.1321 0.7298
vt 0.1534 0.7284
vt 0.1822 0.691
vt 0.1733 0.708
vt 0.1111 0.7329
vt 0.0653 0.7013
vt 0.026 0.6934
vt 0.4607 0.7336
vt 0.411 0.7533
vt 0.3017 0.9797
vt 0.2867 0.9573
vt 0.2606 0.9231
vt 0.3347 0.7625
vt 0.3166 0.7517
vt 0.3036 0.7186
vt 0.3036 0.7262
vt 0.2287 0.908
vt 0.2016 0.9409
vt 0.1852 0.9609
vt 0.1582 0.7447
vt 0.1392 0.746
vt 0.1748 0.7277
vt 0.121 0.7485
vt 0.0765 0.7205
vt 0.0382 0.7137
vt 0.4408 0.7509
vt 0.4049 0.7612
vt 0.386 0.7679
vt 0.2884 0.9758
vt 0.2603 0.9388
vt 0.2973 0.7426
vt 0.2939 0.7258
vt 0.2295 0.9232
vt 0.2056 0.9579
vt 0.1903 0.9726
vt 0.1424 0.7546
vt 0.1604 0.7532
vt 0.1906 0.7066
vt 0.1778 0.7438
vt 0.1255 0.7571
vt 0.0913 0.7391
vt 0.0544 0.7336
vt 0.425 0.7616
vt 0.2853 0.9854
vt 0.2767 0.9741
vt 0.2597 0.9554
vt 0.3157 0.7615
vt 0.297 0.7508
vt 0.2308 0.9389
vt 0.2038 0.9785
vt 0.196 0.7266
vt 0.1792 0.7521
vt 0.1043 0.753
vt 0.0745 0.7505
vt 0.4176 0.7677
vt 0.4 0.772
vt 0.2577 0.0526
vt 0.2583 0.0425
vt 0.2748 0.0445
vt 0.271 0.036
vt 0.2736 0.9874
vt 0.2588 0.9728
vt 0.278 0.7339
vt 0.2773 0.7417
vt 0.2325 0.9556
vt 0.2171 0.9748
vt 0.145 0.7652
vt 0.1623 0.7634
vt 0.2017 0.7185
vt 0.1975 0.7428
vt 0.1291 0.7679
vt 0.1103 0.7612
vt 0.0902 0.7613
vt 0.2798 0.0523
vt 0.2648 0.0593
vt 0.2629 0.9888
vt 0.2502 0.0516
vt 0.2449 0.0428
vt 0.2964 0.7606
vt 0.2772 0.7501
vt 0.2349 0.9731
vt 0.2204 0.9842
vt 0.2112 0.7262
vt 0.1985 0.751
vt 0.1805 0.7621
vt 0.0976 0.7674
vt 0.4127 0.7779
vt 0.2896 0.0358
vt 0.2844 0.0281
vt 0.2698 0.0696
vt 0.2856 0.062
vt 0.2527 0.9884
vt 0.25 0.0628
vt 0.2626 0.7373
vt 0.2575 0.7412
vt 0.2319 0.987
vt 0.2177 0.7419
vt 0.1149 0.7719
vt 0.2949 0.0434
vt 0.2909 0.0717
vt 0.2744 0.0797
vt 0.2426 0.9885
vt 0.2535 0.0743
vt 0.2335 0.0574
vt 0.231 0.0485
vt 0.277 0.76
vt 0.2575 0.7497
vt 0.2527 0.7377
vt 0.2276 0.7339
vt 0.2181 0.7502
vt 0.1994 0.7609
vt 0.1023 0.7776
vt 0.3035 0.0263
vt 0.2973 0.0193
vt 0.301 0.0527
vt 0.2776 0.0878
vt 0.2949 0.0796
vt 0.2569 0.0851
vt 0.235 0.0667
vt 0.2381 0.7411
vt 0.0908 0.0419
vt 0.095 0.0335
vt 0.1057 0.0488
vt 0.1092 0.04
vt 0.0762 0.0341
vt 0.0811 0.0261
vt 0.3097 0.0332
vt 0.3067 0.0621
vt 0.6183 0.7761
vt 0.6271 0.7575
vt 0.628 0.7765
vt 0.6335 0.7647
vt 0.2595 0.0936
vt 0.2369 0.0783
vt 0.2173 0.0612
vt 0.2157 0.0519
vt 0.2575 0.7596
vt 0.2378 0.7497
vt 0.2429 0.7369
vt 0.1022 0.0576
vt 0.0866 0.0504
vt 0.2186 0.7601
vt 0.121 0.0546
vt 0.1239 0.0455
vt 0.0713 0.0421
vt 0.3163 0.0155
vt 0.3085 0.0096
vt 0.3162 0.0421
vt 0.3111 0.0697
vt 0.6193 0.7568
vt 0.6129 0.7706
vt 0.6347 0.7516
vt 0.2393 0.0894
vt 0.2185 0.0706
vt 0.0818 0.0606
vt 0.098 0.0681
vt 0.1181 0.0636
vt 0.0659 0.0518
vt 0.0619 0.0254
vt 0.068 0.018
vt 0.3237 0.0218
vt 0.3219 0.0513
vt 0.6187 0.7857
vt 0.2412 0.0981
vt 0.2199 0.082
vt 0.2011 0.0635
vt 0.2002 0.0541
vt 0.238 0.7596
vt 0.094 0.0785
vt 0.0771 0.0706
vt 0.1367 0.0591
vt 0.1388 0.0498
vt 0.1147 0.0745
vt 0.0609 0.0616
vt 0.0563 0.0327
vt 0.0487 0.0154
vt 0.0563 0.0089
vt 0.3313 0.0305
vt 0.3264 0.0591
vt 0.6217 0.7378
vt 0.6312 0.7391
vt 0.2214 0.0931
vt 0.2017 0.073
vt 0.0733 0.0785
vt 0.0906 0.0865
vt 0.1345 0.0684
vt 0.1114 0.0851
vt 0.0567 0.0693
vt 0.0502 0.0418
vt 0.0416 0.0218
vt 0.3369 0.0405
vt 0.5998 0.7848
vt 0.6069 0.7912
vt 0.6153 0.7422
vt 0.2227 0.1018
vt 0.2024 0.0844
vt 0.1848 0.0646
vt 0.1847 0.0551
vt 0.5682 0.7627
vt 0.5631 0.7709
vt 0.5597 0.7582
vt 0.1525 0.0623
vt 0.1539 0.0529
vt 0.1319 0.0795
vt 0.1086 0.0933
vt 0.58 0.7795
vt 0.5705 0.7815
vt 0.0452 0.0515
vt 0.0348 0.0312
vt 0.3407 0.049
vt 0.5991 0.777
vt 0.6237 0.7283
vt 0.2032 0.0956
vt 0.1848 0.0741
vt 0.151 0.0718
vt 0.1293 0.0903
vt 0.57 0.7423
vt 0.5608 0.7453
vt 0.5844 0.7732
vt 0.5757 0.7607
vt 0.0411 0.0593
vt 0.0294 0.0413
vt 0.5938 0.7923
vt 0.2038 0.1043
vt 0.1847 0.0855
vt 0.1686 0.0642
vt 0.1692 0.0547
vt 0.1493 0.083
vt 0.1272 0.0987
vt 0.577 0.7456
vt 0.5813 0.789
vt 0.0263 0.05
vt 0.6049 0.726
vt 0.613 0.7209
vt 0.1847 0.0967
vt 0.1679 0.0737
vt 0.1476 0.094
vt 0.5664 0.7334
vt 0.6028 0.7335
vt 0.1847 0.1054
vt 0.167 0.085
vt 0.1462 0.1026
vt 0.6003 0.7175
vt 0.1662 0.0961
vt 0.5844 0.7278
vt 0.5755 0.7242
vt 0.1654 0.1047
vt 0.5877 0.7348
vt 0.5874 0.7187
vt 0.3218 0.3583
vt 0.3168 0.3771
vt 0.2047 0.3608
vt 0.2047 0.3771
vt 0.2047 0.3383
vt 0.3235 0.3383
vt 0.0909 0.3771
vt 0.0859 0.3582
vt 0.0842 0.3383
vt 0.3208 0.292
vt 0.3207 0.3068
vt 0.2047 0.292
vt 0.2047 0.3068
vt 0.087 0.3067
vt 0.0869 0.292
vt 0.3234 0.2537
vt 0.2047 0.2537
vt 0.3203 0.2337
vt 0.2047 0.2379
vt 0.0874 0.2337
vt 0.0843 0.2537
vt 0.5971 0.7549
vt 0.8934 0.0929
vt 0.9024 0.0887
vt 0.9221 0.1426
vt 0.9121 0.0861
vt 0.8852 0.0986
vt 0.9221 0.0852
vt 0.8781 0.1057
vt 0.9321 0.0861
vt 0.8723 0.1139
vt 0.9417 0.0887
vt 0.9121 0.1992
vt 0.9024 0.1966
vt 0.9221 0.2001
vt 0.8934 0.1924
vt 0.8852 0.1867
vt 0.8681 0.123
vt 0.9508 0.0929
vt 0.9417 0.1966
vt 0.9321 0.1992
vt 0.8655 0.1327
vt 0.959 0.0986
vt 0.8781 0.1796
vt 0.8646 0.1426
vt 0.9661 0.1057
vt 0.9508 0.1924
vt 0.8723 0.1714
vt 0.8655 0.1526
vt 0.9719 0.1139
vt 0.959 0.1867
vt 0.8681 0.1623
vt 0.9761 0.123
vt 0.9661 0.1796
vt 0.9787 0.1327
vt 0.9719 0.1714
vt 0.9795 0.1426
vt 0.9761 0.1623
vt 0.9787 0.1526
vt 0.0975 0.8403
vt 0.3241 0.2761
vt 0.2047 0.2761
vt 0.0836 0.2761
vt 0.2047 0.2149
vt 0.3145 0.2149
vt 0.0932 0.2149
vt 0.3065 0.1958
vt 0.2047 0.1958
vt 0.1012 0.1958
vt 0.3012 0.1858
vt 0.2047 0.1858
vt 0.1065 0.1858
vt 0.2953 0.1766
vt 0.2047 0.1766
vt 0.1124 0.1766
vt 0.2808 0.1587
vt 0.2047 0.1587
vt 0.1269 0.1587
vt 0.2652 0.1449
vt 0.2047 0.1449
vt 0.1425 0.1448
vt 0.2529 0.1365
vt 0.2047 0.1365
vt 0.1548 0.1365
vt 0.2372 0.1288
vt 0.2047 0.1288
vt 0.1705 0.1288
vt 0.2254 0.1249
vt 0.2043 0.1235
vt 0.1823 0.1249
vt 0.2144 0.1227
vt 0.1933 0.1227
vt 0.0851 0.3159
vt 0.2047 0.3159
vt 0.3226 0.3159
vt 0.3103 0.3962
vt 0.2047 0.3962
vt 0.0974 0.3961
vt 0.3061 0.4055
vt 0.3008 0.4154
vt 0.2047 0.4055
vt 0.2047 0.4154
vt 0.1016 0.4055
vt 0.1068 0.4154
vt 0.1207 0.4356
vt 0.2047 0.4356
vt 0.287 0.4356
vt 0.2688 0.4543
vt 0.2047 0.4543
vt 0.1389 0.4543
vt 0.2533 0.4655
vt 0.2419 0.4721
vt 0.2047 0.4655
vt 0.2047 0.4721
vt 0.1544 0.4655
vt 0.1658 0.4721
vt 0.2257 0.4785
vt 0.2041 0.4785
vt 0.182 0.4785
vt 0.1954 0.4815
vt 0.2038 0.482
vt 0.2123 0.4815
vt 0.4005 0.8466
vt 0.4115 0.8455
f 1/1/1 2/2/2 3/3/3
f 3/3/4 2/2/5 4/4/6
f 5/5/7 1/1/8 6/6/9
f 6/6/10 1/1/11 3/3/12
f 2/2/13 7/7/14 4/4/15
f 4/4/16 7/7/17 8/8/18
f 9/9/19 5/5/20 10/10/21
f 10/10/22 5/5/23 6/6/24
f 7/7/25 11/11/26 8/8/27
f 8/8/28 11/11/29 12/12/30
f 13/13/31 9/9/32 14/14/33
f 14/14/34 9/9/35 10/10/36
f 11/11/37 15/15/38 12/12/39
f 12/12/40 15/15/41 16/16/42
f 17/17/43 13/13/44 18/18/45
f 18/18/46 13/13/47 14/14/48
f 15/15/49 19/19/50 16/16/51
f 16/16/52 19/19/53 20/20/54
f 21/21/55 17/17/56 22/22/57
f 22/22/58 17/17/59 18/18/60
f 23/23/61 24/24/62 25/25/63
f 25/25/64 24/24/65 26/26/66
f 24/24/67 27/27/68 26/26/69
f 26/26/70 27/27/71 28/28/72
f 29/29/73 23/23/74 30/30/75
f 30/30/76 23/23/77 25/25/78
f 31/31/79 29/29/80 32/32/81
f 32/32/82 29/29/83 30/30/84
f 19/19/85 33/33/86 20/20/87
f 20/20/88 33/33/89 34/34/90
f 3/3/91 4/4/92 35/35/93
f 35/35/94 4/4/95 36/36/96
f 6/6/97 3/3/98 37/37/99
f 37/37/100 3/3/101 35/35/102
f 38/38/103 21/21/104 39/39/105
f 39/39/106 21/21/107 22/22/108
f 40/40/109 41/41/110 42/42/111
f 42/42/112 41/41/113 43/43/114
f 27/27/115 40/40/116 28/28/117
f 28/28/118 40/40/119 42/42/120
f 44/44/121 31/31/122 45/45/123
f 45/45/124 31/31/125 32/32/126
f 33/33/127 46/46/128 34/34/129
f 34/34/130 46/46/128 47/47/131
f 4/4/132 8/8/133 36/36/134
f 36/36/135 8/8/136 48/48/137
f 10/10/138 6/6/139 49/49/140
f 49/49/141 6/6/142 37/37/143
f 50/50/144 38/38/145 51/51/146
f 51/51/147 38/38/148 39/39/149
f 41/41/150 52/52/151 43/43/152
f 43/43/153 52/52/154 53/53/155
f 54/54/156 44/44/157 55/55/158
f 55/55/159 44/44/160 45/45/161
f 46/56/162 56/57/163 47/58/164
f 47/58/165 56/57/166 57/59/167
f 8/8/168 12/12/169 48/48/170
f 48/48/171 12/12/172 58/60/173
f 14/14/174 10/10/175 59/61/176
f 59/61/177 10/10/178 49/49/179
f 60/62/180 50/50/181 61/63/182
f 61/63/183 50/50/184 51/51/185
f 52/52/186 62/64/187 53/53/188
f 53/53/189 62/64/190 63/65/191
f 64/66/192 54/54/193 65/67/194
f 65/67/195 54/54/196 55/55/197
f 56/57/198 64/66/199 57/59/200
f 57/59/201 64/66/202 65/67/203
f 12/12/204 16/16/205 58/60/206
f 58/60/207 16/16/208 66/68/209
f 18/18/210 14/14/211 67/69/212
f 67/69/213 14/14/214 59/61/215
f 68/70/216 60/62/217 69/71/218
f 69/71/219 60/62/220 61/63/221
f 62/64/222 70/72/223 63/65/224
f 63/65/225 70/72/226 71/73/227
f 16/16/228 20/20/229 66/68/230
f 66/68/231 20/20/232 72/74/233
f 35/35/234 36/36/235 73/75/236
f 73/75/237 36/36/238 74/76/239
f 22/22/240 18/18/241 75/77/242
f 75/77/243 18/18/244 67/69/245
f 37/37/246 35/35/247 76/78/248
f 76/78/249 35/35/250 73/75/251
f 77/79/252 68/70/253 78/80/254
f 78/80/255 68/70/256 69/71/257
f 70/72/258 79/81/259 71/73/260
f 71/73/261 79/81/262 80/82/263
f 25/25/264 26/26/265 81/83/266
f 81/83/267 26/26/268 82/84/269
f 26/26/270 28/28/271 82/84/272
f 82/84/273 28/28/274 83/85/275
f 30/30/276 25/25/277 84/86/278
f 84/86/279 25/25/280 81/83/281
f 32/32/282 30/30/283 85/87/284
f 85/87/285 30/30/286 84/86/287
f 20/20/288 34/34/289 72/74/290
f 72/74/291 34/34/292 86/88/293
f 36/36/294 48/48/295 74/76/296
f 74/76/297 48/48/298 87/89/299
f 49/49/300 37/37/301 88/90/302
f 88/90/303 37/37/304 76/78/305
f 39/39/306 22/22/307 89/91/308
f 89/91/309 22/22/310 75/77/311
f 90/92/312 77/79/313 91/93/314
f 91/93/315 77/79/316 78/80/317
f 79/81/318 92/94/319 80/82/320
f 80/82/321 92/94/322 93/95/323
f 42/42/324 43/43/325 94/96/326
f 94/96/327 43/43/328 95/97/329
f 28/28/330 42/42/331 83/85/332
f 83/85/333 42/42/334 94/96/335
f 45/45/336 32/32/337 96/98/338
f 96/98/339 32/32/340 85/87/341
f 34/34/342 47/47/343 86/88/344
f 86/88/345 47/47/346 97/99/347
f 48/48/348 58/60/349 87/89/350
f 87/89/351 58/60/352 98/100/353
f 59/61/354 49/49/355 99/101/356
f 99/101/357 49/49/358 88/90/359
f 51/51/360 39/39/361 100/102/362
f 100/102/363 39/39/364 89/91/365
f 101/103/366 90/92/367 102/104/368
f 102/104/369 90/92/370 91/93/371
f 92/94/372 101/103/373 93/95/374
f 93/95/375 101/103/376 102/104/377
f 43/43/378 53/53/379 95/97/380
f 95/97/381 53/53/382 103/105/383
f 55/55/384 45/45/385 104/106/386
f 104/106/387 45/45/388 96/98/389
f 47/58/390 57/59/391 97/107/392
f 97/107/393 57/59/394 105/108/395
f 58/60/396 66/68/397 98/100/398
f 98/100/399 66/68/400 106/109/401
f 67/69/402 59/61/403 107/110/404
f 107/110/405 59/61/406 99/101/407
f 61/63/408 51/51/409 108/111/410
f 108/111/411 51/51/412 100/102/413
f 53/53/414 63/65/415 103/105/416
f 103/105/417 63/65/418 109/112/419
f 65/67/420 55/55/421 110/113/422
f 110/113/423 55/55/424 104/106/425
f 57/59/426 65/67/427 105/108/428
f 105/108/429 65/67/430 110/113/431
f 66/68/432 72/74/433 106/109/434
f 106/109/435 72/74/436 111/114/437
f 73/75/438 74/76/439 112/115/440
f 112/115/441 74/76/442 113/116/443
f 75/77/444 67/69/445 114/117/446
f 114/117/447 67/69/448 107/110/449
f 69/71/450 61/63/451 115/118/452
f 115/118/453 61/63/454 108/111/455
f 76/78/456 73/75/457 116/119/458
f 116/119/459 73/75/460 112/115/461
f 63/65/462 71/73/463 109/112/464
f 109/112/465 71/73/466 117/120/467
f 81/83/468 82/84/469 118/121/470
f 118/121/470 82/84/471 119/122/472
f 82/84/473 83/85/474 119/122/475
f 119/122/476 83/85/477 120/123/478
f 84/86/479 81/83/480 121/124/481
f 121/124/482 81/83/483 118/121/484
f 85/87/485 84/86/486 122/125/487
f 122/125/488 84/86/489 121/124/490
f 72/74/491 86/88/492 111/114/493
f 111/114/494 86/88/495 123/126/496
f 74/76/497 87/89/498 113/116/499
f 113/116/500 87/89/501 124/127/502
f 88/90/503 76/78/504 125/128/505
f 125/128/506 76/78/507 116/119/508
f 89/91/509 75/77/510 126/129/511
f 126/129/512 75/77/513 114/117/514
f 78/80/515 69/71/516 127/130/517
f 127/130/518 69/71/519 115/118/520
f 71/73/521 80/82/522 117/120/523
f 117/120/524 80/82/525 128/131/526
f 94/96/527 95/97/528 129/132/529
f 129/132/530 95/97/531 130/133/532
f 83/85/533 94/96/534 120/123/535
f 120/123/536 94/96/537 129/132/538
f 96/98/539 85/87/540 131/134/541
f 131/134/542 85/87/543 122/125/544
f 86/88/545 97/99/546 123/126/547
f 123/126/548 97/99/549 132/135/550
f 87/89/551 98/100/552 124/127/553
f 124/127/554 98/100/555 133/136/556
f 99/101/557 88/90/558 134/137/559
f 134/137/560 88/90/561 125/128/562
f 100/102/563 89/91/564 135/138/565
f 135/138/566 89/91/567 126/129/568
f 91/93/569 78/80/570 136/139/571
f 136/139/572 78/80/573 127/130/574
f 80/82/575 93/95/576 128/131/577
f 128/131/578 93/95/579 137/140/580
f 95/97/581 103/105/582 130/133/583
f 130/133/584 103/105/585 138/141/586
f 104/106/587 96/98/588 139/142/589
f 139/142/590 96/98/591 131/134/592
f 97/107/593 105/108/594 132/143/595
f 132/143/596 105/108/597 140/144/598
f 98/100/599 106/109/600 133/136/601
f 133/136/602 106/109/603 141/145/604
f 142/146/605 143/147/606 113/116/607
f 113/116/608 143/147/609 112/115/610
f 107/110/611 99/101/612 144/148/613
f 144/148/614 99/101/615 134/137/616
f 108/111/617 100/102/618 145/149/619
f 145/149/620 100/102/621 135/138/622
f 102/104/623 91/93/624 146/150/625
f 146/150/626 91/93/627 136/139/628
f 112/115/629 143/147/630 116/119/631
f 116/119/632 143/147/633 147/151/634
f 93/95/635 102/104/636 137/140/637
f 137/140/638 102/104/639 146/150/640
f 103/105/641 109/112/642 138/141/643
f 138/141/644 109/112/645 148/152/646
f 110/113/647 104/106/648 149/153/649
f 149/153/650 104/106/651 139/142/652
f 105/108/653 110/113/654 140/144/655
f 140/144/656 110/113/657 149/153/658
f 106/109/659 111/114/660 141/145/661
f 141/145/662 111/114/663 150/154/664
f 124/127/665 151/155/666 113/116/667
f 113/116/668 151/155/669 142/146/670
f 152/156/671 143/147/672 153/157/673
f 153/157/674 143/147/675 142/146/676
f 147/151/677 154/158/678 116/119/679
f 116/119/680 154/158/681 125/128/682
f 114/117/683 107/110/684 155/159/685
f 155/159/686 107/110/687 144/148/688
f 115/118/689 108/111/690 156/160/691
f 156/160/692 108/111/693 145/149/694
f 147/151/695 143/147/696 157/161/697
f 157/161/698 143/147/699 152/156/700
f 109/112/701 117/120/702 148/152/703
f 148/152/704 117/120/705 158/162/706
f 118/121/707 119/122/708 159/163/709
f 159/163/710 119/122/711 160/164/712
f 119/122/713 120/123/714 160/164/715
f 160/164/716 120/123/717 161/165/718
f 121/124/719 118/121/720 162/166/721
f 162/166/722 118/121/723 159/163/724
f 122/125/725 121/124/726 163/167/727
f 163/167/728 121/124/729 162/166/730
f 111/114/731 123/126/732 150/154/733
f 150/154/734 123/126/735 164/168/736
f 165/169/737 151/155/738 133/136/739
f 133/136/740 151/155/741 124/127/742
f 142/146/743 151/155/744 153/157/745
f 153/157/746 151/155/747 166/170/748
f 167/171/749 168/172/750 153/157/751
f 153/157/752 168/172/753 152/156/754
f 169/173/755 154/158/756 157/161/757
f 157/161/758 154/158/759 147/151/760
f 125/128/761 154/158/762 134/137/763
f 134/137/764 154/158/765 170/174/766
f 126/129/767 114/117/768 171/175/769
f 171/175/770 114/117/771 155/159/772
f 127/130/773 115/118/774 172/176/775
f 172/176/776 115/118/777 156/160/778
f 152/156/779 168/172/780 157/161/781
f 157/161/782 168/172/783 173/177/784
f 117/120/785 128/131/786 158/162/787
f 158/162/788 128/131/789 174/178/790
f 129/132/791 130/133/792 175/179/793
f 175/179/794 130/133/795 176/180/796
f 120/123/797 129/132/798 161/165/799
f 161/165/800 129/132/801 175/179/802
f 131/134/803 122/125/804 177/181/805
f 177/181/806 122/125/807 163/167/808
f 123/126/809 132/135/810 164/168/811
f 164/168/812 132/135/813 178/182/814
f 141/145/815 179/183/816 133/136/817
f 133/136/818 179/183/819 165/169/820
f 166/170/821 151/155/747 180/184/822
f 180/184/823 151/155/824 165/169/825
f 166/170/826 181/185/827 153/157/828
f 153/157/829 181/185/830 167/171/831
f 168/172/832 167/171/833 182/186/834
f 182/186/835 167/171/836 183/187/837
f 173/177/838 184/188/839 157/161/840
f 157/161/841 184/188/842 169/173/843
f 170/174/844 154/158/845 185/189/846
f 185/189/847 154/158/848 169/173/849
f 170/174/850 186/190/851 134/137/852
f 134/137/853 186/190/854 144/148/855
f 135/138/856 126/129/857 187/191/858
f 187/191/859 126/129/860 171/175/861
f 136/139/862 127/130/863 188/192/864
f 188/192/865 127/130/866 172/176/867
f 173/177/868 168/172/869 189/193/870
f 189/193/871 168/172/872 182/186/873
f 128/131/874 137/140/875 174/178/876
f 174/178/877 137/140/878 190/194/879
f 130/133/880 138/141/881 176/180/882
f 176/180/883 138/141/884 191/195/885
f 139/142/886 131/134/592 192/196/887
f 192/196/888 131/134/889 177/181/890
f 132/143/891 140/144/892 178/197/893
f 178/197/894 140/144/895 193/198/896
f 194/199/897 179/183/898 150/154/899
f 150/154/900 179/183/901 141/145/902
f 165/169/903 179/183/904 180/184/905
f 180/184/906 179/183/907 195/200/908
f 196/201/909 181/185/910 180/184/911
f 180/184/912 181/185/913 166/170/914
f 167/171/915 181/185/916 183/187/917
f 183/187/918 181/185/919 197/202/920
f 184/188/921 173/177/922 198/203/923
f 198/203/924 173/177/925 189/193/926
f 169/173/927 184/188/928 185/189/929
f 185/189/930 184/188/931 199/204/932
f 200/205/933 186/190/934 185/189/935
f 185/189/936 186/190/937 170/174/938
f 144/148/939 186/190/940 155/159/941
f 155/159/942 186/190/943 201/206/944
f 145/149/945 135/138/946 202/207/947
f 202/207/948 135/138/949 187/191/950
f 146/150/951 136/139/952 203/208/953
f 203/208/954 136/139/955 188/192/956
f 137/140/957 146/150/958 190/194/959
f 190/194/960 146/150/961 203/208/962
f 138/141/963 148/152/964 191/195/965
f 191/195/966 148/152/967 204/209/968
f 205/210/969 206/211/970 160/164/971
f 160/164/972 206/211/973 159/163/974
f 161/165/975 207/212/976 160/164/977
f 160/164/978 207/212/979 205/210/980
f 159/163/981 206/211/982 162/166/983
f 162/166/984 206/211/985 208/213/986
f 208/213/987 209/214/988 162/166/989
f 162/166/990 209/214/991 163/167/992
f 149/153/993 139/142/994 210/215/995
f 210/215/996 139/142/997 192/196/998
f 140/144/999 149/153/1000 193/198/1001
f 193/198/1002 149/153/1003 210/215/1004
f 164/168/1005 211/216/1006 150/154/1007
f 150/154/1008 211/216/1009 194/199/1010
f 195/200/1011 179/183/1012 212/217/1013
f 212/217/1014 179/183/1015 194/199/1016
f 195/200/1017 213/218/1018 180/184/1019
f 180/184/1020 213/218/1021 196/201/1022
f 181/185/1023 196/201/1024 197/202/1025
f 197/202/1026 196/201/1027 214/219/1028
f 215/220/1029 182/186/1030 216/221/1031
f 216/221/1032 182/186/1033 183/187/1034
f 199/204/1035 184/188/1036 217/222/1037
f 217/222/1038 184/188/1039 198/203/1040
f 199/204/1041 218/223/1042 185/189/1043
f 185/189/1044 218/223/1045 200/205/1046
f 201/206/1047 186/190/1048 219/224/1049
f 219/224/1050 186/190/1051 200/205/1052
f 201/206/1053 220/225/1054 155/159/1055
f 155/159/1056 220/225/1057 171/175/1058
f 156/160/1059 145/149/1060 221/226/1061
f 221/226/1062 145/149/1063 202/207/1064
f 189/193/1065 182/186/1066 222/227/1067
f 222/227/1068 182/186/1069 215/220/1070
f 148/152/1071 158/162/1072 204/209/1073
f 204/209/1074 158/162/1075 223/228/1076
f 176/180/1077 224/229/1078 175/179/1079
f 175/179/1080 224/229/1081 225/230/1082
f 225/230/1083 207/212/1084 175/179/1085
f 175/179/1086 207/212/1087 161/165/1088
f 226/231/1089 206/211/1090 227/232/1091
f 227/232/1092 206/211/1093 205/210/1094
f 205/210/1094 207/212/1095 227/232/1096
f 227/232/1097 207/212/1098 228/233/1099
f 208/213/1100 206/211/1101 229/234/1102
f 229/234/1103 206/211/1104 226/231/1105
f 230/235/1106 209/214/1107 229/234/1108
f 229/234/1109 209/214/1110 208/213/1111
f 163/167/1112 209/214/1113 177/181/1114
f 177/181/1115 209/214/1116 231/236/1117
f 232/237/1118 211/216/1119 178/182/1120
f 178/182/1121 211/216/1122 164/168/1123
f 194/199/1124 211/216/1125 212/217/1126
f 212/217/1127 211/216/1128 233/238/1129
f 234/239/1130 213/218/1131 212/217/1132
f 212/217/1133 213/218/1134 195/200/1135
f 196/201/1136 213/218/1137 214/219/1138
f 214/219/1139 213/218/1140 235/240/1141
f 183/187/1142 197/202/1143 216/221/1144
f 216/221/1145 197/202/1146 236/241/1147
f 237/242/1148 238/243/1149 216/221/1150
f 216/221/1151 238/243/1152 215/220/1153
f 239/244/1154 198/203/1155 222/227/1156
f 222/227/1157 198/203/1158 189/193/1159
f 218/223/1160 199/204/1161 240/245/1162
f 240/245/1163 199/204/1164 217/222/1165
f 200/205/1166 218/223/1167 219/224/1168
f 219/224/1169 218/223/1170 241/246/1171
f 242/247/1172 220/225/1173 219/224/1174
f 219/224/1175 220/225/1176 201/206/1177
f 171/175/1178 220/225/1179 187/191/1180
f 187/191/1181 220/225/1182 243/248/1183
f 172/176/1184 156/160/1185 244/249/1186
f 244/249/1187 156/160/1188 221/226/1189
f 215/220/1190 238/243/1191 222/227/1192
f 222/227/1193 238/243/1194 245/250/1195
f 158/162/1196 174/178/1197 223/228/1198
f 223/228/1199 174/178/1200 246/251/1201
f 247/252/1202 224/229/1203 191/195/1204
f 191/195/1205 224/229/1206 176/180/1207
f 225/230/1208 224/229/1209 248/253/1210
f 248/253/1211 224/229/1212 249/254/1213
f 228/233/1214 207/212/1098 248/253/1215
f 248/253/1216 207/212/1217 225/230/1218
f 250/255/1219 251/256/1220 227/232/1221
f 227/232/1222 251/256/1223 226/231/1224
f 228/233/1225 252/257/1226 227/232/1227
f 227/232/1228 252/257/1229 250/255/1230
f 226/231/1231 251/256/1232 229/234/1233
f 229/234/1234 251/256/1235 253/258/1236
f 253/258/1237 254/259/1238 229/234/1239
f 229/234/1240 254/259/1241 230/235/1242
f 231/236/1243 209/214/1244 255/260/1245
f 255/260/1246 209/214/1247 230/235/1248
f 231/236/1249 256/261/1250 177/181/1251
f 177/181/1252 256/261/1253 192/196/1254
f 193/198/1255 257/262/1256 178/197/1257
f 178/197/1258 257/262/1259 232/263/1260
f 233/238/1261 211/216/1262 258/264/1263
f 258/264/1264 211/216/1265 232/237/1266
f 233/238/1267 259/265/1268 212/217/1269
f 212/217/1270 259/265/1271 234/239/1272
f 213/218/1273 234/239/1274 235/240/1275
f 235/240/1276 234/239/1277 260/266/1278
f 236/241/1279 197/202/1280 261/267/1281
f 261/267/1282 197/202/1283 214/219/1284
f 236/241/1285 262/268/1286 216/221/1287
f 216/221/1288 262/268/1289 237/242/1290
f 238/243/1291 237/242/1292 263/269/1293
f 263/269/1294 237/242/1295 264/270/1296
f 245/250/1297 265/271/1298 222/227/1299
f 222/227/1300 265/271/1301 239/244/1302
f 217/222/1303 198/203/1304 266/272/1305
f 266/272/1306 198/203/1307 239/244/1308
f 241/246/1309 218/223/1310 267/273/1311
f 267/273/1312 218/223/1313 240/245/1314
f 241/246/1315 268/274/1316 219/224/1317
f 219/224/1318 268/274/1319 242/247/1320
f 243/248/1321 220/225/1322 269/275/1323
f 269/275/1324 220/225/1325 242/247/1326
f 243/248/1327 270/276/1328 187/191/1329
f 187/191/1330 270/276/1331 202/207/1332
f 188/192/1333 172/176/1334 271/277/1335
f 271/277/1336 172/176/1337 244/249/1338
f 245/250/1339 238/243/1340 272/278/1341
f 272/278/1342 238/243/1343 263/269/1344
f 174/178/1345 190/194/1346 246/251/1347
f 246/251/1348 190/194/1349 273/279/1350
f 204/209/1351 274/280/1352 191/195/1353
f 191/195/1354 274/280/1355 247/252/1356
f 249/254/1357 224/229/1358 275/281/1359
f 275/281/1360 224/229/1361 247/252/1362
f 249/254/1363 276/282/1364 248/253/1365
f 248/253/1366 276/282/1367 277/283/1368
f 277/283/1369 252/257/1370 248/253/1371
f 248/253/1372 252/257/1373 228/233/1374
f 251/256/1375 250/255/1376 278/284/1377
f 278/284/1378 250/255/1379 279/285/1380
f 250/255/1381 252/257/1382 279/285/1383
f 279/285/1384 252/257/1385 280/286/1386
f 253/258/1387 251/256/1388 281/287/1389
f 281/287/1390 251/256/1391 278/284/1392
f 254/259/1393 253/258/1394 282/288/1395
f 282/288/1396 253/258/1397 281/287/1398
f 230/235/1399 254/259/1400 255/260/1401
f 255/260/1402 254/259/1403 283/289/1404
f 284/290/1405 256/261/1406 255/260/1407
f 255/260/1408 256/261/1409 231/236/1410
f 192/196/1411 256/261/1412 210/215/1413
f 210/215/1414 256/261/1415 285/291/1416
f 285/291/1417 257/262/1418 210/215/1419
f 210/215/1420 257/262/1421 193/198/1422
f 232/263/1423 257/262/1424 258/292/1425
f 258/292/1426 257/262/1427 286/293/1428
f 287/294/1429 259/265/1430 258/264/1431
f 258/264/1432 259/265/1433 233/238/1434
f 234/239/1435 259/265/1436 260/266/1437
f 260/266/1438 259/265/1439 288/295/1440
f 214/219/1441 235/240/1442 261/267/1443
f 261/267/1444 235/240/1445 289/296/1446
f 290/297/1447 262/268/1448 261/267/1449
f 261/267/1450 262/268/1451 236/241/1452
f 237/242/1453 262/268/1454 264/270/1455
f 264/270/1456 262/268/1457 291/298/1458
f 265/271/1459 245/250/1460 292/299/1461
f 292/299/1462 245/250/1463 272/278/1464
f 239/244/1465 265/271/1466 266/272/1467
f 266/272/1468 265/271/1469 293/300/1470
f 294/301/1471 240/245/1472 266/272/1473
f 266/272/1474 240/245/1475 217/222/1476
f 268/274/1477 241/246/1478 295/302/1479
f 295/302/1480 241/246/1481 267/273/1482
f 242/247/1483 268/274/1484 269/275/1485
f 269/275/1486 268/274/1487 296/303/1488
f 297/304/1489 270/276/1490 269/275/1491
f 269/275/1492 270/276/1493 243/248/1494
f 202/207/1495 270/276/1496 221/226/1497
f 221/226/1498 270/276/1499 298/305/1500
f 203/208/1501 188/192/956 299/306/1502
f 299/306/1503 188/192/1504 271/277/1505
f 190/194/1506 203/208/1507 273/279/1508
f 273/279/1509 203/208/1510 299/306/1511
f 300/307/1512 274/280/1513 223/228/1514
f 223/228/1515 274/280/1516 204/209/1517
f 247/252/1518 274/280/1519 275/281/1520
f 275/281/1521 274/280/1522 301/308/1523
f 302/309/1524 276/282/1525 275/281/1526
f 275/281/1527 276/282/1528 249/254/1529
f 277/283/1530 276/282/1531 303/310/1532
f 303/310/1533 276/282/1534 304/311/1535
f 252/257/1536 277/283/1537 280/286/1538
f 280/286/1539 277/283/1540 303/310/1541
f 283/289/1542 254/259/1543 305/312/1544
f 305/312/1545 254/259/1546 282/288/1547
f 283/289/1548 306/313/1549 255/260/1550
f 255/260/1551 306/313/1552 284/290/1553
f 285/291/1554 256/261/1555 307/314/1556
f 307/314/1557 256/261/1558 284/290/1559
f 286/293/1560 257/262/1561 307/314/1562
f 307/314/1563 257/262/1564 285/291/1565
f 286/293/1566 308/315/1567 258/292/1568
f 258/292/1569 308/315/1570 287/316/1571
f 259/265/1572 287/294/1573 288/295/1574
f 288/295/1575 287/294/1576 309/317/1577
f 289/296/1578 235/240/1579 310/318/1580
f 310/318/1581 235/240/1582 260/266/1583
f 289/296/1584 311/319/1585 261/267/1586
f 261/267/1587 311/319/1588 290/297/1589
f 262/268/1590 290/297/1591 291/298/1592
f 291/298/1593 290/297/1594 312/320/1595
f 293/300/1596 265/271/1597 313/321/1598
f 313/321/1599 265/271/1600 292/299/1601
f 293/300/1602 314/322/1603 266/272/1604
f 266/272/1605 314/322/1606 294/301/1607
f 267/273/1608 240/245/1609 315/323/1610
f 315/323/1611 240/245/1612 294/301/1613
f 296/303/1614 268/274/1615 316/324/1616
f 316/324/1617 268/274/1618 295/302/1619
f 296/303/1620 317/325/1621 269/275/1622
f 269/275/1623 317/325/1624 297/304/1625
f 298/305/1626 270/276/1627 318/326/1628
f 318/326/1629 270/276/1630 297/304/1631
f 298/305/1632 319/327/1633 221/226/1634
f 221/226/1635 319/327/1636 244/249/1637
f 246/251/1638 320/328/1639 223/228/1640
f 223/228/1641 320/328/1642 300/307/1643
f 301/308/1644 274/280/1645 321/329/1646
f 321/329/1647 274/280/1648 300/307/1649
f 301/308/1650 322/330/1651 275/281/1652
f 275/281/1653 322/330/1654 302/309/1655
f 276/282/1656 302/309/1657 304/311/1658
f 304/311/1659 302/309/1660 323/331/1661
f 324/332/1662 278/284/1663 325/333/1664
f 325/333/1665 278/284/1666 279/285/1667
f 279/285/1668 280/286/1669 325/333/1670
f 325/333/1671 280/286/1672 326/334/1673
f 281/287/1674 278/284/1675 327/335/1676
f 327/335/1677 278/284/1678 324/332/1679
f 328/336/1680 282/288/1681 327/335/1682
f 327/335/1683 282/288/1684 281/287/1685
f 306/313/1686 283/289/1687 329/337/1688
f 329/337/1689 283/289/1690 305/312/1691
f 284/290/1692 306/313/1693 307/314/1694
f 307/314/1695 306/313/1696 330/338/1697
f 330/338/1698 308/315/1699 307/314/1700
f 307/314/1701 308/315/1702 286/293/1703
f 287/316/1704 308/315/1705 309/339/1706
f 309/339/1707 308/315/1708 331/340/1709
f 260/266/1710 288/295/1711 310/318/1712
f 310/318/1713 288/295/1714 332/341/1715
f 333/342/1716 311/319/1717 310/318/1718
f 310/318/1719 311/319/1720 289/296/1721
f 290/297/1722 311/319/1723 312/320/1724
f 312/320/1725 311/319/1726 334/343/1727
f 314/322/1728 293/300/1729 335/344/1730
f 335/344/1730 293/300/1731 313/321/1732
f 294/301/1733 314/322/1734 315/323/1735
f 315/323/1736 314/322/1737 336/345/1738
f 337/346/1739 295/302/1740 315/323/1741
f 315/323/1742 295/302/1743 267/273/1744
f 317/325/1745 296/303/1746 338/347/1747
f 338/347/1748 296/303/1749 316/324/1750
f 297/304/1751 317/325/1752 318/326/1753
f 318/326/1754 317/325/1755 339/348/1756
f 340/349/1757 319/327/1758 318/326/1759
f 318/326/1760 319/327/1761 298/305/1762
f 244/249/1763 319/327/1764 271/277/1765
f 271/277/1766 319/327/1767 341/350/1768
f 342/351/1769 320/328/1770 273/279/1771
f 273/279/1772 320/328/1773 246/251/1774
f 300/307/1775 320/328/1776 321/329/1777
f 321/329/1778 320/328/1779 343/352/1780
f 344/353/1781 322/330/1782 321/329/1783
f 321/329/1784 322/330/1785 301/308/1786
f 302/309/1787 322/330/1788 323/331/1789
f 323/331/1790 322/330/1791 345/354/1792
f 303/310/1793 304/311/1794 346/355/1795
f 346/355/1796 304/311/1797 347/356/1798
f 326/334/1799 280/286/1800 346/355/1801
f 346/355/1802 280/286/1803 303/310/1804
f 348/357/1805 349/358/1806 325/333/1807
f 325/333/1808 349/358/1809 324/332/1810
f 326/334/1811 350/359/1812 325/333/1813
f 325/333/1814 350/359/1815 348/357/1816
f 324/332/1817 349/358/1818 327/335/1819
f 327/335/1820 349/358/1821 351/360/1822
f 351/360/1823 352/361/1824 327/335/1825
f 327/335/1826 352/361/1827 328/336/1828
f 305/312/1829 282/288/1830 353/362/1831
f 353/362/1832 282/288/1833 328/336/1834
f 330/338/1835 306/313/1836 354/363/1837
f 354/363/1838 306/313/1839 329/337/1840
f 308/315/1841 330/338/1842 331/340/1843
f 331/340/1844 330/338/1845 354/363/1846
f 332/341/1847 288/295/1848 355/364/1849
f 355/364/1850 288/295/1851 309/317/1852
f 332/341/1853 356/365/1854 310/318/1855
f 310/318/1856 356/365/1857 333/342/1858
f 311/319/1859 333/342/1860 334/343/1861
f 334/343/1862 333/342/1863 357/366/1864
f 263/367/1865 264/368/1866 358/369/1867
f 358/369/1868 264/368/1869 359/370/1870
f 336/345/1871 314/322/1872 360/371/1873
f 360/371/1874 314/322/1875 335/344/1876
f 336/345/1877 361/372/1878 315/323/1879
f 315/323/1880 361/372/1881 337/346/1882
f 316/324/1883 295/302/1884 362/373/1885
f 362/373/1886 295/302/1887 337/346/1888
f 339/348/1889 317/325/1890 363/374/1891
f 363/374/1892 317/325/1893 338/347/1894
f 339/348/1895 364/375/1896 318/326/1897
f 318/326/1898 364/375/1899 340/349/1900
f 341/350/1901 319/327/1902 365/376/1903
f 365/376/1904 319/327/1905 340/349/1906
f 341/350/1907 366/377/1908 271/277/1909
f 271/277/1910 366/377/1911 299/306/1912
f 272/378/1913 263/367/1914 367/379/1915
f 367/379/1916 263/367/1917 358/369/1918
f 299/306/1919 366/377/1920 273/279/1921
f 273/279/1922 366/377/1923 342/351/1924
f 343/352/1925 320/328/1926 368/380/1927
f 368/380/1928 320/328/1929 342/351/1930
f 343/352/1931 369/381/1932 321/329/1933
f 321/329/1934 369/381/1935 344/353/1936
f 322/330/1937 344/353/1938 345/354/1939
f 345/354/1940 344/353/1941 370/382/1942
f 347/356/1943 304/311/1944 371/383/1945
f 371/383/1946 304/311/1947 323/331/1948
f 347/356/1949 372/384/1950 346/355/1951
f 346/355/1952 372/384/1953 373/385/1954
f 373/385/1955 350/359/1956 346/355/1957
f 346/355/1958 350/359/1959 326/334/1960
f 349/358/1961 348/357/1962 374/386/1963
f 374/386/1964 348/357/1965 375/387/1966
f 348/357/1967 350/359/1968 375/387/1969
f 375/387/1970 350/359/1971 376/388/1972
f 351/360/1973 349/358/1974 377/389/1975
f 377/389/1976 349/358/1977 374/386/1978
f 352/361/1979 351/360/1980 378/390/1981
f 378/390/1982 351/360/1983 377/389/1984
f 328/336/1985 352/361/1986 353/362/1987
f 353/362/1988 352/361/1989 379/391/1990
f 380/392/1991 329/337/1992 353/362/1993
f 353/362/1994 329/337/1995 305/312/1996
f 309/339/1997 331/340/1998 355/393/1999
f 355/393/2000 331/340/2001 381/394/2002
f 382/395/2003 356/365/2004 355/364/2005
f 355/364/2006 356/365/2007 332/341/2008
f 333/342/2009 356/365/2010 357/366/2011
f 357/366/2012 356/365/2013 383/396/2014
f 264/368/2015 291/397/2016 359/370/2017
f 359/370/2018 291/397/2019 384/398/2020
f 292/399/2021 272/378/2022 385/400/2023
f 385/400/2024 272/378/2025 367/379/2026
f 361/372/2027 336/345/2028 386/401/2029
f 386/401/2030 336/345/2031 360/371/2032
f 337/346/2033 361/372/2034 362/373/2035
f 362/373/2036 361/372/2037 387/402/2038
f 388/403/2039 338/347/2040 362/373/2041
f 362/373/2042 338/347/2043 316/324/2044
f 364/375/2045 339/348/2046 389/404/2047
f 389/404/2048 339/348/2049 363/374/2050
f 340/349/2051 364/375/2052 365/376/2053
f 365/376/2054 364/375/2055 390/405/2056
f 391/406/2057 366/377/2058 365/376/2059
f 365/376/2060 366/377/2061 341/350/2062
f 342/351/2063 366/377/2064 368/380/2065
f 368/380/2066 366/377/2067 391/406/2068
f 392/407/2069 369/381/2070 368/380/2071
f 368/380/2072 369/381/2073 343/352/2074
f 344/353/2075 369/381/2076 370/382/2077
f 370/382/2078 369/381/2079 393/408/2080
f 323/331/2081 345/354/2082 371/383/2083
f 371/383/2084 345/354/2085 394/409/2086
f 395/410/2087 372/384/2088 371/383/2089
f 371/383/2090 372/384/2091 347/356/2092
f 373/385/2093 372/384/2094 396/411/2095
f 396/411/2096 372/384/2097 397/412/2098
f 350/359/2099 373/385/2100 376/388/2101
f 376/388/2102 373/385/2103 396/411/2104
f 379/391/2105 352/361/2106 398/413/2107
f 398/413/2108 352/361/2109 378/390/2110
f 379/391/2111 399/414/2112 353/362/2113
f 353/362/2114 399/414/2115 380/392/2116
f 354/363/2117 329/337/2118 400/415/2119
f 400/415/2120 329/337/2121 380/392/2122
f 381/394/2123 331/340/2124 400/415/2125
f 400/415/2126 331/340/2127 354/363/2128
f 381/394/2129 401/416/2130 355/393/2131
f 355/393/2132 401/416/2133 382/417/2134
f 356/365/2135 382/395/2136 383/396/2137
f 383/396/2137 382/395/2138 402/418/2139
f 291/397/2140 312/419/2141 384/398/2142
f 384/398/2143 312/419/2144 403/420/2145
f 313/421/2146 292/399/2147 404/422/2148
f 404/422/2149 292/399/2150 385/400/2151
f 387/402/2152 361/372/2153 405/423/2154
f 405/423/2155 361/372/2156 386/401/2157
f 387/402/2158 406/424/2159 362/373/2160
f 362/373/2161 406/424/2162 388/403/2163
f 363/374/2164 338/347/2165 407/425/2166
f 407/425/2167 338/347/2168 388/403/2169
f 390/405/2170 364/375/2171 408/426/2172
f 408/426/2173 364/375/2174 389/404/2175
f 390/405/2176 409/427/2177 365/376/2178
f 365/376/2179 409/427/2180 391/406/2181
f 391/406/2182 409/427/2183 368/380/2184
f 368/380/2185 409/427/2186 392/407/2187
f 369/381/2188 392/407/2189 393/408/2190
f 393/408/2191 392/407/2192 410/428/2193
f 394/409/2194 345/354/2195 411/429/2196
f 411/429/2197 345/354/2198 370/382/2199
f 394/409/2200 412/430/2201 371/383/2202
f 371/383/2203 412/430/2204 395/410/2205
f 372/384/2206 395/410/2207 397/412/2208
f 397/412/2209 395/410/2210 413/431/2211
f 399/414/2212 379/391/2213 414/432/2214
f 414/432/2215 379/391/2216 398/413/2217
f 380/392/2218 399/414/2219 400/415/2220
f 400/415/2221 399/414/2222 415/433/2223
f 415/433/2224 401/416/2225 400/415/2226
f 400/415/2227 401/416/2228 381/394/2229
f 382/417/2230 401/416/2231 402/434/2232
f 402/434/2233 401/416/2234 416/435/2235
f 312/419/2236 334/436/2237 403/420/2238
f 403/420/2239 334/436/2240 417/437/2241
f 335/438/2242 313/421/2243 418/439/2244
f 418/439/2245 313/421/2246 404/422/2247
f 406/424/2248 387/402/2249 419/440/2250
f 419/440/2251 387/402/2252 405/423/2253
f 388/403/2254 406/424/2255 407/425/2256
f 407/425/2257 406/424/2258 420/441/2259
f 421/442/2260 389/404/2261 407/425/2262
f 407/425/2263 389/404/2264 363/374/2265
f 409/427/2266 390/405/2267 422/443/2268
f 422/443/2269 390/405/2270 408/426/2271
f 392/407/2272 409/427/2273 410/428/2274
f 410/428/2275 409/427/2276 422/443/2277
f 370/382/2278 393/408/2279 411/429/2280
f 411/429/2281 393/408/2282 423/444/2283
f 424/445/2284 412/430/2285 411/429/2286
f 411/429/2287 412/430/2288 394/409/2289
f 395/410/2290 412/430/2291 413/431/2292
f 413/431/2293 412/430/2294 425/446/2295
f 415/433/2296 399/414/2297 426/447/2298
f 426/447/2299 399/414/2300 414/432/2301
f 401/416/2302 415/433/2303 416/435/2304
f 416/435/2304 415/433/2305 426/447/2306
f 334/436/2307 357/448/2308 417/437/2309
f 417/437/2310 357/448/2311 427/449/2312
f 358/369/2313 359/370/2314 428/450/2315
f 428/450/2316 359/370/2317 429/451/2318
f 360/452/2319 335/438/2320 430/453/2321
f 430/453/2322 335/438/2323 418/439/2324
f 420/441/2325 406/424/2326 431/454/2327
f 431/454/2328 406/424/2329 419/440/2330
f 420/441/2331 432/455/2332 407/425/2333
f 407/425/2334 432/455/2335 421/442/2336
f 408/426/2337 389/404/2338 433/456/2339
f 433/456/2340 389/404/2341 421/442/2342
f 367/379/2343 358/369/2344 428/450/2345
f 423/444/2346 393/408/2347 434/457/2348
f 434/457/2349 393/408/2350 410/428/2351
f 423/444/2352 435/458/2353 411/429/2354
f 411/429/2355 435/458/2356 424/445/2357
f 412/430/2358 424/445/2359 425/446/2360
f 425/446/2361 424/445/2362 436/459/2363
f 374/460/2364 375/461/2365 437/462/2366
f 437/462/2367 375/461/2368 438/463/2369
f 375/461/2370 376/464/2371 438/463/2372
f 438/463/2373 376/464/2374 439/465/2375
f 377/466/2376 374/460/2377 440/467/2378
f 440/467/2379 374/460/2380 437/462/2381
f 378/468/2382 377/466/2383 441/469/2384
f 441/469/2385 377/466/2386 440/467/2387
f 357/448/2388 383/470/2389 427/449/2390
f 427/449/2391 383/470/2392 442/471/2393
f 359/370/2394 384/398/2395 429/451/2396
f 385/400/2397 367/379/2398 443/472/2399
f 443/472/2400 367/379/2401 428/450/2402
f 386/473/2403 360/452/2404 444/474/2405
f 444/474/2406 360/452/2407 430/453/2408
f 432/455/2409 420/441/2410 445/475/2411
f 445/475/2412 420/441/2413 431/454/2414
f 421/442/2415 432/455/2416 433/456/2417
f 433/456/2418 432/455/2419 446/476/2420
f 447/477/2421 422/443/2422 433/456/2423
f 433/456/2424 422/443/2425 408/426/2426
f 410/428/2427 422/443/2428 434/457/2429
f 434/457/2430 422/443/2431 447/477/2432
f 448/478/2433 435/458/2434 434/457/2435
f 434/457/2436 435/458/2437 423/444/2438
f 424/445/2439 435/458/2440 436/459/2441
f 436/459/2442 435/458/2443 449/479/2444
f 396/480/2445 397/481/2446 450/482/2447
f 450/482/2448 397/481/2449 451/483/2450
f 376/464/2451 396/480/2452 439/465/2453
f 439/465/2454 396/480/2455 450/482/2456
f 398/484/2457 378/468/2458 452/485/2459
f 452/485/2460 378/468/2461 441/469/2462
f 383/470/2463 402/486/2464 442/471/2465
f 442/471/2466 402/486/2467 453/487/2468
f 384/398/2469 403/420/2470 429/451/2471
f 429/451/2472 403/420/2473 454/488/2474
f 404/422/2475 385/400/2476 443/472/2477
f 405/489/2478 386/473/2479 455/490/2480
f 455/490/2481 386/473/2482 444/474/2483
f 446/476/2484 432/455/2485 456/491/2486
f 456/491/2487 432/455/2488 445/475/2489
f 446/476/2490 457/492/2491 433/456/2492
f 433/456/2493 457/492/2494 447/477/2495
f 447/477/2496 457/492/2497 434/457/2498
f 434/457/2499 457/492/2500 448/478/2501
f 435/458/2502 448/478/2503 449/479/2504
f 449/479/2505 448/478/2506 458/493/2507
f 397/481/2508 413/494/2509 451/483/2510
f 451/483/2511 413/494/2512 459/495/2513
f 414/496/2514 398/484/2515 460/497/2516
f 460/497/2517 398/484/2518 452/485/2519
f 402/498/2520 416/499/2521 453/500/2522
f 453/500/2523 416/499/2524 461/501/2525
f 403/420/2526 417/437/2527 454/488/2528
f 462/502/2529 463/503/2530 429/451/2531
f 429/451/2532 463/503/2533 428/450/2534
f 418/439/2535 404/422/2536 464/504/2537
f 464/504/2538 404/422/2539 443/472/2540
f 419/505/2541 405/489/2542 465/506/2543
f 465/506/2544 405/489/2545 455/490/2546
f 457/492/2547 446/476/2548 466/507/2549
f 466/507/2550 446/476/2551 456/491/2552
f 448/478/2553 457/492/2554 458/493/2555
f 458/493/2556 457/492/2557 466/507/2558
f 413/494/2559 425/508/2560 459/495/2561
f 459/495/2562 425/508/2563 467/509/2564
f 426/510/2565 414/496/2566 468/511/2567
f 468/511/2568 414/496/2569 460/497/2570
f 416/499/2571 426/510/2572 461/501/2573
f 461/501/2574 426/510/2575 468/511/2576
f 417/437/2577 427/449/2578 454/488/2579
f 454/488/2580 427/449/2581 469/512/2582
f 470/513/2583 463/503/2584 471/514/2585
f 471/514/2586 463/503/2587 462/502/2588
f 463/503/2589 472/515/2590 428/450/2591
f 428/450/2592 472/515/2593 443/472/2594
f 430/453/2595 418/439/2596 464/504/2597
f 431/516/2598 419/505/2599 473/517/2600
f 473/517/2601 419/505/2602 465/506/2603
f 425/508/2604 436/518/2605 467/509/2606
f 467/509/2607 436/518/2608 474/519/2609
f 437/462/2610 438/463/2611 475/520/2612
f 475/520/2613 438/463/2614 476/521/2615
f 438/463/2616 439/465/2617 476/521/2618
f 440/467/2619 437/462/2620 475/520/2621
f 441/469/2622 440/467/2623 477/522/2624
f 477/522/2625 440/467/2626 475/520/2627
f 427/449/2628 442/471/2629 469/512/2630
f 478/523/2631 462/502/2632 454/488/2633
f 454/488/2634 462/502/2635 429/451/2636
f 470/513/2637 471/514/2638 479/524/2639
f 479/524/2640 471/514/2641 480/525/2642
f 481/526/2643 472/515/2644 470/513/2645
f 470/513/2646 472/515/2647 463/503/2648
f 444/474/2649 430/453/2650 482/527/2651
f 482/527/2652 430/453/2653 464/504/2654
f 445/528/2655 431/516/2656 483/529/2657
f 483/529/2658 431/516/2659 473/517/2660
f 436/518/2661 449/530/2662 474/519/2663
f 474/519/2664 449/530/2665 484/531/2666
f 450/482/2667 451/483/2668 485/532/2669
f 439/465/2670 450/482/2671 476/521/2672
f 476/521/2673 450/482/2674 485/532/2675
f 452/485/2676 441/469/2677 477/522/2678
f 442/471/2679 453/487/2680 469/512/2681
f 469/512/2682 453/487/2683 486/533/2684
f 471/514/2685 462/502/2686 487/534/2687
f 487/534/2688 462/502/2689 478/523/2690
f 481/526/2691 470/513/2692 488/535/2693
f 488/535/2694 470/513/2695 479/524/2696
f 472/515/2697 489/536/2698 443/472/2699
f 443/472/2700 489/536/2701 464/504/2702
f 455/490/2703 444/474/2704 482/527/2705
f 456/537/2706 445/528/2707 490/538/2708
f 490/538/2709 445/528/2710 483/529/2711
f 449/530/2712 458/539/2713 484/531/2714
f 484/531/2715 458/539/2716 491/540/2717
f 451/483/2718 459/495/2719 485/532/2720
f 485/532/2721 459/495/2722 492/541/2723
f 460/497/2724 452/485/2725 493/542/2726
f 493/542/2727 452/485/2728 477/522/2729
f 453/500/2730 461/501/2731 486/543/2732
f 494/544/2733 478/523/2734 469/512/2735
f 469/512/2736 478/523/2737 454/488/2738
f 471/514/2739 487/534/2740 480/525/2741
f 480/525/2742 487/534/2743 495/545/2744
f 496/546/2745 489/536/2746 481/526/2747
f 481/526/2748 489/536/2749 472/515/2750
f 465/506/2751 455/490/2752 497/547/2753
f 497/547/2754 455/490/2755 482/527/2756
f 466/548/2757 456/537/2758 498/549/2759
f 498/549/2760 456/537/2761 490/538/2762
f 458/539/2763 466/548/2764 491/540/2765
f 491/540/2766 466/548/2767 498/549/2768
f 459/495/2769 467/509/2770 492/541/2771
f 499/550/2772 500/551/2773 476/521/2774
f 476/521/2775 500/551/2776 475/520/2777
f 500/551/2778 501/552/2779 475/520/2780
f 475/520/2781 501/552/2782 477/522/2783
f 468/511/2784 460/497/2785 493/542/2786
f 461/501/2787 468/511/2788 486/543/2789
f 486/543/2790 468/511/2791 493/542/2792
f 487/534/2793 478/523/2794 502/553/2795
f 502/553/2796 478/523/2797 494/544/2798
f 503/554/2799 479/555/2800 504/556/2801
f 504/556/2802 479/555/2803 480/557/2804
f 496/546/2805 481/526/2806 505/558/2807
f 505/558/2808 481/526/2809 488/535/2810
f 489/536/2811 506/559/2812 464/504/2813
f 464/504/2814 506/559/2815 482/527/2816
f 473/517/2817 465/506/2818 497/547/2819
f 467/509/2820 474/519/2821 492/541/2822
f 492/541/2823 474/519/2824 507/560/2825
f 508/561/2826 499/550/2827 485/532/2828
f 485/532/2829 499/550/2830 476/521/2831
f 509/562/2832 500/551/2833 510/563/2834
f 510/563/2835 500/551/2836 499/550/2837
f 511/564/2838 501/552/2839 509/562/2840
f 509/562/2841 501/552/2842 500/551/2843
f 512/565/2844 494/544/2845 486/533/2846
f 486/533/2847 494/544/2848 469/512/2849
f 487/534/2850 502/553/2851 495/545/2852
f 495/545/2853 502/553/2854 513/566/2855
f 514/567/2856 488/568/2857 503/554/2858
f 503/554/2859 488/568/2860 479/555/2861
f 515/569/2862 506/559/2863 496/546/2864
f 496/546/2865 506/559/2866 489/536/2867
f 483/529/2868 473/517/2869 516/570/2870
f 516/570/2871 473/517/2872 497/547/2873
f 474/519/2874 484/531/2875 507/560/2876
f 517/571/2877 508/561/2878 492/541/2879
f 492/541/2880 508/561/2881 485/532/2882
f 510/563/2883 499/550/2884 518/572/2885
f 518/572/2886 499/550/2887 508/561/2888
f 509/562/2889 510/563/2890 519/573/2891
f 519/573/2892 510/563/2893 520/574/2894
f 511/564/2895 509/562/2896 521/575/2897
f 521/575/2898 509/562/2899 519/573/2900
f 501/552/2901 522/576/2902 477/522/2903
f 477/522/2904 522/576/2905 493/542/2906
f 502/553/2907 494/544/2908 523/577/2909
f 523/577/2910 494/544/2911 512/565/2912
f 504/556/2913 480/557/2914 524/578/2915
f 524/578/2916 480/557/2917 495/579/2918
f 515/569/2919 496/546/2920 525/580/2921
f 525/580/2922 496/546/2923 505/558/2924
f 506/559/2925 526/581/2926 482/527/2927
f 482/527/2928 526/581/2929 497/547/2930
f 490/538/2931 483/529/2932 516/570/2933
f 484/531/2934 491/540/2935 507/560/2936
f 507/560/2937 491/540/2938 527/582/2939
f 518/572/2940 508/561/2941 528/583/2942
f 528/583/2943 508/561/2944 517/571/2945
f 510/563/2946 518/572/2947 520/574/2948
f 520/574/2949 518/572/2950 529/584/2951
f 530/585/2952 522/576/2953 511/564/2954
f 511/564/2955 522/576/2956 501/552/2957
f 522/576/2958 512/586/2959 493/542/2960
f 493/542/2961 512/586/2962 486/543/2963
f 502/553/2964 523/577/2965 513/566/2966
f 513/566/2967 523/577/2968 531/587/2969
f 532/588/2970 533/589/2971 504/556/2972
f 504/556/2973 533/589/2974 503/554/2975
f 534/590/2976 505/591/2977 514/567/2978
f 514/567/2979 505/591/2980 488/568/2981
f 535/592/2982 526/581/2983 515/569/2984
f 515/569/2985 526/581/2986 506/559/2987
f 498/549/2988 490/538/2989 527/582/2990
f 527/582/2991 490/538/2992 516/570/2993
f 491/540/2994 498/549/2995 527/582/2996
f 536/593/2997 517/571/2998 507/560/2999
f 507/560/3000 517/571/3001 492/541/3002
f 518/572/3003 528/583/3004 529/584/3005
f 529/584/3006 528/583/3007 537/594/3008
f 530/585/3009 511/564/3010 538/595/3011
f 538/595/3012 511/564/3013 521/575/3014
f 523/596/3015 512/586/3016 530/585/3017
f 530/585/3018 512/586/3019 522/576/3020
f 524/578/3021 495/579/3022 539/597/3023
f 539/597/3024 495/579/3025 513/598/3026
f 540/599/3027 533/589/3028 541/600/3029
f 541/600/3030 533/589/3031 532/588/3032
f 533/589/3033 542/601/3034 503/554/3035
f 503/554/3036 542/601/3037 514/567/3038
f 535/592/3039 515/569/3040 543/602/3041
f 543/602/3042 515/569/3043 525/580/3044
f 526/581/3045 544/603/3046 497/547/3047
f 497/547/3048 544/603/3049 516/570/3050
f 528/583/3051 517/571/3052 545/604/3053
f 545/604/3054 517/571/3055 536/593/3056
f 546/605/3057 519/606/3058 547/607/3059
f 547/607/3060 519/606/3061 520/608/3062
f 548/609/3063 521/610/3064 546/605/3065
f 546/605/3065 521/610/3066 519/606/3067
f 523/596/3068 530/585/3069 531/611/3070
f 531/611/3071 530/585/3072 538/595/3073
f 549/612/3074 532/588/3075 524/578/3076
f 524/578/3076 532/588/3077 504/556/3078
f 550/613/3079 551/614/3080 541/600/3081
f 541/600/3082 551/614/3083 540/599/3084
f 552/615/3085 542/601/3086 540/599/3087
f 540/599/3088 542/601/3089 533/589/3090
f 553/616/3091 525/617/3092 534/590/3093
f 534/590/3094 525/617/3095 505/591/3096
f 554/618/3097 544/603/3098 535/592/3099
f 535/592/3100 544/603/3101 526/581/3102
f 555/619/3103 536/593/3104 527/582/3105
f 527/582/3106 536/593/3107 507/560/3108
f 528/583/3109 545/604/3110 537/594/3111
f 537/594/3112 545/604/3113 556/620/3114
f 547/607/3115 520/608/3116 557/621/3117
f 557/621/3118 520/608/3119 529/622/3120
f 539/597/3121 513/598/3122 558/623/3123
f 558/623/3124 513/598/3125 531/624/3126
f 541/600/3127 532/588/3128 559/625/3129
f 559/625/3130 532/588/3131 549/612/3132
f 560/626/3133 551/614/3134 561/627/3135
f 561/627/3136 551/614/3137 550/613/3138
f 551/614/3139 562/628/3140 540/599/3141
f 540/599/3142 562/628/3143 552/615/3144
f 542/601/3145 563/629/3146 514/567/3147
f 514/567/3148 563/629/3149 534/590/3150
f 554/618/3151 535/592/3152 564/630/3153
f 564/630/3154 535/592/3155 543/602/3156
f 544/603/3157 555/619/3158 516/570/3159
f 516/570/3160 555/619/3161 527/582/3162
f 545/604/3163 536/593/3164 565/631/3165
f 565/631/3166 536/593/3167 555/619/3168
f 557/621/3169 529/622/3170 566/632/3171
f 566/632/3172 529/622/3173 537/633/3174
f 567/634/3175 538/635/3176 548/609/3177
f 548/609/3178 538/635/3179 521/610/3180
f 568/636/3181 549/612/3182 539/597/3183
f 539/597/3184 549/612/3185 524/578/3186
f 569/637/3187 550/613/3188 559/625/3189
f 559/625/3190 550/613/3191 541/600/3192
f 570/638/3193 571/639/3194 561/627/3195
f 561/627/3196 571/639/3197 560/626/3198
f 572/640/3199 562/628/3200 560/626/3201
f 560/626/3202 562/628/3203 551/614/3204
f 573/641/3205 563/629/3206 552/615/3207
f 552/615/3208 563/629/3209 542/601/3210
f 574/642/3211 543/643/3212 553/616/3213
f 553/616/3214 543/643/3215 525/617/3216
f 565/631/3217 555/619/3218 554/618/3219
f 554/618/3220 555/619/3221 544/603/3222
f 545/604/3223 565/631/3224 556/620/3225
f 556/620/3226 565/631/3227 575/644/3228
f 576/645/3229 577/646/3230 547/607/3231
f 547/607/3232 577/646/3233 546/605/3234
f 577/646/3235 578/647/3236 546/605/3237
f 546/605/3238 578/647/3239 548/609/3240
f 558/648/3241 531/649/3242 567/634/3243
f 567/634/3244 531/649/3245 538/635/3246
f 559/625/3247 549/612/3248 579/650/3249
f 579/650/3250 549/612/3251 568/636/3252
f 561/627/3253 550/613/3254 580/651/3255
f 580/651/3256 550/613/3257 569/637/3258
f 581/652/3259 571/639/3260 582/653/3261
f 582/653/3262 571/639/3263 570/638/3264
f 571/639/3265 583/654/3266 560/626/3267
f 560/626/3268 583/654/3269 572/640/3270
f 562/628/3271 584/655/3272 552/615/3273
f 552/615/3274 584/655/3275 573/641/3276
f 563/629/3277 585/656/3278 534/590/3279
f 534/590/3280 585/656/3281 553/616/3282
f 565/631/3283 554/618/3284 575/644/3285
f 575/644/3286 554/618/3287 564/630/3288
f 566/632/3289 537/633/3290 586/657/3291
f 586/657/3292 537/633/3293 556/658/3294
f 587/659/3295 576/645/3296 557/621/3297
f 557/621/3298 576/645/3299 547/607/3300
f 588/660/3301 577/646/3302 589/661/3303
f 589/661/3304 577/646/3305 576/645/3306
f 590/662/3307 578/647/3308 588/660/3309
f 588/660/3310 578/647/3311 577/646/3312
f 591/663/3313 568/636/3314 558/623/3315
f 558/623/3316 568/636/3317 539/597/3318
f 592/664/3319 569/637/3320 579/650/3321
f 579/650/3322 569/637/3323 559/625/3324
f 593/665/3325 570/638/3326 580/651/3327
f 580/651/3328 570/638/3329 561/627/3330
f 581/652/3331 582/653/3332 594/666/3333
f 594/666/3334 582/653/3335 595/667/3336
f 596/668/3337 583/654/3338 581/652/3339
f 581/652/3340 583/654/3341 571/639/3342
f 597/669/3343 584/655/3344 572/640/3345
f 572/640/3346 584/655/3347 562/628/3348
f 598/670/3349 585/656/3350 573/641/3351
f 573/641/3352 585/656/3353 563/629/3354
f 599/671/3355 564/672/3356 574/642/3357
f 574/642/3358 564/672/3359 543/643/3360
f 600/673/3361 587/659/3362 566/632/3363
f 566/632/3364 587/659/3365 557/621/3366
f 589/661/3367 576/645/3368 601/674/3369
f 601/674/3370 576/645/3371 587/659/3372
f 602/675/3373 603/676/3374 589/661/3375
f 589/661/3376 603/676/3377 588/660/3378
f 603/676/3379 604/677/3380 588/660/3381
f 588/660/3382 604/677/3383 590/662/3384
f 578/647/3385 605/678/3386 548/609/3387
f 548/609/3388 605/678/3389 567/634/3390
f 579/650/3391 568/636/3392 606/679/3393
f 606/679/3394 568/636/3395 591/663/3396
f 580/651/3397 569/637/3398 607/680/3399
f 607/680/3400 569/637/3401 592/664/3402
f 582/653/3403 570/638/3404 608/681/3405
f 608/681/3406 570/638/3407 593/665/3408
f 596/668/3409 581/652/3410 609/682/3411
f 609/682/3412 581/652/3413 594/666/3414
f 583/654/3415 610/683/3416 572/640/3417
f 572/640/3418 610/683/3419 597/669/3420
f 584/655/3421 611/684/3422 573/641/3423
f 573/641/3424 611/684/3425 598/670/3426
f 585/656/3427 612/685/3428 553/616/3429
f 553/616/3430 612/685/3431 574/642/3432
f 586/657/3433 556/658/3434 613/686/3435
f 613/686/3436 556/658/3437 575/687/3438
f 601/674/3439 587/659/3440 614/688/3441
f 614/688/3442 587/659/3443 600/673/3444
f 615/689/3445 602/675/3446 601/674/3447
f 601/674/3448 602/675/3449 589/661/3450
f 616/690/3451 603/676/3452 617/691/3453
f 617/691/3454 603/676/3455 602/675/3456
f 618/692/3457 604/677/3458 616/690/3459
f 616/690/3460 604/677/3461 603/676/3462
f 619/693/3463 605/678/3464 590/662/3465
f 590/662/3466 605/678/3467 578/647/3468
f 605/678/3469 591/694/3470 567/634/3471
f 567/634/3472 591/694/3473 558/648/3474
f 620/695/3475 592/664/3476 606/679/3477
f 606/679/3478 592/664/3479 579/650/3480
f 621/696/3481 593/665/3482 607/680/3483
f 607/680/3484 593/665/3485 580/651/3486
f 582/653/3487 608/681/3488 595/667/3489
f 595/667/3490 608/681/3491 622/697/3492
f 623/698/3493 624/699/3494 595/667/3495
f 595/667/3496 624/699/3497 594/666/3498
f 625/700/3499 610/683/3500 596/668/3501
f 596/668/3502 610/683/3503 583/654/3504
f 626/701/3505 611/684/3506 597/669/3507
f 597/669/3508 611/684/3509 584/655/3510
f 627/702/3511 612/685/3512 598/670/3513
f 598/670/3514 612/685/3515 585/656/3516
f 613/686/3517 575/687/3518 599/671/3519
f 599/671/3520 575/687/3521 564/672/3522
f 628/703/3523 600/673/3524 586/657/3525
f 586/657/3433 600/673/3526 566/632/3527
f 629/704/3528 615/689/3529 614/688/3530
f 614/688/3531 615/689/3532 601/674/3533
f 617/691/3534 602/675/3535 630/705/3536
f 630/705/3537 602/675/3538 615/689/3539
f 631/706/3540 632/707/3541 617/691/3542
f 617/691/3543 632/707/3544 616/690/3545
f 632/707/3546 633/708/3547 616/690/3548
f 616/690/3549 633/708/3550 618/692/3551
f 604/677/3552 634/709/3553 590/662/3554
f 590/662/3555 634/709/3556 619/693/3557
f 606/710/3558 591/694/3559 619/693/3560
f 619/693/3561 591/694/3562 605/678/3563
f 607/680/3564 592/664/3565 635/711/3566
f 635/711/3567 592/664/3568 620/695/3569
f 608/681/3570 593/665/3571 636/712/3572
f 636/712/3573 593/665/3574 621/696/3575
f 637/713/3576 624/699/3577 638/714/3578
f 638/714/3579 624/699/3580 623/698/3581
f 624/699/3582 639/715/3583 594/666/3584
f 594/666/3585 639/715/3586 609/682/3587
f 625/700/3588 596/668/3589 640/716/3590
f 640/716/3591 596/668/3592 609/682/3593
f 610/683/3594 641/717/3595 597/669/3596
f 597/669/3597 641/717/3598 626/701/3599
f 611/684/3600 642/718/3601 598/670/3602
f 598/670/3603 642/718/3604 627/702/3605
f 612/685/3606 643/719/3607 574/642/3608
f 574/642/3609 643/719/3610 599/671/3611
f 614/688/3612 600/673/3613 644/720/3614
f 644/720/3615 600/673/3616 628/703/3617
f 630/705/3618 615/689/3619 645/721/3620
f 645/721/3621 615/689/3622 629/704/3623
f 646/722/3624 631/706/3625 630/705/3626
f 630/705/3627 631/706/3628 617/691/3629
f 647/723/3630 632/707/3631 648/724/3632
f 648/724/3633 632/707/3634 631/706/3635
f 649/725/3636 633/708/3637 647/723/3638
f 647/723/3639 633/708/3640 632/707/3641
f 650/726/3642 634/709/3643 618/692/3644
f 618/692/3645 634/709/3646 604/677/3647
f 634/709/3648 620/727/3649 619/693/3650
f 619/693/3651 620/727/3652 606/710/3653
f 651/728/3654 621/696/3655 635/711/3656
f 635/711/3657 621/696/3658 607/680/3659
f 608/681/3660 636/712/3661 622/697/3662
f 622/697/3663 636/712/3664 652/729/3665
f 653/730/3666 623/698/3667 622/697/3668
f 622/697/3669 623/698/3670 595/667/3671
f 637/713/3672 638/714/3673 654/731/3674
f 654/731/3675 638/714/3676 655/732/3677
f 656/733/3678 639/715/3679 637/713/3680
f 637/713/3681 639/715/3682 624/699/3683
f 657/734/3684 641/717/3685 625/700/3686
f 625/700/3687 641/717/3688 610/683/3689
f 658/735/3690 642/718/3691 626/701/3692
f 626/701/3693 642/718/3694 611/684/3695
f 659/736/3696 643/719/3697 627/702/3698
f 627/702/3699 643/719/3700 612/685/3701
f 660/737/3702 628/703/3703 613/686/3704
f 613/686/3705 628/703/3706 586/657/3707
f 661/738/3708 629/704/3709 644/720/3710
f 644/720/3711 629/704/3712 614/688/3713
f 662/739/3714 646/722/3715 645/721/3716
f 645/721/3717 646/722/3718 630/705/3719
f 648/724/3720 631/706/3721 663/740/3722
f 663/740/3723 631/706/3724 646/722/3725
f 647/723/3726 648/724/3727 664/741/3728
f 664/741/3729 648/724/3730 665/742/3731
f 649/725/3732 647/723/3733 666/743/3734
f 666/743/3735 647/723/3736 664/741/3737
f 633/708/3738 667/744/3739 618/692/3740
f 618/692/3741 667/744/3742 650/726/3743
f 635/745/3744 620/727/3745 650/726/3746
f 650/726/3747 620/727/3748 634/709/3749
f 636/712/3750 621/696/3751 668/746/3752
f 668/746/3753 621/696/3754 651/728/3755
f 638/714/3756 623/698/3757 669/747/3758
f 669/747/3759 623/698/3760 653/730/3761
f 656/733/3762 637/713/3763 670/748/3764
f 670/748/3765 637/713/3766 654/731/3767
f 639/715/3768 671/749/3769 609/682/3770
f 609/682/3771 671/749/3772 640/716/3773
f 657/734/3774 625/700/3775 672/750/3776
f 672/750/3777 625/700/3778 640/716/3779
f 641/717/3780 673/751/3781 626/701/3782
f 626/701/3783 673/751/3784 658/735/3785
f 642/718/3786 674/752/3787 627/702/3788
f 627/702/3789 674/752/3790 659/736/3791
f 643/719/3792 660/737/3793 599/671/3794
f 599/671/3795 660/737/3796 613/686/3797
f 644/720/3798 628/703/3799 675/753/3800
f 675/753/3801 628/703/3802 660/737/3803
f 645/721/3804 629/704/3805 676/754/3806
f 676/754/3807 629/704/3808 661/738/3809
f 663/740/3810 646/722/3811 677/755/3812
f 677/755/3813 646/722/3814 662/739/3815
f 648/724/3816 663/740/3817 665/742/3818
f 665/742/3819 663/740/3820 678/756/3821
f 679/757/3822 667/744/3823 649/725/3824
f 649/725/3825 667/744/3826 633/708/3827
f 667/744/3828 651/758/3829 650/726/3830
f 650/726/3831 651/758/3832 635/745/3833
f 636/712/3834 668/746/3835 652/729/3836
f 652/729/3837 668/746/3838 680/759/3839
f 681/760/3840 653/730/3841 652/729/3842
f 652/729/3843 653/730/3844 622/697/3845
f 638/714/3846 669/747/3847 655/732/3848
f 655/732/3849 669/747/3850 682/761/3851
f 683/762/3852 671/749/3853 656/733/3854
f 656/733/3855 671/749/3856 639/715/3857
f 684/763/3858 673/751/3859 657/734/3860
f 657/734/3861 673/751/3862 641/717/3863
f 685/764/3864 674/752/3865 658/735/3866
f 658/735/3867 674/752/3868 642/718/3869
f 675/753/3870 660/737/3871 659/736/3872
f 659/736/3873 660/737/3874 643/719/3875
f 686/765/3876 661/738/3877 675/753/3878
f 675/753/3879 661/738/3880 644/720/3881
f 687/766/3882 662/739/3883 676/754/3884
f 676/754/3885 662/739/3886 645/721/3887
f 663/740/3888 677/755/3889 678/756/3890
f 678/756/3891 677/755/3892 688/767/3893
f 689/768/3894 690/769/3895 665/742/3896
f 665/742/3897 690/769/3898 664/741/3899
f 690/769/3900 691/770/3901 664/741/3902
f 664/741/3903 691/770/3904 666/743/3905
f 679/757/3906 649/725/3907 692/771/3908
f 692/771/3909 649/725/3910 666/743/3911
f 668/772/3912 651/758/3913 679/757/3914
f 679/757/3915 651/758/3916 667/744/3917
f 669/747/3918 653/730/3919 693/773/3920
f 693/773/3921 653/730/3922 681/760/3923
f 694/774/3924 654/731/3925 695/775/3926
f 695/775/3927 654/731/3928 655/732/3929
f 683/762/3930 656/733/3931 696/776/3932
f 696/776/3933 656/733/3934 670/748/3935
f 671/749/3936 697/777/3937 640/716/3938
f 640/716/3939 697/777/3940 672/750/3941
f 684/763/3942 657/734/3943 698/778/3944
f 698/778/3945 657/734/3946 672/750/3947
f 673/751/3948 699/779/3949 658/735/3950
f 658/735/3951 699/779/3952 685/764/3953
f 674/752/3954 686/765/3955 659/736/3956
f 659/736/3957 686/765/3958 675/753/3959
f 676/754/3960 661/738/3961 700/780/3962
f 700/780/3963 661/738/3964 686/765/3965
f 677/755/3966 662/739/3967 701/781/3968
f 701/781/3969 662/739/3970 687/766/3971
f 702/782/3972 689/768/3973 678/756/3974
f 678/756/3975 689/768/3976 665/742/3977
f 703/783/3978 690/769/3979 704/784/3980
f 704/784/3981 690/769/3982 689/768/3983
f 705/785/3984 691/770/3985 703/783/3986
f 703/783/3987 691/770/3988 690/769/3989
f 668/772/3990 679/757/3991 680/786/3992
f 680/786/3993 679/757/3994 692/771/3995
f 706/787/3996 681/760/3997 680/759/3998
f 680/759/3999 681/760/4000 652/729/4001
f 669/747/4002 693/773/4003 682/761/4004
f 682/761/4005 693/773/4006 707/788/4007
f 694/774/4008 695/775/4009 708/789/4010
f 708/789/4011 695/775/4012 709/790/4013
f 710/791/4014 670/748/4015 694/774/4016
f 694/774/4017 670/748/4018 654/731/4019
f 711/792/4020 697/777/4021 683/762/4022
f 683/762/4023 697/777/4024 671/749/4025
f 712/793/4026 699/779/4027 684/763/4028
f 684/763/4029 699/779/4030 673/751/4031
f 700/780/4032 686/765/4033 685/764/4034
f 685/764/4035 686/765/4036 674/752/4037
f 713/794/4038 687/766/4039 700/780/4040
f 700/780/4041 687/766/4042 676/754/4043
f 677/755/4044 701/781/4045 688/767/4046
f 688/767/4047 701/781/4048 714/795/4049
f 715/796/4050 702/782/4051 688/767/4052
f 688/767/4053 702/782/4054 678/756/4055
f 704/784/4056 689/768/4057 716/797/4058
f 716/797/4059 689/768/4060 702/782/4061
f 703/783/4062 704/784/4063 717/798/4064
f 717/798/4065 704/784/4066 718/799/4067
f 705/785/4068 703/783/4069 719/800/4070
f 719/800/4071 703/783/4072 717/798/4073
f 691/770/4074 720/801/4075 666/743/4076
f 666/743/4077 720/801/4078 692/771/4079
f 693/773/4080 681/760/4081 721/802/4082
f 721/802/4083 681/760/4084 706/787/4085
f 695/775/4086 655/732/4087 722/803/4088
f 722/803/4089 655/732/4090 682/761/4091
f 710/791/4092 694/774/4093 723/804/4094
f 723/804/4095 694/774/4096 708/789/4097
f 711/792/4098 683/762/4099 724/805/4100
f 724/805/4101 683/762/4102 696/776/4103
f 697/777/4104 725/806/4105 672/750/4106
f 672/750/4107 725/806/4108 698/778/4109
f 712/793/4110 684/763/4111 726/807/4112
f 726/807/4113 684/763/4114 698/778/4115
f 699/779/4116 713/794/4117 685/764/4118
f 685/764/4119 713/794/4120 700/780/4121
f 701/781/4122 687/766/4123 727/808/4124
f 727/808/4125 687/766/4126 713/794/4127
f 716/797/4128 702/782/4129 728/809/4130
f 728/809/4131 702/782/4132 715/796/4133
f 704/784/4134 716/797/4135 718/799/4136
f 718/799/4137 716/797/4138 729/810/4139
f 730/811/4140 720/801/4141 705/785/4142
f 705/785/4143 720/801/4144 691/770/4145
f 720/801/4146 706/812/4147 692/771/4148
f 692/771/4149 706/812/4150 680/786/4151
f 693/773/4152 721/802/4153 707/788/4154
f 707/788/4155 721/802/4156 731/813/4157
f 695/775/4158 722/803/4159 709/790/4160
f 709/790/4161 722/803/4162 732/814/4163
f 733/815/4164 734/816/4165 709/790/4166
f 709/790/4167 734/816/4168 708/789/4169
f 735/817/4170 696/776/4171 710/791/4172
f 710/791/4173 696/776/4174 670/748/4175
f 736/818/4176 725/806/4177 711/792/4178
f 711/792/4179 725/806/4180 697/777/3940
f 727/808/4181 713/794/4182 712/793/4183
f 712/793/4184 713/794/4185 699/779/4186
f 701/781/4187 727/808/4188 714/795/4189
f 714/795/4190 727/808/4191 737/819/4192
f 738/820/4193 715/796/4194 714/795/4195
f 714/795/4196 715/796/4197 688/767/4198
f 716/797/4199 728/809/4200 729/810/4201
f 729/810/4202 728/809/4203 739/821/4204
f 730/811/4205 705/785/4206 740/822/4207
f 740/822/4208 705/785/4209 719/800/4210
f 721/823/4211 706/812/4212 730/811/4213
f 730/811/4214 706/812/4215 720/801/4216
f 722/803/4217 682/761/4218 741/824/4219
f 741/824/4220 682/761/4221 707/788/4222
f 734/816/4223 742/825/4224 708/789/4225
f 708/789/4226 742/825/4227 723/804/4228
f 735/817/4229 710/791/4230 743/826/4231
f 743/826/4232 710/791/4233 723/804/4234
f 736/818/4235 711/792/4236 744/827/4237
f 744/827/4238 711/792/4239 724/805/4240
f 725/806/4241 745/828/4242 698/778/4243
f 698/778/4244 745/828/4245 726/807/4246
f 727/808/4247 712/793/4248 737/819/4249
f 737/819/4250 712/793/4251 726/807/4252
f 728/809/4253 715/796/4254 746/829/4255
f 746/829/4256 715/796/4257 738/820/4258
f 747/830/4259 717/798/4260 748/831/4261
f 748/831/4262 717/798/4263 718/799/4264
f 749/832/4265 719/800/4266 747/830/4267
f 747/830/4268 719/800/4269 717/798/4270
f 721/823/4271 730/811/4272 731/833/4273
f 731/833/4274 730/811/4275 740/822/4276
f 722/803/4277 741/824/4278 732/814/4279
f 732/814/4280 741/824/4281 750/834/4282
f 751/835/4283 733/815/4284 732/814/4285
f 732/814/4286 733/815/4287 709/790/4288
f 734/816/4289 733/815/4290 752/836/4291
f 752/836/4292 733/815/4293 753/837/4294
f 754/838/4295 724/805/4296 735/817/4297
f 735/817/4298 724/805/4299 696/776/4300
f 755/839/4301 745/828/4302 736/818/4303
f 736/818/4304 745/828/4305 725/806/4306
f 756/840/4307 738/820/4308 737/819/4309
f 737/819/4310 738/820/4311 714/795/4312
f 728/809/4313 746/829/4314 739/821/4315
f 739/821/4316 746/829/4317 757/841/4318
f 748/831/4319 718/799/4320 758/842/4321
f 758/842/4322 718/799/4323 729/810/4324
f 747/830/4325 748/831/4326 759/843/4327
f 759/843/4328 748/831/4329 760/844/4330
f 749/832/4331 747/830/4332 761/845/4333
f 761/845/4334 747/830/4335 759/843/4336
f 741/824/4337 707/788/4338 762/846/4339
f 762/846/4340 707/788/4341 731/813/4342
f 742/825/4343 734/816/4344 763/847/4345
f 763/847/4346 734/816/4347 752/836/4348
f 742/825/4349 764/848/4350 723/804/4351
f 723/804/4352 764/848/4353 743/826/4354
f 754/838/4355 735/817/4356 765/849/4357
f 765/849/4358 735/817/4359 743/826/4360
f 755/839/4361 736/818/4362 766/850/4363
f 766/850/4364 736/818/4365 744/827/4366
f 745/828/4367 756/840/4368 726/807/4369
f 726/807/4370 756/840/4371 737/819/4372
f 746/829/4373 738/820/4374 767/851/4375
f 767/851/4376 738/820/4377 756/840/4378
f 758/842/4379 729/810/4380 768/852/4381
f 768/852/4382 729/810/4383 739/821/4384
f 748/831/4385 758/842/4386 760/844/4387
f 760/844/4388 758/842/4389 769/853/4390
f 770/854/4391 740/822/4392 749/832/4393
f 749/832/4394 740/822/4395 719/800/4396
f 741/824/4397 762/846/4398 750/834/4399
f 750/834/4400 762/846/4401 771/855/4402
f 772/856/4403 751/835/4404 750/834/4405
f 750/834/4406 751/835/4407 732/814/4408
f 733/815/4409 751/835/4410 753/837/4411
f 753/837/4412 751/835/4413 773/857/4414
f 774/858/4415 775/859/4416 753/837/4417
f 753/837/4418 775/859/4419 752/836/4420
f 776/860/4421 744/827/4422 754/838/4423
f 754/838/4424 744/827/4425 724/805/4426
f 767/851/4427 756/840/4428 755/839/4429
f 755/839/4430 756/840/4431 745/828/4432
f 746/829/4433 767/851/4434 757/841/4435
f 757/841/4436 767/851/4437 777/861/4438
f 758/842/4439 768/852/4440 769/853/4441
f 769/853/4442 768/852/4443 778/862/4444
f 779/863/4445 780/864/4446 760/844/4447
f 760/844/4448 780/864/4449 759/843/4450
f 780/864/4451 781/865/4452 759/843/4453
f 759/843/4454 781/865/4455 761/845/4456
f 770/854/4457 749/832/4458 782/866/4459
f 782/866/4460 749/832/4461 761/845/4462
f 762/867/4463 731/833/4464 770/854/4465
f 770/854/4466 731/833/4467 740/822/4468
f 783/868/4469 775/859/4470 784/869/4471
f 784/869/4472 775/859/4473 774/858/4474
f 775/859/4475 785/870/4476 752/836/4477
f 752/836/4478 785/870/4479 763/847/4480
f 764/848/4481 742/825/4482 786/871/4483
f 786/871/4484 742/825/4485 763/847/4486
f 764/848/4487 787/872/4488 743/826/4489
f 743/826/4490 787/872/4491 765/849/4492
f 776/860/4493 754/838/4494 788/873/4495
f 788/873/4496 754/838/4497 765/849/4498
f 767/851/4499 755/839/4500 777/861/4501
f 777/861/4502 755/839/4503 766/850/4504
f 768/852/4505 739/821/4506 789/874/4507
f 789/874/4508 739/821/4509 757/841/4510
f 790/875/4511 779/863/4512 769/853/4513
f 769/853/4514 779/863/4515 760/844/4516
f 762/867/4517 770/854/4518 771/876/4519
f 771/876/4520 770/854/4521 782/866/4522
f 791/877/4523 772/856/4524 771/855/4525
f 771/855/4526 772/856/4527 750/834/4528
f 751/835/4529 772/856/4530 773/857/4531
f 773/857/4532 772/856/4533 792/878/4534
f 793/879/4535 774/858/4536 773/857/4537
f 773/857/4538 774/858/4539 753/837/4540
f 794/880/4541 795/881/4542 784/869/4543
f 784/869/4544 795/881/4545 783/868/4546
f 796/882/4547 785/870/4548 783/868/4549
f 783/868/4550 785/870/4551 775/859/4552
f 797/883/4553 766/850/4554 776/860/4555
f 776/860/4556 766/850/4557 744/827/4558
f 768/852/4559 789/874/4560 778/862/4561
f 778/862/4562 789/874/4563 798/884/4564
f 799/885/4565 790/875/4566 778/862/4567
f 778/862/4568 790/875/4569 769/853/4570
f 780/864/4571 779/863/4572 800/886/4573
f 800/886/4574 779/863/4575 801/887/4576
f 781/865/4577 780/864/4578 802/888/4579
f 802/888/4580 780/864/4581 800/886/4582
f 781/865/4583 803/889/4584 761/845/4585
f 761/845/4586 803/889/4587 782/866/4588
f 784/869/4589 774/858/4590 804/890/4591
f 804/890/4592 774/858/4593 793/879/4594
f 805/891/4595 795/881/4596 806/892/4597
f 806/892/4598 795/881/4599 794/880/4600
f 795/881/4601 807/893/4602 783/868/4603
f 783/868/4604 807/893/4605 796/882/4606
f 785/870/4607 808/894/4608 763/847/4609
f 763/847/4610 808/894/4611 786/871/4612
f 787/872/4613 764/848/4614 809/895/4615
f 809/895/4616 764/848/4617 786/871/4618
f 787/872/4619 810/896/4620 765/849/4621
f 765/849/4622 810/896/4623 788/873/4624
f 797/883/4625 776/860/4626 811/897/4627
f 811/897/4628 776/860/4629 788/873/4630
f 789/874/4631 757/841/4632 812/898/4633
f 812/898/4634 757/841/4635 777/861/4636
f 779/863/4637 790/875/4638 801/887/4639
f 801/887/4640 790/875/4641 813/899/4642
f 803/889/4643 791/900/4644 782/866/4645
f 782/866/4646 791/900/4647 771/876/4648
f 772/856/4649 791/877/4650 792/878/4651
f 792/878/4652 791/877/4653 814/901/4654
f 815/902/4655 793/879/4656 792/878/4657
f 792/878/4658 793/879/4659 773/857/4660
f 816/903/4661 794/880/4662 804/890/4663
f 804/890/4664 794/880/4665 784/869/4666
f 805/891/4667 806/892/4668 817/904/4669
f 817/904/4670 806/892/4671 818/905/4672
f 819/906/4673 807/893/4674 805/891/4675
f 805/891/4676 807/893/4677 795/881/4678
f 820/907/4679 808/894/4680 796/882/4681
f 796/882/4682 808/894/4683 785/870/4684
f 812/898/4685 777/861/4686 797/883/4687
f 797/883/4688 777/861/4689 766/850/4690
f 789/874/4691 812/898/4692 798/884/4693
f 798/884/4694 812/898/4695 821/908/4696
f 822/909/4697 799/885/4698 798/884/4699
f 798/884/4700 799/885/4701 778/862/4702
f 790/875/4703 799/885/4704 813/899/4705
f 813/899/4706 799/885/4707 823/910/4708
f 824/911/4709 825/912/4710 801/887/4711
f 801/887/4712 825/912/4713 800/886/4714
f 825/912/4715 826/913/4716 800/886/4717
f 800/886/4718 826/913/4719 802/888/4720
f 803/889/4721 781/865/4722 827/914/4723
f 827/914/4724 781/865/4725 802/888/4726
f 804/890/4727 793/879/4728 828/915/4729
f 828/915/4730 793/879/4731 815/902/4732
f 806/892/4733 794/880/4734 829/916/4735
f 829/916/4736 794/880/4737 816/903/4738
f 819/906/4739 805/891/4740 830/917/4741
f 830/917/4742 805/891/4743 817/904/4744
f 807/893/4745 831/918/4746 796/882/4747
f 796/882/4748 831/918/4749 820/907/4750
f 808/894/4751 832/919/4752 786/871/4753
f 786/871/4754 832/919/4755 809/895/4756
f 810/896/4757 787/872/4758 833/920/4759
f 833/920/4760 787/872/4761 809/895/4762
f 810/896/4763 834/921/4764 788/873/4765
f 788/873/4766 834/921/4767 811/897/4768
f 812/898/4769 797/883/4770 821/908/4771
f 821/908/4772 797/883/4773 811/897/4774
f 835/922/4775 824/911/4776 813/899/4777
f 813/899/4778 824/911/4779 801/887/4780
f 836/923/4781 825/912/4782 837/924/4783
f 837/924/4784 825/912/4785 824/911/4786
f 838/925/4787 826/913/4788 836/923/4789
f 836/923/4790 826/913/4791 825/912/4792
f 791/900/4793 803/889/4794 814/926/4795
f 814/926/4796 803/889/4797 827/914/4798
f 839/927/4799 815/902/4800 814/901/4801
f 814/901/4802 815/902/4803 792/878/4804
f 840/928/4805 816/903/4806 828/915/4807
f 828/915/4808 816/903/4809 804/890/4810
f 806/892/4811 829/916/4812 818/905/4813
f 818/905/4814 829/916/4815 841/929/4816
f 817/930/4817 818/931/4818 842/932/4819
f 842/932/4820 818/931/4821 843/933/4822
f 844/934/4823 831/918/4824 819/906/4825
f 819/906/4826 831/918/4827 807/893/4828
f 845/935/4829 832/919/4830 820/907/4831
f 820/907/4832 832/919/4833 808/894/4834
f 846/936/4835 822/909/4836 821/908/4837
f 821/908/4838 822/909/4839 798/884/4840
f 799/885/4841 822/909/4842 823/910/4843
f 823/910/4844 822/909/4845 847/937/4846
f 848/938/4847 835/922/4848 823/910/4849
f 823/910/4850 835/922/4851 813/899/4852
f 837/924/4853 824/911/4854 849/939/4855
f 849/939/4856 824/911/4857 835/922/4858
f 850/940/4859 851/941/4860 837/924/4861
f 837/924/4862 851/941/4863 836/923/4864
f 851/941/4865 852/942/4866 836/923/4867
f 836/923/4868 852/942/4869 838/925/4870
f 826/913/4871 853/943/4872 802/888/4873
f 802/888/4874 853/943/4875 827/914/4876
f 828/915/4877 815/902/4878 854/944/4879
f 854/944/4880 815/902/4881 839/927/4882
f 829/916/4883 816/903/4884 855/945/4885
f 855/945/4886 816/903/4887 840/928/4888
f 830/946/4889 817/947/4890 856/948/4891
f 856/948/4892 817/947/4893 842/949/4894
f 844/934/4895 819/906/4896 857/950/4897
f 857/950/4898 819/906/4899 830/917/4900
f 831/918/4901 858/951/4902 820/907/4903
f 820/907/4904 858/951/4905 845/935/4906
f 832/919/4907 859/952/4908 809/895/4909
f 809/895/4910 859/952/4911 833/920/4912
f 834/921/4913 810/896/4914 860/953/4915
f 860/953/4916 810/896/4917 833/920/4918
f 834/921/4919 846/936/4920 811/897/4921
f 811/897/4922 846/936/4923 821/908/4924
f 849/939/4925 835/922/4926 861/954/4927
f 861/954/4928 835/922/4929 848/938/4930
f 862/955/4931 850/940/4932 849/939/4933
f 849/939/4934 850/940/4935 837/924/4936
f 863/956/4937 851/941/4938 864/957/4939
f 864/957/4940 851/941/4941 850/940/4942
f 865/958/4943 852/942/4944 863/956/4945
f 863/956/4946 852/942/4947 851/941/4948
f 866/959/4949 853/943/4950 838/925/4951
f 838/925/4952 853/943/4953 826/913/4954
f 853/943/4955 839/960/4956 827/914/4957
f 827/914/4958 839/960/4959 814/926/4960
f 867/961/4961 840/928/4962 854/944/4963
f 854/944/4964 840/928/4965 828/915/4966
f 829/916/4735 855/945/4967 841/929/4968
f 841/929/4969 855/945/4970 868/962/4971
f 818/931/4972 841/963/4973 843/933/4974
f 843/933/4975 841/963/4976 869/964/4977
f 870/965/4978 858/951/4979 844/934/4980
f 844/934/4981 858/951/4982 831/918/4983
f 871/966/4984 859/952/4985 845/935/4986
f 845/935/4987 859/952/4988 832/919/4989
f 822/909/4990 846/936/4991 847/937/4992
f 847/937/4993 846/936/4994 872/967/4995
f 873/968/4996 848/938/4997 847/937/4998
f 847/937/4999 848/938/5000 823/910/5001
f 874/969/5002 862/955/5003 861/954/5004
f 861/954/5005 862/955/5006 849/939/5007
f 864/957/5008 850/940/5009 875/970/5010
f 875/970/5011 850/940/5012 862/955/5013
f 863/956/5014 864/957/5015 876/971/5016
f 876/971/5017 864/957/5018 877/972/5019
f 865/958/5020 863/956/5021 878/973/5022
f 878/973/5023 863/956/5024 876/971/5025
f 852/942/5026 879/974/5027 838/925/5028
f 838/925/5029 879/974/5030 866/959/5031
f 854/975/5032 839/960/5033 866/959/5034
f 866/959/5035 839/960/5036 853/943/5037
f 855/945/5038 840/928/5039 880/976/5040
f 880/976/5041 840/928/5042 867/961/5043
f 881/977/5044 842/932/5045 882/978/5046
f 882/978/5047 842/932/5048 843/933/5049
f 857/979/5050 830/946/5051 883/980/5052
f 883/980/5053 830/946/5054 856/948/5055
f 870/965/5056 844/934/5057 884/981/5058
f 884/981/5059 844/934/5060 857/950/5061
f 858/951/5062 885/982/5063 845/935/5064
f 845/935/5065 885/982/5066 871/966/5067
f 859/952/5068 886/983/5069 833/920/5070
f 833/920/5071 886/983/5072 860/953/5073
f 846/936/5074 834/921/5075 872/967/5076
f 872/967/5077 834/921/5078 860/953/5079
f 861/954/5080 848/938/5081 887/984/5082
f 887/984/5083 848/938/5084 873/968/5085
f 875/970/5086 862/955/5087 888/985/5088
f 888/985/5089 862/955/5090 874/969/5091
f 864/957/5092 875/970/5093 877/972/5094
f 877/972/5095 875/970/5096 889/986/5097
f 890/987/5098 879/974/5099 865/958/5100
f 865/958/5101 879/974/5102 852/942/5103
f 879/974/5104 867/988/5105 866/959/5106
f 866/959/5107 867/988/5108 854/975/5109
f 855/945/5110 880/976/5111 868/962/5112
f 868/962/4971 880/976/5113 891/989/5114
f 841/963/5115 868/990/5116 869/964/5117
f 869/964/5118 868/990/5119 892/991/5120
f 893/992/5121 894/993/5122 882/978/5123
f 882/978/5124 894/993/5125 881/977/5126
f 895/994/5127 856/948/5128 881/995/5129
f 881/995/5130 856/948/5131 842/949/5132
f 896/996/5133 885/982/5134 870/965/5135
f 870/965/5136 885/982/5137 858/951/5138
f 897/997/5139 886/983/5140 871/966/5141
f 871/966/5142 886/983/5143 859/952/5144
f 898/998/5145 873/968/5146 872/967/5147
f 872/967/5148 873/968/5149 847/937/5150
f 899/999/5151 874/969/5152 887/984/5153
f 887/984/5154 874/969/5155 861/954/5156
f 875/970/5157 888/985/5158 889/986/5159
f 889/986/5160 888/985/5161 900/1000/5162
f 876/1001/5163 877/1002/5164 901/1003/5165
f 901/1003/5166 877/1002/5167 902/1004/5168
f 878/1005/5169 876/1001/5170 903/1006/5171
f 903/1006/5172 876/1001/5173 901/1003/5174
f 890/987/5175 865/958/5176 904/1007/5177
f 904/1007/5178 865/958/5179 878/973/5180
f 880/1008/5181 867/988/5182 890/987/5183
f 890/987/5184 867/988/5185 879/974/5186
f 882/978/5187 843/933/5188 905/1009/5189
f 905/1009/5190 843/933/5191 869/964/5192
f 906/1010/5193 894/993/5194 907/1011/5195
f 907/1011/5196 894/993/5197 893/992/5198
f 894/1012/5199 908/1013/5200 881/995/5201
f 881/995/5202 908/1013/5203 895/994/5204
f 884/1014/5205 857/979/5206 909/1015/5207
f 909/1015/5208 857/979/5209 883/980/5210
f 896/996/5211 870/965/5212 910/1016/5213
f 910/1016/5214 870/965/5215 884/981/5216
f 885/982/5217 911/1017/5218 871/966/5219
f 871/966/5220 911/1017/5221 897/997/5222
f 886/983/5223 898/998/5224 860/953/5225
f 860/953/5226 898/998/5227 872/967/5228
f 887/984/5229 873/968/5230 912/1018/5231
f 912/1018/5232 873/968/5233 898/998/5234
f 888/985/5235 874/969/5236 913/1019/5237
f 913/1019/5238 874/969/5239 899/999/5240
f 877/1020/5241 889/1021/5242 902/1022/5243
f 902/1022/5244 889/1021/5245 914/1023/5246
f 880/1008/5247 890/987/5248 891/1024/5249
f 891/1024/5250 890/987/5251 904/1007/5252
f 868/990/5253 891/1025/5254 892/991/5255
f 892/991/5256 891/1025/5257 915/1026/5258
f 916/1027/5259 893/992/5260 905/1009/5261
f 905/1009/5262 893/992/5263 882/978/5264
f 917/1028/5265 918/1029/5266 907/1011/5267
f 907/1011/5268 918/1029/5269 906/1010/5270
f 919/1030/5271 906/1010/5272 920/1031/5273
f 921/1032/5274 883/980/5275 895/994/5276
f 895/994/5277 883/980/5278 856/948/5279
f 922/1033/5280 911/1017/5281 896/996/5282
f 896/996/5283 911/1017/5284 885/982/5285
f 912/1018/5286 898/998/5287 897/997/5288
f 897/997/5289 898/998/5290 886/983/5291
f 923/1034/5292 899/999/5293 912/1018/5294
f 912/1018/5295 899/999/5296 887/984/5297
f 888/985/5298 913/1019/5299 900/1000/5300
f 900/1000/5301 913/1019/5302 924/1035/5303
f 889/1021/5304 900/1036/5305 914/1023/5306
f 914/1023/5307 900/1036/5308 925/1037/5309
f 904/1038/5310 878/1005/5311 926/1039/5312
f 926/1039/5313 878/1005/5314 903/1006/5315
f 905/1009/5316 869/964/5317 927/1040/5318
f 927/1040/5319 869/964/5320 892/991/5321
f 907/1011/5322 893/992/5323 928/1041/5324
f 928/1041/5325 893/992/5326 916/1027/5327
f 929/1042/5328 918/1029/5329 930/1043/5330
f 930/1043/5331 918/1029/5332 917/1028/5333
f 931/1044/5334 932/1045/5335 908/1013/5336
f 906/1010/5337 918/1029/5338 920/1031/5339
f 920/1031/5340 918/1029/5341 933/1046/5342
f 908/1013/5343 934/1047/5344 895/994/5345
f 895/994/5346 934/1047/5347 921/1032/5348
f 910/1048/5349 884/1014/5350 935/1049/5351
f 935/1049/5352 884/1014/5353 909/1015/5354
f 922/1033/5355 896/996/5356 936/1050/5357
f 936/1050/5358 896/996/5359 910/1016/5360
f 911/1017/5361 923/1034/5362 897/997/5363
f 897/997/5364 923/1034/5365 912/1018/5366
f 913/1019/5367 899/999/5368 937/1051/5369
f 937/1051/5370 899/999/5371 923/1034/5372
f 938/1052/5373 901/1003/5374 939/1053/5375
f 939/1053/5376 901/1003/5377 902/1004/5378
f 940/1054/5379 903/1006/5380 938/1052/5381
f 938/1052/5382 903/1006/5383 901/1003/5384
f 891/1055/5385 904/1038/5386 915/1056/5387
f 915/1056/5388 904/1038/5389 926/1039/5390
f 941/1057/5391 916/1027/5392 927/1040/5393
f 927/1040/5394 916/1027/5395 905/1009/5396
f 942/1058/5397 917/1028/5398 928/1041/5399
f 928/1041/5400 917/1028/5401 907/1011/5402
f 943/1059/5403 944/1060/5404 930/1043/5405
f 930/1043/5406 944/1060/5407 929/1042/5408
f 945/1061/5409 932/1045/5410 946/1062/5411
f 946/1062/5412 932/1045/5413 931/1044/5414
f 947/1063/5415 934/1047/5416 932/1045/5417
f 932/1045/5418 934/1047/5419 908/1013/5420
f 918/1029/5421 929/1042/5422 933/1046/5423
f 933/1046/5424 929/1042/5425 948/1064/5426
f 949/1065/5427 909/1015/5428 921/1032/5429
f 921/1032/5430 909/1015/5431 883/980/5432
f 937/1051/5433 923/1034/5434 922/1033/5435
f 922/1033/5436 923/1034/5437 911/1017/5438
f 913/1019/5439 937/1051/5440 924/1035/5441
f 924/1035/5442 937/1051/5443 950/1066/5444
f 900/1036/5445 924/1067/5446 925/1037/5447
f 925/1037/5448 924/1067/5449 951/1068/5450
f 939/1069/5451 902/1022/5452 952/1070/5453
f 952/1070/5454 902/1022/5455 914/1023/5456
f 953/1071/5457 938/1052/5458 954/1072/5459
f 954/1072/5460 938/1052/5461 939/1053/5462
f 939/1069/5463 955/1073/5464 954/1074/5465
f 953/1071/5466 956/1075/5467 938/1052/5468
f 938/1052/5469 956/1075/5470 940/1054/5471
f 927/1040/5472 892/991/5473 957/1076/5474
f 957/1076/5474 892/991/5475 915/1026/5476
f 928/1041/5477 916/1027/5478 958/1077/5479
f 958/1077/5480 916/1027/5481 941/1057/5482
f 930/1043/5483 917/1028/5484 959/1078/5485
f 959/1078/5486 917/1028/5487 942/1058/5488
f 960/1079/5489 944/1060/5490 961/1080/5491
f 961/1080/5492 944/1060/5493 943/1059/5494
f 945/1061/5495 946/1062/5496 962/1081/5497
f 945/1061/5498 963/1082/5499 932/1045/5500
f 932/1045/5501 963/1082/5502 947/1063/5503
f 929/1042/5504 944/1060/5505 948/1064/5506
f 948/1064/5507 944/1060/5508 964/1083/5509
f 934/1047/5510 965/1084/5511 921/1032/5512
f 921/1032/5513 965/1084/5514 949/1065/5515
f 936/1085/5516 910/1048/5517 966/1086/5518
f 966/1086/5519 910/1048/5520 935/1049/5521
f 937/1051/5522 922/1033/5523 950/1066/5524
f 950/1066/5525 922/1033/5526 936/1050/5527
f 952/1070/5528 914/1023/5529 967/1087/5530
f 967/1087/5531 914/1023/5532 925/1037/5533
f 968/1088/5534 955/1073/5535 952/1070/5536
f 952/1070/5537 955/1073/5538 939/1069/5539
f 969/1089/5540 953/1071/5541 954/1072/5542
f 970/1090/5543 955/1073/5544 971/1091/5545
f 972/1092/5546 956/1075/5547 973/1093/5548
f 973/1093/5549 956/1075/5550 953/1071/5551
f 974/1094/5552 926/1039/5553 940/1054/5554
f 940/1054/5555 926/1039/5556 903/1006/5557
f 975/1095/5558 941/1057/5559 957/1076/5560
f 957/1076/5561 941/1057/5562 927/1040/5563
f 976/1096/5564 942/1058/5565 958/1077/5566
f 958/1077/5567 942/1058/5568 928/1041/5569
f 977/1097/5570 943/1059/5571 959/1078/5572
f 959/1078/5573 943/1059/5574 930/1043/5575
f 978/1098/5576 979/1099/5577 961/1080/5578
f 961/1080/5579 979/1099/5580 960/1079/5581
f 963/1082/5582 945/1061/5583 980/1100/5584
f 980/1100/5585 945/1061/5586 962/1081/5587
f 981/1101/5588 965/1084/5589 947/1063/5590
f 947/1063/5591 965/1084/5592 934/1047/5593
f 964/1083/5594 944/1060/5595 982/1102/5596
f 982/1102/5597 944/1060/5598 960/1079/5599
f 948/1064/5600 964/1083/5601 983/1103/5602
f 984/1104/5603 935/1049/5604 949/1065/5605
f 949/1065/5606 935/1049/5607 909/1015/5608
f 924/1067/5609 950/1105/5610 951/1068/5611
f 951/1068/5612 950/1105/5613 985/1106/5614
f 986/1107/5615 968/1088/5616 967/1087/5617
f 967/1087/5618 968/1088/5619 952/1070/5620
f 955/1073/5621 968/1088/5622 971/1091/5623
f 971/1091/5624 968/1088/5625 987/1108/5626
f 988/1109/5627 989/1110/5628 990/1111/5629
f 990/1111/5630 989/1110/5631 973/1093/5632
f 991/1112/5633 988/1109/5634 992/1113/5635
f 992/1113/5636 988/1109/5637 990/1111/5638
f 989/1110/5639 993/1114/5640 973/1093/5641
f 973/1093/5642 993/1114/5643 972/1092/5644
f 956/1075/5645 994/1115/5646 940/1054/5647
f 940/1054/5648 994/1115/5649 974/1094/5650
f 957/1116/5651 915/1056/5652 974/1094/5653
f 974/1094/5654 915/1056/5655 926/1039/5656
f 958/1077/5657 941/1057/5658 995/1117/5659
f 995/1117/5660 941/1057/5661 975/1095/5662
f 959/1078/5663 942/1058/5664 996/1118/5665
f 996/1118/5666 942/1058/5667 976/1096/5668
f 961/1080/5669 943/1059/5670 997/1119/5671
f 997/1119/5672 943/1059/5673 977/1097/5674
f 998/1120/5675 979/1099/5676 999/1121/5677
f 999/1121/5678 979/1099/5679 978/1098/5680
f 1000/1122/5681 980/1100/5682 1001/1123/5683
f 1001/1123/5684 980/1100/5685 962/1081/5686
f 963/1082/5687 1002/1124/5688 947/1063/5689
f 947/1063/5690 1002/1124/5691 981/1101/5692
f 979/1099/5693 1003/1125/5694 960/1079/5695
f 960/1079/5696 1003/1125/5697 982/1102/5698
f 964/1083/5699 982/1102/5700 983/1103/5602
f 983/1103/5701 982/1102/5702 1004/1126/5703
f 965/1084/5704 1005/1127/5705 949/1065/5706
f 949/1065/5707 1005/1127/5708 984/1104/5709
f 950/1105/5710 936/1085/5711 985/1106/5712
f 985/1106/5713 936/1085/5714 966/1086/5715
f 967/1087/5716 925/1037/5717 1006/1128/5718
f 1006/1128/5719 925/1037/5720 951/1068/5721
f 987/1108/5722 968/1088/5723 1007/1129/5724
f 1007/1129/5725 968/1088/5726 986/1107/5727
f 971/1091/5728 987/1108/5729 1008/1130/5730
f 1008/1130/5731 987/1108/5732 1009/1131/5733
f 1010/1132/5734 989/1110/5735 1011/1133/5736
f 1011/1133/5737 989/1110/5738 988/1109/5739
f 1012/1134/5740 1011/1133/5741 991/1112/5742
f 991/1112/5743 1011/1133/5744 988/1109/5745
f 1013/1135/5746 993/1114/5747 1010/1132/5748
f 1010/1132/5749 993/1114/5750 989/1110/5751
f 1014/1136/5752 994/1115/5753 972/1092/5754
f 972/1092/5755 994/1115/5756 956/1075/5757
f 994/1115/5758 975/1137/5759 974/1094/5760
f 974/1094/5761 975/1137/5762 957/1116/5763
f 1015/1138/5764 976/1096/5765 995/1117/5766
f 995/1117/5767 976/1096/5768 958/1077/5769
f 1016/1139/5770 977/1097/5771 996/1118/5772
f 996/1118/5773 977/1097/5774 959/1078/5775
f 1017/1140/5776 978/1098/5777 997/1119/5778
f 997/1119/5779 978/1098/5780 961/1080/5781
f 1018/1141/5782 1019/1142/5783 999/1121/5784
f 999/1121/5785 1019/1142/5786 998/1120/5787
f 1020/1143/5788 1021/1144/5789 1001/1123/5790
f 1022/1145/5791 1002/1124/5792 980/1100/5793
f 980/1100/5794 1002/1124/5795 963/1082/5796
f 1023/1146/5797 1005/1127/5798 981/1101/5799
f 981/1101/5800 1005/1127/5801 965/1084/5802
f 1024/1147/5803 1003/1125/5804 998/1120/5805
f 998/1120/5806 1003/1125/5807 979/1099/5808
f 982/1102/5809 1003/1125/5810 1004/1126/5811
f 1004/1126/5812 1003/1125/5813 1025/1148/5814
f 1003/1125/5815 1026/1149/5816 1025/1148/5817
f 1027/1150/5818 966/1086/5819 984/1104/5820
f 984/1104/5821 966/1086/5822 935/1049/5823
f 1028/1151/5824 986/1107/5825 1006/1128/5826
f 1006/1128/5827 986/1107/5828 967/1087/5829
f 1029/1152/5830 1009/1131/5831 1007/1129/5832
f 1007/1129/5833 1009/1131/5834 987/1108/5835
f 1009/1131/5836 1030/1153/5837 1031/1154/5838
f 1008/1130/5839 1009/1131/5840 1031/1154/5841
f 1032/1155/5842 1033/1156/5843 1011/1133/5844
f 1011/1133/5845 1033/1156/5846 1010/1132/5847
f 1012/1134/5848 1032/1155/5849 1011/1133/5850
f 1033/1156/5851 1034/1157/5852 1010/1132/5853
f 1010/1132/5854 1034/1157/5855 1013/1135/5856
f 993/1114/5857 1035/1158/5858 972/1092/5859
f 972/1092/5860 1035/1158/5861 1014/1136/5862
f 995/1159/5863 975/1137/5864 1014/1136/5865
f 1014/1136/5866 975/1137/5867 994/1115/5868
f 996/1118/5869 976/1096/5870 1036/1160/5871
f 1036/1160/5871 976/1096/5872 1015/1138/5873
f 997/1119/5874 977/1097/5875 1037/1161/5876
f 1037/1161/5877 977/1097/5878 1016/1139/5879
f 999/1121/5880 978/1098/5881 1038/1162/5882
f 1038/1162/5883 978/1098/5884 1017/1140/5885
f 1039/1163/5886 1019/1142/5887 1040/1164/5888
f 1040/1164/5889 1019/1142/5890 1018/1141/5891
f 1041/1165/5892 1021/1144/5893 1020/1143/5894
f 1000/1122/5895 1021/1144/5896 1042/1166/5897
f 1000/1122/5898 1043/1167/5899 980/1100/5900
f 980/1100/5901 1043/1167/5902 1022/1145/5903
f 1002/1124/5904 1044/1168/5905 981/1101/5906
f 981/1101/5907 1044/1168/5908 1023/1146/5909
f 1019/1142/5910 1045/1169/5911 998/1120/5912
f 998/1120/5913 1045/1169/5914 1024/1147/5915
f 1026/1149/5916 1003/1125/5917 1024/1147/5918
f 1026/1149/5919 1046/1170/5920 1025/1148/5921
f 1005/1127/5922 1047/1171/5923 984/1104/5924
f 984/1104/5925 1047/1171/5926 1027/1150/5927
f 1006/1128/5928 951/1068/5929 1048/1172/5930
f 1048/1172/5931 951/1068/5932 985/1106/5933
f 1007/1129/5934 986/1107/5935 1049/1173/5936
f 1049/1173/5937 986/1107/5828 1028/1151/5938
f 1009/1131/5939 1029/1152/5940 1030/1153/5941
f 1030/1153/5942 1029/1152/5943 1050/1174/5944
f 1031/1154/5945 1030/1153/5946 1051/1175/5947
f 1051/1175/5948 1030/1153/5949 1052/1176/5950
f 1053/1177/5951 1033/1156/5952 1054/1178/5953
f 1054/1178/5954 1033/1156/5955 1032/1155/5956
f 1055/1179/5957 1032/1155/5958 1012/1134/5959
f 1056/1180/5960 1034/1157/5961 1053/1177/5962
f 1053/1177/5963 1034/1157/5964 1033/1156/5965
f 1057/1181/5966 1035/1158/5967 1013/1135/5968
f 1013/1135/5969 1035/1158/5970 993/1114/5971
f 1035/1158/5972 1015/1182/5973 1014/1136/5974
f 1014/1136/5975 1015/1182/5976 995/1159/5977
f 1058/1183/5978 1016/1139/5979 1036/1160/5980
f 1036/1160/5981 1016/1139/5982 996/1118/5983
f 1059/1184/5984 1017/1140/5985 1037/1161/5986
f 1037/1161/5987 1017/1140/5988 997/1119/5989
f 1060/1185/5990 1018/1141/5991 1038/1162/5992
f 1038/1162/5993 1018/1141/5994 999/1121/5995
f 1061/1186/5996 1062/1187/5997 1040/1164/5998
f 1040/1164/5999 1062/1187/6000 1039/1163/6001
f 1021/1144/6002 1041/1165/6003 1042/1166/6004
f 1041/1165/6005 1063/1188/6006 1042/1166/6007
f 1063/1188/6008 1064/1189/6009 1042/1166/6010
f 1065/1190/6011 1043/1167/6012 1042/1166/6013
f 1042/1166/6014 1043/1167/6015 1000/1122/6016
f 1066/1191/6017 1044/1168/6018 1022/1145/6019
f 1022/1145/6020 1044/1168/6021 1002/1124/6022
f 1067/1192/6023 1047/1171/6024 1023/1146/6025
f 1023/1146/6026 1047/1171/6027 1005/1127/6028
f 1068/1193/6029 1045/1169/6030 1039/1163/6031
f 1039/1163/6032 1045/1169/6033 1019/1142/6034
f 1026/1149/6035 1024/1147/6036 1046/1170/6037
f 1046/1170/6038 1024/1147/6039 1069/1194/6040
f 1048/1172/6041 985/1106/6042 1027/1150/6043
f 1027/1150/6044 985/1106/6045 966/1086/6046
f 1070/1195/6047 1028/1151/6048 1048/1172/6049
f 1048/1172/6050 1028/1151/6051 1006/1128/6052
f 1071/1196/6053 1029/1152/6054 1049/1173/6055
f 1049/1173/6056 1029/1152/6057 1007/1129/6058
f 1072/1197/6059 1052/1176/6060 1050/1174/6061
f 1050/1174/6062 1052/1176/6063 1030/1153/6064
f 1051/1175/6065 1052/1176/6066 1073/1198/6067
f 1073/1198/6067 1052/1176/6068 1074/1199/6069
f 1075/1200/6070 1076/1201/6071 1054/1178/6072
f 1054/1178/6073 1076/1201/6074 1053/1177/6075
f 1077/1202/6076 1054/1178/6077 1055/1179/6078
f 1055/1179/6079 1054/1178/6080 1032/1155/6081
f 1076/1201/6082 1078/1203/6083 1053/1177/6084
f 1053/1177/6085 1078/1203/6086 1056/1180/6087
f 1034/1157/6088 1079/1204/6089 1013/1135/6090
f 1013/1135/6091 1079/1204/6092 1057/1181/6093
f 1036/1205/6094 1015/1182/6095 1057/1181/6096
f 1057/1181/6097 1015/1182/6098 1035/1158/6099
f 1037/1161/6100 1016/1139/6101 1080/1206/6102
f 1080/1206/6103 1016/1139/6104 1058/1183/6105
f 1038/1162/6106 1017/1140/6107 1081/1207/6108
f 1081/1207/6109 1017/1140/6110 1059/1184/6111
f 1040/1164/6112 1018/1141/6113 1082/1208/6114
f 1082/1208/6115 1018/1141/6116 1060/1185/6117
f 1062/1187/6118 1061/1186/6119 1083/1209/6120
f 1083/1209/6121 1061/1186/6122 1084/1210/6123
f 1085/1211/6124 1064/1189/6125 1063/1188/6126
f 1086/1212/6127 1065/1190/6128 1064/1189/6129
f 1064/1189/6130 1065/1190/6131 1042/1166/6132
f 1043/1167/6133 1087/1213/6134 1022/1145/6135
f 1022/1145/6136 1087/1213/6137 1066/1191/6138
f 1044/1168/6139 1088/1214/6140 1023/1146/6141
f 1023/1146/6142 1088/1214/6143 1067/1192/6144
f 1062/1187/6145 1089/1215/6146 1039/1163/6147
f 1039/1163/6148 1089/1215/6149 1068/1193/6150
f 1024/1147/6151 1045/1169/6152 1069/1194/6153
f 1069/1194/6154 1045/1169/6155 1090/1216/6156
f 1047/1171/6157 1070/1195/6158 1027/1150/6159
f 1027/1150/6160 1070/1195/6158 1048/1172/6161
f 1049/1173/6162 1028/1151/6163 1091/1217/6164
f 1091/1217/6165 1028/1151/6166 1070/1195/6167
f 1050/1174/6168 1029/1152/6169 1092/1218/6170
f 1092/1218/6171 1029/1152/6172 1071/1196/6173
f 1052/1176/6174 1072/1197/6175 1074/1199/6176
f 1074/1199/6177 1072/1197/6178 1093/1219/6179
f 1074/1199/6180 1094/1220/6181 1073/1198/6182
f 1095/1221/6183 1076/1201/6184 1096/1222/6185
f 1096/1222/6186 1076/1201/6187 1075/1200/6188
f 1054/1178/6189 1077/1202/6190 1075/1200/6191
f 1077/1202/6192 1097/1223/6193 1075/1200/6194
f 1097/1223/6195 1098/1224/6196 1075/1200/6197
f 1099/1225/6198 1078/1203/6199 1095/1221/6200
f 1095/1221/6201 1078/1203/6202 1076/1201/6203
f 1100/1226/6204 1079/1204/6205 1056/1180/6206
f 1056/1180/6207 1079/1204/6208 1034/1157/6209
f 1079/1204/6210 1058/1227/6211 1057/1181/6212
f 1057/1181/6213 1058/1227/6214 1036/1205/6215
f 1101/1228/6216 1059/1184/6217 1080/1206/6218
f 1080/1206/6219 1059/1184/6220 1037/1161/6221
f 1102/1229/6222 1060/1185/6223 1081/1207/6224
f 1081/1207/6225 1060/1185/6226 1038/1162/6227
f 1103/1230/6228 1061/1186/6229 1082/1208/6230
f 1082/1208/6231 1061/1186/6232 1040/1164/6233
f 1085/1211/6234 1104/1231/6235 1064/1189/6236
f 1064/1189/6237 1104/1231/6238 1086/1212/6239
f 1105/1232/6240 1087/1213/6241 1065/1190/6242
f 1065/1190/6243 1087/1213/6244 1043/1167/6245
f 1106/1233/6246 1088/1214/6247 1066/1191/6138
f 1066/1191/6248 1088/1214/6249 1044/1168/6250
f 1091/1217/6251 1070/1195/6252 1067/1192/6253
f 1067/1192/6254 1070/1195/6255 1047/1171/6256
f 1089/1215/6257 1062/1187/6258 1107/1234/6259
f 1107/1234/6260 1062/1187/6261 1083/1209/6262
f 1108/1235/6263 1090/1216/6264 1068/1193/6265
f 1068/1193/6266 1090/1216/6267 1045/1169/6268
f 1069/1194/6269 1090/1216/6270 1109/1236/6271
f 1110/1237/6272 1071/1196/6273 1091/1217/6274
f 1091/1217/6275 1071/1196/6276 1049/1173/6277
f 1111/1238/6278 1072/1197/6279 1092/1218/6280
f 1092/1218/6281 1072/1197/6282 1050/1174/6283
f 1074/1199/6284 1112/1239/6285 1094/1220/6286
f 1094/1220/6287 1112/1239/6288 1113/1240/6289
f 1114/1241/6290 1115/1242/6291 1096/1222/6292
f 1096/1222/6293 1115/1242/6294 1095/1221/6295
f 1116/1243/6296 1098/1224/6297 1097/1223/6298
f 1096/1222/6299 1075/1200/6300 1117/1244/6301
f 1117/1244/6302 1075/1200/6303 1098/1224/6304
f 1115/1242/6305 1118/1245/6306 1095/1221/6307
f 1095/1221/6308 1118/1245/6309 1099/1225/6310
f 1078/1203/6311 1119/1246/6312 1056/1180/6313
f 1056/1180/6314 1119/1246/6315 1100/1226/6316
f 1080/1247/6317 1058/1227/6318 1100/1226/6319
f 1100/1226/6320 1058/1227/6321 1079/1204/6322
f 1081/1207/6323 1059/1184/6324 1120/1248/6325
f 1120/1248/6326 1059/1184/6324 1101/1228/6327
f 1082/1208/6328 1060/1185/6329 1121/1249/6330
f 1121/1249/6331 1060/1185/6332 1102/1229/6333
f 1061/1186/6334 1103/1230/6335 1084/1210/6336
f 1084/1210/6337 1103/1230/6338 1122/1250/6339
f 1083/1209/6340 1084/1210/6341 1123/1251/6342
f 1123/1251/6343 1084/1210/6344 1124/1252/6345
f 1125/1253/6346 1104/1231/6347 1085/1211/6348
f 1086/1212/6349 1104/1231/6350 1126/1254/6351
f 1086/1212/6352 1127/1255/6353 1065/1190/6354
f 1065/1190/6355 1127/1255/6356 1105/1232/6357
f 1087/1213/6358 1128/1256/6359 1066/1191/6360
f 1066/1191/6361 1128/1256/6362 1106/1233/6363
f 1088/1214/6364 1110/1237/6365 1067/1192/6366
f 1067/1192/6367 1110/1237/6368 1091/1217/6369
f 1089/1215/6370 1129/1257/6371 1068/1193/6372
f 1068/1193/6373 1129/1257/6374 1108/1235/6375
f 1109/1236/6376 1090/1216/6377 1108/1235/6378
f 1092/1218/6379 1071/1196/6380 1130/1258/6381
f 1130/1258/6382 1071/1196/6383 1110/1237/6384
f 1093/1219/6385 1072/1197/6386 1131/1259/6387
f 1131/1259/6388 1072/1197/6389 1111/1238/6390
f 1093/1219/6391 1132/1260/6392 1112/1239/6393
f 1113/1240/6394 1112/1239/6395 1133/1261/6396
f 1134/1262/6397 1115/1242/6398 1135/1263/6399
f 1135/1263/6400 1115/1242/6401 1114/1241/6402
f 1136/1264/6403 1117/1244/6404 1116/1243/6405
f 1116/1243/6406 1117/1244/6407 1098/1224/6408
f 1137/1265/6409 1114/1241/6410 1117/1244/6411
f 1117/1244/6412 1114/1241/6413 1096/1222/6414
f 1138/1266/6415 1118/1245/6416 1134/1262/6417
f 1134/1262/6418 1118/1245/6419 1115/1242/6420
f 1139/1267/6421 1119/1246/6422 1099/1225/6423
f 1099/1225/6424 1119/1246/6425 1078/1203/6426
f 1119/1246/6427 1101/1268/6428 1100/1226/6429
f 1100/1226/6430 1101/1268/6431 1080/1247/6432
f 1140/1269/6433 1102/1229/6434 1120/1248/6435
f 1120/1248/6436 1102/1229/6437 1081/1207/6438
f 1141/1270/6439 1103/1230/6440 1121/1249/6441
f 1121/1249/6442 1103/1230/6443 1082/1208/6444
f 1142/1271/6445 1126/1254/6446 1125/1253/6447
f 1125/1253/6448 1126/1254/6449 1104/1231/6450
f 1143/1272/6451 1127/1255/6452 1126/1254/6453
f 1126/1254/6454 1127/1255/6455 1086/1212/6456
f 1144/1273/6457 1128/1256/6458 1105/1232/6459
f 1105/1232/6460 1128/1256/6461 1087/1213/6462
f 1130/1258/6463 1110/1237/6464 1106/1233/6465
f 1106/1233/6466 1110/1237/6467 1088/1214/6468
f 1107/1234/6469 1083/1209/6470 1145/1274/6471
f 1145/1274/6472 1083/1209/6473 1123/1251/6474
f 1129/1257/6475 1089/1215/6476 1146/1275/6477
f 1146/1275/6478 1089/1215/6479 1107/1234/6480
f 1109/1236/6481 1108/1235/6482 1147/1276/6483
f 1147/1276/6484 1108/1235/6485 1148/1277/6486
f 1149/1278/6487 1111/1238/6488 1130/1258/6489
f 1130/1258/6490 1111/1238/6491 1092/1218/6492
f 1150/1279/6493 1132/1260/6494 1131/1259/6495
f 1131/1259/6496 1132/1260/6497 1093/1219/6498
f 1112/1239/6499 1132/1260/6500 1133/1261/6501
f 1133/1261/6502 1132/1260/6503 1151/1280/6504
f 1152/1281/6505 1153/1282/6506 1135/1263/6507
f 1135/1263/6508 1153/1282/6509 1134/1262/6510
f 1136/1264/6511 1137/1265/6512 1117/1244/6513
f 1135/1263/6514 1114/1241/6515 1154/1283/6516
f 1154/1283/6517 1114/1241/6518 1137/1265/6519
f 1153/1282/6520 1155/1284/6521 1134/1262/6522
f 1134/1262/6523 1155/1284/6524 1138/1266/6525
f 1118/1245/6526 1156/1285/6527 1099/1225/6528
f 1099/1225/6529 1156/1285/6530 1139/1267/6531
f 1120/1286/6532 1101/1268/6533 1139/1267/6534
f 1139/1267/6535 1101/1268/6536 1119/1246/6537
f 1121/1249/6538 1102/1229/6539 1157/1287/6540
f 1157/1287/6541 1102/1229/6542 1140/1269/6543
f 1103/1230/6544 1141/1270/6545 1122/1250/6546
f 1122/1250/6547 1141/1270/6548 1158/1288/6549
f 1084/1210/6550 1122/1250/6551 1124/1252/6552
f 1124/1252/6553 1122/1250/6554 1159/1289/6555
f 1142/1271/6556 1160/1290/6557 1126/1254/6558
f 1127/1255/6559 1161/1291/6560 1105/1232/6561
f 1105/1232/6562 1161/1291/6563 1144/1273/6564
f 1128/1256/6565 1149/1278/6566 1106/1233/6567
f 1106/1233/6568 1149/1278/6569 1130/1258/6570
f 1162/1292/6571 1148/1277/6572 1129/1257/6573
f 1129/1257/6574 1148/1277/6575 1108/1235/6576
f 1147/1276/6577 1148/1277/6578 1163/1293/6579
f 1131/1259/6580 1111/1238/6581 1164/1294/6582
f 1164/1294/6583 1111/1238/6584 1149/1278/6585
f 1132/1260/6586 1150/1279/6587 1151/1280/6588
f 1151/1280/6589 1150/1279/6590 1165/1295/6591
f 1133/1261/6592 1151/1280/6593 1166/1296/6594
f 1153/1282/6595 1152/1281/6596 1167/1297/6597
f 1167/1297/6598 1152/1281/6599 1168/1298/6600
f 1169/1299/6601 1137/1265/6602 1136/1264/6603
f 1170/1300/6604 1152/1281/6605 1154/1283/6606
f 1154/1283/6607 1152/1281/6608 1135/1263/6609
f 1155/1284/6610 1153/1282/6611 1171/1301/6612
f 1171/1301/6613 1153/1282/6614 1167/1297/6615
f 1172/1302/6616 1156/1285/6617 1138/1266/6618
f 1138/1266/6619 1156/1285/6620 1118/1245/6621
f 1156/1285/6622 1140/1303/6623 1139/1267/6624
f 1139/1267/6625 1140/1303/6626 1120/1286/6627
f 1173/1304/6628 1141/1270/6629 1157/1287/6630
f 1157/1287/6631 1141/1270/6632 1121/1249/6633
f 1174/1305/6634 1160/1290/6635 1142/1271/6636
f 1143/1272/6637 1160/1290/6638 1175/1306/6639
f 1176/1307/6640 1161/1291/6641 1143/1272/6642
f 1143/1272/6643 1161/1291/6644 1127/1255/6645
f 1164/1294/6646 1149/1278/6647 1144/1273/6648
f 1144/1273/6649 1149/1278/6650 1128/1256/6651
f 1146/1275/6652 1107/1234/6653 1177/1308/6654
f 1177/1308/6655 1107/1234/6656 1145/1274/6657
f 1162/1292/6658 1129/1257/6659 1178/1309/6660
f 1178/1309/6661 1129/1257/6662 1146/1275/6663
f 1163/1293/6664 1148/1277/6665 1162/1292/6666
f 1179/1310/6667 1150/1279/6668 1164/1294/6669
f 1164/1294/6670 1150/1279/6671 1131/1259/6672
f 1151/1280/6673 1165/1295/6674 1166/1296/6675
f 1166/1296/6676 1165/1295/6677 1180/1311/6678
f 1181/1312/6679 1154/1283/6680 1169/1299/6681
f 1169/1299/6682 1154/1283/6683 1137/1265/6684
f 1152/1281/6685 1170/1300/6686 1168/1298/6687
f 1168/1298/6688 1170/1300/6689 1182/1313/6690
f 1155/1284/6691 1183/1314/6692 1138/1266/6693
f 1138/1266/6694 1183/1314/6695 1172/1302/6696
f 1157/1315/6697 1140/1303/6698 1172/1302/6699
f 1172/1302/6700 1140/1303/6701 1156/1285/6702
f 1141/1270/6703 1173/1304/6704 1158/1288/6705
f 1158/1288/6706 1173/1304/6707 1184/1316/6708
f 1122/1250/6709 1158/1288/6710 1159/1289/6711
f 1159/1289/6712 1158/1288/6713 1185/1317/6714
f 1186/1318/6715 1123/1319/6716 1187/1320/6717
f 1187/1320/6718 1123/1319/6719 1124/1321/6720
f 1188/1322/6721 1175/1306/6722 1174/1305/6723
f 1174/1305/6724 1175/1306/6725 1160/1290/6726
f 1189/1323/6727 1176/1307/6728 1175/1306/6729
f 1175/1306/6730 1176/1307/6731 1143/1272/6732
f 1161/1291/6733 1179/1310/6734 1144/1273/6735
f 1144/1273/6736 1179/1310/6737 1164/1294/6738
f 1163/1293/6739 1162/1292/6740 1190/1324/6741
f 1190/1324/6742 1162/1292/6743 1191/1325/6744
f 1165/1295/6745 1150/1279/6746 1192/1326/6747
f 1192/1326/6748 1150/1279/6749 1179/1310/6750
f 1165/1295/6751 1193/1327/6752 1180/1311/6753
f 1167/1297/6754 1168/1298/6755 1194/1328/6756
f 1194/1328/6757 1168/1298/6758 1195/1329/6759
f 1196/1330/6760 1181/1312/6761 1169/1299/6762
f 1197/1331/6763 1170/1300/6764 1181/1312/6765
f 1181/1312/6766 1170/1300/6767 1154/1283/6768
f 1171/1301/6769 1167/1297/6770 1198/1332/6771
f 1198/1332/6772 1167/1297/6773 1194/1328/6774
f 1183/1314/6775 1155/1284/6776 1199/1333/6777
f 1199/1333/6778 1155/1284/6779 1171/1301/6780
f 1183/1314/6781 1173/1334/6782 1172/1302/6783
f 1172/1302/6784 1173/1334/6785 1157/1315/6786
f 1200/1335/6787 1201/1336/6788 1187/1320/6789
f 1187/1320/6790 1201/1336/6791 1186/1318/6792
f 1189/1323/6793 1175/1306/6794 1202/1337/6795
f 1202/1337/6796 1175/1306/6797 1188/1322/6798
f 1192/1326/6799 1179/1310/6800 1176/1307/6801
f 1176/1307/6802 1179/1310/6800 1161/1291/6803
f 1203/1338/6804 1145/1339/6805 1186/1318/6806
f 1186/1318/6807 1145/1339/6808 1123/1319/6809
f 1178/1309/6810 1146/1275/6811 1204/1340/6812
f 1204/1340/6813 1146/1275/6814 1177/1308/6815
f 1191/1325/6816 1162/1292/6817 1205/1341/6818
f 1205/1341/6819 1162/1292/6820 1178/1309/6821
f 1206/1342/6822 1193/1327/6823 1192/1326/6824
f 1192/1326/6825 1193/1327/6826 1165/1295/6827
f 1180/1311/6828 1193/1327/6829 1207/1343/6830
f 1181/1312/6831 1196/1330/6832 1208/1344/6833
f 1170/1300/6834 1197/1331/6835 1182/1313/6836
f 1182/1313/6837 1197/1331/6838 1209/1345/6839
f 1168/1298/6840 1182/1313/6841 1195/1329/6842
f 1195/1329/6843 1182/1313/6844 1210/1346/6845
f 1173/1334/6846 1183/1314/6847 1184/1347/6848
f 1184/1347/6849 1183/1314/6850 1199/1333/6851
f 1158/1288/6852 1184/1316/6853 1185/1317/6854
f 1185/1317/6855 1184/1316/6856 1211/1348/6857
f 1187/1320/6858 1124/1321/6859 1212/1349/6860
f 1212/1349/6861 1124/1321/6862 1159/1350/6863
f 1213/1351/6864 1201/1336/6865 1214/1352/6866
f 1214/1352/6867 1201/1336/6868 1200/1335/6869
f 1189/1323/6870 1202/1337/6871 1215/1353/6872
f 1189/1323/6873 1206/1342/6874 1176/1307/6875
f 1176/1307/6876 1206/1342/6877 1192/1326/6878
f 1201/1336/6879 1216/1354/6880 1186/1318/6881
f 1186/1318/6882 1216/1354/6883 1203/1338/6884
f 1217/1355/6885 1191/1325/6886 1218/1356/6887
f 1207/1343/6888 1193/1327/6889 1219/1357/6890
f 1220/1358/6891 1197/1331/6892 1208/1344/6893
f 1208/1344/6894 1197/1331/6895 1181/1312/6896
f 1199/1333/6897 1171/1301/6898 1221/1359/6899
f 1221/1359/6900 1171/1301/6901 1198/1332/6902
f 1222/1360/6903 1200/1335/6904 1212/1349/6905
f 1212/1349/6906 1200/1335/6907 1187/1320/6908
f 1223/1361/6909 1224/1362/6910 1214/1352/6911
f 1214/1352/6912 1224/1362/6913 1213/1351/6914
f 1206/1342/6915 1189/1323/6916 1225/1363/6917
f 1225/1363/6918 1189/1323/6919 1215/1353/6920
f 1226/1364/6921 1216/1354/6922 1213/1351/6923
f 1213/1351/6924 1216/1354/6922 1201/1336/6925
f 1227/1365/6926 1177/1366/6927 1203/1338/6928
f 1203/1338/6929 1177/1366/6930 1145/1339/6931
f 1205/1341/6932 1178/1309/6933 1228/1367/6934
f 1228/1367/6935 1178/1309/6936 1204/1340/6937
f 1218/1356/6938 1191/1325/6939 1229/1368/6940
f 1229/1368/6941 1191/1325/6942 1205/1341/6943
f 1217/1355/6944 1218/1356/6945 1230/1369/6946
f 1219/1357/6947 1206/1342/6948 1225/1363/6949
f 1231/1370/6950 1220/1358/6951 1208/1344/6952
f 1197/1331/6953 1220/1358/6954 1209/1345/6955
f 1209/1345/6956 1220/1358/6957 1232/1371/6958
f 1182/1313/6959 1209/1345/6960 1210/1346/6961
f 1210/1346/6962 1209/1345/6963 1233/1372/6964
f 1184/1347/6965 1199/1333/6966 1211/1373/6967
f 1211/1373/6968 1199/1333/6969 1221/1359/6970
f 1212/1349/6971 1159/1350/6972 1234/1374/6973
f 1234/1374/6974 1159/1350/6975 1185/1375/6976
f 1214/1352/6977 1200/1335/6978 1235/1376/6979
f 1235/1376/6980 1200/1335/6981 1222/1360/6982
f 1236/1377/6983 1224/1362/6984 1237/1378/6985
f 1237/1378/6986 1224/1362/6987 1223/1361/6988
f 1224/1362/6989 1238/1379/6990 1213/1351/6991
f 1213/1351/6992 1238/1379/6993 1226/1364/6994
f 1216/1354/6995 1239/1380/6996 1203/1338/6997
f 1203/1338/6998 1239/1380/6999 1227/1365/7000
f 1230/1369/7001 1218/1356/7002 1240/1381/7003
f 1241/1382/7004 1194/1383/7005 1242/1384/7006
f 1242/1384/7007 1194/1383/7008 1195/1385/7009
f 1231/1370/7010 1240/1381/7011 1220/1358/7012
f 1243/1386/7013 1198/1387/7014 1241/1382/7015
f 1241/1382/7016 1198/1387/7017 1194/1383/7018
f 1244/1388/7019 1222/1360/7020 1234/1374/7021
f 1234/1374/7022 1222/1360/7023 1212/1349/7024
f 1245/1389/7025 1223/1361/7026 1235/1376/7027
f 1235/1376/7028 1223/1361/7029 1214/1352/7030
f 1246/1390/7031 1247/1391/7032 1237/1392/7033
f 1237/1392/7034 1247/1391/7035 1236/1393/7036
f 1248/1394/7037 1238/1379/7038 1236/1377/7039
f 1236/1377/7040 1238/1379/7041 1224/1362/7042
f 1249/1395/7043 1239/1380/7044 1226/1364/7045
f 1226/1364/7046 1239/1380/7047 1216/1354/7048
f 1250/1396/7049 1204/1397/7050 1227/1365/7051
f 1227/1365/7052 1204/1397/7053 1177/1366/7054
f 1229/1368/7055 1205/1341/7056 1251/1398/7057
f 1251/1398/7058 1205/1341/7059 1228/1367/7060
f 1240/1381/7061 1218/1356/7062 1252/1399/7063
f 1252/1399/7064 1218/1356/7065 1229/1368/7066
f 1253/1400/7067 1240/1381/7068 1231/1370/7069
f 1254/1401/7070 1255/1402/7071 1242/1384/7072
f 1242/1384/7073 1255/1402/7071 1241/1382/7074
f 1220/1358/7075 1240/1381/7076 1232/1371/7077
f 1232/1371/7078 1240/1381/7079 1252/1399/7080
f 1209/1345/7081 1232/1371/7082 1233/1372/7083
f 1233/1372/7084 1232/1371/7085 1256/1403/7086
f 1242/1384/7087 1195/1385/7088 1257/1404/7089
f 1257/1404/7090 1195/1385/7091 1210/1405/7092
f 1255/1402/7093 1258/1406/7094 1241/1382/7095
f 1241/1382/7096 1258/1406/7097 1243/1386/7098
f 1234/1374/7099 1185/1375/7100 1259/1407/7101
f 1259/1407/7102 1185/1375/7103 1211/1408/7104
f 1235/1376/7105 1222/1360/7106 1260/1409/7107
f 1260/1409/7108 1222/1360/7109 1244/1388/7110
f 1237/1378/7111 1223/1361/7112 1261/1410/7113
f 1261/1410/7114 1223/1361/7115 1245/1389/7116
f 1262/1411/7117 1247/1391/7118 1263/1412/7119
f 1263/1412/7120 1247/1391/7121 1246/1390/7122
f 1247/1391/7123 1248/1413/7124 1236/1393/7125
f 1238/1379/7126 1264/1414/7127 1226/1364/7128
f 1226/1364/7129 1264/1414/7130 1249/1395/7131
f 1239/1380/7132 1265/1415/7133 1227/1365/7134
f 1227/1365/7135 1265/1415/7136 1250/1396/7137
f 1266/1416/7138 1255/1402/7139 1267/1417/7140
f 1267/1417/7141 1255/1402/7142 1254/1401/7143
f 1268/1418/7144 1254/1401/7145 1257/1404/7146
f 1257/1404/7147 1254/1401/7148 1242/1384/7149
f 1269/1419/7150 1258/1406/7151 1266/1416/7152
f 1266/1416/7153 1258/1406/7154 1255/1402/7155
f 1270/1420/7156 1221/1421/7157 1243/1386/7158
f 1243/1386/7159 1221/1421/7160 1198/1387/7161
f 1271/1422/7162 1244/1388/7163 1259/1407/7164
f 1259/1407/7165 1244/1388/7166 1234/1374/7167
f 1272/1423/7168 1245/1389/7169 1260/1409/7170
f 1260/1409/7171 1245/1389/7172 1235/1376/7173
f 1246/1390/7174 1237/1392/7175 1261/1424/7176
f 1273/1425/7177 1264/1414/7178 1248/1394/7179
f 1248/1394/7180 1264/1414/7181 1238/1379/7182
f 1274/1426/7183 1265/1415/7184 1249/1395/7185
f 1249/1395/7186 1265/1415/7187 1239/1380/7188
f 1275/1427/7189 1228/1428/7190 1250/1396/7191
f 1250/1396/7192 1228/1428/7193 1204/1397/7194
f 1252/1399/7195 1229/1368/7196 1276/1429/7197
f 1276/1429/7198 1229/1368/7199 1251/1398/7200
f 1277/1430/7201 1278/1431/7202 1267/1417/7203
f 1267/1417/7204 1278/1431/7205 1266/1416/7206
f 1232/1371/7207 1252/1399/7208 1256/1403/7209
f 1256/1403/7210 1252/1399/7211 1276/1429/7212
f 1257/1404/7213 1210/1405/7214 1279/1432/7215
f 1279/1432/7216 1210/1405/7217 1233/1433/7218
f 1267/1417/7219 1254/1401/7220 1280/1434/7221
f 1280/1434/7222 1254/1401/7223 1268/1418/7224
f 1278/1431/7225 1281/1435/7226 1266/1416/7227
f 1266/1416/7228 1281/1435/7229 1269/1419/7230
f 1258/1406/7231 1282/1436/7232 1243/1386/7233
f 1243/1386/7234 1282/1436/7235 1270/1420/7236
f 1259/1437/7237 1211/1438/7238 1270/1420/7239
f 1270/1420/7240 1211/1438/7241 1221/1421/7242
f 1260/1409/7243 1244/1388/7244 1283/1439/7245
f 1283/1439/7246 1244/1388/7247 1271/1422/7248
f 1261/1410/7249 1245/1389/7250 1284/1440/7251
f 1284/1440/7252 1245/1389/7253 1272/1423/7254
f 1247/1391/7255 1285/1441/7256 1248/1413/7257
f 1248/1413/7258 1285/1441/7259 1273/1442/7260
f 1264/1414/7261 1286/1443/7262 1249/1395/7263
f 1249/1395/7264 1286/1443/7265 1274/1426/7266
f 1265/1415/7267 1287/1444/7268 1250/1396/7269
f 1250/1396/7270 1287/1444/7271 1275/1427/7272
f 1288/1445/7273 1278/1431/7274 1289/1446/7275
f 1289/1446/7276 1278/1431/7277 1277/1430/7278
f 1290/1447/7279 1268/1418/7280 1279/1432/7281
f 1279/1432/7282 1268/1418/7283 1257/1404/7284
f 1291/1448/7285 1277/1430/7286 1280/1434/7287
f 1280/1434/7288 1277/1430/7289 1267/1417/7290
f 1292/1449/7291 1281/1435/7292 1288/1445/7293
f 1288/1445/7294 1281/1435/7295 1278/1431/7296
f 1293/1450/7297 1282/1436/7298 1269/1419/7299
f 1269/1419/7300 1282/1436/7301 1258/1406/7302
f 1282/1436/7303 1271/1451/7304 1270/1420/7305
f 1270/1420/7306 1271/1451/7307 1259/1437/7308
f 1294/1452/7309 1272/1423/7310 1283/1439/7311
f 1283/1439/7312 1272/1423/7313 1260/1409/7314
f 1295/1453/7315 1246/1390/7174 1284/1454/7316
f 1284/1454/7317 1246/1390/7318 1261/1424/7319
f 1296/1455/7320 1285/1441/7321 1262/1411/7322
f 1262/1411/7323 1285/1441/7324 1247/1391/7325
f 1297/1456/7326 1286/1443/7327 1273/1425/7328
f 1273/1425/7329 1286/1443/7330 1264/1414/7331
f 1298/1457/7332 1287/1444/7333 1274/1426/7334
f 1274/1426/7335 1287/1444/7336 1265/1415/7337
f 1299/1458/7338 1251/1459/7339 1275/1427/7340
f 1275/1427/7341 1251/1459/7342 1228/1428/7343
f 1300/1460/7344 1288/1461/7345 1289/1462/7346
f 1279/1432/7347 1233/1433/7348 1301/1463/7349
f 1301/1463/7350 1233/1433/7351 1256/1464/7352
f 1280/1434/7353 1268/1418/7354 1302/1465/7355
f 1302/1465/7356 1268/1418/7357 1290/1447/7358
f 1289/1446/7359 1277/1430/7360 1303/1466/7361
f 1303/1466/7362 1277/1430/7363 1291/1448/7364
f 1300/1460/7365 1304/1467/7366 1288/1461/7367
f 1288/1461/7368 1304/1467/7369 1292/1468/7370
f 1281/1435/7371 1305/1469/7372 1269/1419/7373
f 1269/1419/7374 1305/1469/7375 1293/1450/7376
f 1283/1470/7377 1271/1451/7378 1293/1450/7379
f 1293/1450/7380 1271/1451/7381 1282/1436/7382
f 1284/1440/7383 1272/1423/7384 1306/1471/7385
f 1306/1471/7386 1272/1423/7387 1294/1452/7388
f 1263/1412/7389 1246/1390/7390 1307/1472/7391
f 1307/1472/7392 1246/1390/7393 1295/1453/7394
f 1285/1441/7395 1297/1473/7396 1273/1442/7397
f 1286/1443/7398 1308/1474/7399 1274/1426/7400
f 1274/1426/7401 1308/1474/7402 1298/1457/7403
f 1287/1444/7404 1309/1475/7405 1275/1427/7406
f 1275/1427/7407 1309/1475/7408 1299/1458/7409
f 1310/1476/7410 1290/1447/7411 1301/1463/7412
f 1301/1463/7413 1290/1447/7414 1279/1432/7415
f 1311/1477/7416 1291/1448/7417 1302/1465/7418
f 1302/1465/7419 1291/1448/7420 1280/1434/7421
f 1312/1478/7422 1300/1460/7423 1303/1479/7424
f 1303/1479/7425 1300/1460/7426 1289/1462/7427
f 1313/1480/7428 1304/1467/7429 1314/1481/7430
f 1314/1481/7431 1304/1467/7432 1300/1460/7433
f 1315/1482/7434 1305/1469/7435 1292/1449/7436
f 1292/1449/7437 1305/1469/7438 1281/1435/7439
f 1305/1469/7440 1294/1483/7441 1293/1450/7442
f 1293/1450/7443 1294/1483/7444 1283/1470/7445
f 1295/1453/7446 1284/1454/7447 1306/1484/7448
f 1316/1485/7449 1308/1474/7450 1297/1456/7451
f 1297/1456/7452 1308/1474/7453 1286/1443/7454
f 1317/1486/7455 1309/1475/7456 1298/1457/7457
f 1298/1457/7458 1309/1475/7459 1287/1444/7460
f 1318/1487/7461 1276/1488/7462 1299/1458/7463
f 1299/1458/7464 1276/1488/7465 1251/1459/7466
f 1301/1463/7467 1256/1464/7468 1318/1487/7469
f 1318/1487/7470 1256/1464/7471 1276/1488/7472
f 1302/1465/7473 1290/1447/7474 1319/1489/7475
f 1319/1489/7476 1290/1447/7477 1310/1476/7478
f 1303/1466/7479 1291/1448/7480 1320/1490/7481
f 1320/1490/7482 1291/1448/7483 1311/1477/7484
f 1314/1481/7485 1300/1460/7486 1321/1491/7487
f 1321/1491/7488 1300/1460/7489 1312/1478/7490
f 1304/1467/7491 1315/1492/7492 1292/1468/7493
f 1306/1493/7494 1294/1483/7495 1315/1482/7496
f 1315/1482/7497 1294/1483/7498 1305/1469/7499
f 1285/1441/7500 1322/1494/7501 1297/1473/7502
f 1297/1473/7503 1322/1494/7504 1316/1495/7505
f 1308/1474/7506 1323/1496/7507 1298/1457/7508
f 1298/1457/7509 1323/1496/7510 1317/1486/7511
f 1309/1475/7512 1324/1497/7513 1299/1458/7514
f 1299/1458/7515 1324/1497/7516 1318/1487/7517
f 1324/1497/7518 1310/1476/7519 1318/1487/7520
f 1318/1487/7521 1310/1476/7522 1301/1463/7523
f 1325/1498/7524 1311/1477/7525 1319/1489/7526
f 1319/1489/7527 1311/1477/7528 1302/1465/7529
f 1312/1478/7530 1303/1479/7531 1320/1499/7532
f 1304/1467/7533 1295/1453/7534 1315/1492/7535
f 1315/1492/7536 1295/1453/7537 1306/1484/7538
f 1326/1500/7539 1322/1494/7540 1296/1455/7541
f 1296/1455/7542 1322/1494/7543 1285/1441/7544
f 1327/1501/7545 1323/1496/7546 1316/1485/7547
f 1316/1485/7548 1323/1496/7549 1308/1474/7550
f 1328/1502/7551 1324/1497/7552 1317/1486/7553
f 1317/1486/7554 1324/1497/7555 1309/1475/7556
f 1319/1489/7557 1310/1476/7558 1328/1502/7559
f 1328/1502/7560 1310/1476/7561 1324/1497/7562
f 1320/1490/7563 1311/1477/7564 1329/1503/7565
f 1329/1503/7566 1311/1477/7567 1325/1498/7568
f 1307/1472/7569 1295/1453/7570 1313/1480/7571
f 1313/1480/7572 1295/1453/7573 1304/1467/7574
f 1322/1494/7575 1327/1504/7576 1316/1495/7577
f 1323/1496/7578 1330/1505/7579 1317/1486/7580
f 1317/1486/7581 1330/1505/7582 1328/1502/7583
f 1330/1505/7584 1325/1498/7585 1328/1502/7586
f 1328/1502/7587 1325/1498/7588 1319/1489/7589
f 1331/1506/7590 1312/1478/7591 1329/1507/7592
f 1329/1507/7593 1312/1478/7594 1320/1499/7595
f 1332/1508/7596 1330/1505/7597 1327/1501/7598
f 1327/1501/7599 1330/1505/7600 1323/1496/7601
f 1329/1503/7602 1325/1498/7603 1332/1508/7604
f 1332/1508/7605 1325/1498/7606 1330/1505/7607
f 1321/1491/7608 1312/1478/7609 1333/1509/7610
f 1333/1509/7611 1312/1478/7612 1331/1506/7613
f 1322/1494/7614 1331/1506/7615 1327/1504/7616
f 1327/1504/7617 1331/1506/7618 1332/1510/7619
f 1331/1506/7620 1329/1507/7621 1332/1510/7622
f 1333/1509/7623 1331/1506/7624 1326/1500/7625
f 1326/1500/7626 1331/1506/7627 1322/1494/7628
f 948/1511/7629 983/1512/7629 1334/1513/7629
f 1334/1513/7630 983/1512/7630 1335/1514/7630
f 1334/1513/7631 1336/1515/7631 948/1511/7631
f 948/1511/7630 1336/1515/7630 933/1516/7630
f 1335/1514/7632 1055/1517/7632 1334/1513/7632
f 1334/1513/7633 1055/1517/7633 1012/1518/7633
f 991/1519/7630 1336/1515/7630 1012/1518/7630
f 1012/1518/7631 1336/1515/7631 1334/1513/7631
f 1337/1520/7634 919/1521/7634 1338/1522/7634
f 1338/1522/7635 919/1521/7635 1339/1523/7635
f 1339/1523/7636 969/1524/7637 1338/1522/7638
f 1338/1522/7639 969/1524/7640 970/1525/7641
f 946/1526/7642 1340/1527/7642 962/1528/7642
f 962/1528/7643 1340/1527/7643 1341/1529/7643
f 1341/1529/7644 1340/1527/7644 1031/1530/7644
f 1031/1530/7645 1340/1527/7645 1008/1531/7645
f 1262/1411/7646 1263/1412/7647 1342/1532/7648
f 1296/1455/7649 1262/1411/7650 1342/1532/7651
f 1263/1412/7652 1307/1472/7653 1342/1532/7654
f 1313/1480/7655 1314/1481/7656 1342/1532/7657
f 1314/1481/7658 1321/1491/7659 1342/1532/7660
f 1326/1500/7661 1296/1455/7662 1342/1532/7663
f 1307/1472/7664 1313/1480/7665 1342/1532/7666
f 1321/1491/7667 1333/1509/7668 1342/1532/7669
f 1333/1509/7670 1326/1500/7671 1342/1532/7672
f 2/1533/7673 1/1534/7673 1343/1535/7673
f 1/1534/7673 5/1536/7673 1343/1535/7673
f 7/1537/7673 2/1533/7673 1343/1535/7673
f 5/1536/7673 9/1538/7673 1343/1535/7673
f 11/1539/7673 7/1537/7673 1343/1535/7673
f 9/1538/7673 13/1540/7673 1343/1535/7673
f 15/1541/7673 11/1539/7673 1343/1535/7673
f 13/1540/7673 17/1542/7673 1343/1535/7673
f 24/1543/7673 23/1544/7673 1343/1535/7673
f 27/1545/7673 24/1543/7673 1343/1535/7673
f 23/1544/7673 29/1546/7673 1343/1535/7673
f 29/1546/7673 31/1547/7673 1343/1535/7673
f 19/1548/7673 15/1541/7673 1343/1535/7673
f 17/1542/7673 21/1549/7673 1343/1535/7673
f 41/1550/7673 40/1551/7673 1343/1535/7673
f 40/1551/7673 27/1545/7673 1343/1535/7673
f 33/1552/7673 19/1548/7673 1343/1535/7673
f 21/1549/7673 38/1553/7673 1343/1535/7673
f 31/1547/7673 44/1554/7673 1343/1535/7673
f 46/1555/7673 33/1552/7673 1343/1535/7673
f 38/1553/7673 50/1556/7673 1343/1535/7673
f 52/1557/7673 41/1550/7673 1343/1535/7673
f 44/1554/7673 54/1558/7673 1343/1535/7673
f 56/1559/7673 46/1555/7673 1343/1535/7673
f 50/1556/7673 60/1560/7673 1343/1535/7673
f 62/1561/7673 52/1557/7673 1343/1535/7673
f 54/1558/7673 64/1562/7673 1343/1535/7673
f 64/1562/7673 56/1559/7673 1343/1535/7673
f 60/1560/7673 68/1563/7673 1343/1535/7673
f 70/1564/7673 62/1561/7673 1343/1535/7673
f 68/1563/7673 77/1565/7673 1343/1535/7673
f 79/1566/7673 70/1564/7673 1343/1535/7673
f 77/1565/7673 90/1567/7673 1343/1535/7673
f 92/1568/7673 79/1566/7673 1343/1535/7673
f 90/1567/7673 101/1569/7673 1343/1535/7673
f 101/1569/7673 92/1568/7673 1343/1535/7673
f 954/1074/7674 970/1090/7675 969/1570/7676
f 954/1074/7677 955/1073/7678 970/1090/7679
f 990/1111/7680 969/1089/7681 992/1113/7682
f 973/1093/7683 969/1089/7684 990/1111/7685
f 969/1089/7686 973/1093/7687 953/1071/7688
f 931/1571/7689 1337/1520/7690 1344/1572/7691
f 1344/1572/7692 1337/1520/7693 1338/1522/7693
f 971/1573/7694 1344/1572/7695 970/1525/7693
f 970/1525/7696 1344/1572/7697 1338/1522/7696
f 1340/1527/7698 1344/1572/7697 1008/1531/7698
f 1008/1531/7699 1344/1572/7700 971/1573/7701
f 1340/1527/7645 946/1526/7645 1344/1572/7702
f 1344/1572/7703 946/1526/7645 931/1571/7704
f 1345/1574/7698 1001/1575/7698 1341/1529/7698
f 1341/1529/7699 1001/1575/7699 962/1528/7699
f 1031/1530/7705 1051/1576/7705 1341/1529/7705
f 1341/1529/7706 1051/1576/7706 1345/1574/7706
f 1001/1575/7698 1345/1574/7698 1020/1577/7698
f 1020/1577/7699 1345/1574/7699 1346/1578/7699
f 1051/1576/7706 1073/1579/7706 1345/1574/7706
f 1345/1574/7642 1073/1579/7642 1346/1578/7642
f 1020/1577/7644 1346/1578/7644 1041/1580/7644
f 1041/1580/7642 1346/1578/7642 1347/1581/7642
f 1073/1579/7645 1094/1582/7645 1346/1578/7645
f 1346/1578/7642 1094/1582/7642 1347/1581/7642
f 1041/1580/7698 1347/1581/7698 1063/1583/7698
f 1063/1583/7699 1347/1581/7699 1348/1584/7699
f 1094/1582/7699 1113/1585/7699 1347/1581/7699
f 1347/1581/7645 1113/1585/7645 1348/1584/7645
f 1063/1583/7642 1348/1584/7642 1085/1586/7642
f 1085/1586/7645 1348/1584/7645 1349/1587/7645
f 1113/1585/7699 1133/1588/7699 1348/1584/7699
f 1348/1584/7642 1133/1588/7642 1349/1587/7642
f 1085/1586/7706 1349/1587/7706 1125/1589/7706
f 1125/1589/7706 1349/1587/7706 1350/1590/7706
f 1133/1588/7699 1166/1591/7699 1349/1587/7699
f 1349/1587/7707 1166/1591/7707 1350/1590/7707
f 1125/1589/7708 1350/1590/7708 1142/1592/7708
f 1142/1592/7643 1350/1590/7643 1351/1593/7643
f 1166/1591/7642 1180/1594/7642 1350/1590/7642
f 1350/1590/7643 1180/1594/7643 1351/1593/7643
f 1142/1592/7698 1351/1593/7698 1174/1595/7698
f 1174/1595/7642 1351/1593/7642 1352/1596/7709
f 1180/1594/7710 1207/1597/7710 1351/1593/7710
f 1351/1593/7710 1207/1597/7710 1352/1596/7711
f 1174/1595/7712 1352/1596/7713 1188/1598/7714
f 1188/1598/7715 1352/1596/7716 1215/1599/7717
f 1207/1597/7705 1219/1600/7718 1352/1596/7719
f 1352/1596/7720 1219/1600/7721 1215/1599/7722
f 1188/1598/7723 1215/1599/7724 1202/1601/7725
f 1215/1599/7726 1219/1600/7727 1225/1602/7728
f 991/1519/7631 992/1603/7729 1336/1515/7631
f 1336/1515/7629 992/1603/7730 1353/1604/7731
f 933/1516/7732 1336/1515/7732 920/1605/7733
f 920/1605/7734 1336/1515/7629 1353/1604/7731
f 983/1512/7735 1004/1606/7735 1335/1514/7735
f 1335/1514/7736 1004/1606/7736 1354/1607/7736
f 1055/1517/7631 1335/1514/7631 1077/1608/7631
f 1077/1608/7736 1335/1514/7736 1354/1607/7736
f 1025/1609/7737 1046/1610/7737 1355/1611/7737
f 1355/1611/7738 1046/1610/7738 1356/1612/7738
f 1097/1613/7630 1355/1611/7630 1116/1614/7630
f 1116/1614/7738 1355/1611/7738 1356/1612/7738
f 1077/1608/7737 1354/1607/7737 1097/1613/7737
f 1097/1613/7732 1354/1607/7732 1355/1611/7732
f 1004/1606/7737 1025/1609/7737 1354/1607/7737
f 1354/1607/7630 1025/1609/7630 1355/1611/7630
f 1116/1614/7630 1356/1612/7630 1136/1615/7630
f 1136/1615/7631 1356/1612/7631 1357/1616/7631
f 1046/1610/7732 1069/1617/7732 1356/1612/7732
f 1356/1612/7736 1069/1617/7736 1357/1616/7736
f 1069/1617/7735 1109/1618/7735 1357/1616/7735
f 1357/1616/7732 1109/1618/7732 1358/1619/7732
f 1136/1615/7735 1357/1616/7735 1169/1620/7735
f 1169/1620/7737 1357/1616/7737 1358/1619/7737
f 1147/1621/7739 1163/1622/7739 1359/1623/7739
f 1359/1623/7740 1163/1622/7740 1360/1624/7740
f 1196/1625/7737 1359/1623/7737 1208/1626/7737
f 1208/1626/7741 1359/1623/7741 1360/1624/7741
f 1169/1620/7735 1358/1619/7735 1196/1625/7735
f 1196/1625/7742 1358/1619/7742 1359/1623/7742
f 1109/1618/7736 1147/1621/7736 1358/1619/7736
f 1358/1619/7743 1147/1621/7743 1359/1623/7743
f 1163/1622/7744 1190/1627/7744 1360/1624/7744
f 1360/1624/7629 1190/1627/7629 1361/1628/7629
f 1208/1626/7736 1360/1624/7736 1231/1629/7736
f 1231/1629/7745 1360/1624/7745 1361/1628/7745
f 1231/1629/7746 1361/1628/7746 1253/1630/7746
f 1253/1630/7747 1361/1628/7747 1230/1631/7747
f 1190/1627/7748 1217/1632/7748 1361/1628/7748
f 1361/1628/7749 1217/1632/7749 1230/1631/7749
f 992/1603/7750 969/1524/7751 1353/1604/7752
f 1353/1604/7753 969/1524/7754 1339/1523/7755
f 920/1605/7756 1353/1604/7757 919/1521/7758
f 919/1521/7759 1353/1604/7760 1339/1523/7761
f 931/1044/7762 908/1013/7763 1337/1633/7764
f 1337/1633/7765 894/1012/7766 919/1634/7767
f 919/1030/7768 894/993/7769 906/1010/7770
f 1219/1357/7771 1193/1327/7772 1206/1342/7773
f 1126/1254/7774 1160/1290/7775 1143/1272/7776
f 1001/1123/7777 1021/1144/7778 1000/1122/7779
f 1112/1239/7780 1074/1199/7781 1093/1219/7782
f 1230/1369/7783 1240/1381/7784 1253/1400/7785
f 1190/1324/7786 1191/1325/7787 1217/1355/7788
f 1337/1633/7789 908/1013/7790 894/1012/7791
