v 3.6456 1.3269 0.0373
v 3.8202 0.6736 0.0373
v 3.7341 0.6584 0
v 3.5634 1.297 0
v 3.8796 0 0.0373
v 3.8202 0.6736 0.8098
v 3.8796 0 0.8098
v 3.7921 0 0
v 2.972 2.4938 0.0373
v 3.3594 1.9396 0.0373
v 2.9049 2.4375 0
v 3.2837 1.8958 0
v 3.3594 1.9396 0.8098
v 3.6456 1.3269 0.8098
v 1.9398 3.3598 0.0373
v 2.4935 2.9716 0.0373
v 2.4373 2.9046 0
v 1.8961 3.2841 0
v 2.4935 2.9716 0.8098
v 2.972 2.4938 0.8098
v 0.6737 3.8207 0.0373
v 1.3268 3.6452 0.0373
v 0.6585 3.7345 0
v 1.2968 3.563 0
v 1.3268 3.6452 0.8098
v 1.9398 3.3598 0.8098
v -0.6737 3.8207 0.0373
v 0 3.8792 0.0373
v -0.6585 3.7345 0
v 0 3.7917 0
v 0 3.8792 0.8098
v 0.6737 3.8207 0.8098
v -1.9398 3.3598 0.0373
v -1.3268 3.6452 0.0373
v -1.2968 3.563 0
v -1.8961 3.2841 0
v -1.3268 3.6452 0.8098
v -0.6737 3.8207 0.8098
v -2.972 2.4938 0.0373
v -2.4935 2.9716 0.0373
v -2.4373 2.9046 0
v -2.9049 2.4375 0
v -2.4935 2.9716 0.8098
v -1.9398 3.3598 0.8098
v -3.6456 1.3269 0.0373
v -3.3594 1.9396 0.0373
v -3.2837 1.8958 0
v -3.5634 1.297 0
v -2.972 2.4938 0.8098
v -3.3594 1.9396 0.8098
v -3.8796 0 0.0373
v -3.8202 0.6736 0.0373
v -3.7921 0 0
v -3.7341 0.6584 0
v -3.8202 0.6736 0.8098
v -3.6456 1.3269 0.8098
v -3.6456 -1.3269 0.0373
v -3.8202 -0.6736 0.0373
v -3.5634 -1.297 0
v -3.7341 -0.6584 0
v -3.8202 -0.6736 0.8098
v -3.8796 0 0.8098
v -2.972 -2.4938 0.0373
v -3.3594 -1.9396 0.0373
v -3.2837 -1.8958 0
v -2.9049 -2.4375 0
v -3.3594 -1.9396 0.8098
v -3.6456 -1.3269 0.8098
v -1.9398 -3.3598 0.0373
v -2.4935 -2.9716 0.0373
v -1.8961 -3.2841 0
v -2.4373 -2.9046 0
v -2.4935 -2.9716 0.8098
v -2.972 -2.4938 0.8098
v -0.6737 -3.8207 0.0373
v -1.3268 -3.6452 0.0373
v -0.6585 -3.7345 0
v -1.2968 -3.563 0
v -1.3268 -3.6452 0.8098
v -1.9398 -3.3598 0.8098
v 0.6737 -3.8207 0.0373
v 0 -3.8792 0.0373
v 0.6585 -3.7345 0
v 0 -3.7917 0
v 0 -3.8792 0.8098
v -0.6737 -3.8207 0.8098
v 1.9398 -3.3598 0.0373
v 1.3268 -3.6452 0.0373
v 1.8961 -3.2841 0
v 1.2968 -3.563 0
v 1.3268 -3.6452 0.8098
v 0.6737 -3.8207 0.8098
v 2.972 -2.4938 0.0373
v 2.4935 -2.9716 0.0373
v 2.4373 -2.9046 0
v 2.9049 -2.4375 0
v 2.4935 -2.9716 0.8098
v 1.9398 -3.3598 0.8098
v 3.6456 -1.3269 0.0373
v 3.3594 -1.9396 0.0373
v 3.2837 -1.8959 0
v 3.5634 -1.297 0
v 3.3594 -1.9396 0.8098
v 2.972 -2.4938 0.8098
v 3.8202 -0.6736 0.0373
v 3.7341 -0.6584 0
v 3.8202 -0.6736 0.8098
v 3.6456 -1.3269 0.8098
v 3.5781 1.3023 0.9077
v 3.7494 0.6611 0.9077
v 3.8077 0 0.9077
v 3.5839 0.6319 1.0034
v 3.6396 0 1.0034
v 2.9169 2.4476 0.9077
v 3.2972 1.9036 0.9077
v 3.4201 1.2448 1.0034
v 3.1516 1.8196 1.0034
v 1.9039 3.2976 0.9077
v 2.4473 2.9165 0.9077
v 2.7881 2.3395 1.0034
v 2.3392 2.7878 1.0034
v 0.6612 3.7499 0.9077
v 1.3022 3.5777 0.9077
v 1.8198 3.152 1.0034
v 1.2447 3.4197 1.0034
v -0.6612 3.7499 0.9077
v 0 3.8073 0.9077
v 0.632 3.5843 1.0034
v 0 3.6392 1.0034
v -1.9039 3.2976 0.9077
v -1.3022 3.5777 0.9077
v -0.632 3.5843 1.0034
v -1.2447 3.4197 1.0034
v -2.9169 2.4476 0.9077
v -2.4473 2.9165 0.9077
v -1.8198 3.152 1.0034
v -2.3392 2.7878 1.0034
v -3.5781 1.3023 0.9077
v -3.2972 1.9036 0.9077
v -2.7881 2.3395 1.0034
v -3.1516 1.8196 1.0034
v -3.8077 0 0.9077
v -3.7494 0.6611 0.9077
v -3.4201 1.2448 1.0034
v -3.5839 0.6319 1.0034
v -3.5781 -1.3023 0.9077
v -3.7494 -0.6611 0.9077
v -3.6396 0 1.0034
v -3.5839 -0.6319 1.0034
v -2.9169 -2.4476 0.9077
v -3.2972 -1.9036 0.9077
v -3.4201 -1.2448 1.0034
v -3.1516 -1.8196 1.0034
v -1.9039 -3.2976 0.9077
v -2.4473 -2.9165 0.9077
v -2.7881 -2.3395 1.0034
v -2.3392 -2.7878 1.0034
v -0.6612 -3.7499 0.9077
v -1.3022 -3.5777 0.9077
v -1.8198 -3.152 1.0034
v -1.2447 -3.4197 1.0034
v 0.6612 -3.7499 0.9077
v 0 -3.8073 0.9077
v -0.632 -3.5843 1.0034
v 0 -3.6392 1.0034
v 1.9039 -3.2976 0.9077
v 1.3022 -3.5777 0.9077
v 0.632 -3.5843 1.0034
v 1.2447 -3.4197 1.0034
v 2.9169 -2.4476 0.9077
v 2.4473 -2.9165 0.9077
v 1.8198 -3.152 1.0034
v 2.3392 -2.7878 1.0034
v 3.5781 -1.3023 0.9077
v 3.2972 -1.9036 0.9077
v 2.7881 -2.3395 1.0034
v 3.1516 -1.8196 1.0034
v 3.7494 -0.6611 0.9077
v 3.4201 -1.2448 1.0034
v 3.5839 -0.6319 1.0034
v 3.6587 0 1.2576
v 3.6027 0.6353 1.2576
v 3.4381 1.2514 1.2576
v 3.1682 1.8292 1.2576
v 2.8028 2.3518 1.2576
v 2.3515 2.8024 1.2576
v 1.8294 3.1686 1.2576
v 1.2512 3.4377 1.2576
v 0.6353 3.6032 1.2576
v 0 3.6583 1.2576
v -0.6353 3.6032 1.2576
v -1.2512 3.4377 1.2576
v -1.8294 3.1686 1.2576
v -2.3515 2.8024 1.2576
v -2.8028 2.3518 1.2576
v -3.1682 1.8292 1.2576
v -3.4381 1.2514 1.2576
v -3.6027 0.6353 1.2576
v -3.6587 0 1.2576
v -3.6027 -0.6353 1.2576
v -3.4381 -1.2514 1.2576
v -3.1682 -1.8292 1.2576
v -2.8028 -2.3518 1.2576
v -2.3515 -2.8024 1.2576
v -1.8294 -3.1686 1.2576
v -1.2512 -3.4377 1.2576
v -0.6353 -3.6032 1.2576
v 0 -3.6583 1.2576
v 0.6353 -3.6032 1.2576
v 1.2512 -3.4377 1.2576
v 1.8294 -3.1686 1.2576
v 2.3515 -2.8024 1.2576
v 2.8028 -2.3518 1.2576
v 3.1682 -1.8292 1.2576
v 3.4381 -1.2514 1.2576
v 3.6027 -0.6353 1.2576
v 3.7633 0.6636 1.4442
v 3.5913 1.3071 1.4442
v 3.8218 0 1.4442
v 2.9276 2.4566 1.4442
v 3.3093 1.9107 1.4442
v 2.4563 2.9273 1.4442
v 1.9109 3.3097 1.4442
v 1.307 3.5909 1.4442
v 0.6636 3.7637 1.4442
v -0.6636 3.7637 1.4442
v 0 3.8213 1.4442
v -1.9109 3.3097 1.4442
v -1.307 3.5909 1.4442
v -2.9276 2.4566 1.4442
v -2.4563 2.9273 1.4442
v -3.5913 1.3071 1.4442
v -3.3093 1.9107 1.4442
v -3.7633 0.6636 1.4442
v -3.8218 0 1.4442
v -3.7633 -0.6636 1.4442
v -3.5913 -1.3071 1.4442
v -2.9276 -2.4566 1.4442
v -3.3094 -1.9107 1.4442
v -2.4563 -2.9273 1.4442
v -1.9109 -3.3097 1.4442
v -0.6636 -3.7637 1.4442
v -1.307 -3.5909 1.4442
v 0.6636 -3.7637 1.4442
v 0 -3.8213 1.4442
v 1.9109 -3.3097 1.4442
v 1.307 -3.5909 1.4442
v 2.9276 -2.4566 1.4442
v 2.4563 -2.9273 1.4442
v 3.5913 -1.3071 1.4442
v 3.3093 -1.9107 1.4442
v 3.7633 -0.6636 1.4442
v 3.7676 1.3713 1.7776
v 3.948 0.6961 1.7776
v 3.8188 1.3899 2.0867
v 4.0016 0.7056 2.0867
v 4.0638 0 2.0867
v 4.0094 0 1.7776
v 3.0714 2.5772 1.7776
v 3.4718 2.0045 1.7776
v 3.1131 2.6122 2.0867
v 3.519 2.0317 2.0867
v 2.5769 3.071 1.7776
v 2.0047 3.4722 1.7776
v 2.0319 3.5194 2.0867
v 2.6119 3.1127 2.0867
v 0.6962 3.9485 1.7776
v 1.3711 3.7672 1.7776
v 0.7057 4.0021 2.0867
v 1.3898 3.8183 2.0867
v -0.6962 3.9485 1.7776
v 0 4.0089 1.7776
v -0.7057 4.0021 2.0867
v 0 4.0634 2.0867
v -1.3711 3.7672 1.7776
v -2.0047 3.4722 1.7776
v -2.0319 3.5194 2.0867
v -1.3898 3.8183 2.0867
v -3.0714 2.5772 1.7776
v -2.5769 3.071 1.7776
v -3.1131 2.6122 2.0867
v -2.6119 3.1127 2.0867
v -3.7676 1.3713 1.7776
v -3.4718 2.0045 1.7776
v -3.8188 1.3899 2.0867
v -3.519 2.0317 2.0867
v -3.948 0.6961 1.7776
v -4.0094 0 1.7776
v -4.0638 0 2.0867
v -4.0016 0.7056 2.0867
v -3.7676 -1.3713 1.7776
v -3.948 -0.6961 1.7776
v -3.8188 -1.3899 2.0867
v -4.0016 -0.7056 2.0867
v -3.4718 -2.0045 1.7776
v -3.0714 -2.5772 1.7776
v -3.1131 -2.6122 2.0867
v -3.519 -2.0317 2.0867
v -2.5769 -3.071 1.7776
v -2.0047 -3.4722 1.7776
v -2.0319 -3.5194 2.0867
v -2.6119 -3.1127 2.0867
v -1.3711 -3.7672 1.7776
v -0.6962 -3.9485 1.7776
v -0.7057 -4.0021 2.0867
v -1.3898 -3.8183 2.0867
v 0 -4.0089 1.7776
v 0.6962 -3.9485 1.7776
v 0.7057 -4.0021 2.0867
v 0 -4.0634 2.0867
v 1.3711 -3.7672 1.7776
v 2.0047 -3.4722 1.7776
v 2.0319 -3.5194 2.0867
v 1.3898 -3.8183 2.0867
v 2.5769 -3.071 1.7776
v 3.0714 -2.5772 1.7776
v 3.1131 -2.6122 2.0867
v 2.6119 -3.1127 2.0867
v 3.4718 -2.0045 1.7776
v 3.7676 -1.3713 1.7776
v 3.8188 -1.3899 2.0867
v 3.519 -2.0317 2.0867
v 3.948 -0.6961 1.7776
v 4.0016 -0.7056 2.0867
v 3.7457 1.3633 2.4203
v 3.9251 0.6921 2.4203
v 3.5639 1.2972 2.7873
v 3.7346 0.6585 2.7873
v 3.7926 0 2.7873
v 3.9861 0 2.4203
v 3.4516 1.9928 2.4203
v 3.0535 2.5622 2.4203
v 2.9053 2.4378 2.7873
v 3.2841 1.8961 2.7873
v 2.5619 3.0532 2.4203
v 1.993 3.4521 2.4203
v 1.8963 3.2845 2.7873
v 2.4375 2.905 2.7873
v 1.3632 3.7453 2.4203
v 0.6922 3.9255 2.4203
v 0.6586 3.735 2.7873
v 1.297 3.5635 2.7873
v -0.6922 3.9255 2.4203
v 0 3.9856 2.4203
v -0.6586 3.735 2.7873
v 0 3.7922 2.7873
v -1.3632 3.7453 2.4203
v -1.993 3.4521 2.4203
v -1.8963 3.2845 2.7873
v -1.297 3.5635 2.7873
v -2.5619 3.0532 2.4203
v -3.0535 2.5622 2.4203
v -2.9053 2.4378 2.7873
v -2.4375 2.905 2.7873
v -3.7457 1.3633 2.4203
v -3.4516 1.9928 2.4203
v -3.5639 1.2972 2.7873
v -3.2841 1.8961 2.7873
v -3.9251 0.6921 2.4203
v -3.9861 0 2.4203
v -3.7926 0 2.7873
v -3.7346 0.6585 2.7873
v -3.9251 -0.6921 2.4203
v -3.7457 -1.3633 2.4203
v -3.5639 -1.2972 2.7873
v -3.7346 -0.6585 2.7873
v -3.0535 -2.5622 2.4203
v -3.4516 -1.9928 2.4203
v -2.9053 -2.4378 2.7873
v -3.2841 -1.8961 2.7873
v -1.993 -3.452 2.4203
v -2.5619 -3.0532 2.4203
v -1.8963 -3.2845 2.7873
v -2.4376 -2.905 2.7873
v -0.6922 -3.9255 2.4203
v -1.3632 -3.7453 2.4203
v -0.6586 -3.735 2.7873
v -1.297 -3.5635 2.7873
v 0 -3.9856 2.4203
v 0.6922 -3.9255 2.4203
v 0.6586 -3.735 2.7873
v 0 -3.7922 2.7873
v 1.3632 -3.7453 2.4203
v 1.993 -3.4521 2.4203
v 1.8963 -3.2845 2.7873
v 1.297 -3.5635 2.7873
v 2.5619 -3.0532 2.4203
v 3.0535 -2.5622 2.4203
v 2.9053 -2.4378 2.7873
v 2.4375 -2.905 2.7873
v 3.4516 -1.9928 2.4203
v 3.7457 -1.3633 2.4203
v 3.5639 -1.2972 2.7873
v 3.2841 -1.8961 2.7873
v 3.9251 -0.6921 2.4203
v 3.7346 -0.6585 2.7873
v 2.9329 0.5171 3.9766
v 2.7988 1.0187 3.9766
v 2.9785 0 3.9766
v 2.2816 1.9145 3.9766
v 2.5791 1.4891 3.9766
v 1.9143 2.2814 3.9766
v 1.4892 2.5794 3.9766
v 1.0186 2.7985 3.9766
v 0.5172 2.9332 3.9766
v -0.5172 2.9332 3.9766
v 0 2.9781 3.9766
v -1.0186 2.7985 3.9766
v -1.4892 2.5794 3.9766
v -1.9143 2.2814 3.9766
v -2.2816 1.9145 3.9766
v -2.7988 1.0187 3.9766
v -2.5791 1.4891 3.9766
v -2.9785 0 3.9766
v -2.9329 0.5171 3.9766
v -2.7988 -1.0187 3.9766
v -2.9329 -0.5171 3.9766
v -2.5791 -1.4891 3.9766
v -2.2816 -1.9145 3.9766
v -1.9143 -2.2814 3.9766
v -1.4892 -2.5794 3.9766
v -1.0186 -2.7985 3.9766
v -0.5172 -2.9332 3.9766
v 0 -2.9781 3.9766
v 0.5172 -2.9332 3.9766
v 1.0186 -2.7985 3.9766
v 1.4892 -2.5794 3.9766
v 1.9143 -2.2814 3.9766
v 2.2816 -1.9145 3.9766
v 2.5791 -1.4891 3.9766
v 2.7988 -1.0187 3.9766
v 2.9329 -0.5171 3.9766
v 2.6899 0.979 5.0162
v 2.8187 0.497 5.0162
v 2.8076 0.495 4.3058
v 2.6793 0.9752 4.3058
v 2.8512 0 4.3058
v 2.8625 0 5.0162
v 2.1928 1.84 5.0162
v 2.4787 1.4311 5.0162
v 2.4689 1.4254 4.3058
v 2.1841 1.8327 4.3058
v 1.4312 2.479 5.0162
v 1.8398 2.1925 5.0162
v 1.4256 2.4692 4.3058
v 1.8325 2.1839 4.3058
v 0.4971 2.819 5.0162
v 0.9789 2.6896 5.0162
v 0.9751 2.6789 4.3058
v 0.4951 2.8079 4.3058
v -0.4971 2.819 5.0162
v 0 2.8622 5.0162
v 0 2.8509 4.3058
v -0.4951 2.8079 4.3058
v -1.4312 2.479 5.0162
v -0.9789 2.6896 5.0162
v -0.9751 2.6789 4.3058
v -1.4256 2.4692 4.3058
v -2.1928 1.84 5.0162
v -1.8398 2.1925 5.0162
v -1.8325 2.1839 4.3058
v -2.1841 1.8327 4.3058
v -2.6899 0.979 5.0162
v -2.4787 1.4311 5.0162
v -2.4689 1.4254 4.3058
v -2.6793 0.9752 4.3058
v -2.8625 0 5.0162
v -2.8187 0.497 5.0162
v -2.8076 0.495 4.3058
v -2.8512 0 4.3058
v -2.6899 -0.979 5.0162
v -2.8187 -0.497 5.0162
v -2.8076 -0.495 4.3058
v -2.6793 -0.9752 4.3058
v -2.1928 -1.84 5.0162
v -2.4787 -1.4311 5.0162
v -2.4689 -1.4254 4.3058
v -2.1841 -1.8327 4.3058
v -1.4312 -2.479 5.0162
v -1.8398 -2.1925 5.0162
v -1.8325 -2.1839 4.3058
v -1.4256 -2.4692 4.3058
v -0.4971 -2.819 5.0162
v -0.9789 -2.6896 5.0162
v -0.4951 -2.8079 4.3058
v -0.9751 -2.6789 4.3058
v 0.4971 -2.819 5.0162
v 0 -2.8622 5.0162
v 0 -2.8509 4.3058
v 0.4951 -2.8079 4.3058
v 1.4312 -2.479 5.0162
v 0.9789 -2.6896 5.0162
v 0.9751 -2.6789 4.3058
v 1.4256 -2.4692 4.3058
v 2.1928 -1.84 5.0162
v 1.8398 -2.1925 5.0162
v 1.8325 -2.1839 4.3058
v 2.1841 -1.8327 4.3058
v 2.6899 -0.979 5.0162
v 2.4787 -1.4311 5.0162
v 2.4689 -1.4254 4.3058
v 2.6793 -0.9752 4.3058
v 2.8187 -0.497 5.0162
v 2.8076 -0.495 4.3058
v 2.653 0.9656 5.0439
v 2.78 0.4902 5.0439
v 2.8232 0 5.0439
v 2.6593 0 5.0838
v 2.6186 0.4617 5.0838
v 2.4447 1.4115 5.0439
v 2.1627 1.8148 5.0439
v 2.4989 0.9095 5.0838
v 2.3028 1.3295 5.0838
v 1.8145 2.1625 5.0439
v 1.4116 2.445 5.0439
v 2.0372 1.7094 5.0838
v 1.7092 2.0369 5.0838
v 0.9655 2.6527 5.0439
v 0.4903 2.7803 5.0439
v 1.3296 2.303 5.0838
v 0.9094 2.4986 5.0838
v -0.4903 2.7803 5.0439
v 0 2.8229 5.0439
v 0.4618 2.6189 5.0838
v 0 2.659 5.0838
v -1.4116 2.445 5.0439
v -0.9655 2.6527 5.0439
v -0.4618 2.6189 5.0838
v -0.9094 2.4986 5.0838
v -1.8145 2.1625 5.0439
v -2.1627 1.8148 5.0439
v -1.3296 2.303 5.0838
v -1.7092 2.0369 5.0838
v -2.4447 1.4115 5.0439
v -2.653 0.9656 5.0439
v -2.0372 1.7094 5.0838
v -2.3028 1.3295 5.0838
v -2.8232 0 5.0439
v -2.78 0.4902 5.0439
v -2.4989 0.9095 5.0838
v -2.6186 0.4617 5.0838
v -2.78 -0.4902 5.0439
v -2.653 -0.9656 5.0439
v -2.6593 0 5.0838
v -2.6186 -0.4617 5.0838
v -2.1627 -1.8148 5.0439
v -2.4447 -1.4115 5.0439
v -2.4989 -0.9095 5.0838
v -2.3028 -1.3295 5.0838
v -1.8145 -2.1625 5.0439
v -1.4116 -2.445 5.0439
v -2.0372 -1.7094 5.0838
v -1.7092 -2.0369 5.0838
v -0.4903 -2.7803 5.0439
v -0.9655 -2.6527 5.0439
v -1.3297 -2.303 5.0838
v -0.9094 -2.4986 5.0838
v 0.4903 -2.7803 5.0439
v 0 -2.8229 5.0439
v -0.4618 -2.6189 5.0838
v 0 -2.659 5.0838
v 0.9655 -2.6527 5.0439
v 1.4116 -2.445 5.0439
v 0.4618 -2.6189 5.0838
v 0.9094 -2.4986 5.0838
v 2.1627 -1.8148 5.0439
v 1.8145 -2.1625 5.0439
v 1.3296 -2.303 5.0838
v 1.7092 -2.0369 5.0838
v 2.653 -0.9656 5.0439
v 2.4447 -1.4115 5.0439
v 2.0372 -1.7094 5.0838
v 2.3028 -1.3295 5.0838
v 2.78 -0.4902 5.0439
v 2.4989 -0.9095 5.0838
v 2.6186 -0.4617 5.0838
v 2.2331 0.8128 5.6566
v 2.3401 0.4126 5.6566
v 2.3764 0 5.6566
v 1.8204 1.5275 5.6566
v 2.0578 1.1881 5.6566
v 1.1882 2.058 5.6566
v 1.5274 1.8202 5.6566
v 0.4127 2.3403 5.6566
v 0.8127 2.2329 5.6566
v -0.4127 2.3403 5.6566
v 0 2.3761 5.6566
v -1.1882 2.058 5.6566
v -0.8127 2.2329 5.6566
v -1.8204 1.5275 5.6566
v -1.5274 1.8202 5.6566
v -2.2331 0.8128 5.6566
v -2.0578 1.1881 5.6566
v -2.3764 0 5.6566
v -2.3401 0.4126 5.6566
v -2.2331 -0.8128 5.6566
v -2.3401 -0.4126 5.6566
v -1.8204 -1.5275 5.6566
v -2.0578 -1.1881 5.6566
v -1.1882 -2.058 5.6566
v -1.5274 -1.8202 5.6566
v -0.4127 -2.3403 5.6566
v -0.8127 -2.2328 5.6566
v 0.4127 -2.3403 5.6566
v 0 -2.3761 5.6566
v 1.1882 -2.058 5.6566
v 0.8127 -2.2329 5.6566
v 1.8204 -1.5275 5.6566
v 1.5273 -1.8202 5.6566
v 2.2331 -0.8128 5.6566
v 2.0578 -1.1881 5.6566
v 2.3401 -0.4126 5.6566
v 1.1981 0.5587 8.5605
v 1.0468 0.4881 9.8749
v 1.3169 0.1152 8.5605
v 1.1506 0.1007 9.8749
v 0.9348 0.9347 8.5605
v 0.8167 0.8167 9.8749
v 0.5587 1.1981 8.5605
v 0.4881 1.0468 9.8749
v 0.1152 1.3169 8.5605
v 0.1007 1.1506 9.8749
v -0.3421 1.2769 8.5605
v -0.2989 1.1156 9.8749
v -0.7582 1.0829 8.5605
v -0.6625 0.9461 9.8749
v -1.0829 0.7582 8.5605
v -0.9461 0.6625 9.8749
v -1.2769 0.3421 8.5605
v -1.1156 0.2989 9.8749
v -1.3169 -0.1152 8.5605
v -1.1506 -0.1007 9.8749
v -1.1981 -0.5587 8.5605
v -1.0468 -0.4881 9.8749
v -0.9348 -0.9347 8.5605
v -0.8167 -0.8167 9.8749
v -0.5587 -1.1981 8.5605
v -0.4881 -1.0468 9.8749
v -0.1152 -1.3169 8.5605
v -0.1007 -1.1506 9.8749
v 0.3421 -1.2769 8.5605
v 0.2989 -1.1156 9.8749
v 0.7582 -1.0829 8.5605
v 0.6625 -0.9461 9.8749
v 1.0829 -0.7582 8.5605
v 0.9461 -0.6625 9.8749
v 1.2769 -0.3422 8.5605
v 1.1156 -0.2989 9.8749
v 1.6629 0.6053 7.0903
v 1.7426 0.3073 7.0903
v 1.7697 0 7.0903
v 1.3557 1.1375 7.0903
v 1.5324 0.8847 7.0903
v 0.8848 1.5326 7.0903
v 1.1374 1.3555 7.0903
v 0.3073 1.7428 7.0903
v 0.6052 1.6628 7.0903
v -0.3073 1.7428 7.0903
v 0 1.7695 7.0903
v -0.8848 1.5326 7.0903
v -0.6052 1.6628 7.0903
v -1.3557 1.1375 7.0903
v -1.1374 1.3555 7.0903
v -1.6629 0.6053 7.0903
v -1.5324 0.8847 7.0903
v -1.7697 0 7.0903
v -1.7426 0.3073 7.0903
v -1.6629 -0.6053 7.0903
v -1.7426 -0.3073 7.0903
v -1.3557 -1.1375 7.0903
v -1.5324 -0.8847 7.0903
v -0.8848 -1.5326 7.0903
v -1.1374 -1.3555 7.0903
v -0.3073 -1.7428 7.0903
v -0.6052 -1.6628 7.0903
v 0.3073 -1.7428 7.0903
v 0 -1.7695 7.0903
v 0.8848 -1.5326 7.0903
v 0.6052 -1.6628 7.0903
v 1.3557 -1.1375 7.0903
v 1.1374 -1.3555 7.0903
v 1.6629 -0.6053 7.0903
v 1.5324 -0.8847 7.0903
v 1.7426 -0.3073 7.0903
v 1.5334 0.715 10.9967
v 1.6855 0.1475 10.9967
v 1.142 0.0999 10.9275
v 1.0389 0.4845 10.9275
v 1.1964 1.1964 10.9967
v 0.8106 0.8106 10.9275
v 0.715 1.5334 10.9967
v 0.4845 1.0389 10.9275
v 0.1475 1.6855 10.9967
v 0.0999 1.142 10.9275
v -0.4379 1.6343 10.9967
v -0.2967 1.1073 10.9275
v -0.9704 1.386 10.9967
v -0.6575 0.939 10.9275
v -1.3859 0.9705 10.9967
v -0.939 0.6575 10.9275
v -1.6343 0.4379 10.9967
v -1.1073 0.2967 10.9275
v -1.6855 -0.1475 10.9967
v -1.142 -0.0999 10.9275
v -1.5334 -0.715 10.9967
v -1.0389 -0.4845 10.9275
v -1.1964 -1.1964 10.9967
v -0.8106 -0.8106 10.9275
v -0.715 -1.5334 10.9967
v -0.4845 -1.0389 10.9275
v -0.1475 -1.6855 10.9967
v -0.0999 -1.142 10.9275
v 0.4379 -1.6343 10.9967
v 0.2967 -1.1073 10.9275
v 0.9704 -1.386 10.9967
v 0.6575 -0.939 10.9275
v 1.3859 -0.9705 10.9967
v 0.939 -0.6575 10.9275
v 1.6343 -0.4379 10.9967
v 1.1073 -0.2967 10.9275
v 1.7751 0.1553 11.7543
v 1.6149 0.753 11.7543
v 1.7631 0.1542 11.9259
v 1.6041 0.748 11.9259
v 1.26 1.26 11.7543
v 1.2515 1.2515 11.9259
v 0.7531 1.6149 11.7543
v 0.748 1.6041 11.9259
v 0.1553 1.7751 11.7543
v 0.1543 1.7631 11.9259
v -0.4612 1.7212 11.7543
v -0.4581 1.7096 11.9259
v -1.022 1.4596 11.7543
v -1.0152 1.4498 11.9259
v -1.4596 1.022 11.7543
v -1.4498 1.0152 11.9259
v -1.7211 0.4612 11.7543
v -1.7096 0.4581 11.9259
v -1.7751 -0.1553 11.7543
v -1.7631 -0.1542 11.9259
v -1.6149 -0.753 11.7543
v -1.6041 -0.748 11.9259
v -1.26 -1.26 11.7543
v -1.2515 -1.2515 11.9259
v -0.7531 -1.6149 11.7543
v -0.748 -1.604 11.9259
v -0.1553 -1.7751 11.7543
v -0.1543 -1.7631 11.9259
v 0.4612 -1.7212 11.7543
v 0.4581 -1.7096 11.9259
v 1.022 -1.4596 11.7543
v 1.0152 -1.4498 11.9259
v 1.4596 -1.022 11.7543
v 1.4498 -1.0152 11.9259
v 1.7211 -0.4612 11.7543
v 1.7096 -0.4581 11.9259
v 1.7169 0.8006 12.1058
v 1.8871 0.1651 12.1058
v 1.3395 1.3395 12.1058
v 0.8006 1.7169 12.1058
v 0.1651 1.8871 12.1058
v -0.4903 1.8298 12.1058
v -1.0865 1.5518 12.1058
v -1.5518 1.0866 12.1058
v -1.8298 0.4903 12.1058
v -1.8872 -0.1651 12.1058
v -1.7169 -0.8006 12.1058
v -1.3395 -1.3395 12.1058
v -0.8006 -1.7169 12.1058
v -0.1651 -1.8871 12.1058
v 0.4903 -1.8298 12.1058
v 1.0865 -1.5518 12.1058
v 1.5518 -1.0866 12.1058
v 1.8298 -0.4903 12.1058
v 1.869 0.8715 11.5359
v 2.0543 0.1797 11.5359
v 1.4582 1.4582 11.5359
v 0.8715 1.869 11.5359
v 0.1797 2.0543 11.5359
v -0.5337 1.9919 11.5359
v -1.1828 1.6892 11.5359
v -1.6892 1.1828 11.5359
v -1.9919 0.5337 11.5359
v -2.0543 -0.1797 11.5359
v -1.869 -0.8715 11.5359
v -1.4582 -1.4582 11.5359
v -0.8715 -1.869 11.5359
v -0.1797 -2.0543 11.5359
v 0.5337 -1.9919 11.5359
v 1.1828 -1.6892 11.5359
v 1.6892 -1.1828 11.5359
v 1.9919 -0.5337 11.5359
v 1.7342 0.8087 12.2149
v 1.6937 0.7897 12.3288
v 1.9062 0.1668 12.2149
v 1.8616 0.1629 12.3288
v 1.3531 1.353 12.2149
v 1.3214 1.3214 12.3288
v 0.8087 1.7342 12.2149
v 0.7898 1.6936 12.3288
v 0.1668 1.9062 12.2149
v 0.1629 1.8616 12.3288
v -0.4952 1.8483 12.2149
v -0.4837 1.8051 12.3288
v -1.0975 1.5675 12.2149
v -1.0718 1.5308 12.3288
v -1.5674 1.0976 12.2149
v -1.5308 1.0719 12.3288
v -1.8483 0.4953 12.2149
v -1.8051 0.4837 12.3288
v -1.9062 -0.1668 12.2149
v -1.8616 -0.1629 12.3288
v -1.7342 -0.8087 12.2149
v -1.6937 -0.7897 12.3288
v -1.3531 -1.353 12.2149
v -1.3214 -1.3214 12.3288
v -0.8087 -1.7342 12.2149
v -0.7898 -1.6936 12.3288
v -0.1668 -1.9062 12.2149
v -0.1629 -1.8616 12.3288
v 0.4952 -1.8483 12.2149
v 0.4837 -1.8051 12.3288
v 1.0975 -1.5675 12.2149
v 1.0718 -1.5308 12.3288
v 1.5674 -1.0976 12.2149
v 1.5308 -1.0719 12.3288
v 1.8483 -0.4953 12.2149
v 1.8051 -0.4837 12.3288
v 1.449 0.6757 12.5075
v 1.5927 0.1393 12.5075
v 1.1305 1.1305 12.5075
v 0.6757 1.449 12.5075
v 0.1394 1.5927 12.5075
v -0.4138 1.5443 12.5075
v -0.917 1.3097 12.5075
v -1.3097 0.917 12.5075
v -1.5443 0.4138 12.5075
v -1.5927 -0.1393 12.5075
v -1.449 -0.6757 12.5075
v -1.1305 -1.1305 12.5075
v -0.6757 -1.449 12.5075
v -0.1394 -1.5927 12.5075
v 0.4138 -1.5443 12.5075
v 0.917 -1.3097 12.5075
v 1.3097 -0.917 12.5075
v 1.5443 -0.4138 12.5075
v 1.5443 0.1351 12.5719
v 1.405 0.6551 12.5719
v 1.0962 1.0962 12.5719
v 0.6552 1.405 12.5719
v 0.1351 1.5443 12.5719
v -0.4012 1.4974 12.5719
v -0.8892 1.2699 12.5719
v -1.2698 0.8892 12.5719
v -1.4974 0.4012 12.5719
v -1.5443 -0.1351 12.5719
v -1.405 -0.6551 12.5719
v -1.0962 -1.0962 12.5719
v -0.6552 -1.405 12.5719
v -0.1351 -1.5443 12.5719
v 0.4012 -1.4974 12.5719
v 0.8892 -1.2699 12.5719
v 1.2698 -0.8892 12.5719
v 1.4974 -0.4012 12.5719
v 1.4849 0.6924 12.9681
v 1.6322 0.1428 12.9681
v 1.5388 0.1346 12.8261
v 1.4 0.6528 12.8261
v 1.1586 1.1585 12.9681
v 1.0923 1.0923 12.8261
v 0.6924 1.4849 12.9681
v 0.6528 1.4 12.8261
v 0.1428 1.6322 12.9681
v 0.1346 1.5388 12.8261
v -0.4241 1.5826 12.9681
v -0.3998 1.4921 12.8261
v -0.9398 1.3421 12.9681
v -0.886 1.2654 12.8261
v -1.3421 0.9398 12.9681
v -1.2654 0.886 12.8261
v -1.5826 0.4241 12.9681
v -1.4921 0.3998 12.8261
v -1.6322 -0.1428 12.9681
v -1.5389 -0.1346 12.8261
v -1.4849 -0.6924 12.9681
v -1.4 -0.6528 12.8261
v -1.1586 -1.1585 12.9681
v -1.0923 -1.0923 12.8261
v -0.6924 -1.4849 12.9681
v -0.6528 -1.4 12.8261
v -0.1428 -1.6322 12.9681
v -0.1346 -1.5388 12.8261
v 0.4241 -1.5826 12.9681
v 0.3998 -1.4921 12.8261
v 0.9398 -1.3421 12.9681
v 0.886 -1.2654 12.8261
v 1.3421 -0.9398 12.9681
v 1.2654 -0.886 12.8261
v 1.5826 -0.4241 12.9681
v 1.4921 -0.3998 12.8261
v 1.2898 0.6014 13.3265
v 1.4177 0.124 13.3265
v 1.4586 0.6802 13.2058
v 1.6033 0.1403 13.2058
v 1.0063 1.0063 13.3265
v 1.138 1.138 13.2058
v 0.6014 1.2898 13.3265
v 0.6802 1.4586 13.2058
v 0.124 1.4177 13.3265
v 0.1403 1.6033 13.2058
v -0.3683 1.3746 13.3265
v -0.4165 1.5546 13.2058
v -0.8163 1.1658 13.3265
v -0.9231 1.3183 13.2058
v -1.1658 0.8163 13.3265
v -1.3183 0.9231 13.2058
v -1.3746 0.3683 13.3265
v -1.5546 0.4165 13.2058
v -1.4177 -0.124 13.3265
v -1.6033 -0.1403 13.2058
v -1.2898 -0.6014 13.3265
v -1.4586 -0.6802 13.2058
v -1.0063 -1.0063 13.3265
v -1.138 -1.138 13.2058
v -0.6014 -1.2898 13.3265
v -0.6802 -1.4586 13.2058
v -0.124 -1.4177 13.3265
v -0.1403 -1.6033 13.2058
v 0.3683 -1.3746 13.3265
v 0.4165 -1.5546 13.2058
v 0.8163 -1.1658 13.3265
v 0.9231 -1.3183 13.2058
v 1.1658 -0.8163 13.3265
v 1.3183 -0.9231 13.2058
v 1.3746 -0.3683 13.3265
v 1.5546 -0.4166 13.2058
v 2.6308 0.4639 16.4259
v 2.6717 0 16.4259
v 2.5106 0.9138 16.4259
v 2.3135 1.3357 16.4259
v 2.0466 1.7173 16.4259
v 1.7171 2.0464 16.4259
v 1.3358 2.3137 16.4259
v 0.9137 2.5103 16.4259
v 0.4639 2.6311 16.4259
v 0 2.6714 16.4259
v -0.4639 2.6311 16.4259
v -0.9137 2.5103 16.4259
v -1.3358 2.3137 16.4259
v -1.7171 2.0464 16.4259
v -2.0466 1.7173 16.4259
v -2.3135 1.3357 16.4259
v -2.5106 0.9138 16.4259
v -2.6308 0.4639 16.4259
v -2.6717 0 16.4259
v -2.6308 -0.4639 16.4259
v -2.5106 -0.9138 16.4259
v -2.3135 -1.3357 16.4259
v -2.0466 -1.7173 16.4259
v -1.7171 -2.0464 16.4259
v -1.3358 -2.3138 16.4259
v -0.9137 -2.5103 16.4259
v -0.4639 -2.6311 16.4259
v 0 -2.6714 16.4259
v 0.4639 -2.6311 16.4259
v 0.9137 -2.5103 16.4259
v 1.3358 -2.3138 16.4259
v 1.7171 -2.0464 16.4259
v 2.0466 -1.7173 16.4259
v 2.3135 -1.3357 16.4259
v 2.5106 -0.9138 16.4259
v 2.6308 -0.4639 16.4259
v 2.6347 0.4646 16.4978
v 2.5143 0.9151 16.4978
v 2.4619 0.8961 16.5454
v 2.5798 0.4549 16.5454
v 2.6199 0 16.5454
v 1.1877 0.1039 17.1522
v 2.6757 0 16.4978
v 2.3169 1.3377 16.4978
v 2.0497 1.7199 16.4978
v 2.0069 1.684 16.5454
v 2.2686 1.3098 16.5454
v 1.0806 0.5039 17.1522
v 1.7197 2.0494 16.4978
v 1.3378 2.3172 16.4978
v 1.3099 2.2689 16.5454
v 1.6838 2.0067 16.5454
v 0.8431 0.8431 17.1522
v 0.915 2.514 16.4978
v 0.4646 2.635 16.4978
v 0.8959 2.4616 16.5454
v 0.4549 2.5801 16.5454
v 0.5039 1.0805 17.1522
v 0 2.6753 16.4978
v -0.4646 2.635 16.4978
v 0 2.6196 16.5454
v -0.4549 2.5801 16.5454
v 0.1039 1.1877 17.1522
v -0.915 2.514 16.4978
v -1.3378 2.3172 16.4978
v -0.8959 2.4616 16.5454
v -1.3099 2.2689 16.5454
v -0.3086 1.1516 17.1522
v -1.7197 2.0494 16.4978
v -2.0497 1.7199 16.4978
v -2.0069 1.684 16.5454
v -1.6838 2.0067 16.5454
v -0.6838 0.9766 17.1522
v -2.3169 1.3377 16.4978
v -2.5143 0.9151 16.4978
v -2.4619 0.8961 16.5454
v -2.2686 1.3098 16.5454
v -0.9766 0.6839 17.1522
v -2.6347 0.4646 16.4978
v -2.6757 0 16.4978
v -2.6199 0 16.5454
v -2.5798 0.4549 16.5454
v -1.1516 0.3086 17.1522
v -2.6347 -0.4646 16.4978
v -2.5143 -0.9151 16.4978
v -2.4619 -0.8961 16.5454
v -2.5798 -0.4549 16.5454
v -1.1877 -0.1039 17.1522
v -2.3169 -1.3377 16.4978
v -2.0497 -1.7199 16.4978
v -2.2686 -1.3098 16.5454
v -2.0069 -1.684 16.5454
v -1.0806 -0.5039 17.1522
v -1.7197 -2.0494 16.4978
v -1.3378 -2.3172 16.4978
v -1.6838 -2.0067 16.5454
v -1.3099 -2.2689 16.5454
v -0.8431 -0.8431 17.1522
v -0.915 -2.514 16.4978
v -0.4646 -2.635 16.4978
v -0.8959 -2.4616 16.5454
v -0.4549 -2.5801 16.5454
v -0.5039 -1.0805 17.1522
v 0 -2.6753 16.4978
v 0.4646 -2.635 16.4978
v 0.4549 -2.5801 16.5454
v 0 -2.6196 16.5454
v -0.1039 -1.1877 17.1522
v 0.915 -2.514 16.4978
v 1.3378 -2.3172 16.4978
v 0.8959 -2.4616 16.5454
v 1.3099 -2.2689 16.5454
v 0.3086 -1.1516 17.1522
v 1.7197 -2.0494 16.4978
v 2.0497 -1.7199 16.4978
v 2.0069 -1.684 16.5454
v 1.6838 -2.0067 16.5454
v 0.6838 -0.9766 17.1522
v 2.3169 -1.3377 16.4978
v 2.5143 -0.9151 16.4978
v 2.4619 -0.8961 16.5454
v 2.2686 -1.3098 16.5454
v 0.9766 -0.6839 17.1522
v 2.6347 -0.4646 16.4978
v 2.5798 -0.4549 16.5454
v 1.1516 -0.3086 17.1522
v 1.0633 0.4958 17.3539
v 1.1688 0.1022 17.3539
v 0.8296 0.8296 17.3539
v 0.4958 1.0633 17.3539
v 0.1023 1.1688 17.3539
v -0.3037 1.1333 17.3539
v -0.6729 0.9611 17.3539
v -0.9611 0.6729 17.3539
v -1.1333 0.3037 17.3539
v -1.1688 -0.1022 17.3539
v -1.0633 -0.4958 17.3539
v -0.8296 -0.8296 17.3539
v -0.4958 -1.0633 17.3539
v -0.1023 -1.1688 17.3539
v 0.3036 -1.1333 17.3539
v 0.6729 -0.9611 17.3539
v 0.9611 -0.673 17.3539
v 1.1333 -0.3037 17.3539
v 1.1436 0.1 17.4089
v 1.0404 0.4851 17.4089
v 0.9716 0.453 17.4273
v 1.0679 0.0934 17.4273
v 0.8117 0.8117 17.4089
v 0.758 0.758 17.4273
v 0.4851 1.0404 17.4089
v 0.453 0.9716 17.4273
v 0.1001 1.1436 17.4089
v 0.0934 1.0679 17.4273
v -0.2971 1.1088 17.4089
v -0.2774 1.0355 17.4273
v -0.6584 0.9403 17.4089
v -0.6149 0.8781 17.4273
v -0.9403 0.6584 17.4089
v -0.8781 0.6149 17.4273
v -1.1088 0.2971 17.4089
v -1.0355 0.2775 17.4273
v -1.1436 -0.1 17.4089
v -1.0679 -0.0934 17.4273
v -1.0404 -0.4851 17.4089
v -0.9716 -0.453 17.4273
v -0.8117 -0.8117 17.4089
v -0.758 -0.758 17.4273
v -0.4851 -1.0404 17.4089
v -0.453 -0.9716 17.4273
v -0.1001 -1.1436 17.4089
v -0.0934 -1.0679 17.4273
v 0.2971 -1.1088 17.4089
v 0.2774 -1.0355 17.4273
v 0.6584 -0.9403 17.4089
v 0.6149 -0.8781 17.4273
v 0.9403 -0.6584 17.4089
v 0.8781 -0.6149 17.4273
v 1.1088 -0.2971 17.4089
v 1.0355 -0.2775 17.4273
v 0.8135 0.0712 17.4349
v 0.7401 0.3451 17.4349
v 0.7891 0.069 17.4579
v 0.7179 0.3347 17.4579
v 0.5775 0.5775 17.4349
v 0.5601 0.5601 17.4579
v 0.3451 0.7401 17.4349
v 0.3347 0.7179 17.4579
v 0.0712 0.8135 17.4349
v 0.069 0.7891 17.4579
v -0.2114 0.7888 17.4349
v -0.205 0.7651 17.4579
v -0.4684 0.669 17.4349
v -0.4543 0.6488 17.4579
v -0.669 0.4684 17.4349
v -0.6488 0.4543 17.4579
v -0.7888 0.2114 17.4349
v -0.7651 0.205 17.4579
v -0.8135 -0.0712 17.4349
v -0.7891 -0.069 17.4579
v -0.7401 -0.3451 17.4349
v -0.7179 -0.3347 17.4579
v -0.5775 -0.5775 17.4349
v -0.5601 -0.5601 17.4579
v -0.3451 -0.7401 17.4349
v -0.3347 -0.7179 17.4579
v -0.0712 -0.8135 17.4349
v -0.069 -0.7891 17.4579
v 0.2114 -0.7888 17.4349
v 0.205 -0.7651 17.4579
v 0.4684 -0.669 17.4349
v 0.4543 -0.6488 17.4579
v 0.669 -0.4684 17.4349
v 0.6488 -0.4543 17.4579
v 0.7888 -0.2114 17.4349
v 0.7651 -0.205 17.4579
v 0.7998 0.07 18.4439
v 0.7276 0.3393 18.4439
v 0.8644 0.0756 18.4625
v 0.7864 0.3667 18.4625
v 0.5677 0.5677 18.4439
v 0.6136 0.6135 18.4625
v 0.3393 0.7276 18.4439
v 0.3667 0.7864 18.4625
v 0.07 0.7998 18.4439
v 0.0756 0.8644 18.4625
v -0.2078 0.7755 18.4439
v -0.2246 0.8381 18.4625
v -0.4605 0.6577 18.4439
v -0.4977 0.7108 18.4625
v -0.6577 0.4605 18.4439
v -0.7108 0.4977 18.4625
v -0.7755 0.2078 18.4439
v -0.8381 0.2246 18.4625
v -0.7998 -0.07 18.4439
v -0.8644 -0.0756 18.4625
v -0.7276 -0.3393 18.4439
v -0.7864 -0.3667 18.4625
v -0.5677 -0.5677 18.4439
v -0.6136 -0.6135 18.4625
v -0.3393 -0.7276 18.4439
v -0.3667 -0.7864 18.4625
v -0.07 -0.7998 18.4439
v -0.0756 -0.8644 18.4625
v 0.2078 -0.7755 18.4439
v 0.2246 -0.8381 18.4625
v 0.4605 -0.6577 18.4439
v 0.4977 -0.7108 18.4625
v 0.6577 -0.4605 18.4439
v 0.7108 -0.4977 18.4625
v 0.7755 -0.2078 18.4439
v 0.8381 -0.2246 18.4625
v 1.1778 0.103 18.4779
v 1.0716 0.4997 18.4779
v 1.197 0.1047 18.5242
v 1.089 0.5078 18.5242
v 0.836 0.836 18.4779
v 0.8496 0.8496 18.5242
v 0.4997 1.0715 18.4779
v 0.5078 1.089 18.5242
v 0.1031 1.1778 18.4779
v 0.1047 1.197 18.5242
v -0.306 1.142 18.4779
v -0.311 1.1606 18.5242
v -0.6781 0.9685 18.4779
v -0.6892 0.9843 18.5242
v -0.9685 0.6782 18.4779
v -0.9842 0.6892 18.5242
v -1.142 0.306 18.4779
v -1.1606 0.311 18.5242
v -1.1778 -0.103 18.4779
v -1.197 -0.1047 18.5242
v -1.0716 -0.4997 18.4779
v -1.089 -0.5078 18.5242
v -0.836 -0.836 18.4779
v -0.8496 -0.8496 18.5242
v -0.4997 -1.0715 18.4779
v -0.5078 -1.089 18.5242
v -0.1031 -1.1778 18.4779
v -0.1047 -1.197 18.5242
v 0.306 -1.142 18.4779
v 0.311 -1.1606 18.5242
v 0.6781 -0.9685 18.4779
v 0.6892 -0.9843 18.5242
v 0.9685 -0.6782 18.4779
v 0.9842 -0.6892 18.5242
v 1.142 -0.306 18.4779
v 1.1606 -0.311 18.5242
v 1.1808 0.1033 19.6044
v 1.0743 0.5009 19.6044
v 1.0303 0.4804 19.6218
v 1.1324 0.0991 19.6218
v 0.8382 0.8382 19.6044
v 0.8038 0.8038 19.6218
v 0.501 1.0743 19.6044
v 0.4804 1.0303 19.6218
v 0.1033 1.1808 19.6044
v 0.0991 1.1324 19.6218
v -0.3068 1.145 19.6044
v -0.2942 1.098 19.6218
v -0.6799 0.971 19.6044
v -0.652 0.9312 19.6218
v -0.971 0.6799 19.6044
v -0.9312 0.652 19.6218
v -1.145 0.3068 19.6044
v -1.098 0.2942 19.6218
v -1.1808 -0.1033 19.6044
v -1.1324 -0.0991 19.6218
v -1.0743 -0.5009 19.6044
v -1.0303 -0.4804 19.6218
v -0.8382 -0.8382 19.6044
v -0.8038 -0.8038 19.6218
v -0.501 -1.0743 19.6044
v -0.4804 -1.0303 19.6218
v -0.1033 -1.1808 19.6044
v -0.0991 -1.1324 19.6218
v 0.3068 -1.145 19.6044
v 0.2942 -1.098 19.6218
v 0.6799 -0.971 19.6044
v 0.652 -0.9312 19.6218
v 0.971 -0.6799 19.6044
v 0.9312 -0.652 19.6218
v 1.145 -0.3068 19.6044
v 1.098 -0.2942 19.6218
v 0.7527 0.0659 19.6427
v 0.6848 0.3193 19.6427
v 0.6963 0.3247 19.7639
v 0.7654 0.067 19.7639
v 0.5343 0.5343 19.6427
v 0.5433 0.5433 19.7639
v 0.3193 0.6848 19.6427
v 0.3247 0.6963 19.7639
v 0.0659 0.7527 19.6427
v 0.067 0.7654 19.7639
v -0.1956 0.7299 19.6427
v -0.1988 0.7421 19.7639
v -0.4334 0.619 19.6427
v -0.4407 0.6293 19.7639
v -0.619 0.4334 19.6427
v -0.6293 0.4407 19.7639
v -0.7299 0.1956 19.6427
v -0.7421 0.1988 19.7639
v -0.7527 -0.0659 19.6427
v -0.7654 -0.067 19.7639
v -0.6848 -0.3193 19.6427
v -0.6963 -0.3247 19.7639
v -0.5343 -0.5343 19.6427
v -0.5433 -0.5433 19.7639
v -0.3193 -0.6848 19.6427
v -0.3247 -0.6963 19.7639
v -0.0659 -0.7527 19.6427
v -0.067 -0.7654 19.7639
v 0.1956 -0.7299 19.6427
v 0.1988 -0.7421 19.7639
v 0.4334 -0.619 19.6427
v 0.4407 -0.6293 19.7639
v 0.619 -0.4334 19.6427
v 0.6293 -0.4407 19.7639
v 0.7299 -0.1956 19.6427
v 0.7421 -0.1988 19.7639
v 1.066 0.0933 20.519
v 0.9699 0.4522 20.519
v 0.9232 0.4305 20.6651
v 1.0147 0.0888 20.6651
v 0.8354 0.3895 20.7938
v 0.9182 0.0803 20.7938
v 0.7567 0.7567 20.519
v 0.7203 0.7202 20.6651
v 0.6518 0.6517 20.7938
v 0.4523 0.9699 20.519
v 0.4305 0.9231 20.6651
v 0.3895 0.8354 20.7938
v 0.0933 1.066 20.519
v 0.0888 1.0147 20.6651
v 0.0803 0.9182 20.7938
v -0.277 1.0337 20.519
v -0.2636 0.9839 20.6651
v -0.2386 0.8903 20.7938
v -0.6138 0.8766 20.519
v -0.5842 0.8344 20.6651
v -0.5287 0.755 20.7938
v -0.8766 0.6138 20.519
v -0.8344 0.5842 20.6651
v -0.755 0.5287 20.7938
v -1.0337 0.277 20.519
v -0.9839 0.2636 20.6651
v -0.8903 0.2386 20.7938
v -1.0661 -0.0933 20.519
v -1.0147 -0.0888 20.6651
v -0.9182 -0.0803 20.7938
v -0.9699 -0.4523 20.519
v -0.9232 -0.4305 20.6651
v -0.8354 -0.3895 20.7938
v -0.7567 -0.7567 20.519
v -0.7203 -0.7202 20.6651
v -0.6518 -0.6518 20.7938
v -0.4523 -0.9699 20.519
v -0.4305 -0.9231 20.6651
v -0.3895 -0.8354 20.7938
v -0.0933 -1.0661 20.519
v -0.0888 -1.0147 20.6651
v -0.0803 -0.9182 20.7938
v 0.277 -1.0337 20.519
v 0.2636 -0.9839 20.6651
v 0.2386 -0.8903 20.7938
v 0.6138 -0.8766 20.519
v 0.5842 -0.8344 20.6651
v 0.5287 -0.755 20.7938
v 0.8766 -0.6138 20.519
v 0.8344 -0.5842 20.6651
v 0.755 -0.5287 20.7938
v 1.0337 -0.277 20.519
v 0.9839 -0.2636 20.6651
v 0.8903 -0.2386 20.7938
v 0.6994 0.3261 20.889
v 0.7687 0.0672 20.889
v 0.458 0.2135 20.9696
v 0.5034 0.044 20.9696
v 0.5456 0.5456 20.889
v 0.3573 0.3573 20.9696
v 0.3261 0.6994 20.889
v 0.2135 0.458 20.9696
v 0.0673 0.7687 20.889
v 0.044 0.5034 20.9696
v -0.1997 0.7454 20.889
v -0.1308 0.4881 20.9696
v -0.4426 0.6321 20.889
v -0.2898 0.4139 20.9696
v -0.6321 0.4426 20.889
v -0.4139 0.2898 20.9696
v -0.7454 0.1997 20.889
v -0.4881 0.1308 20.9696
v -0.7687 -0.0673 20.889
v -0.5034 -0.044 20.9696
v -0.6994 -0.3261 20.889
v -0.458 -0.2135 20.9696
v -0.5456 -0.5456 20.889
v -0.3573 -0.3573 20.9696
v -0.3261 -0.6994 20.889
v -0.2136 -0.458 20.9696
v -0.0673 -0.7687 20.889
v -0.044 -0.5034 20.9696
v 0.1997 -0.7454 20.889
v 0.1308 -0.4881 20.9696
v 0.4426 -0.6321 20.889
v 0.2898 -0.4139 20.9696
v 0.6321 -0.4426 20.889
v 0.4139 -0.2898 20.9696
v 0.7454 -0.1997 20.889
v 0.4881 -0.1308 20.9696
v 0.9687 0.0847 18.1724
v 0.8813 0.4109 18.1724
v 0.8102 0.0709 18.3084
v 0.7371 0.3437 18.3084
v 0.6876 0.6876 18.1724
v 0.5751 0.5751 18.3084
v 0.411 0.8813 18.1724
v 0.3437 0.7371 18.3084
v 0.0848 0.9687 18.1724
v 0.0709 0.8102 18.3084
v -0.2517 0.9393 18.1724
v -0.2105 0.7856 18.3084
v -0.5577 0.7965 18.1724
v -0.4665 0.6662 18.3084
v -0.7965 0.5577 18.1724
v -0.6662 0.4665 18.3084
v -0.9393 0.2517 18.1724
v -0.7856 0.2105 18.3084
v -0.9687 -0.0847 18.1724
v -0.8102 -0.0709 18.3084
v -0.8813 -0.4109 18.1724
v -0.7371 -0.3437 18.3084
v -0.6876 -0.6876 18.1724
v -0.5751 -0.5751 18.3084
v -0.411 -0.8813 18.1724
v -0.3437 -0.7371 18.3084
v -0.0848 -0.9687 18.1724
v -0.0709 -0.8102 18.3084
v 0.2517 -0.9393 18.1724
v 0.2105 -0.7856 18.3084
v 0.5577 -0.7965 18.1724
v 0.4665 -0.6662 18.3084
v 0.7965 -0.5577 18.1724
v 0.6662 -0.4665 18.3084
v 0.9393 -0.2517 18.1724
v 0.7856 -0.2105 18.3084
v 1.0192 0.4753 18.4625
v 1.1203 0.098 18.4625
v 0.7952 0.7952 18.4625
v 0.4753 1.0192 18.4625
v 0.098 1.1203 18.4625
v -0.2911 1.0863 18.4625
v -0.645 0.9212 18.4625
v -0.9212 0.6451 18.4625
v -1.0863 0.2911 18.4625
v -1.1203 -0.098 18.4625
v -1.0192 -0.4753 18.4625
v -0.7952 -0.7952 18.4625
v -0.4753 -1.0192 18.4625
v -0.098 -1.1203 18.4625
v 0.2911 -1.0863 18.4625
v 0.645 -0.9212 18.4625
v 0.9212 -0.6451 18.4625
v 1.0863 -0.2911 18.4625
v 1.089 0.5078 19.552
v 1.197 0.1047 19.552
v 0.8496 0.8496 19.552
v 0.5078 1.089 19.552
v 0.1047 1.197 19.552
v -0.311 1.1606 19.552
v -0.6892 0.9843 19.552
v -0.9842 0.6892 19.552
v -1.1606 0.311 19.552
v -1.197 -0.1047 19.552
v -1.089 -0.5078 19.552
v -0.8496 -0.8496 19.552
v -0.5078 -1.089 19.552
v -0.1047 -1.197 19.552
v 0.311 -1.1606 19.552
v 0.6892 -0.9843 19.552
v 0.9842 -0.6892 19.552
v 1.1606 -0.311 19.552
v 0.7214 0.3364 19.6218
v 0.7929 0.0694 19.6218
v 0.5628 0.5628 19.6218
v 0.3364 0.7214 19.6218
v 0.0694 0.7929 19.6218
v -0.206 0.7688 19.6218
v -0.4565 0.652 19.6218
v -0.652 0.4565 19.6218
v -0.7688 0.206 19.6218
v -0.7929 -0.0694 19.6218
v -0.7214 -0.3364 19.6218
v -0.5628 -0.5628 19.6218
v -0.3364 -0.7214 19.6218
v -0.0694 -0.7929 19.6218
v 0.206 -0.7688 19.6218
v 0.4565 -0.652 19.6218
v 0.652 -0.4565 19.6218
v 0.7688 -0.206 19.6218
v 0.9423 0.4394 20.2061
v 1.0357 0.0906 20.2061
v 0.7352 0.7352 20.2061
v 0.4394 0.9423 20.2061
v 0.0906 1.0357 20.2061
v -0.2691 1.0043 20.2061
v -0.5963 0.8517 20.2061
v -0.8516 0.5963 20.2061
v -1.0042 0.2691 20.2061
v -1.0357 -0.0906 20.2061
v -0.9423 -0.4394 20.2061
v -0.7352 -0.7352 20.2061
v -0.4394 -0.9423 20.2061
v -0.0906 -1.0357 20.2061
v 0.2691 -1.0043 20.2061
v 0.5963 -0.8517 20.2061
v 0.8516 -0.5963 20.2061
v 1.0042 -0.2691 20.2061
v 1.9081 0.8897 11.3142
v 2.0973 0.1835 11.3142
v 1.9943 0.1745 11.0988
v 1.8144 0.8461 11.0988
v 1.4887 1.4887 11.3142
v 1.4156 1.4156 11.0988
v 0.8897 1.908 11.3142
v 0.8461 1.8144 11.0988
v 0.1835 2.0973 11.3142
v 0.1745 1.9943 11.0988
v -0.5449 2.0336 11.3142
v -0.5181 1.9337 11.0988
v -1.2075 1.7246 11.3142
v -1.1483 1.6399 11.0988
v -1.7246 1.2076 11.3142
v -1.6399 1.1483 11.0988
v -2.0336 0.5449 11.3142
v -1.9337 0.5182 11.0988
v -2.0973 -0.1835 11.3142
v -1.9943 -0.1745 11.0988
v -1.9081 -0.8897 11.3142
v -1.8144 -0.8461 11.0988
v -1.4887 -1.4887 11.3142
v -1.4156 -1.4156 11.0988
v -0.8897 -1.908 11.3142
v -0.8461 -1.8144 11.0988
v -0.1835 -2.0973 11.3142
v -0.1745 -1.9943 11.0988
v 0.5449 -2.0336 11.3142
v 0.5181 -1.9337 11.0988
v 1.2075 -1.7246 11.3142
v 1.1483 -1.6399 11.0988
v 1.7246 -1.2076 11.3142
v 1.6399 -1.1483 11.0988
v 2.0335 -0.5449 11.3142
v 1.9337 -0.5182 11.0988
v 1.4927 0.696 13.0898
v 1.6407 0.1435 13.0898
v 1.1646 1.1646 13.0898
v 0.6961 1.4927 13.0898
v 0.1436 1.6407 13.0898
v -0.4263 1.5909 13.0898
v -0.9447 1.3491 13.0898
v -1.3491 0.9447 13.0898
v -1.5909 0.4263 13.0898
v -1.6407 -0.1435 13.0898
v -1.4927 -0.696 13.0898
v -1.1646 -1.1646 13.0898
v -0.6961 -1.4927 13.0898
v -0.1436 -1.6407 13.0898
v 0.4263 -1.5909 13.0898
v 0.9447 -1.3492 13.0898
v 1.3491 -0.9447 13.0898
v 1.5909 -0.4263 13.0898
v 0.786 0.0688 17.5653
v 0.7151 0.3334 17.5653
v 0.8796 0.4102 17.7826
v 0.9669 0.0846 17.7826
v 0.5579 0.5579 17.5653
v 0.6863 0.6863 17.7826
v 0.3335 0.7151 17.5653
v 0.4102 0.8796 17.7826
v 0.0688 0.786 17.5653
v 0.0846 0.9669 17.7826
v -0.2042 0.7621 17.5653
v -0.2512 0.9375 17.7826
v -0.4526 0.6463 17.5653
v -0.5567 0.795 17.7826
v -0.6463 0.4526 17.5653
v -0.795 0.5567 17.7826
v -0.7621 0.2042 17.5653
v -0.9375 0.2512 17.7826
v -0.786 -0.0688 17.5653
v -0.9669 -0.0846 17.7826
v -0.7151 -0.3334 17.5653
v -0.8796 -0.4102 17.7826
v -0.5579 -0.5579 17.5653
v -0.6863 -0.6863 17.7826
v -0.3335 -0.7151 17.5653
v -0.4102 -0.8796 17.7826
v -0.0688 -0.786 17.5653
v -0.0846 -0.9669 17.7826
v 0.2042 -0.7621 17.5653
v 0.2512 -0.9375 17.7826
v 0.4526 -0.6463 17.5653
v 0.5567 -0.795 17.7826
v 0.6463 -0.4526 17.5653
v 0.795 -0.5567 17.7826
v 0.7621 -0.2042 17.5653
v 0.9375 -0.2512 17.7826
v 0.9323 0.4347 17.9875
v 1.0248 0.0897 17.9875
v 0.7274 0.7274 17.9875
v 0.4348 0.9323 17.9875
v 0.0897 1.0248 17.9875
v -0.2662 0.9937 17.9875
v -0.59 0.8427 17.9875
v -0.8427 0.59 17.9875
v -0.9937 0.2663 17.9875
v -1.0248 -0.0897 17.9875
v -0.9323 -0.4347 17.9875
v -0.7274 -0.7274 17.9875
v -0.4348 -0.9323 17.9875
v -0.0897 -1.0248 17.9875
v 0.2662 -0.9937 17.9875
v 0.59 -0.8427 17.9875
v 0.8427 -0.59 17.9875
v 0.9937 -0.2663 17.9875
v 0.9826 0.4582 20.3715
v 1.0801 0.0945 20.3715
v 0.7667 0.7667 20.3715
v 0.4582 0.9826 20.3715
v 0.0945 1.0801 20.3715
v -0.2806 1.0473 20.3715
v -0.6219 0.8881 20.3715
v -0.8881 0.6219 20.3715
v -1.0473 0.2806 20.3715
v -1.0801 -0.0945 20.3715
v -0.9826 -0.4582 20.3715
v -0.7667 -0.7667 20.3715
v -0.4582 -0.9826 20.3715
v -0.0945 -1.0801 20.3715
v 0.2806 -1.0473 20.3715
v 0.6219 -0.8881 20.3715
v 0.8881 -0.6219 20.3715
v 1.0473 -0.2806 20.3715
v 0 0 21.0057
vn 0.9349 -0.1011 -0.3403
vn 0.9798 -0.1011 -0.1727
vn 0.3859 -0.92 -0.0681
vn 0.3682 -0.92 -0.134
vn 0.9949 -0.1011 0
vn 0.9817 0.0793 -0.1731
vn 0.9969 0.0793 0
vn 0.3918 -0.92 0
vn 0.7621 -0.1011 -0.6395
vn 0.8616 -0.1011 -0.4974
vn 0.3002 -0.92 -0.2519
vn 0.3394 -0.92 -0.1959
vn 0.8633 0.0793 -0.4984
vn 0.9367 0.0793 -0.3409
vn 0.4974 -0.1011 -0.8616
vn 0.6395 -0.1011 -0.7621
vn 0.2519 -0.92 -0.3002
vn 0.1959 -0.92 -0.3394
vn 0.6408 0.0793 -0.7636
vn 0.7636 0.0793 -0.6408
vn 0.1727 -0.1011 -0.9798
vn 0.3403 -0.1011 -0.9349
vn 0.068 -0.92 -0.3859
vn 0.134 -0.92 -0.3683
vn 0.341 0.0793 -0.9367
vn 0.4984 0.0793 -0.8633
vn -0.1728 -0.1011 -0.9798
vn -0.086 -0.1008 -0.9912
vn -0.068 -0.92 -0.3859
vn -0.034 -0.9195 -0.3917
vn 0.086 -0.1008 -0.9912
vn 0.0862 0.079 -0.9931
vn 0.1731 0.0793 -0.9817
vn 0.034 -0.9195 -0.3917
vn -0.4975 -0.1011 -0.8616
vn -0.3402 -0.1011 -0.9349
vn -0.134 -0.92 -0.3683
vn -0.1959 -0.92 -0.3394
vn -0.3409 0.0793 -0.9367
vn -0.1731 0.0793 -0.9817
vn -0.7621 -0.1011 -0.6395
vn -0.6395 -0.1011 -0.7621
vn -0.2519 -0.92 -0.3002
vn -0.3002 -0.92 -0.2519
vn -0.6408 0.0793 -0.7636
vn -0.4984 0.0793 -0.8633
vn -0.9349 -0.1011 -0.3402
vn -0.8616 -0.1011 -0.4975
vn -0.3394 -0.92 -0.1959
vn -0.3682 -0.92 -0.134
vn -0.7636 0.0793 -0.6408
vn -0.8633 0.0793 -0.4984
vn -0.9949 -0.1011 0
vn -0.9798 -0.1011 -0.1728
vn -0.3918 -0.92 0
vn -0.3859 -0.92 -0.068
vn -0.9817 0.0793 -0.1731
vn -0.9367 0.0793 -0.3409
vn -0.9349 -0.1011 0.3403
vn -0.9798 -0.1011 0.1727
vn -0.3682 -0.92 0.134
vn -0.3859 -0.92 0.068
vn -0.9817 0.0793 0.1731
vn -0.9969 0.0793 0
vn -0.7621 -0.1011 0.6395
vn -0.8616 -0.1011 0.4974
vn -0.3394 -0.92 0.1959
vn -0.3002 -0.92 0.2519
vn -0.8633 0.0793 0.4984
vn -0.9367 0.0793 0.3409
vn -0.4974 -0.1011 0.8616
vn -0.6395 -0.1011 0.7621
vn -0.1959 -0.92 0.3393
vn -0.2519 -0.92 0.3002
vn -0.6408 0.0793 0.7636
vn -0.7636 0.0793 0.6408
vn -0.1727 -0.1011 0.9798
vn -0.3403 -0.1011 0.9349
vn -0.068 -0.92 0.3859
vn -0.134 -0.92 0.3683
vn -0.341 0.0793 0.9367
vn -0.4984 0.0793 0.8633
vn 0.1728 -0.1011 0.9798
vn 0 -0.1011 0.9949
vn 0.068 -0.92 0.3859
vn 0 -0.92 0.3919
vn 0 0.0793 0.9969
vn -0.1731 0.0793 0.9817
vn 0.4975 -0.1011 0.8616
vn 0.3402 -0.1011 0.9349
vn 0.1959 -0.92 0.3394
vn 0.134 -0.92 0.3683
vn 0.3409 0.0793 0.9367
vn 0.1731 0.0793 0.9817
vn 0.7621 -0.1011 0.6395
vn 0.6395 -0.1011 0.7621
vn 0.2519 -0.92 0.3002
vn 0.3002 -0.92 0.2519
vn 0.6408 0.0793 0.7636
vn 0.4984 0.0793 0.8633
vn 0.9349 -0.1011 0.3402
vn 0.8616 -0.1011 0.4973
vn 0.3394 -0.92 0.1959
vn 0.3682 -0.92 0.134
vn 0.8633 0.0793 0.4984
vn 0.7636 0.0793 0.6408
vn 0.9798 -0.1011 0.1728
vn 0.3859 -0.92 0.0681
vn 0.9817 0.0793 0.1731
vn 0.9367 0.0793 0.3409
vn 0.5986 0.7708 -0.2179
vn 0.6273 0.7709 -0.1106
vn 0.637 0.7708 0
vn 0.8984 0.4095 -0.1584
vn 0.9122 0.4097 0
vn 0.488 0.7708 -0.4095
vn 0.5516 0.7709 -0.3185
vn 0.8572 0.4097 -0.312
vn 0.7901 0.4095 -0.4562
vn 0.3185 0.7708 -0.5517
vn 0.4094 0.7709 -0.4879
vn 0.6988 0.4097 -0.5864
vn 0.5864 0.4095 -0.6989
vn 0.1106 0.7708 -0.6274
vn 0.2179 0.7709 -0.5985
vn 0.4561 0.4097 -0.79
vn 0.312 0.4095 -0.8573
vn -0.1106 0.7708 -0.6274
vn -0.0552 0.7697 -0.636
vn -0.0862 0.079 -0.9931
vn 0.1584 0.4097 -0.8984
vn 0.0552 0.7697 -0.636
vn 0.0774 0.4082 -0.9096
vn -0.3185 0.7708 -0.5517
vn -0.2178 0.7709 -0.5985
vn -0.1584 0.4097 -0.8984
vn -0.312 0.4095 -0.8573
vn -0.488 0.7708 -0.4095
vn -0.4094 0.7709 -0.4879
vn -0.4561 0.4097 -0.79
vn -0.5864 0.4095 -0.6989
vn -0.5986 0.7708 -0.2179
vn -0.5516 0.7709 -0.3185
vn -0.6988 0.4097 -0.5864
vn -0.7901 0.4095 -0.4562
vn -0.637 0.7708 0
vn -0.6273 0.7709 -0.1106
vn -0.8572 0.4097 -0.312
vn -0.8984 0.4095 -0.1584
vn -0.5986 0.7708 0.2179
vn -0.6273 0.7709 0.1106
vn -0.9122 0.4097 0
vn -0.8984 0.4095 0.1584
vn -0.488 0.7708 0.4095
vn -0.5516 0.7709 0.3185
vn -0.8572 0.4097 0.312
vn -0.7901 0.4095 0.4562
vn -0.3185 0.7708 0.5517
vn -0.4094 0.7709 0.4879
vn -0.6988 0.4097 0.5864
vn -0.5864 0.4095 0.6989
vn -0.1106 0.7708 0.6274
vn -0.2178 0.7709 0.5985
vn -0.4561 0.4097 0.79
vn -0.312 0.4095 0.8573
vn 0.1106 0.7708 0.6274
vn 0 0.7709 0.637
vn -0.1584 0.4097 0.8984
vn 0 0.4095 0.9123
vn 0.3185 0.7708 0.5517
vn 0.2178 0.7709 0.5985
vn 0.1584 0.4097 0.8984
vn 0.312 0.4095 0.8573
vn 0.488 0.7708 0.4095
vn 0.4094 0.7709 0.4879
vn 0.4561 0.4097 0.79
vn 0.5864 0.4095 0.6989
vn 0.5986 0.7708 0.2179
vn 0.5516 0.7709 0.3185
vn 0.6988 0.4097 0.5864
vn 0.7901 0.4095 0.4562
vn 0.6273 0.7709 0.1106
vn 0.8572 0.4097 0.312
vn 0.8984 0.4095 0.1584
vn 0.92 -0.392 0
vn 0.9061 -0.3916 -0.1598
vn 0.8645 -0.3919 -0.3146
vn 0.7968 -0.3918 -0.46
vn 0.7047 -0.3921 -0.5913
vn 0.5914 -0.3918 -0.7048
vn 0.46 -0.3919 -0.7968
vn 0.3147 -0.3916 -0.8646
vn 0.1598 -0.3919 -0.906
vn 0.0796 -0.3907 -0.9171
vn -0.1598 -0.3919 -0.906
vn -0.3147 -0.3918 -0.8646
vn -0.46 -0.3919 -0.7967
vn -0.5914 -0.3918 -0.7048
vn -0.7048 -0.3919 -0.5914
vn -0.7968 -0.3917 -0.46
vn -0.8645 -0.3919 -0.3147
vn -0.9061 -0.3918 -0.1598
vn -0.92 -0.392 0
vn -0.906 -0.3919 0.1598
vn -0.8645 -0.3919 0.3147
vn -0.7968 -0.3918 0.46
vn -0.7047 -0.392 0.5913
vn -0.5914 -0.3917 0.7048
vn -0.46 -0.3919 0.7967
vn -0.3147 -0.3919 0.8645
vn -0.1598 -0.3919 0.906
vn 0 -0.3917 0.9201
vn 0.1597 -0.3919 0.906
vn 0.3147 -0.3918 0.8646
vn 0.46 -0.3919 0.7967
vn 0.5914 -0.3919 0.7048
vn 0.7048 -0.3919 0.5914
vn 0.7968 -0.3918 0.46
vn 0.8645 -0.392 0.3146
vn 0.9061 -0.3918 0.1598
vn 0.8194 -0.5547 -0.1445
vn 0.7819 -0.5547 -0.2846
vn 0.8321 -0.5547 0
vn 0.6374 -0.5547 -0.5348
vn 0.7206 -0.5547 -0.416
vn 0.5348 -0.5547 -0.6374
vn 0.416 -0.5547 -0.7206
vn 0.2846 -0.5547 -0.7819
vn 0.1445 -0.5547 -0.8194
vn -0.0809 -0.3903 -0.9171
vn -0.1445 -0.5547 -0.8194
vn -0.072 -0.5532 -0.8299
vn 0.072 -0.5532 -0.8299
vn -0.416 -0.5547 -0.7206
vn -0.2846 -0.5547 -0.7819
vn -0.6374 -0.5547 -0.5348
vn -0.5348 -0.5547 -0.6374
vn -0.7819 -0.5547 -0.2846
vn -0.7206 -0.5547 -0.416
vn -0.8194 -0.5547 -0.1445
vn -0.8321 -0.5547 0
vn -0.8194 -0.5547 0.1445
vn -0.7819 -0.5547 0.2846
vn -0.6374 -0.5547 0.5348
vn -0.7206 -0.5547 0.416
vn -0.5348 -0.5547 0.6374
vn -0.416 -0.5547 0.7206
vn -0.1445 -0.5547 0.8194
vn -0.2846 -0.5547 0.7819
vn 0.1445 -0.5547 0.8194
vn 0 -0.5547 0.8321
vn 0.416 -0.5547 0.7206
vn 0.2846 -0.5547 0.7819
vn 0.6374 -0.5547 0.5348
vn 0.5348 -0.5547 0.6374
vn 0.7819 -0.5547 0.2846
vn 0.7206 -0.5547 0.416
vn 0.8194 -0.5547 0.1445
vn 0.8813 -0.3471 -0.3208
vn 0.9235 -0.3472 -0.1628
vn 0.9391 0.0357 -0.3418
vn 0.9842 0.0357 -0.1735
vn 0.9994 0.0357 0
vn 0.9378 -0.3471 0
vn 0.7184 -0.3471 -0.6028
vn 0.8122 -0.3472 -0.4689
vn 0.7656 0.0357 -0.6424
vn 0.8655 0.0357 -0.4997
vn 0.6028 -0.3472 -0.7184
vn 0.4689 -0.3472 -0.8122
vn 0.4997 0.0357 -0.8655
vn 0.6424 0.0356 -0.7656
vn 0.1629 -0.3471 -0.9236
vn 0.3207 -0.3472 -0.8812
vn 0.1735 0.0357 -0.9842
vn 0.3418 0.0357 -0.9391
vn -0.1628 -0.3471 -0.9236
vn -0.0811 -0.346 -0.9347
vn -0.1735 0.0357 -0.9842
vn -0.0864 0.0355 -0.9956
vn 0.0864 0.0355 -0.9956
vn 0.0811 -0.346 -0.9347
vn -0.3207 -0.3472 -0.8812
vn -0.4689 -0.3471 -0.8122
vn -0.4997 0.0357 -0.8655
vn -0.3418 0.0357 -0.9391
vn -0.7184 -0.3472 -0.6028
vn -0.6028 -0.3472 -0.7184
vn -0.7656 0.0357 -0.6424
vn -0.6424 0.0357 -0.7656
vn -0.8813 -0.3471 -0.3208
vn -0.8122 -0.3472 -0.4689
vn -0.9391 0.0357 -0.3418
vn -0.8655 0.0357 -0.4997
vn -0.9235 -0.3472 -0.1628
vn -0.9378 -0.3471 0
vn -0.9994 0.0357 0
vn -0.9842 0.0357 -0.1735
vn -0.8813 -0.3471 0.3208
vn -0.9235 -0.3472 0.1628
vn -0.9391 0.0357 0.3418
vn -0.9842 0.0356 0.1735
vn -0.8122 -0.3472 0.4689
vn -0.7184 -0.3472 0.6028
vn -0.7656 0.0357 0.6424
vn -0.8655 0.0357 0.4997
vn -0.6028 -0.3472 0.7184
vn -0.4689 -0.3471 0.8122
vn -0.4997 0.0357 0.8655
vn -0.6424 0.0357 0.7656
vn -0.3207 -0.3472 0.8812
vn -0.1628 -0.3472 0.9236
vn -0.1735 0.0357 0.9842
vn -0.3418 0.0357 0.9391
vn 0 -0.3472 0.9378
vn 0.1628 -0.3471 0.9236
vn 0.1735 0.0357 0.9842
vn 0 0.0356 0.9994
vn 0.3207 -0.3472 0.8812
vn 0.4689 -0.3472 0.8122
vn 0.4997 0.0357 0.8655
vn 0.3418 0.0357 0.9391
vn 0.6028 -0.3472 0.7184
vn 0.7184 -0.3471 0.6028
vn 0.7656 0.0357 0.6424
vn 0.6424 0.0357 0.7656
vn 0.8122 -0.3472 0.4689
vn 0.8813 -0.3471 0.3208
vn 0.9391 0.0357 0.3418
vn 0.8655 0.0356 0.4997
vn 0.9235 -0.3472 0.1628
vn 0.9842 0.0357 0.1735
vn 0.8779 0.3566 -0.3195
vn 0.9201 0.3566 -0.1622
vn 0.7909 0.54 -0.2879
vn 0.8289 0.54 -0.1462
vn 0.8417 0.54 0
vn 0.9342 0.3566 0
vn 0.8091 0.3566 -0.4671
vn 0.7157 0.3566 -0.6005
vn 0.6448 0.54 -0.541
vn 0.7289 0.54 -0.4208
vn 0.6005 0.3566 -0.7157
vn 0.4671 0.3566 -0.8091
vn 0.4208 0.54 -0.7289
vn 0.541 0.54 -0.6448
vn 0.3195 0.3566 -0.8779
vn 0.1622 0.3566 -0.9201
vn 0.1462 0.54 -0.8289
vn 0.2879 0.54 -0.7909
vn -0.1622 0.3566 -0.9201
vn -0.0808 0.3555 -0.9312
vn -0.1462 0.54 -0.8289
vn -0.0729 0.5385 -0.8395
vn 0.0729 0.5385 -0.8395
vn 0.0808 0.3555 -0.9312
vn -0.3195 0.3566 -0.8779
vn -0.4671 0.3566 -0.8091
vn -0.4208 0.54 -0.7289
vn -0.2879 0.54 -0.7909
vn -0.6005 0.3566 -0.7157
vn -0.7157 0.3566 -0.6005
vn -0.6448 0.54 -0.541
vn -0.541 0.54 -0.6448
vn -0.8779 0.3566 -0.3195
vn -0.8091 0.3566 -0.4671
vn -0.7909 0.54 -0.2879
vn -0.7289 0.54 -0.4209
vn -0.9201 0.3566 -0.1622
vn -0.9342 0.3566 0
vn -0.8417 0.54 0
vn -0.8289 0.54 -0.1462
vn -0.9201 0.3566 0.1622
vn -0.8779 0.3566 0.3195
vn -0.7909 0.54 0.2879
vn -0.8289 0.54 0.1462
vn -0.7157 0.3566 0.6005
vn -0.8091 0.3566 0.4671
vn -0.6448 0.54 0.541
vn -0.7289 0.54 0.4208
vn -0.4671 0.3566 0.8091
vn -0.6005 0.3566 0.7157
vn -0.4208 0.54 0.7289
vn -0.541 0.54 0.6448
vn -0.1622 0.3566 0.9201
vn -0.3195 0.3566 0.8779
vn -0.1462 0.54 0.8289
vn -0.2879 0.54 0.7909
vn 0 0.3566 0.9343
vn 0.1622 0.3566 0.9201
vn 0.1462 0.54 0.8289
vn 0 0.54 0.8417
vn 0.3195 0.3566 0.8779
vn 0.4671 0.3566 0.8091
vn 0.4208 0.54 0.7289
vn 0.2879 0.54 0.7909
vn 0.6005 0.3566 0.7157
vn 0.7157 0.3566 0.6005
vn 0.6448 0.54 0.541
vn 0.541 0.54 0.6448
vn 0.8091 0.3566 0.4671
vn 0.8779 0.3567 0.3195
vn 0.7909 0.54 0.2879
vn 0.7289 0.54 0.4209
vn 0.9201 0.3566 0.1622
vn 0.8289 0.54 0.1462
vn 0.8334 0.5327 -0.1469
vn 0.7952 0.5328 -0.2894
vn 0.8463 0.5328 0
vn 0.6483 0.5328 -0.544
vn 0.7329 0.5327 -0.4231
vn 0.544 0.5327 -0.6483
vn 0.4231 0.5328 -0.7329
vn 0.2895 0.5327 -0.7953
vn 0.147 0.5328 -0.8334
vn -0.1469 0.5328 -0.8334
vn -0.0733 0.5312 -0.844
vn 0.0733 0.5313 -0.844
vn -0.2894 0.5327 -0.7953
vn -0.4231 0.5328 -0.7329
vn -0.544 0.5327 -0.6483
vn -0.6483 0.5328 -0.544
vn -0.7952 0.5328 -0.2894
vn -0.7329 0.5327 -0.4232
vn -0.8463 0.5328 0
vn -0.8334 0.5327 -0.147
vn -0.7952 0.5328 0.2894
vn -0.8334 0.5327 0.1469
vn -0.7329 0.5327 0.4232
vn -0.6483 0.5328 0.544
vn -0.544 0.5327 0.6483
vn -0.4231 0.5328 0.7329
vn -0.2895 0.5327 0.7952
vn -0.147 0.5328 0.8334
vn 0 0.5327 0.8463
vn 0.1469 0.5328 0.8334
vn 0.2895 0.5327 0.7952
vn 0.4231 0.5328 0.7329
vn 0.544 0.5327 0.6483
vn 0.6483 0.5328 0.544
vn 0.7329 0.5327 0.4232
vn 0.7952 0.5328 0.2894
vn 0.8334 0.5327 0.147
vn 0.9391 0.0353 -0.3418
vn 0.9842 0.0353 -0.1735
vn 0.9784 0.1142 -0.1725
vn 0.9336 0.1142 -0.3398
vn 0.9934 0.1143 0
vn 0.9994 0.0353 0
vn 0.7656 0.0353 -0.6424
vn 0.8655 0.0354 -0.4997
vn 0.8604 0.1142 -0.4967
vn 0.761 0.1142 -0.6386
vn 0.4997 0.0353 -0.8655
vn 0.6424 0.0354 -0.7656
vn 0.4967 0.1142 -0.8604
vn 0.6386 0.1142 -0.761
vn 0.1736 0.0353 -0.9842
vn 0.3418 0.0354 -0.9391
vn 0.3398 0.1142 -0.9335
vn 0.1725 0.1143 -0.9784
vn -0.1735 0.0353 -0.9842
vn -0.0871 0.0352 -0.9956
vn -0.0859 0.1138 -0.9898
vn -0.1725 0.1143 -0.9784
vn 0.0858 0.1138 -0.9898
vn 0.0864 0.0352 -0.9956
vn -0.4997 0.0353 -0.8655
vn -0.3418 0.0354 -0.9391
vn -0.3398 0.1142 -0.9335
vn -0.4967 0.1143 -0.8604
vn -0.7656 0.0353 -0.6424
vn -0.6424 0.0354 -0.7656
vn -0.6386 0.1142 -0.761
vn -0.761 0.1142 -0.6386
vn -0.9391 0.0353 -0.3418
vn -0.8655 0.0354 -0.4997
vn -0.8604 0.1142 -0.4967
vn -0.9335 0.1143 -0.3398
vn -0.9994 0.0353 0
vn -0.9842 0.0354 -0.1735
vn -0.9784 0.1142 -0.1725
vn -0.9934 0.1143 0
vn -0.9391 0.0353 0.3418
vn -0.9842 0.0354 0.1735
vn -0.9784 0.1142 0.1725
vn -0.9335 0.1142 0.3398
vn -0.7656 0.0353 0.6424
vn -0.8655 0.0354 0.4997
vn -0.8604 0.1142 0.4967
vn -0.761 0.1143 0.6386
vn -0.4997 0.0353 0.8655
vn -0.6424 0.0354 0.7656
vn -0.6386 0.1142 0.761
vn -0.4967 0.1142 0.8604
vn -0.1736 0.0353 0.9842
vn -0.3418 0.0354 0.9391
vn -0.1725 0.1142 0.9784
vn -0.3398 0.1142 0.9335
vn 0.1735 0.0353 0.9842
vn 0 0.0353 0.9994
vn 0 0.1142 0.9935
vn 0.1725 0.1142 0.9784
vn 0.4997 0.0353 0.8655
vn 0.3418 0.0353 0.9391
vn 0.3398 0.1142 0.9335
vn 0.4968 0.1142 0.8603
vn 0.7656 0.0353 0.6424
vn 0.6424 0.0354 0.7656
vn 0.6386 0.1142 0.761
vn 0.761 0.1143 0.6386
vn 0.9391 0.0353 0.3418
vn 0.8655 0.0354 0.4997
vn 0.8604 0.1142 0.4967
vn 0.9335 0.1143 0.3398
vn 0.9842 0.0353 0.1735
vn 0.9784 0.1142 0.1725
vn 0.3046 0.946 -0.1109
vn 0.3192 0.946 -0.0563
vn 0.3242 0.946 0
vn 0.7932 0.609 0
vn 0.7813 0.6088 -0.1378
vn 0.2807 0.946 -0.162
vn 0.2483 0.946 -0.2084
vn 0.7453 0.609 -0.2713
vn 0.687 0.6088 -0.3967
vn 0.2083 0.946 -0.2483
vn 0.1621 0.946 -0.2808
vn 0.6076 0.609 -0.5098
vn 0.5099 0.6088 -0.6077
vn 0.1109 0.946 -0.3046
vn 0.0563 0.946 -0.3193
vn 0.3966 0.609 -0.6869
vn 0.2713 0.6088 -0.7455
vn -0.0563 0.946 -0.3193
vn -0.0281 0.9456 -0.324
vn 0.1377 0.609 -0.7811
vn 0.0687 0.6073 -0.7915
vn 0.0281 0.9456 -0.324
vn -0.1621 0.946 -0.2808
vn -0.1109 0.946 -0.3046
vn -0.1377 0.609 -0.7811
vn -0.2713 0.6088 -0.7455
vn -0.2083 0.946 -0.2483
vn -0.2483 0.946 -0.2084
vn -0.3966 0.609 -0.6869
vn -0.51 0.6088 -0.6077
vn -0.2807 0.946 -0.1621
vn -0.3046 0.946 -0.1109
vn -0.6076 0.609 -0.5098
vn -0.6871 0.6088 -0.3967
vn -0.3242 0.946 0
vn -0.3192 0.946 -0.0563
vn -0.7453 0.609 -0.2713
vn -0.7813 0.6088 -0.1378
vn -0.3192 0.946 0.0563
vn -0.3046 0.946 0.1109
vn -0.7932 0.609 0
vn -0.7813 0.6088 0.1378
vn -0.2483 0.946 0.2084
vn -0.2807 0.946 0.162
vn -0.7453 0.609 0.2713
vn -0.687 0.6088 0.3967
vn -0.2084 0.946 0.2483
vn -0.1621 0.946 0.2808
vn -0.6076 0.609 0.5098
vn -0.5099 0.6088 0.6077
vn -0.0563 0.946 0.3193
vn -0.1109 0.946 0.3046
vn -0.3966 0.609 0.6869
vn -0.2713 0.6088 0.7455
vn 0.0563 0.946 0.3193
vn 0 0.946 0.3241
vn -0.1377 0.609 0.7811
vn 0 0.6088 0.7933
vn 0.1108 0.946 0.3046
vn 0.1621 0.946 0.2808
vn 0.1377 0.609 0.7811
vn 0.2713 0.6088 0.7455
vn 0.2483 0.946 0.2084
vn 0.2083 0.946 0.2483
vn 0.3966 0.609 0.6869
vn 0.51 0.6088 0.6077
vn 0.3046 0.946 0.1109
vn 0.2807 0.946 0.1621
vn 0.6076 0.609 0.5098
vn 0.6871 0.6088 0.3967
vn 0.3192 0.946 0.0563
vn 0.7453 0.609 0.2713
vn 0.7813 0.6088 0.1377
vn 0.8579 0.4081 -0.3122
vn 0.8991 0.408 -0.1585
vn 0.9129 0.4081 0
vn 0.6994 0.4081 -0.5868
vn 0.7907 0.408 -0.4565
vn 0.4565 0.4081 -0.7906
vn 0.5868 0.408 -0.6994
vn 0.1585 0.4081 -0.8991
vn 0.3123 0.408 -0.8579
vn -0.1585 0.4081 -0.8991
vn -0.079 0.4068 -0.9101
vn -0.0687 0.6073 -0.7915
vn 0.079 0.4068 -0.9101
vn -0.4565 0.4081 -0.7906
vn -0.3123 0.408 -0.8579
vn -0.6994 0.4081 -0.5868
vn -0.5868 0.408 -0.6994
vn -0.8579 0.4081 -0.3122
vn -0.7907 0.408 -0.4565
vn -0.9129 0.4081 0
vn -0.8991 0.408 -0.1585
vn -0.8579 0.4081 0.3122
vn -0.8991 0.408 0.1585
vn -0.6994 0.4081 0.5868
vn -0.7907 0.408 0.4565
vn -0.4565 0.4081 0.7906
vn -0.5868 0.408 0.6994
vn -0.1585 0.4081 0.8991
vn -0.3123 0.408 0.8579
vn 0.1585 0.4081 0.8991
vn 0 0.408 0.913
vn 0.4565 0.4081 0.7906
vn 0.3123 0.408 0.8579
vn 0.6994 0.4081 0.5868
vn 0.5868 0.408 0.6994
vn 0.8579 0.4081 0.3122
vn 0.7907 0.408 0.4565
vn 0.8991 0.408 0.1585
vn 0.8846 0.2177 -0.4123
vn 0.9037 0.0765 -0.4214
vn 0.9723 0.2177 -0.0849
vn 0.9933 0.0765 -0.0869
vn 0.6903 0.2175 -0.6901
vn 0.705 0.0765 -0.705
vn 0.4126 0.2172 -0.8846
vn 0.4214 0.0765 -0.9036
vn 0.2487 0.2154 -0.9443
vn 0.2581 0.0754 -0.9632
vn -0.2525 0.2172 -0.9429
vn -0.2581 0.0765 -0.9631
vn -0.0869 0.0754 -0.9934
vn -0.085 0.2134 -0.9733
vn -0.5598 0.2172 -0.7997
vn -0.5719 0.0765 -0.8168
vn -0.7994 0.2177 -0.5599
vn -0.8167 0.0765 -0.5719
vn -0.9427 0.2177 -0.2528
vn -0.9631 0.0765 -0.2581
vn -0.9724 0.2175 0.0849
vn -0.9933 0.0765 0.0869
vn -0.8847 0.2175 0.4124
vn -0.9037 0.0765 0.4214
vn -0.6903 0.2172 0.6901
vn -0.705 0.0765 0.705
vn -0.4126 0.2177 0.8845
vn -0.4214 0.0765 0.9036
vn -0.0852 0.2177 0.9723
vn -0.0869 0.0765 0.9933
vn 0.2525 0.2172 0.9429
vn 0.2581 0.0765 0.9631
vn 0.5598 0.2172 0.7997
vn 0.5719 0.0765 0.8168
vn 0.7994 0.2177 0.5599
vn 0.8167 0.0765 0.5719
vn 0.9428 0.2172 0.2527
vn 0.9631 0.0765 0.2581
vn 0.8853 0.3512 -0.3048
vn 0.9191 0.3512 -0.1786
vn 0.9362 0.3512 0.0163
vn 0.7276 0.3512 -0.5892
vn 0.8026 0.3512 -0.4822
vn 0.4822 0.3512 -0.8026
vn 0.5893 0.3512 -0.7276
vn 0.1787 0.3512 -0.9191
vn 0.3048 0.3512 -0.8853
vn -0.1465 0.3512 -0.9248
vn -0.0814 0.3429 -0.9358
vn 0.0807 0.3607 -0.9292
vn -0.4539 0.3512 -0.8189
vn -0.3355 0.3512 -0.8741
vn -0.7066 0.3512 -0.6143
vn -0.6143 0.3512 -0.7067
vn -0.8741 0.3512 -0.3355
vn -0.8189 0.3512 -0.4539
vn -0.9362 0.3512 -0.0163
vn -0.9248 0.3512 -0.1465
vn -0.8853 0.3512 0.3048
vn -0.9191 0.3512 0.1786
vn -0.7276 0.3512 0.5892
vn -0.8026 0.3512 0.4822
vn -0.4822 0.3512 0.8026
vn -0.5893 0.3512 0.7276
vn -0.1787 0.3512 0.9191
vn -0.3048 0.3512 0.8853
vn 0.1465 0.3512 0.9248
vn 0.0163 0.3512 0.9362
vn 0.4539 0.3512 0.8189
vn 0.3355 0.3512 0.8741
vn 0.7066 0.3512 0.6143
vn 0.6143 0.3512 0.7067
vn 0.8741 0.3512 0.3355
vn 0.8189 0.3512 0.4539
vn 0.9248 0.3512 0.1465
vn 0.1979 -0.9759 -0.0923
vn 0.2176 -0.9759 -0.019
vn 0.1254 -0.992 -0.011
vn 0.1141 -0.992 -0.0532
vn 0.1545 -0.9759 -0.1545
vn 0.089 -0.992 -0.089
vn 0.0923 -0.9759 -0.198
vn 0.0532 -0.992 -0.1141
vn 0.0574 -0.9751 -0.2141
vn 0.0331 -0.9918 -0.1235
vn -0.0565 -0.9759 -0.211
vn -0.0193 -0.9751 -0.2208
vn -0.0111 -0.9918 -0.1273
vn -0.0326 -0.992 -0.1216
vn -0.1253 -0.9759 -0.1789
vn -0.0722 -0.992 -0.1031
vn -0.1789 -0.9759 -0.1253
vn -0.1031 -0.992 -0.0722
vn -0.2109 -0.9759 -0.0565
vn -0.1216 -0.992 -0.0326
vn -0.2176 -0.9759 0.019
vn -0.1254 -0.992 0.011
vn -0.1979 -0.9759 0.0923
vn -0.1141 -0.992 0.0532
vn -0.1545 -0.9759 0.1545
vn -0.089 -0.992 0.089
vn -0.0923 -0.9759 0.1979
vn -0.0532 -0.992 0.1141
vn -0.019 -0.9759 0.2176
vn -0.011 -0.992 0.1254
vn 0.0565 -0.9759 0.2109
vn 0.0326 -0.992 0.1216
vn 0.1253 -0.9759 0.1789
vn 0.0722 -0.992 0.1031
vn 0.1789 -0.9759 0.1253
vn 0.1031 -0.992 0.0722
vn 0.2109 -0.9759 0.0565
vn 0.1216 -0.992 0.0326
vn 0.778 0.6246 -0.0681
vn 0.7078 0.6246 -0.33
vn 0.9443 -0.3185 -0.0826
vn 0.8591 -0.3185 -0.4006
vn 0.5522 0.6246 -0.5522
vn 0.6703 -0.3186 -0.6703
vn 0.33 0.6246 -0.7078
vn 0.4006 -0.3186 -0.8591
vn 0.2054 0.6188 -0.7582
vn 0.2457 -0.3142 -0.917
vn -0.0685 0.6188 -0.7826
vn -0.2021 0.6246 -0.7543
vn -0.0805 -0.3142 -0.9459
vn -0.2453 -0.3186 -0.9156
vn -0.4479 0.6246 -0.6397
vn -0.5437 -0.3186 -0.7765
vn -0.6397 0.6246 -0.4479
vn -0.7765 -0.3186 -0.5437
vn -0.7543 0.6246 -0.2021
vn -0.9156 -0.3186 -0.2453
vn -0.778 0.6246 0.0681
vn -0.9443 -0.3186 0.0826
vn -0.7078 0.6246 0.33
vn -0.8591 -0.3186 0.4006
vn -0.5522 0.6246 0.5522
vn -0.6703 -0.3186 0.6703
vn -0.33 0.6246 0.7078
vn -0.4006 -0.3186 0.8591
vn -0.0681 0.6246 0.778
vn -0.0826 -0.3185 0.9443
vn 0.2021 0.6246 0.7543
vn 0.2453 -0.3186 0.9156
vn 0.4479 0.6246 0.6397
vn 0.5437 -0.3186 0.7765
vn 0.6397 0.6246 0.4479
vn 0.7765 -0.3186 0.5437
vn 0.7543 0.6246 0.2021
vn 0.9156 -0.3185 0.2453
vn 0.8165 -0.4341 -0.3807
vn 0.8974 -0.4341 -0.0785
vn 0.637 -0.4341 -0.637
vn 0.3807 -0.4341 -0.8164
vn 0.2338 -0.4287 -0.8726
vn -0.2331 -0.4341 -0.8702
vn -0.0787 -0.4287 -0.9
vn -0.5167 -0.4341 -0.7379
vn -0.7379 -0.4341 -0.5167
vn -0.8702 -0.4341 -0.2332
vn -0.8974 -0.4341 0.0785
vn -0.8165 -0.4341 0.3807
vn -0.637 -0.4341 0.637
vn -0.3807 -0.4341 0.8164
vn -0.0785 -0.4341 0.8974
vn 0.2331 -0.4341 0.8702
vn 0.5167 -0.4341 0.7379
vn 0.7379 -0.4341 0.5167
vn 0.8702 -0.4341 0.2332
vn 0.7486 0.5637 -0.3491
vn 0.8229 0.5637 -0.072
vn 0.5841 0.5637 -0.5841
vn 0.3491 0.5637 -0.7486
vn 0.2148 0.5578 -0.8017
vn -0.0723 0.5578 -0.8268
vn -0.2138 0.5637 -0.7979
vn -0.4738 0.5637 -0.6766
vn -0.6766 0.5637 -0.4738
vn -0.7979 0.5637 -0.2138
vn -0.8229 0.5637 0.072
vn -0.7486 0.5637 0.3491
vn -0.5841 0.5637 0.5841
vn -0.3491 0.5637 0.7486
vn -0.072 0.5637 0.8229
vn 0.2138 0.5637 0.7979
vn 0.4738 0.5637 0.6766
vn 0.6766 0.5637 0.4738
vn 0.7979 0.5637 0.2138
vn 0.9008 0.1101 -0.42
vn 0.6361 0.7123 -0.2966
vn 0.9901 0.1101 -0.0866
vn 0.6992 0.7123 -0.0612
vn 0.7028 0.1101 -0.7028
vn 0.4963 0.7123 -0.4963
vn 0.4201 0.1101 -0.9008
vn 0.2966 0.7123 -0.6361
vn 0.2573 0.1085 -0.9602
vn 0.1831 0.7069 -0.6832
vn -0.2572 0.1101 -0.9601
vn -0.1817 0.7123 -0.678
vn -0.0866 0.1085 -0.9903
vn -0.0616 0.7069 -0.7046
vn -0.5701 0.1101 -0.8142
vn -0.4026 0.7123 -0.5749
vn -0.8142 0.1101 -0.5701
vn -0.5749 0.7123 -0.4026
vn -0.96 0.1101 -0.2572
vn -0.6779 0.7123 -0.1817
vn -0.9901 0.1101 0.0866
vn -0.6992 0.7123 0.0612
vn -0.9008 0.1101 0.42
vn -0.6361 0.7123 0.2966
vn -0.7028 0.1101 0.7028
vn -0.4963 0.7123 0.4963
vn -0.4201 0.1101 0.9008
vn -0.2966 0.7123 0.6361
vn -0.0866 0.1101 0.9901
vn -0.0612 0.7123 0.6992
vn 0.2572 0.1101 0.9601
vn 0.1817 0.7123 0.678
vn 0.5701 0.1101 0.8142
vn 0.4026 0.7123 0.5749
vn 0.8142 0.1101 0.5701
vn 0.5749 0.7123 0.4026
vn 0.96 0.1101 0.2572
vn 0.6779 0.7123 0.1817
vn 0.5406 0.8026 -0.2521
vn 0.5943 0.8026 -0.052
vn 0.4218 0.8026 -0.4218
vn 0.2521 0.8026 -0.5406
vn 0.1559 0.7982 -0.5819
vn -0.1544 0.8026 -0.5762
vn -0.0525 0.7982 -0.6001
vn -0.3422 0.8026 -0.4887
vn -0.4887 0.8026 -0.3422
vn -0.5762 0.8026 -0.1544
vn -0.5943 0.8026 0.052
vn -0.5406 0.8026 0.2521
vn -0.4218 0.8026 0.4218
vn -0.2521 0.8026 0.5406
vn -0.052 0.8026 0.5943
vn 0.1544 0.8026 0.5762
vn 0.3422 0.8026 0.4887
vn 0.4887 0.8026 0.3422
vn 0.5762 0.8026 0.1544
vn 0.9804 0.1771 -0.0858
vn 0.892 0.1771 -0.4159
vn 0.6959 0.1771 -0.6959
vn 0.4159 0.1771 -0.892
vn 0.2551 0.1745 -0.951
vn -0.0858 0.1745 -0.9809
vn -0.2547 0.1771 -0.9507
vn -0.5645 0.1771 -0.8062
vn -0.8062 0.1771 -0.5645
vn -0.9507 0.1771 -0.2547
vn -0.9804 0.1771 0.0858
vn -0.892 0.1771 0.4159
vn -0.6959 0.1771 0.6959
vn -0.4159 0.1771 0.892
vn -0.0858 0.1771 0.9804
vn 0.2547 0.1771 0.9507
vn 0.5645 0.1771 0.8062
vn 0.8062 0.1771 0.5645
vn 0.9507 0.1771 0.2547
vn 0.8492 -0.3493 -0.396
vn 0.9334 -0.3493 -0.0817
vn 0.9695 -0.2299 -0.0848
vn 0.882 -0.2299 -0.4113
vn 0.6626 -0.3493 -0.6626
vn 0.6882 -0.2299 -0.6882
vn 0.396 -0.3493 -0.8492
vn 0.4113 -0.2299 -0.882
vn 0.243 -0.3446 -0.9068
vn 0.2521 -0.2266 -0.9408
vn -0.2425 -0.3493 -0.9051
vn -0.0818 -0.3446 -0.9352
vn -0.0844 -0.2266 -0.9703
vn -0.2519 -0.2299 -0.94
vn -0.5374 -0.3493 -0.7675
vn -0.5582 -0.2299 -0.7972
vn -0.7675 -0.3493 -0.5374
vn -0.7972 -0.2299 -0.5582
vn -0.9051 -0.3493 -0.2425
vn -0.94 -0.2299 -0.2519
vn -0.9334 -0.3493 0.0817
vn -0.9695 -0.2299 0.0848
vn -0.8492 -0.3493 0.396
vn -0.882 -0.2299 0.4113
vn -0.6626 -0.3493 0.6626
vn -0.6882 -0.2299 0.6882
vn -0.396 -0.3493 0.8492
vn -0.4113 -0.2299 0.882
vn -0.0817 -0.3493 0.9334
vn -0.0848 -0.2299 0.9695
vn 0.2425 -0.3493 0.9051
vn 0.2519 -0.2299 0.94
vn 0.5374 -0.3493 0.7676
vn 0.5582 -0.2299 0.7972
vn 0.7675 -0.3493 0.5374
vn 0.7972 -0.2299 0.5582
vn 0.9051 -0.3493 0.2425
vn 0.94 -0.2299 0.2519
vn 0.493 0.8391 -0.2299
vn 0.5419 0.8391 -0.0474
vn 0.6789 0.6624 -0.3166
vn 0.7463 0.6624 -0.0653
vn 0.3847 0.8391 -0.3847
vn 0.5297 0.6624 -0.5297
vn 0.2299 0.8391 -0.493
vn 0.3166 0.6624 -0.6789
vn 0.1423 0.8352 -0.5311
vn 0.1952 0.6567 -0.7284
vn -0.1408 0.8391 -0.5255
vn -0.0479 0.8352 -0.5478
vn -0.0657 0.6567 -0.7513
vn -0.1939 0.6624 -0.7236
vn -0.312 0.8391 -0.4456
vn -0.4297 0.6624 -0.6136
vn -0.4456 0.8391 -0.312
vn -0.6136 0.6624 -0.4297
vn -0.5255 0.8391 -0.1408
vn -0.7236 0.6624 -0.1939
vn -0.5419 0.8391 0.0474
vn -0.7463 0.6624 0.0653
vn -0.493 0.8391 0.2299
vn -0.6789 0.6624 0.3166
vn -0.3847 0.8391 0.3847
vn -0.5297 0.6624 0.5297
vn -0.2299 0.8391 0.493
vn -0.3166 0.6624 0.6789
vn -0.0474 0.8391 0.5419
vn -0.0653 0.6624 0.7463
vn 0.1408 0.8391 0.5255
vn 0.1939 0.6624 0.7236
vn 0.312 0.8391 0.4456
vn 0.4297 0.6624 0.6136
vn 0.4456 0.8391 0.312
vn 0.6136 0.6624 0.4297
vn 0.5255 0.8391 0.1408
vn 0.7236 0.6624 0.1939
vn 0.921 -0.3811 -0.0803
vn 0.907 -0.3759 -0.1902
vn 0.9262 -0.3758 0.0298
vn 0.8806 -0.3758 -0.2888
vn 0.838 -0.3811 -0.3905
vn 0.7872 -0.3759 -0.4889
vn 0.7287 -0.3758 -0.5725
vn 0.6891 -0.3808 -0.6166
vn 0.5945 -0.375 -0.7113
vn 0.4651 -0.3751 -0.8019
vn 0.3445 -0.3808 -0.8581
vn 0.2888 -0.3759 -0.8805
vn 0.1902 -0.3758 -0.907
vn 0.2336 -0.3765 -0.8965
vn 0.0803 -0.371 -0.9252
vn -0.1315 -0.3758 -0.9173
vn -0.239 -0.3811 -0.8931
vn -0.3448 -0.3759 -0.8602
vn -0.4373 -0.3758 -0.817
vn -0.5301 -0.3811 -0.7575
vn -0.6182 -0.3759 -0.6904
vn -0.6904 -0.3758 -0.6182
vn -0.7269 -0.3808 -0.5715
vn -0.8037 -0.375 -0.4619
vn -0.8705 -0.3751 -0.3188
vn -0.8929 -0.3811 -0.2396
vn -0.9132 -0.375 -0.1592
vn -0.927 -0.3751 -0.0018
vn -0.9154 -0.3808 0.1308
vn -0.907 -0.3759 0.1902
vn -0.8806 -0.3758 0.2888
vn -0.838 -0.3811 0.3905
vn -0.7872 -0.3759 0.4889
vn -0.7287 -0.3758 0.5725
vn -0.6891 -0.3808 0.6166
vn -0.5945 -0.375 0.7113
vn -0.4654 -0.3751 0.8017
vn -0.3912 -0.3811 0.8377
vn -0.3153 -0.375 0.8717
vn -0.1628 -0.3751 0.9126
vn -0.0302 -0.3808 0.9242
vn 0.0298 -0.3759 0.9262
vn 0.1315 -0.3758 0.9173
vn 0.239 -0.3814 0.893
vn 0.3448 -0.3759 0.8602
vn 0.4373 -0.3758 0.817
vn 0.5301 -0.3811 0.7575
vn 0.6182 -0.3759 0.6904
vn 0.6904 -0.3758 0.6182
vn 0.7269 -0.3808 0.5715
vn 0.8037 -0.375 0.4619
vn 0.8705 -0.3751 0.3188
vn 0.9049 -0.3808 0.1902
vn 0.9173 -0.3759 0.1315
vn 0.9083 0.3865 -0.1602
vn 0.8667 0.3864 -0.3155
vn 0.3916 0.9093 -0.141
vn 0.41 0.9091 -0.0735
vn 0.4162 0.9093 0.0014
vn 0.5401 0.8403 -0.0468
vn 0.9223 0.3864 0
vn 0.7987 0.3865 -0.4612
vn 0.7066 0.3864 -0.5929
vn 0.3198 0.9093 -0.2665
vn 0.3601 0.9091 -0.2092
vn 0.4916 0.8403 -0.2287
vn 0.5929 0.3864 -0.7065
vn 0.4612 0.3863 -0.7988
vn 0.2093 0.9093 -0.3598
vn 0.2668 0.9091 -0.3198
vn 0.3837 0.8403 -0.383
vn 0.3155 0.3865 -0.8667
vn 0.1602 0.3863 -0.9083
vn 0.1414 0.9091 -0.3918
vn 0.0737 0.9093 -0.4097
vn 0.2296 0.8403 -0.4912
vn 0 0.3864 -0.9223
vn -0.1602 0.3864 -0.9083
vn -0.0011 0.9091 -0.4165
vn -0.0709 0.9093 -0.4102
vn 0.0477 0.8403 -0.5401
vn -0.3154 0.3865 -0.8667
vn -0.4612 0.3863 -0.7988
vn -0.1435 0.9091 -0.391
vn -0.2069 0.9093 -0.3612
vn -0.1398 0.8403 -0.5238
vn -0.5929 0.3864 -0.7065
vn -0.7066 0.3863 -0.5929
vn -0.318 0.9093 -0.2686
vn -0.2686 0.9091 -0.3183
vn -0.3106 0.8403 -0.4444
vn -0.7988 0.3864 -0.4612
vn -0.8667 0.3863 -0.3155
vn -0.3907 0.9093 -0.1437
vn -0.3613 0.9091 -0.2072
vn -0.4438 0.8403 -0.3114
vn -0.9083 0.3864 -0.1602
vn -0.9224 0.3863 0
vn -0.4162 0.9093 -0.0014
vn -0.4104 0.9091 -0.0712
vn -0.5236 0.8403 -0.1408
vn -0.9083 0.3864 0.1602
vn -0.8667 0.3864 0.3155
vn -0.3916 0.9093 0.141
vn -0.41 0.9091 0.0735
vn -0.5401 0.8403 0.0468
vn -0.7987 0.3865 0.4612
vn -0.7066 0.3863 0.5929
vn -0.3601 0.9091 0.2092
vn -0.3198 0.9093 0.2665
vn -0.4916 0.8403 0.2287
vn -0.5929 0.3864 0.7065
vn -0.4612 0.3863 0.7988
vn -0.2668 0.9091 0.3198
vn -0.2093 0.9093 0.3598
vn -0.3837 0.8403 0.383
vn -0.3154 0.3865 0.8667
vn -0.1602 0.3864 0.9083
vn -0.1414 0.9091 0.3918
vn -0.0737 0.9093 0.4097
vn -0.2296 0.8403 0.4912
vn 0 0.3865 0.9223
vn 0.1602 0.3863 0.9083
vn 0.0709 0.9093 0.4102
vn 0.0011 0.9091 0.4165
vn -0.0477 0.8403 0.5401
vn 0.3155 0.3865 0.8667
vn 0.4612 0.3863 0.7988
vn 0.1435 0.9091 0.391
vn 0.2069 0.9093 0.3612
vn 0.1398 0.8403 0.5238
vn 0.5928 0.3865 0.7065
vn 0.7066 0.3863 0.5929
vn 0.318 0.9093 0.2686
vn 0.2686 0.9091 0.3183
vn 0.3106 0.8403 0.4444
vn 0.7987 0.3865 0.4612
vn 0.8667 0.3864 0.3155
vn 0.3907 0.9093 0.1437
vn 0.3613 0.9091 0.2072
vn 0.4438 0.8403 0.3114
vn 0.9083 0.3865 0.1601
vn 0.4103 0.9091 0.0712
vn 0.5236 0.8403 0.1408
vn 0.8938 0.1657 -0.4168
vn 0.9824 0.1657 -0.0859
vn 0.6973 0.1657 -0.6973
vn 0.4168 0.1657 -0.8938
vn 0.0859 0.1657 -0.9824
vn -0.2552 0.1657 -0.9526
vn -0.5656 0.1657 -0.8078
vn -0.8078 0.1657 -0.5656
vn -0.9526 0.1657 -0.2552
vn -0.9824 0.1657 0.0859
vn -0.8938 0.1657 0.4168
vn -0.6973 0.1657 0.6973
vn -0.4168 0.1657 0.8938
vn -0.0859 0.1657 0.9824
vn 0.2552 0.1657 0.9526
vn 0.5657 0.1657 0.8078
vn 0.8078 0.1657 0.5656
vn 0.9526 0.1657 0.2553
vn 0.6235 0.7799 -0.0545
vn 0.5673 0.7799 -0.2645
vn 0.085 0.9956 -0.0396
vn 0.0934 0.9956 -0.0082
vn 0.4426 0.7799 -0.4426
vn 0.0663 0.9956 -0.0663
vn 0.2645 0.7799 -0.5673
vn 0.0396 0.9956 -0.085
vn 0.0546 0.7799 -0.6235
vn 0.0082 0.9956 -0.0934
vn -0.162 0.7799 -0.6046
vn -0.0243 0.9956 -0.0906
vn -0.359 0.7799 -0.5127
vn -0.0538 0.9956 -0.0768
vn -0.5127 0.7799 -0.359
vn -0.0768 0.9956 -0.0538
vn -0.6046 0.7799 -0.162
vn -0.0906 0.9956 -0.0243
vn -0.6235 0.7799 0.0545
vn -0.0934 0.9956 0.0082
vn -0.5673 0.7799 0.2645
vn -0.085 0.9956 0.0396
vn -0.4426 0.7799 0.4426
vn -0.0663 0.9956 0.0663
vn -0.2645 0.7799 0.5673
vn -0.0396 0.9956 0.085
vn -0.0546 0.7799 0.6235
vn -0.0082 0.9956 0.0934
vn 0.162 0.7799 0.6046
vn 0.0243 0.9956 0.0906
vn 0.359 0.7799 0.5127
vn 0.0538 0.9956 0.0768
vn 0.5127 0.7799 0.359
vn 0.0768 0.9956 0.0538
vn 0.6046 0.7799 0.162
vn 0.0906 0.9956 0.0243
vn 0.0868 0.9962 -0.0076
vn 0.079 0.9962 -0.0368
vn 0.6802 0.7306 -0.0595
vn 0.6188 0.7306 -0.2886
vn 0.0616 0.9962 -0.0616
vn 0.4828 0.7306 -0.4828
vn 0.0368 0.9962 -0.079
vn 0.2886 0.7306 -0.6188
vn 0.0076 0.9962 -0.0868
vn 0.0595 0.7306 -0.6802
vn -0.0226 0.9962 -0.0842
vn -0.1767 0.7306 -0.6595
vn -0.05 0.9962 -0.0714
vn -0.3916 0.7306 -0.5593
vn -0.0714 0.9962 -0.05
vn -0.5593 0.7306 -0.3917
vn -0.0842 0.9962 -0.0226
vn -0.6595 0.7306 -0.1767
vn -0.0868 0.9962 0.0076
vn -0.6802 0.7306 0.0595
vn -0.079 0.9962 0.0368
vn -0.6188 0.7306 0.2886
vn -0.0616 0.9962 0.0616
vn -0.4828 0.7306 0.4828
vn -0.0368 0.9962 0.079
vn -0.2886 0.7306 0.6188
vn -0.0076 0.9962 0.0868
vn -0.0595 0.7306 0.6802
vn 0.0225 0.9962 0.0842
vn 0.1767 0.7306 0.6595
vn 0.05 0.9962 0.0714
vn 0.3916 0.7306 0.5593
vn 0.0714 0.9962 0.05
vn 0.5593 0.7306 0.3917
vn 0.0842 0.9962 0.0226
vn 0.6595 0.7306 0.1767
vn 0.924 -0.3737 -0.0808
vn 0.8406 -0.3737 -0.392
vn 0.0415 -0.9991 -0.0036
vn 0.0378 -0.9991 -0.0176
vn 0.6559 -0.3737 -0.6559
vn 0.0295 -0.9991 -0.0295
vn 0.392 -0.3737 -0.8406
vn 0.0176 -0.9991 -0.0378
vn 0.2406 -0.3688 -0.8978
vn 0.011 -0.9991 -0.0409
vn -0.0781 -0.3688 -0.9262
vn -0.2401 -0.3737 -0.8959
vn -0.0108 -0.9991 -0.0403
vn -0.0037 -0.9991 -0.0421
vn -0.532 -0.3737 -0.7598
vn -0.0239 -0.9991 -0.0342
vn -0.7598 -0.3737 -0.532
vn -0.0342 -0.9991 -0.0239
vn -0.8959 -0.3737 -0.2401
vn -0.0403 -0.9991 -0.0108
vn -0.924 -0.3737 0.0808
vn -0.0415 -0.9991 0.0036
vn -0.8407 -0.3737 0.392
vn -0.0378 -0.9991 0.0176
vn -0.6559 -0.3737 0.6559
vn -0.0295 -0.9991 0.0295
vn -0.392 -0.3737 0.8406
vn -0.0176 -0.9991 0.0378
vn -0.0808 -0.3737 0.924
vn -0.0036 -0.9991 0.0415
vn 0.2401 -0.3737 0.8959
vn 0.0108 -0.9991 0.0403
vn 0.532 -0.3737 0.7598
vn 0.0239 -0.9991 0.0342
vn 0.7598 -0.3737 0.532
vn 0.0342 -0.9991 0.0239
vn 0.8959 -0.3737 0.2401
vn 0.0403 -0.9991 0.0108
vn 0.6582 -0.7506 -0.0576
vn 0.5988 -0.7506 -0.2792
vn 0.9961 -0.017 -0.0871
vn 0.9062 -0.017 -0.4225
vn 0.4672 -0.7506 -0.4672
vn 0.707 -0.017 -0.707
vn 0.2792 -0.7506 -0.5988
vn 0.4226 -0.017 -0.9062
vn 0.1725 -0.7456 -0.6436
vn 0.2588 -0.0167 -0.9658
vn -0.0581 -0.7456 -0.6639
vn -0.171 -0.7506 -0.6382
vn -0.2588 -0.017 -0.9658
vn -0.0871 -0.0168 -0.9961
vn -0.379 -0.7506 -0.5412
vn -0.5735 -0.017 -0.819
vn -0.5412 -0.7506 -0.379
vn -0.819 -0.017 -0.5735
vn -0.6382 -0.7506 -0.171
vn -0.9658 -0.017 -0.2588
vn -0.6582 -0.7506 0.0576
vn -0.9961 -0.017 0.0871
vn -0.5988 -0.7506 0.2793
vn -0.9062 -0.017 0.4225
vn -0.4672 -0.7506 0.4672
vn -0.707 -0.017 0.707
vn -0.2792 -0.7506 0.5988
vn -0.4226 -0.017 0.9062
vn -0.0576 -0.7506 0.6582
vn -0.0871 -0.017 0.996
vn 0.171 -0.7506 0.6382
vn 0.2588 -0.017 0.9658
vn 0.379 -0.7506 0.5412
vn 0.5735 -0.017 0.819
vn 0.5412 -0.7506 0.379
vn 0.819 -0.017 0.5735
vn 0.6382 -0.7506 0.171
vn 0.9658 -0.017 0.2588
vn 0.758 0.6489 -0.0663
vn 0.6896 0.6489 -0.3216
vn 0.057 0.998 -0.0266
vn 0.0627 0.998 -0.0055
vn 0.538 0.6489 -0.5381
vn 0.0445 0.998 -0.0445
vn 0.3216 0.6489 -0.6896
vn 0.0266 0.998 -0.057
vn 0.1982 0.6431 -0.7397
vn 0.0165 0.998 -0.0617
vn -0.0667 0.6432 -0.7628
vn -0.1969 0.6489 -0.735
vn -0.0163 0.998 -0.0607
vn -0.0056 0.998 -0.0636
vn -0.4364 0.6489 -0.6233
vn -0.0361 0.998 -0.0515
vn -0.6233 0.6489 -0.4364
vn -0.0515 0.998 -0.0361
vn -0.735 0.6489 -0.1969
vn -0.0608 0.998 -0.0163
vn -0.758 0.6489 0.0663
vn -0.0627 0.998 0.0055
vn -0.6896 0.6489 0.3216
vn -0.057 0.998 0.0266
vn -0.538 0.6489 0.538
vn -0.0445 0.998 0.0444
vn -0.3216 0.6489 0.6896
vn -0.0266 0.998 0.057
vn -0.0663 0.6489 0.758
vn -0.0055 0.998 0.0626
vn 0.1969 0.6489 0.735
vn 0.0163 0.998 0.0608
vn 0.4364 0.6489 0.6233
vn 0.0361 0.998 0.0515
vn 0.6233 0.6489 0.4364
vn 0.0515 0.998 0.0361
vn 0.735 0.6489 0.1969
vn 0.0607 0.998 0.0163
vn 0.9727 0.2159 -0.0851
vn 0.8849 0.2159 -0.4127
vn 0.803 -0.4637 -0.3744
vn 0.8826 -0.4637 -0.0772
vn 0.6904 0.2159 -0.6905
vn 0.6265 -0.4637 -0.6265
vn 0.4126 0.2159 -0.8849
vn 0.3745 -0.4637 -0.803
vn 0.2529 0.2128 -0.9438
vn 0.2301 -0.4581 -0.8586
vn -0.0851 0.2128 -0.9734
vn -0.2527 0.2159 -0.9431
vn -0.2293 -0.4637 -0.8558
vn -0.0775 -0.4581 -0.8855
vn -0.5601 0.2159 -0.7998
vn -0.5082 -0.4637 -0.7258
vn -0.7998 0.2159 -0.56
vn -0.7258 -0.4637 -0.5082
vn -0.9432 0.2159 -0.2527
vn -0.8558 -0.4637 -0.2293
vn -0.9727 0.2159 0.0851
vn -0.8826 -0.4637 0.0772
vn -0.8849 0.2159 0.4127
vn -0.803 -0.4637 0.3744
vn -0.6904 0.2159 0.6904
vn -0.6265 -0.4637 0.6265
vn -0.4126 0.2159 0.8849
vn -0.3745 -0.4637 0.803
vn -0.0851 0.2159 0.9727
vn -0.0772 -0.4637 0.8826
vn 0.2527 0.2159 0.9431
vn 0.2293 -0.4637 0.8558
vn 0.5601 0.2159 0.7998
vn 0.5082 -0.4637 0.7258
vn 0.7998 0.2159 0.56
vn 0.7258 -0.4637 0.5082
vn 0.9432 0.2159 0.2527
vn 0.8558 -0.4637 0.2293
vn 0.9732 0.2135 -0.0851
vn 0.8854 0.2136 -0.4129
vn 0.8033 0.4631 -0.3746
vn 0.8829 0.4631 -0.0772
vn 0.6267 0.7224 -0.2922
vn 0.6889 0.7224 -0.0603
vn 0.6908 0.2135 -0.6908
vn 0.6267 0.4631 -0.6267
vn 0.489 0.7224 -0.489
vn 0.4129 0.2134 -0.8854
vn 0.3746 0.4631 -0.8033
vn 0.2923 0.7224 -0.6267
vn 0.253 0.2102 -0.9443
vn 0.2301 0.4576 -0.8589
vn 0.1804 0.7171 -0.6733
vn -0.0852 0.2103 -0.9739
vn -0.2528 0.2135 -0.9437
vn -0.0775 0.4575 -0.8858
vn -0.2294 0.4631 -0.8561
vn -0.179 0.7224 -0.668
vn -0.0607 0.7171 -0.6944
vn -0.5604 0.2134 -0.8003
vn -0.5084 0.4631 -0.726
vn -0.3966 0.7224 -0.5665
vn -0.8003 0.2132 -0.5604
vn -0.726 0.4631 -0.5084
vn -0.5665 0.7224 -0.3966
vn -0.9437 0.2134 -0.2529
vn -0.8561 0.4631 -0.2294
vn -0.668 0.7224 -0.179
vn -0.9733 0.2134 0.0851
vn -0.8829 0.4631 0.0772
vn -0.6889 0.7224 0.0603
vn -0.8854 0.2135 0.4129
vn -0.8033 0.4631 0.3746
vn -0.6267 0.7224 0.2922
vn -0.6908 0.2135 0.6908
vn -0.6267 0.4631 0.6267
vn -0.489 0.7224 0.489
vn -0.4129 0.2134 0.8854
vn -0.3746 0.4631 0.8033
vn -0.2923 0.7224 0.6267
vn -0.0852 0.2135 0.9732
vn -0.0773 0.4631 0.8829
vn -0.0603 0.7224 0.6889
vn 0.2529 0.2134 0.9437
vn 0.2294 0.4631 0.8561
vn 0.179 0.7224 0.6679
vn 0.5603 0.2135 0.8003
vn 0.5083 0.4631 0.726
vn 0.3966 0.7224 0.5665
vn 0.8003 0.2135 0.5604
vn 0.726 0.4631 0.5084
vn 0.5665 0.7224 0.3966
vn 0.9437 0.2134 0.2529
vn 0.8561 0.4631 0.2294
vn 0.668 0.7224 0.179
vn 0.4855 0.8444 -0.2264
vn 0.5337 0.8444 -0.0467
vn 0.2625 0.9571 -0.1224
vn 0.1911 0.9775 -0.0891
vn 0.2886 0.9571 -0.0252
vn 0.21 0.9775 -0.0184
vn 0.3788 0.8444 -0.3788
vn 0.2048 0.9571 -0.2048
vn 0.1491 0.9775 -0.1491
vn 0.2264 0.8444 -0.4855
vn 0.1224 0.9571 -0.2625
vn 0.0891 0.9775 -0.1911
vn 0.1402 0.8407 -0.5231
vn 0.0252 0.9571 -0.2886
vn 0.0184 0.9775 -0.21
vn -0.1387 0.8444 -0.5175
vn -0.0472 0.8406 -0.5395
vn -0.075 0.9571 -0.2798
vn -0.0546 0.9775 -0.2036
vn -0.3073 0.8444 -0.4388
vn -0.1662 0.9571 -0.2373
vn -0.1209 0.9775 -0.1727
vn -0.4388 0.8444 -0.3073
vn -0.2373 0.9571 -0.1662
vn -0.1727 0.9775 -0.1209
vn -0.5175 0.8444 -0.1387
vn -0.2798 0.9571 -0.075
vn -0.2036 0.9775 -0.0546
vn -0.5337 0.8444 0.0467
vn -0.2886 0.9571 0.0252
vn -0.21 0.9775 0.0184
vn -0.4855 0.8444 0.2264
vn -0.2625 0.9571 0.1224
vn -0.1911 0.9775 0.0891
vn -0.3788 0.8444 0.3788
vn -0.2048 0.9571 0.2048
vn -0.1491 0.9775 0.1491
vn -0.2264 0.8444 0.4855
vn -0.1224 0.9571 0.2625
vn -0.0891 0.9775 0.1911
vn -0.0467 0.8444 0.5337
vn -0.0252 0.9571 0.2886
vn -0.0184 0.9775 0.21
vn 0.1387 0.8444 0.5175
vn 0.075 0.9571 0.2798
vn 0.0546 0.9775 0.2036
vn 0.3073 0.8444 0.4388
vn 0.1662 0.9571 0.2373
vn 0.1209 0.9775 0.1727
vn 0.4388 0.8444 0.3073
vn 0.2373 0.9571 0.1662
vn 0.1727 0.9775 0.1209
vn 0.5175 0.8444 0.1387
vn 0.2798 0.9571 0.075
vn 0.2036 0.9775 0.0546
vn 0.8456 0.5287 -0.074
vn 0.7693 0.5287 -0.3587
vn 0.8253 0.5601 -0.0722
vn 0.7508 0.5601 -0.3501
vn 0.6002 0.5287 -0.6002
vn 0.5858 0.5601 -0.5858
vn 0.3587 0.5287 -0.7693
vn 0.3501 0.5601 -0.7508
vn 0.2206 0.5229 -0.8234
vn 0.2186 0.5542 -0.8032
vn -0.0743 0.5229 -0.8492
vn -0.2197 0.5287 -0.8199
vn -0.0725 0.5542 -0.8292
vn -0.2144 0.5601 -0.8002
vn -0.4869 0.5287 -0.6953
vn -0.4752 0.5601 -0.6786
vn -0.6953 0.5287 -0.4869
vn -0.6786 0.5601 -0.4752
vn -0.8199 0.5287 -0.2197
vn -0.8002 0.5601 -0.2144
vn -0.8456 0.5287 0.074
vn -0.8253 0.5601 0.0722
vn -0.7693 0.5287 0.3587
vn -0.7508 0.5601 0.3501
vn -0.6002 0.5287 0.6002
vn -0.5858 0.5601 0.5858
vn -0.3587 0.5287 0.7693
vn -0.3501 0.5601 0.7508
vn -0.074 0.5287 0.8456
vn -0.0722 0.5601 0.8253
vn 0.2197 0.5287 0.8199
vn 0.2144 0.5601 0.8002
vn 0.4869 0.5287 0.6953
vn 0.4752 0.5601 0.6786
vn 0.6953 0.5287 0.4869
vn 0.6786 0.5601 0.4752
vn 0.8199 0.5287 0.2197
vn 0.8002 0.5601 0.2144
vn -0.079 0.4082 -0.9095
vn -0.0804 -0.3766 -0.9229
vn 0.9383 -0.0553 -0.3415
vn 0.9833 -0.0553 -0.1734
vn 0.9985 -0.0553 0
vn 0.7649 -0.0553 -0.6418
vn 0.8647 -0.0553 -0.4992
vn 0.4992 -0.0553 -0.8647
vn 0.6418 -0.0553 -0.7649
vn 0.1734 -0.0553 -0.9833
vn 0.3415 -0.0553 -0.9383
vn -0.1734 -0.0553 -0.9833
vn 0 -0.0553 -0.9985
vn -0.4992 -0.0553 -0.8647
vn -0.3415 -0.0553 -0.9383
vn -0.7649 -0.0553 -0.6418
vn -0.6418 -0.0553 -0.7649
vn -0.9383 -0.0553 -0.3415
vn -0.8647 -0.0553 -0.4992
vn -0.9985 -0.0553 0
vn -0.9833 -0.0553 -0.1734
vn -0.9383 -0.0553 0.3415
vn -0.9833 -0.0553 0.1734
vn -0.7649 -0.0553 0.6418
vn -0.8647 -0.0553 0.4992
vn -0.4992 -0.0553 0.8647
vn -0.6418 -0.0553 0.7649
vn -0.1734 -0.0553 0.9833
vn -0.3415 -0.0553 0.9383
vn 0.1734 -0.0553 0.9833
vn 0 -0.0553 0.9985
vn 0.4992 -0.0553 0.8647
vn 0.3415 -0.0553 0.9383
vn 0.7649 -0.0553 0.6418
vn 0.6418 -0.0553 0.7649
vn 0.9383 -0.0553 0.3415
vn 0.8647 -0.0553 0.4992
vn 0.9833 -0.0553 0.1734
vn 0.0591 -0.9979 -0.0276
vn 0.065 -0.9979 -0.0057
vn 0.0461 -0.9979 -0.0461
vn 0.0276 -0.9979 -0.0591
vn 0.0171 -0.9978 -0.0639
vn -0.0169 -0.9979 -0.063
vn -0.0058 -0.9978 -0.066
vn -0.0374 -0.9979 -0.0535
vn -0.0535 -0.9979 -0.0374
vn -0.063 -0.9979 -0.0169
vn -0.065 -0.9979 0.0057
vn -0.0591 -0.9979 0.0276
vn -0.0461 -0.9979 0.0461
vn -0.0276 -0.9979 0.0591
vn -0.0057 -0.9979 0.065
vn 0.0169 -0.9979 0.063
vn 0.0375 -0.9979 0.0534
vn 0.0535 -0.9979 0.0374
vn 0.063 -0.9979 0.0169
vn 0.9062 0.0144 -0.4226
vn 0.9961 0.0144 -0.0871
vn 0.707 0.0144 -0.707
vn 0.4226 0.0144 -0.9062
vn 0.2588 0.0142 -0.9658
vn -0.2588 0.0144 -0.9658
vn -0.0871 0.0142 -0.9961
vn -0.5735 0.0144 -0.8191
vn -0.8191 0.0144 -0.5735
vn -0.9658 0.0144 -0.2588
vn -0.9961 0.0144 0.0871
vn -0.9062 0.0144 0.4226
vn -0.707 0.0144 0.707
vn -0.4226 0.0144 0.9062
vn -0.0872 0.0144 0.9961
vn 0.2588 0.0144 0.9658
vn 0.5735 0.0144 0.8191
vn 0.8191 0.0144 0.5735
vn 0.9658 0.0144 0.2588
vn 0.0336 0.9993 -0.0157
vn 0.0369 0.9993 -0.0032
vn 0.0262 0.9993 -0.0262
vn 0.0157 0.9993 -0.0336
vn 0.0097 0.9993 -0.0363
vn -0.0096 0.9993 -0.0358
vn -0.0033 0.9993 -0.0375
vn -0.0213 0.9993 -0.0303
vn -0.0303 0.9993 -0.0212
vn -0.0358 0.9993 -0.0096
vn -0.0369 0.9993 0.0032
vn -0.0336 0.9993 0.0157
vn -0.0262 0.9993 0.0262
vn -0.0157 0.9993 0.0336
vn -0.0032 0.9993 0.0369
vn 0.0096 0.9993 0.0358
vn 0.0213 0.9993 0.0303
vn 0.0304 0.9993 0.0213
vn 0.0358 0.9993 0.0096
vn 0.81 -0.4487 -0.3777
vn 0.8903 -0.4487 -0.0779
vn 0.6319 -0.4487 -0.6319
vn 0.3777 -0.4487 -0.81
vn 0.232 -0.4432 -0.8659
vn -0.2313 -0.4487 -0.8632
vn -0.0781 -0.4432 -0.893
vn -0.5126 -0.4487 -0.7321
vn -0.7321 -0.4487 -0.5126
vn -0.8632 -0.4487 -0.2313
vn -0.8903 -0.4487 0.0779
vn -0.81 -0.4487 0.3777
vn -0.6319 -0.4487 0.6319
vn -0.3777 -0.4487 0.81
vn -0.0779 -0.4487 0.8903
vn 0.2313 -0.4487 0.8632
vn 0.5126 -0.4487 0.7321
vn 0.7321 -0.4487 0.5126
vn 0.8632 -0.4487 0.2313
vn 0.8987 -0.1295 -0.4191
vn 0.9878 -0.1295 -0.0864
vn 0.6498 -0.758 -0.0568
vn 0.5911 -0.758 -0.2757
vn 0.7012 -0.1295 -0.7011
vn 0.4612 -0.758 -0.4612
vn 0.4191 -0.1295 -0.8987
vn 0.2757 -0.758 -0.5911
vn 0.2567 -0.1276 -0.958
vn 0.1703 -0.753 -0.6356
vn -0.2566 -0.1295 -0.9578
vn -0.0864 -0.1276 -0.988
vn -0.0574 -0.753 -0.6555
vn -0.1688 -0.758 -0.63
vn -0.5687 -0.1295 -0.8123
vn -0.3741 -0.758 -0.5343
vn -0.8122 -0.1295 -0.5687
vn -0.5343 -0.758 -0.3741
vn -0.9578 -0.1295 -0.2566
vn -0.63 -0.758 -0.1688
vn -0.9878 -0.1295 0.0864
vn -0.6498 -0.758 0.0568
vn -0.8987 -0.1295 0.4191
vn -0.5911 -0.758 0.2757
vn -0.7012 -0.1295 0.7011
vn -0.4612 -0.758 0.4612
vn -0.4191 -0.1295 0.8987
vn -0.2757 -0.758 0.5911
vn -0.0864 -0.1295 0.9878
vn -0.0568 -0.758 0.6498
vn 0.2566 -0.1295 0.9578
vn 0.1688 -0.758 0.63
vn 0.5687 -0.1295 0.8123
vn 0.3741 -0.758 0.5343
vn 0.8122 -0.1295 0.5687
vn 0.5343 -0.758 0.3741
vn 0.9578 -0.1295 0.2566
vn 0.63 -0.758 0.1688
vn 0.9 0.1179 -0.4197
vn 0.9892 0.1179 -0.0865
vn 0.7022 0.1179 -0.7022
vn 0.4197 0.118 -0.9
vn 0.2571 0.1161 -0.9594
vn -0.257 0.1179 -0.9592
vn -0.0866 0.1161 -0.9895
vn -0.5696 0.1179 -0.8134
vn -0.8134 0.1179 -0.5696
vn -0.9592 0.1179 -0.257
vn -0.9893 0.1179 0.0865
vn -0.9 0.118 0.4197
vn -0.7022 0.118 0.7022
vn -0.4197 0.1179 0.9
vn -0.0866 0.118 0.9892
vn 0.257 0.1179 0.9592
vn 0.5696 0.1179 0.8135
vn 0.8134 0.118 0.5696
vn 0.9592 0.1179 0.257
vn 0.9063 0.0082 -0.4226
vn 0.9962 0.0082 -0.0871
vn 0.7071 0.0082 -0.7071
vn 0.4226 0.0082 -0.9063
vn 0.2588 0.0081 -0.9659
vn -0.2588 0.0082 -0.9659
vn -0.0871 0.0081 -0.9962
vn -0.5736 0.0082 -0.8191
vn -0.8191 0.0082 -0.5736
vn -0.9659 0.0082 -0.2588
vn -0.9962 0.0082 0.0871
vn -0.9063 0.0082 0.4226
vn -0.7071 0.0082 0.7071
vn -0.4226 0.0082 0.9063
vn -0.0872 0.0082 0.9962
vn 0.2588 0.0082 0.9659
vn 0.5736 0.0082 0.8191
vn 0.8191 0.0082 0.5736
vn 0.9659 0.0082 0.2588
vn 0.8611 -0.5028 -0.0753
vn 0.7835 -0.5028 -0.3652
vn 0.7988 -0.4723 -0.3725
vn 0.8781 -0.4723 -0.0768
vn 0.6113 -0.5028 -0.6112
vn 0.6233 -0.4723 -0.6233
vn 0.3653 -0.5028 -0.7834
vn 0.3725 -0.4723 -0.7988
vn 0.2246 -0.497 -0.8382
vn 0.2289 -0.4667 -0.8543
vn -0.0747 -0.497 -0.8645
vn -0.2237 -0.5028 -0.835
vn -0.0771 -0.4667 -0.881
vn -0.2281 -0.4723 -0.8514
vn -0.4958 -0.5028 -0.7081
vn -0.5056 -0.4723 -0.722
vn -0.708 -0.5028 -0.4959
vn -0.722 -0.4723 -0.5056
vn -0.835 -0.5028 -0.2237
vn -0.8514 -0.4723 -0.2281
vn -0.8611 -0.5028 0.0753
vn -0.8781 -0.4723 0.0768
vn -0.7834 -0.5028 0.3653
vn -0.7988 -0.4723 0.3725
vn -0.6112 -0.5028 0.6112
vn -0.6233 -0.4723 0.6233
vn -0.3653 -0.5028 0.7835
vn -0.3725 -0.4723 0.7988
vn -0.0753 -0.5028 0.8611
vn -0.0768 -0.4723 0.8781
vn 0.2238 -0.5028 0.835
vn 0.2281 -0.4723 0.8514
vn 0.4958 -0.5028 0.7081
vn 0.5056 -0.4723 0.722
vn 0.7081 -0.5028 0.4958
vn 0.722 -0.4723 0.5056
vn 0.835 -0.5028 0.2238
vn 0.8514 -0.4723 0.2281
vn 0.9059 0.0285 -0.4224
vn 0.9958 0.0285 -0.0871
vn 0.7068 0.0285 -0.7068
vn 0.4224 0.0285 -0.9059
vn 0.2587 0.0281 -0.9655
vn -0.0871 0.0281 -0.9958
vn -0.2587 0.0285 -0.9655
vn -0.5733 0.0285 -0.8188
vn -0.8188 0.0285 -0.5733
vn -0.9655 0.0285 -0.2587
vn -0.9958 0.0285 0.0871
vn -0.9059 0.0285 0.4224
vn -0.7068 0.0285 0.7068
vn -0.4225 0.0285 0.9059
vn -0.0871 0.0285 0.9958
vn 0.2587 0.0285 0.9655
vn 0.5733 0.0285 0.8188
vn 0.8188 0.0285 0.5733
vn 0.9655 0.0285 0.2587
vn 0.9063 -0.0049 -0.4226
vn 0.9962 -0.0049 -0.0872
vn 0.7071 -0.0049 -0.7071
vn 0.4226 -0.0049 -0.9063
vn 0.2588 -0.0048 -0.9659
vn -0.2588 -0.0049 -0.9659
vn -0.0872 -0.0048 -0.9962
vn -0.5736 -0.0049 -0.8191
vn -0.8191 -0.0049 -0.5736
vn -0.9659 -0.0049 -0.2588
vn -0.9962 -0.0049 0.0872
vn -0.9063 -0.0049 0.4226
vn -0.7071 -0.0049 0.7071
vn -0.4226 -0.0049 0.9063
vn -0.0872 -0.0049 0.9962
vn 0.2588 -0.0049 0.9659
vn 0.5736 -0.0049 0.8191
vn 0.8191 -0.0049 0.5736
vn 0.9659 -0.0049 0.2588
vn 0.9023 -0.0939 -0.4207
vn 0.9918 -0.0939 -0.0868
vn 0.704 -0.0939 -0.704
vn 0.4208 -0.0939 -0.9023
vn 0.2577 -0.0925 -0.9618
vn -0.2577 -0.0939 -0.9617
vn -0.0868 -0.0925 -0.9919
vn -0.571 -0.0939 -0.8155
vn -0.8155 -0.0939 -0.571
vn -0.9617 -0.0939 -0.2577
vn -0.9918 -0.0939 0.0868
vn -0.9023 -0.0939 0.4207
vn -0.704 -0.0939 0.704
vn -0.4208 -0.0939 0.9023
vn -0.0868 -0.0939 0.9918
vn 0.2577 -0.0939 0.9617
vn 0.571 -0.0939 0.8155
vn 0.8155 -0.0939 0.571
vn 0.9617 -0.0939 0.2577
vn 0 1 0
vn 0 -1 0
vt 0.6707 0.0413
vt 0.6378 0.0494
vt 0.6366 0.0452
vt 0.6695 0.037
vt 0.6053 0.0595
vt 0.6486 0.084
vt 0.6175 0.0935
vt 0.6039 0.0554
vt 0.7358 0.0266
vt 0.7031 0.033
vt 0.7349 0.0223
vt 0.7021 0.0288
vt 0.7114 0.0683
vt 0.6801 0.0762
vt 0.801 0.0177
vt 0.7685 0.0215
vt 0.7678 0.0171
vt 0.8004 0.0133
vt 0.7747 0.0574
vt 0.743 0.0621
vt 0.8652 0.0121
vt 0.8333 0.0147
vt 0.8647 0.0077
vt 0.8328 0.0103
vt 0.838 0.0511
vt 0.8064 0.0538
vt 0.1078 0.7264
vt 0.1029 0.7579
vt 0.1034 0.7257
vt 0.0986 0.7568
vt 0.8969 0.0089
vt 0.9011 0.0457
vt 0.8695 0.0486
vt 0.896 0.0045
vt 0.1169 0.6626
vt 0.1122 0.6947
vt 0.1078 0.6939
vt 0.1126 0.6618
vt 0.1482 0.7014
vt 0.144 0.7327
vt 0.1289 0.5977
vt 0.1224 0.6302
vt 0.118 0.6293
vt 0.1246 0.5967
vt 0.1578 0.6384
vt 0.1526 0.6699
vt 0.1463 0.5328
vt 0.1369 0.5652
vt 0.1326 0.564
vt 0.1422 0.5314
vt 0.1641 0.6069
vt 0.1716 0.5755
vt 0.1698 0.469
vt 0.1572 0.5006
vt 0.1658 0.4673
vt 0.1531 0.4991
vt 0.191 0.5137
vt 0.1806 0.5444
vt 0.1994 0.4075
vt 0.1838 0.4379
vt 0.1956 0.4055
vt 0.1798 0.436
vt 0.2163 0.4538
vt 0.2029 0.4834
vt 0.2348 0.3491
vt 0.2164 0.3779
vt 0.2126 0.3756
vt 0.2312 0.3467
vt 0.2474 0.3966
vt 0.2311 0.4248
vt 0.2755 0.2942
vt 0.2545 0.3212
vt 0.2721 0.2915
vt 0.251 0.3186
vt 0.2836 0.3427
vt 0.2648 0.3692
vt 0.3207 0.2432
vt 0.2975 0.2681
vt 0.3176 0.2402
vt 0.2942 0.2653
vt 0.3246 0.2922
vt 0.3035 0.3169
vt 0.3704 0.1964
vt 0.345 0.2192
vt 0.3675 0.1931
vt 0.342 0.216
vt 0.3698 0.2455
vt 0.3466 0.2683
vt 0.424 0.1541
vt 0.3967 0.1746
vt 0.4215 0.1506
vt 0.394 0.1712
vt 0.4191 0.2031
vt 0.3939 0.2237
vt 0.4813 0.1168
vt 0.4521 0.1347
vt 0.4498 0.1311
vt 0.4791 0.113
vt 0.4719 0.1651
vt 0.445 0.1835
vt 0.5419 0.085
vt 0.5111 0.1001
vt 0.5091 0.0962
vt 0.54 0.081
vt 0.528 0.1322
vt 0.4995 0.1479
vt 0.5733 0.0713
vt 0.5716 0.0673
vt 0.587 0.1049
vt 0.5571 0.1177
vt 0.6816 0.0816
vt 0.6503 0.0894
vt 0.6194 0.0988
vt 0.653 0.0979
vt 0.6225 0.1073
vt 0.7442 0.0677
vt 0.7127 0.0738
vt 0.6839 0.09
vt 0.7149 0.0826
vt 0.8073 0.0594
vt 0.7757 0.063
vt 0.746 0.0764
vt 0.7774 0.0719
vt 0.8702 0.0543
vt 0.8388 0.0568
vt 0.8088 0.0683
vt 0.8402 0.0658
vt 0.1496 0.7337
vt 0.1451 0.7646
vt 0.1393 0.7641
vt 0.8713 0.0634
vt 0.9013 0.0514
vt 0.9016 0.0606
vt 0.1582 0.6712
vt 0.1538 0.7025
vt 0.1587 0.7353
vt 0.1628 0.7044
vt 0.1696 0.6084
vt 0.1633 0.6397
vt 0.167 0.6732
vt 0.1722 0.6419
vt 0.1859 0.5462
vt 0.1771 0.5772
vt 0.1782 0.6107
vt 0.1857 0.5798
vt 0.2081 0.4857
vt 0.1963 0.5157
vt 0.1943 0.5492
vt 0.2047 0.519
vt 0.2361 0.4275
vt 0.2214 0.4563
vt 0.2162 0.4893
vt 0.2295 0.4603
vt 0.2695 0.3723
vt 0.2522 0.3996
vt 0.2439 0.4318
vt 0.2599 0.4042
vt 0.3079 0.3205
vt 0.2882 0.346
vt 0.2769 0.3773
vt 0.2954 0.3513
vt 0.3507 0.2722
vt 0.3288 0.2959
vt 0.3148 0.3261
vt 0.3356 0.3019
vt 0.3976 0.228
vt 0.3737 0.2496
vt 0.3571 0.2784
vt 0.3799 0.2562
vt 0.4483 0.1881
vt 0.4225 0.2075
vt 0.4034 0.2347
vt 0.4281 0.2146
vt 0.5023 0.1528
vt 0.4749 0.1699
vt 0.4534 0.1953
vt 0.4798 0.1774
vt 0.5595 0.1228
vt 0.5306 0.1372
vt 0.5068 0.1605
vt 0.5348 0.1452
vt 0.5892 0.1101
vt 0.5633 0.1309
vt 0.5926 0.1184
vt 0.6265 0.1182
vt 0.6565 0.109
vt 0.687 0.1011
vt 0.7176 0.0939
vt 0.7485 0.0879
vt 0.7796 0.0836
vt 0.8108 0.0801
vt 0.8421 0.0777
vt 0.8731 0.0755
vt 0.9035 0.0727
vt 0.1706 0.7378
vt 0.1746 0.7069
vt 0.1786 0.6758
vt 0.1836 0.6447
vt 0.1896 0.6138
vt 0.1969 0.5832
vt 0.2055 0.553
vt 0.2156 0.5233
vt 0.227 0.494
vt 0.24 0.4654
vt 0.2542 0.4374
vt 0.2699 0.4103
vt 0.2867 0.3838
vt 0.3049 0.3583
vt 0.324 0.3334
vt 0.3443 0.3096
vt 0.3656 0.2866
vt 0.3879 0.2647
vt 0.4111 0.2437
vt 0.4353 0.2238
vt 0.4603 0.2049
vt 0.4862 0.1873
vt 0.5128 0.1707
vt 0.5402 0.1555
vt 0.5683 0.1416
vt 0.5971 0.1293
vt 0.66 0.1198
vt 0.69 0.1121
vt 0.6305 0.1291
vt 0.7508 0.0993
vt 0.7203 0.105
vt 0.7817 0.0948
vt 0.8127 0.0916
vt 0.844 0.0893
vt 0.8753 0.0873
vt 0.1662 0.768
vt 0.1823 0.7407
vt 0.1777 0.7716
vt 0.9064 0.0844
vt 0.19 0.6784
vt 0.186 0.7095
vt 0.2007 0.6168
vt 0.1948 0.6475
vt 0.2164 0.5567
vt 0.2079 0.5866
vt 0.2263 0.5274
vt 0.2376 0.4986
vt 0.2503 0.4704
vt 0.2643 0.4429
vt 0.2963 0.3902
vt 0.2797 0.4162
vt 0.3141 0.365
vt 0.333 0.3407
vt 0.3738 0.2946
vt 0.3529 0.3172
vt 0.4186 0.2524
vt 0.3957 0.273
vt 0.467 0.2143
vt 0.4424 0.2328
vt 0.5186 0.1806
vt 0.4924 0.1968
vt 0.5732 0.152
vt 0.5455 0.1656
vt 0.6015 0.1398
vt 0.6947 0.129
vt 0.6653 0.1366
vt 0.6984 0.143
vt 0.6696 0.1506
vt 0.6414 0.1595
vt 0.6365 0.1458
vt 0.7543 0.1167
vt 0.7243 0.1221
vt 0.757 0.1311
vt 0.7275 0.1364
vt 0.7847 0.1124
vt 0.8155 0.1095
vt 0.8174 0.1241
vt 0.787 0.127
vt 0.8783 0.1057
vt 0.8467 0.1072
vt 0.8802 0.1208
vt 0.8484 0.1221
vt 0.2005 0.7447
vt 0.1964 0.7769
vt 0.2154 0.7474
vt 0.2122 0.7797
vt 0.9126 0.1195
vt 0.9106 0.1034
vt 0.2037 0.7132
vt 0.2076 0.6821
vt 0.2221 0.6849
vt 0.2184 0.7157
vt 0.218 0.6213
vt 0.2121 0.6515
vt 0.2322 0.6249
vt 0.2265 0.6546
vt 0.2333 0.5624
vt 0.2248 0.5916
vt 0.2471 0.567
vt 0.239 0.5957
vt 0.2427 0.5337
vt 0.2539 0.5056
vt 0.2673 0.5113
vt 0.2565 0.5389
vt 0.28 0.4514
vt 0.2661 0.4781
vt 0.2928 0.4583
vt 0.2794 0.4845
vt 0.2948 0.4252
vt 0.3111 0.4
vt 0.3233 0.408
vt 0.3074 0.4328
vt 0.3283 0.3754
vt 0.3468 0.3518
vt 0.3582 0.3609
vt 0.3402 0.3841
vt 0.3661 0.3288
vt 0.3866 0.307
vt 0.3971 0.3171
vt 0.3771 0.3385
vt 0.4078 0.2858
vt 0.4302 0.2659
vt 0.4397 0.2769
vt 0.4179 0.2965
vt 0.4532 0.2466
vt 0.4773 0.2288
vt 0.4857 0.2406
vt 0.4623 0.2582
vt 0.5019 0.2117
vt 0.5275 0.196
vt 0.5348 0.2086
vt 0.5099 0.224
vt 0.5537 0.1813
vt 0.5807 0.1681
vt 0.5868 0.1814
vt 0.5605 0.1943
vt 0.6082 0.1561
vt 0.6138 0.1697
vt 0.7024 0.1584
vt 0.6743 0.1658
vt 0.707 0.1771
vt 0.6798 0.1843
vt 0.6531 0.1928
vt 0.6468 0.1745
vt 0.7308 0.152
vt 0.7598 0.1468
vt 0.7627 0.166
vt 0.7346 0.1709
vt 0.7892 0.1429
vt 0.8191 0.1401
vt 0.8205 0.1597
vt 0.7913 0.1622
vt 0.8497 0.1384
vt 0.881 0.1375
vt 0.8807 0.1578
vt 0.8502 0.1581
vt 0.2319 0.7491
vt 0.23 0.7813
vt 0.2521 0.75
vt 0.2518 0.7811
vt 0.9118 0.1592
vt 0.9132 0.1374
vt 0.2345 0.7179
vt 0.2379 0.6874
vt 0.2573 0.6899
vt 0.2542 0.7196
vt 0.2423 0.6577
vt 0.2478 0.6285
vt 0.2667 0.6326
vt 0.2615 0.6609
vt 0.2623 0.5719
vt 0.2544 0.5999
vt 0.2809 0.5776
vt 0.2732 0.6048
vt 0.2715 0.5444
vt 0.2821 0.5176
vt 0.3 0.525
vt 0.2898 0.551
vt 0.2939 0.4913
vt 0.3069 0.4658
vt 0.3241 0.4748
vt 0.3114 0.4996
vt 0.3366 0.4168
vt 0.3212 0.4409
vt 0.3528 0.4274
vt 0.3379 0.4508
vt 0.3706 0.3709
vt 0.3531 0.3935
vt 0.3857 0.383
vt 0.3688 0.4048
vt 0.4086 0.3282
vt 0.3891 0.3491
vt 0.4225 0.3416
vt 0.4037 0.3619
vt 0.4289 0.3081
vt 0.4501 0.289
vt 0.4627 0.3037
vt 0.4422 0.3222
vt 0.4721 0.2708
vt 0.495 0.2537
vt 0.5062 0.2695
vt 0.4841 0.2861
vt 0.5185 0.2375
vt 0.5429 0.2225
vt 0.5525 0.2393
vt 0.529 0.2538
vt 0.5678 0.2086
vt 0.5935 0.1959
vt 0.6016 0.2136
vt 0.5767 0.2258
vt 0.6198 0.1845
vt 0.6271 0.2026
vt 0.6974 0.2475
vt 0.7215 0.2411
vt 0.6739 0.2551
vt 0.7706 0.2321
vt 0.7459 0.236
vt 0.7956 0.2295
vt 0.8208 0.2281
vt 0.846 0.2283
vt 0.8711 0.23
vt 0.3245 0.7445
vt 0.3268 0.7694
vt 0.8958 0.2336
vt 0.3242 0.7194
vt 0.3254 0.6941
vt 0.3282 0.6691
vt 0.3322 0.6443
vt 0.3441 0.5958
vt 0.3376 0.6198
vt 0.3609 0.5491
vt 0.352 0.5722
vt 0.3823 0.5047
vt 0.3711 0.5267
vt 0.3946 0.4835
vt 0.4078 0.4628
vt 0.422 0.4428
vt 0.437 0.4234
vt 0.4529 0.4048
vt 0.4696 0.3869
vt 0.487 0.3698
vt 0.5052 0.3533
vt 0.5241 0.3378
vt 0.5437 0.3231
vt 0.5639 0.3093
vt 0.5847 0.2963
vt 0.6062 0.2844
vt 0.6282 0.2735
vt 0.6508 0.2637
vt 0.7315 0.2897
vt 0.71 0.2954
vt 0.7018 0.2633
vt 0.725 0.2571
vt 0.679 0.2707
vt 0.6889 0.3021
vt 0.7753 0.2816
vt 0.7532 0.2849
vt 0.7485 0.2522
vt 0.7724 0.2484
vt 0.82 0.2787
vt 0.7976 0.2793
vt 0.8208 0.2448
vt 0.7965 0.246
vt 0.8652 0.2818
vt 0.8426 0.2793
vt 0.845 0.2452
vt 0.869 0.2471
vt 0.3764 0.7415
vt 0.3794 0.7645
vt 0.3438 0.7669
vt 0.3416 0.7434
vt 0.8923 0.2505
vt 0.8879 0.2861
vt 0.3758 0.6962
vt 0.3751 0.7188
vt 0.3411 0.7193
vt 0.342 0.6951
vt 0.3813 0.6518
vt 0.3777 0.6739
vt 0.3446 0.6709
vt 0.3484 0.647
vt 0.392 0.6086
vt 0.3859 0.63
vt 0.3536 0.6234
vt 0.3599 0.6002
vt 0.4072 0.5669
vt 0.3989 0.5875
vt 0.3675 0.5775
vt 0.3762 0.5552
vt 0.4265 0.5272
vt 0.4162 0.5468
vt 0.386 0.5335
vt 0.3969 0.5123
vt 0.4496 0.4896
vt 0.4375 0.508
vt 0.4088 0.4917
vt 0.4215 0.4717
vt 0.476 0.4542
vt 0.4622 0.4715
vt 0.4353 0.4524
vt 0.4498 0.4337
vt 0.5054 0.4214
vt 0.4902 0.4374
vt 0.4814 0.3983
vt 0.4653 0.4157
vt 0.5375 0.3912
vt 0.521 0.4058
vt 0.4983 0.3817
vt 0.5159 0.3658
vt 0.5721 0.3638
vt 0.5544 0.377
vt 0.5342 0.3508
vt 0.5531 0.3365
vt 0.609 0.3397
vt 0.5902 0.3512
vt 0.5727 0.3232
vt 0.5929 0.3106
vt 0.648 0.3191
vt 0.6282 0.3288
vt 0.6136 0.2991
vt 0.6349 0.2885
vt 0.6682 0.3101
vt 0.6567 0.2791
vt 0.7319 0.292
vt 0.7106 0.2976
vt 0.6896 0.3043
vt 0.692 0.312
vt 0.7125 0.3053
vt 0.7535 0.2872
vt 0.7755 0.2839
vt 0.7335 0.2997
vt 0.7546 0.2952
vt 0.7976 0.2816
vt 0.8199 0.281
vt 0.7761 0.2918
vt 0.7978 0.2897
vt 0.8424 0.2816
vt 0.8648 0.2841
vt 0.8196 0.2889
vt 0.8415 0.2896
vt 0.3786 0.7413
vt 0.3816 0.764
vt 0.8634 0.292
vt 0.8849 0.2961
vt 0.8873 0.2883
vt 0.3781 0.6963
vt 0.3774 0.7187
vt 0.3866 0.7403
vt 0.3854 0.7183
vt 0.38 0.674
vt 0.3836 0.6521
vt 0.386 0.6964
vt 0.388 0.6747
vt 0.3882 0.6304
vt 0.3942 0.6091
vt 0.3915 0.6532
vt 0.3961 0.632
vt 0.4094 0.5678
vt 0.4011 0.5882
vt 0.4019 0.6112
vt 0.4088 0.5907
vt 0.4183 0.5477
vt 0.4286 0.5282
vt 0.4168 0.5706
vt 0.4257 0.551
vt 0.4515 0.4908
vt 0.4395 0.5092
vt 0.4357 0.5319
vt 0.4464 0.5132
vt 0.4641 0.4728
vt 0.4778 0.4557
vt 0.4582 0.4951
vt 0.4706 0.4775
vt 0.507 0.423
vt 0.4919 0.4389
vt 0.484 0.4606
vt 0.498 0.4442
vt 0.539 0.3929
vt 0.5226 0.4075
vt 0.5127 0.4285
vt 0.5281 0.4133
vt 0.5558 0.3788
vt 0.5734 0.3657
vt 0.5441 0.3989
vt 0.5607 0.3852
vt 0.6101 0.3417
vt 0.5914 0.3532
vt 0.578 0.3722
vt 0.5957 0.36
vt 0.6489 0.3212
vt 0.6292 0.3308
vt 0.614 0.3486
vt 0.6328 0.3381
vt 0.669 0.3123
vt 0.6521 0.3285
vt 0.6719 0.3197
vt 0.7389 0.3294
vt 0.7196 0.3347
vt 0.7007 0.3409
vt 0.778 0.322
vt 0.7583 0.3252
vt 0.8175 0.3193
vt 0.7977 0.32
vt 0.8568 0.3224
vt 0.8372 0.32
vt 0.4171 0.7353
vt 0.4204 0.7546
vt 0.3896 0.7619
vt 0.8759 0.3267
vt 0.4163 0.6961
vt 0.4159 0.7158
vt 0.4214 0.6568
vt 0.4183 0.6764
vt 0.4311 0.6184
vt 0.4258 0.6375
vt 0.445 0.5811
vt 0.4376 0.5995
vt 0.4626 0.5453
vt 0.4534 0.563
vt 0.4835 0.5112
vt 0.4727 0.5281
vt 0.5076 0.4792
vt 0.4952 0.495
vt 0.5343 0.4493
vt 0.5207 0.464
vt 0.5636 0.4218
vt 0.5487 0.4353
vt 0.5951 0.3969
vt 0.5791 0.4091
vt 0.6286 0.375
vt 0.6116 0.3856
vt 0.6639 0.3562
vt 0.646 0.3652
vt 0.6821 0.3481
vt 0.7705 0.4741
vt 0.7912 0.5337
vt 0.7483 0.4817
vt 0.7729 0.5404
vt 0.7927 0.4684
vt 0.8097 0.5282
vt 0.8146 0.4649
vt 0.8281 0.5235
vt 0.8358 0.4637
vt 0.8463 0.519
vt 0.5591 0.7139
vt 0.6163 0.7297
vt 0.6109 0.7477
vt 0.5569 0.7349
vt 0.5631 0.6924
vt 0.6217 0.7115
vt 0.5692 0.6705
vt 0.6278 0.6932
vt 0.5773 0.6487
vt 0.6349 0.6751
vt 0.5874 0.6271
vt 0.6432 0.6574
vt 0.5995 0.606
vt 0.653 0.6403
vt 0.6133 0.5857
vt 0.6641 0.6239
vt 0.6289 0.5664
vt 0.6766 0.6084
vt 0.646 0.5483
vt 0.6902 0.5939
vt 0.6645 0.5316
vt 0.705 0.5805
vt 0.6842 0.5165
vt 0.7208 0.5684
vt 0.7049 0.503
vt 0.7375 0.5576
vt 0.7263 0.4914
vt 0.7549 0.5482
vt 0.7495 0.4032
vt 0.7347 0.4077
vt 0.72 0.413
vt 0.7795 0.3966
vt 0.7645 0.3994
vt 0.8094 0.3936
vt 0.7945 0.3946
vt 0.8389 0.395
vt 0.8243 0.3937
vt 0.4897 0.7217
vt 0.4914 0.7359
vt 0.8531 0.3978
vt 0.4904 0.6925
vt 0.4895 0.7071
vt 0.4954 0.663
vt 0.4925 0.6777
vt 0.504 0.6336
vt 0.4993 0.6482
vt 0.5156 0.6048
vt 0.5094 0.6191
vt 0.5301 0.5769
vt 0.5225 0.5907
vt 0.5471 0.5501
vt 0.5383 0.5633
vt 0.5665 0.5246
vt 0.5565 0.5372
vt 0.5881 0.5008
vt 0.577 0.5125
vt 0.6115 0.4788
vt 0.5996 0.4895
vt 0.6367 0.4588
vt 0.6239 0.4685
vt 0.6633 0.441
vt 0.6498 0.4495
vt 0.6912 0.4256
vt 0.6771 0.433
vt 0.7055 0.4189
vt 0.7031 0.8569
vt 0.6751 0.8529
vt 0.6725 0.8308
vt 0.6974 0.8319
vt 0.7287 0.8542
vt 0.7209 0.8309
vt 0.7549 0.852
vt 0.7431 0.829
vt 0.7803 0.8462
vt 0.7622 0.824
vt 0.3269 0.8493
vt 0.3011 0.8433
vt 0.3193 0.8218
vt 0.3385 0.8264
vt 0.3538 0.8506
vt 0.3609 0.8273
vt 0.3805 0.8504
vt 0.3849 0.827
vt 0.4072 0.8498
vt 0.4099 0.8264
vt 0.4337 0.8491
vt 0.4355 0.8258
vt 0.4603 0.8487
vt 0.4614 0.8254
vt 0.4869 0.8483
vt 0.4877 0.8251
vt 0.5135 0.8482
vt 0.5142 0.825
vt 0.5403 0.8483
vt 0.5407 0.8251
vt 0.5671 0.8486
vt 0.5674 0.8256
vt 0.594 0.8494
vt 0.594 0.8263
vt 0.6209 0.8505
vt 0.6205 0.8272
vt 0.6477 0.8525
vt 0.6467 0.8282
vt 0.6769 0.9062
vt 0.7054 0.907
vt 0.6767 0.9141
vt 0.705 0.9148
vt 0.7343 0.9062
vt 0.7338 0.9139
vt 0.7636 0.9049
vt 0.7627 0.9129
vt 0.7921 0.9042
vt 0.7913 0.9129
vt 0.2872 0.9015
vt 0.3159 0.9022
vt 0.2877 0.9102
vt 0.3163 0.9103
vt 0.3451 0.9031
vt 0.3452 0.9109
vt 0.3739 0.9035
vt 0.3738 0.9114
vt 0.4022 0.9036
vt 0.402 0.9115
vt 0.43 0.9035
vt 0.4299 0.9115
vt 0.4576 0.9033
vt 0.4574 0.9114
vt 0.4849 0.9032
vt 0.4847 0.9113
vt 0.5121 0.9031
vt 0.512 0.9112
vt 0.5393 0.9032
vt 0.5392 0.9113
vt 0.5665 0.9035
vt 0.5664 0.9116
vt 0.5938 0.9041
vt 0.5936 0.9121
vt 0.6212 0.9049
vt 0.6211 0.9129
vt 0.6489 0.9058
vt 0.6487 0.9138
vt 0.7041 0.9247
vt 0.676 0.924
vt 0.7326 0.9239
vt 0.7615 0.9231
vt 0.7908 0.9241
vt 0.317 0.9205
vt 0.2876 0.9214
vt 0.3459 0.921
vt 0.3743 0.9215
vt 0.4023 0.9217
vt 0.43 0.9217
vt 0.4574 0.9217
vt 0.4847 0.9216
vt 0.5119 0.9216
vt 0.539 0.9217
vt 0.5662 0.9219
vt 0.5934 0.9225
vt 0.6207 0.9232
vt 0.6482 0.9241
vt 0.7053 0.8913
vt 0.677 0.8896
vt 0.7344 0.8903
vt 0.7641 0.8883
vt 0.7948 0.8851
vt 0.2858 0.882
vt 0.3161 0.8854
vt 0.346 0.8869
vt 0.375 0.8873
vt 0.4032 0.8871
vt 0.4308 0.8868
vt 0.4582 0.8865
vt 0.4853 0.8863
vt 0.5124 0.8862
vt 0.5395 0.8863
vt 0.5667 0.8866
vt 0.5939 0.8872
vt 0.6213 0.8881
vt 0.6489 0.8896
vt 0.7034 0.9298
vt 0.7024 0.9355
vt 0.6755 0.9292
vt 0.6748 0.935
vt 0.7316 0.929
vt 0.7304 0.9347
vt 0.7604 0.9283
vt 0.7587 0.9339
vt 0.7898 0.9295
vt 0.7877 0.9352
vt 0.3179 0.9257
vt 0.3194 0.9314
vt 0.2885 0.9268
vt 0.2905 0.9326
vt 0.3466 0.9262
vt 0.3477 0.9319
vt 0.3748 0.9267
vt 0.3755 0.9324
vt 0.4026 0.9269
vt 0.4031 0.9327
vt 0.4301 0.927
vt 0.4305 0.9328
vt 0.4575 0.927
vt 0.4577 0.9328
vt 0.4847 0.9269
vt 0.4848 0.9328
vt 0.5118 0.9269
vt 0.5119 0.9328
vt 0.5389 0.927
vt 0.5389 0.9329
vt 0.566 0.9273
vt 0.5659 0.9331
vt 0.5932 0.9278
vt 0.593 0.9336
vt 0.6205 0.9285
vt 0.6201 0.9343
vt 0.6478 0.9294
vt 0.6474 0.9352
vt 0.7003 0.9499
vt 0.6732 0.95
vt 0.7273 0.9492
vt 0.7541 0.9486
vt 0.7802 0.9502
vt 0.3235 0.9463
vt 0.2975 0.948
vt 0.3503 0.9466
vt 0.3773 0.9472
vt 0.4043 0.9475
vt 0.4313 0.9477
vt 0.4582 0.9478
vt 0.4851 0.9479
vt 0.5119 0.9479
vt 0.5387 0.948
vt 0.5655 0.9483
vt 0.5924 0.9487
vt 0.6192 0.9493
vt 0.6462 0.9497
vt 0.6726 0.9536
vt 0.6994 0.9535
vt 0.7262 0.9527
vt 0.7528 0.9522
vt 0.7785 0.9537
vt 0.2991 0.9515
vt 0.3248 0.9499
vt 0.3514 0.9502
vt 0.3781 0.9508
vt 0.4049 0.9511
vt 0.4317 0.9514
vt 0.4584 0.9515
vt 0.4852 0.9515
vt 0.5119 0.9516
vt 0.5387 0.9517
vt 0.5654 0.9519
vt 0.5922 0.9524
vt 0.619 0.9529
vt 0.6457 0.9534
vt 0.6972 0.9725
vt 0.6708 0.9726
vt 0.6716 0.9649
vt 0.6981 0.9648
vt 0.7234 0.9719
vt 0.7246 0.9641
vt 0.7495 0.9716
vt 0.7507 0.9638
vt 0.7755 0.9737
vt 0.7759 0.9657
vt 0.3279 0.9693
vt 0.3019 0.9715
vt 0.3015 0.9635
vt 0.3268 0.9615
vt 0.354 0.9694
vt 0.3529 0.9616
vt 0.3801 0.9699
vt 0.3793 0.9621
vt 0.4064 0.9703
vt 0.4057 0.9625
vt 0.4327 0.9706
vt 0.4323 0.9628
vt 0.4591 0.9707
vt 0.4588 0.9629
vt 0.4856 0.9708
vt 0.4854 0.963
vt 0.512 0.9709
vt 0.512 0.9631
vt 0.5385 0.971
vt 0.5386 0.9632
vt 0.565 0.9712
vt 0.5652 0.9634
vt 0.5915 0.9716
vt 0.5918 0.9638
vt 0.618 0.9721
vt 0.6184 0.9644
vt 0.6444 0.9726
vt 0.645 0.9648
vt 0.6958 0.9938
vt 0.6698 0.994
vt 0.696 0.9838
vt 0.67 0.9839
vt 0.7214 0.9932
vt 0.7219 0.9832
vt 0.7463 0.9929
vt 0.7476 0.9829
vt 0.7699 0.9948
vt 0.7732 0.985
vt 0.331 0.9907
vt 0.3074 0.9927
vt 0.3042 0.9828
vt 0.3298 0.9806
vt 0.3559 0.9908
vt 0.3554 0.9807
vt 0.3814 0.9912
vt 0.3811 0.9812
vt 0.4072 0.9916
vt 0.4071 0.9816
vt 0.4333 0.9918
vt 0.4332 0.9819
vt 0.4595 0.992
vt 0.4594 0.982
vt 0.4858 0.992
vt 0.4857 0.9821
vt 0.512 0.9921
vt 0.5121 0.9822
vt 0.5383 0.9922
vt 0.5384 0.9823
vt 0.5646 0.9924
vt 0.5648 0.9825
vt 0.5909 0.9928
vt 0.5911 0.9829
vt 0.6172 0.9933
vt 0.6175 0.9835
vt 0.6435 0.9936
vt 0.6438 0.9839
vt 0.1607 0.3236
vt 0.0081 0.3276
vt 0.009 0.3064
vt 0.0085 0.3489
vt 0.1612 0.3462
vt 0.0103 0.37
vt 0.0135 0.391
vt 0.1643 0.3686
vt 0.018 0.4118
vt 0.0239 0.4322
vt 0.1707 0.3902
vt 0.0312 0.4522
vt 0.0397 0.4716
vt 0.1797 0.4109
vt 0.0495 0.4905
vt 0.3992 0.0128
vt 0.3626 0.161
vt 0.3782 0.0091
vt 0.3571 0.0069
vt 0.3402 0.1586
vt 0.3359 0.006
vt 0.3146 0.0065
vt 0.3177 0.1591
vt 0.2935 0.0084
vt 0.2725 0.0117
vt 0.2954 0.1626
vt 0.2518 0.0163
vt 0.2314 0.0223
vt 0.2737 0.1689
vt 0.2114 0.0296
vt 0.192 0.0382
vt 0.2531 0.1781
vt 0.1732 0.048
vt 0.155 0.0591
vt 0.2339 0.1898
vt 0.1376 0.0713
vt 0.1211 0.0846
vt 0.2163 0.2039
vt 0.1054 0.099
vt 0.0908 0.1144
vt 0.2007 0.2203
vt 0.0771 0.1307
vt 0.0646 0.1478
vt 0.1874 0.2385
vt 0.0532 0.1657
vt 0.043 0.1844
vt 0.1766 0.2583
vt 0.034 0.2036
vt 0.0264 0.2234
vt 0.1684 0.2793
vt 0.02 0.2437
vt 0.015 0.2644
vt 0.1631 0.3012
vt 0.0113 0.2853
vt 0.937 0.8334
vt 0.9174 0.8449
vt 0.916 0.8418
vt 0.9351 0.8307
vt 0.9521 0.8165
vt 0.9025 0.7745
vt 0.9545 0.8188
vt 0.8959 0.8526
vt 0.8735 0.8564
vt 0.8732 0.8531
vt 0.8951 0.8493
vt 0.8837 0.7854
vt 0.8507 0.8564
vt 0.8283 0.8525
vt 0.8292 0.8492
vt 0.851 0.8531
vt 0.8622 0.7892
vt 0.8069 0.8447
vt 0.7872 0.8333
vt 0.8084 0.8416
vt 0.7891 0.8305
vt 0.8407 0.7854
vt 0.7698 0.8187
vt 0.7552 0.8012
vt 0.7722 0.8163
vt 0.7579 0.7993
vt 0.8218 0.7745
vt 0.7438 0.7815
vt 0.736 0.7601
vt 0.7468 0.7801
vt 0.7393 0.7592
vt 0.8078 0.7578
vt 0.7321 0.7377
vt 0.7321 0.715
vt 0.7354 0.7152
vt 0.7354 0.7374
vt 0.8003 0.7373
vt 0.7361 0.6925
vt 0.7439 0.6712
vt 0.7469 0.6726
vt 0.7393 0.6934
vt 0.8002 0.7155
vt 0.7552 0.6515
vt 0.7699 0.634
vt 0.7722 0.6364
vt 0.758 0.6534
vt 0.8077 0.695
vt 0.7873 0.6194
vt 0.807 0.6081
vt 0.8084 0.6111
vt 0.7892 0.6222
vt 0.8217 0.6783
vt 0.8284 0.6003
vt 0.8508 0.5963
vt 0.8293 0.6035
vt 0.8511 0.5997
vt 0.8406 0.6674
vt 0.8736 0.5963
vt 0.896 0.6003
vt 0.8733 0.5997
vt 0.8951 0.6035
vt 0.8621 0.6635
vt 0.9174 0.6081
vt 0.9371 0.6195
vt 0.9159 0.6111
vt 0.9351 0.6222
vt 0.8836 0.6673
vt 0.9545 0.6341
vt 0.9691 0.6516
vt 0.9664 0.6535
vt 0.9521 0.6365
vt 0.9025 0.6782
vt 0.9805 0.6713
vt 0.9882 0.6927
vt 0.9774 0.6727
vt 0.985 0.6935
vt 0.9165 0.6949
vt 0.9922 0.7151
vt 0.9922 0.7378
vt 0.9888 0.7376
vt 0.9889 0.7154
vt 0.924 0.7154
vt 0.9882 0.7603
vt 0.9805 0.7817
vt 0.9774 0.7803
vt 0.985 0.7594
vt 0.924 0.7373
vt 0.9692 0.8014
vt 0.9664 0.7995
vt 0.9167 0.7578
vt 0.8807 0.7775
vt 0.8972 0.7682
vt 0.8621 0.7808
vt 0.8435 0.7775
vt 0.8271 0.768
vt 0.815 0.7535
vt 0.8086 0.7358
vt 0.8086 0.7169
vt 0.8151 0.6991
vt 0.8272 0.6847
vt 0.8436 0.6752
vt 0.8622 0.672
vt 0.8808 0.6753
vt 0.8972 0.6848
vt 0.9093 0.6992
vt 0.9157 0.717
vt 0.9157 0.7359
vt 0.9092 0.7536
vt 0.8954 0.766
vt 0.8798 0.7749
vt 0.8786 0.7715
vt 0.8931 0.7633
vt 0.8621 0.778
vt 0.8621 0.7744
vt 0.8445 0.7749
vt 0.8457 0.7715
vt 0.829 0.7659
vt 0.8313 0.7632
vt 0.8174 0.7522
vt 0.8205 0.7504
vt 0.8113 0.7353
vt 0.8148 0.7347
vt 0.8113 0.7174
vt 0.8148 0.718
vt 0.8174 0.7006
vt 0.8206 0.7024
vt 0.829 0.6868
vt 0.8313 0.6896
vt 0.8445 0.6779
vt 0.8457 0.6812
vt 0.8622 0.6748
vt 0.8622 0.6784
vt 0.8798 0.6779
vt 0.8786 0.6813
vt 0.8953 0.6869
vt 0.893 0.6896
vt 0.9069 0.7006
vt 0.9037 0.7024
vt 0.913 0.7174
vt 0.9094 0.7181
vt 0.913 0.7354
vt 0.9094 0.7347
vt 0.9068 0.7522
vt 0.9036 0.7504
vt 0.8857 0.7545
vt 0.8746 0.7607
vt 0.8846 0.7532
vt 0.8741 0.7592
vt 0.8621 0.7628
vt 0.8621 0.7612
vt 0.8497 0.7606
vt 0.8502 0.7591
vt 0.8387 0.7543
vt 0.8397 0.7531
vt 0.8306 0.7446
vt 0.8319 0.7438
vt 0.8262 0.7327
vt 0.8278 0.7324
vt 0.8262 0.72
vt 0.8278 0.7203
vt 0.8306 0.7081
vt 0.832 0.7089
vt 0.8387 0.6984
vt 0.8398 0.6996
vt 0.8497 0.6921
vt 0.8503 0.6936
vt 0.8622 0.6899
vt 0.8622 0.6915
vt 0.8746 0.6921
vt 0.8741 0.6936
vt 0.8856 0.6985
vt 0.8846 0.6997
vt 0.8937 0.7082
vt 0.8923 0.709
vt 0.898 0.7201
vt 0.8965 0.7204
vt 0.898 0.7327
vt 0.8965 0.7325
vt 0.8936 0.7446
vt 0.8922 0.7438
vt 0.2136 0.8473
vt 0.2274 0.8475
vt 0.2138 0.8501
vt 0.2279 0.8503
vt 0.2411 0.8475
vt 0.2418 0.8503
vt 0.2544 0.847
vt 0.2555 0.8498
vt 0.267 0.8456
vt 0.2685 0.8481
vt 0.0207 0.8416
vt 0.0332 0.844
vt 0.0319 0.8467
vt 0.0189 0.8439
vt 0.0465 0.8453
vt 0.0456 0.8481
vt 0.0602 0.8461
vt 0.0595 0.8489
vt 0.0741 0.8466
vt 0.0736 0.8494
vt 0.088 0.8469
vt 0.0876 0.8497
vt 0.102 0.8471
vt 0.1017 0.8499
vt 0.116 0.8472
vt 0.1157 0.8499
vt 0.13 0.8472
vt 0.1298 0.85
vt 0.144 0.8471
vt 0.1438 0.8499
vt 0.1579 0.8471
vt 0.1578 0.8499
vt 0.1718 0.8471
vt 0.1718 0.8499
vt 0.1858 0.8471
vt 0.1859 0.8499
vt 0.1997 0.8472
vt 0.1998 0.85
vt 0.2149 0.8635
vt 0.2298 0.8642
vt 0.2149 0.8658
vt 0.2299 0.8665
vt 0.2452 0.8641
vt 0.2455 0.8664
vt 0.2612 0.8633
vt 0.2617 0.8655
vt 0.2778 0.8599
vt 0.2786 0.862
vt 0.009 0.8552
vt 0.0252 0.8597
vt 0.0245 0.8619
vt 0.0081 0.8573
vt 0.0411 0.8616
vt 0.0407 0.8638
vt 0.0565 0.8626
vt 0.0563 0.8648
vt 0.0715 0.8631
vt 0.0714 0.8654
vt 0.0862 0.8635
vt 0.0861 0.8658
vt 0.1007 0.8638
vt 0.1006 0.866
vt 0.115 0.8639
vt 0.1149 0.8662
vt 0.1292 0.8639
vt 0.1292 0.8662
vt 0.1434 0.8639
vt 0.1434 0.8662
vt 0.1576 0.8638
vt 0.1575 0.8662
vt 0.1717 0.8639
vt 0.1717 0.8662
vt 0.186 0.8638
vt 0.186 0.8661
vt 0.2004 0.8645
vt 0.2003 0.8668
vt 0.2112 0.9108
vt 0.226 0.9118
vt 0.2255 0.9141
vt 0.211 0.9131
vt 0.2414 0.9123
vt 0.2407 0.9145
vt 0.2574 0.9142
vt 0.2563 0.9162
vt 0.2734 0.9196
vt 0.2718 0.9214
vt 0.0083 0.916
vt 0.0246 0.9115
vt 0.0256 0.9136
vt 0.0097 0.9179
vt 0.0406 0.9105
vt 0.0412 0.9127
vt 0.0559 0.9105
vt 0.0562 0.9128
vt 0.0707 0.9109
vt 0.0708 0.9133
vt 0.085 0.9114
vt 0.0851 0.9138
vt 0.0992 0.9118
vt 0.0992 0.9142
vt 0.1132 0.9121
vt 0.1132 0.9145
vt 0.1271 0.9122
vt 0.127 0.9146
vt 0.1409 0.9123
vt 0.1409 0.9147
vt 0.1548 0.9122
vt 0.1547 0.9146
vt 0.1687 0.9122
vt 0.1686 0.9146
vt 0.1827 0.9116
vt 0.1826 0.9139
vt 0.1969 0.9129
vt 0.1967 0.9152
vt 0.2079 0.9305
vt 0.2211 0.9303
vt 0.221 0.9353
vt 0.2078 0.9355
vt 0.234 0.9304
vt 0.2338 0.9355
vt 0.2466 0.9311
vt 0.2461 0.9364
vt 0.2582 0.9331
vt 0.2578 0.938
vt 0.0226 0.9305
vt 0.0345 0.9294
vt 0.0347 0.9347
vt 0.0228 0.9355
vt 0.047 0.9292
vt 0.0471 0.9343
vt 0.06 0.9294
vt 0.06 0.9344
vt 0.0732 0.9299
vt 0.0731 0.9348
vt 0.0865 0.9303
vt 0.0864 0.9352
vt 0.1 0.9307
vt 0.0999 0.9356
vt 0.1135 0.931
vt 0.1134 0.9359
vt 0.127 0.9312
vt 0.1269 0.936
vt 0.1405 0.9313
vt 0.1405 0.9361
vt 0.1541 0.9312
vt 0.1541 0.9361
vt 0.1676 0.9311
vt 0.1676 0.9359
vt 0.1811 0.9308
vt 0.1811 0.9357
vt 0.1945 0.9306
vt 0.1945 0.9355
vt 0.2103 0.9719
vt 0.2247 0.9717
vt 0.2244 0.9786
vt 0.2102 0.9789
vt 0.2241 0.9857
vt 0.2101 0.986
vt 0.2393 0.9717
vt 0.2388 0.9785
vt 0.238 0.9854
vt 0.2544 0.972
vt 0.2535 0.9787
vt 0.2519 0.9856
vt 0.27 0.9729
vt 0.2683 0.98
vt 0.2657 0.987
vt 0.0104 0.971
vt 0.0258 0.9704
vt 0.0117 0.9782
vt 0.0267 0.9771
vt 0.0281 0.984
vt 0.0143 0.9852
vt 0.0409 0.9704
vt 0.0413 0.9772
vt 0.042 0.9842
vt 0.0555 0.9708
vt 0.0557 0.9777
vt 0.0559 0.9848
vt 0.0699 0.9714
vt 0.0698 0.9784
vt 0.0699 0.9854
vt 0.0841 0.972
vt 0.0839 0.979
vt 0.0839 0.9861
vt 0.0981 0.9725
vt 0.098 0.9795
vt 0.0979 0.9866
vt 0.1121 0.9728
vt 0.112 0.9799
vt 0.1119 0.987
vt 0.1261 0.9731
vt 0.126 0.9801
vt 0.126 0.9872
vt 0.1401 0.9732
vt 0.1401 0.9802
vt 0.14 0.9873
vt 0.1541 0.9731
vt 0.1541 0.9801
vt 0.1541 0.9873
vt 0.168 0.9729
vt 0.1681 0.9799
vt 0.1681 0.9871
vt 0.182 0.9727
vt 0.1821 0.9797
vt 0.1821 0.9868
vt 0.1961 0.9725
vt 0.1961 0.9794
vt 0.1961 0.9865
vt 0.2239 0.993
vt 0.2101 0.9933
vt 0.0775 0.6005
vt 0.0733 0.5889
vt 0.0882 0.5943
vt 0.0803 0.5849
vt 0.2374 0.9928
vt 0.0653 0.6027
vt 0.0653 0.5903
vt 0.2505 0.9929
vt 0.0531 0.6005
vt 0.0573 0.5889
vt 0.2626 0.9942
vt 0.0423 0.5943
vt 0.0502 0.5849
vt 0.0293 0.9915
vt 0.0172 0.9926
vt 0.0344 0.5848
vt 0.045 0.5787
vt 0.0424 0.9917
vt 0.0301 0.5732
vt 0.0423 0.571
vt 0.056 0.9921
vt 0.0301 0.5608
vt 0.0423 0.5629
vt 0.0698 0.9927
vt 0.0344 0.5491
vt 0.045 0.5553
vt 0.0837 0.9933
vt 0.0423 0.5396
vt 0.0502 0.5491
vt 0.0977 0.9938
vt 0.0531 0.5334
vt 0.0573 0.545
vt 0.1118 0.9942
vt 0.0653 0.5313
vt 0.0653 0.5436
vt 0.1259 0.9945
vt 0.0775 0.5334
vt 0.0733 0.545
vt 0.14 0.9946
vt 0.0882 0.5396
vt 0.0803 0.5491
vt 0.1541 0.9945
vt 0.0962 0.5491
vt 0.0855 0.5553
vt 0.1682 0.9943
vt 0.1004 0.5608
vt 0.0883 0.5629
vt 0.1822 0.9941
vt 0.1004 0.5732
vt 0.0883 0.571
vt 0.1962 0.9938
vt 0.0962 0.5848
vt 0.0855 0.5787
vt 0.2131 0.8327
vt 0.2268 0.8329
vt 0.2134 0.8417
vt 0.2271 0.8419
vt 0.2405 0.8328
vt 0.2406 0.8418
vt 0.2543 0.832
vt 0.2538 0.8411
vt 0.2685 0.8309
vt 0.2664 0.8399
vt 0.0205 0.8266
vt 0.0345 0.8288
vt 0.0218 0.8359
vt 0.0342 0.8382
vt 0.0482 0.8306
vt 0.0473 0.8397
vt 0.0618 0.8317
vt 0.0609 0.8406
vt 0.0755 0.8323
vt 0.0746 0.8411
vt 0.0893 0.8326
vt 0.0885 0.8415
vt 0.103 0.8328
vt 0.1024 0.8416
vt 0.1168 0.8329
vt 0.1163 0.8417
vt 0.1306 0.8329
vt 0.1302 0.8417
vt 0.1444 0.8328
vt 0.1441 0.8417
vt 0.1582 0.8328
vt 0.158 0.8417
vt 0.172 0.8328
vt 0.1719 0.8416
vt 0.1857 0.8327
vt 0.1857 0.8416
vt 0.1995 0.8327
vt 0.1996 0.8417
vt 0.1542 0.7654
vt 0.4198 0.0178
vt 0.3845 0.1663
vt 0.9187 0.8478
vt 0.9389 0.8361
vt 0.9568 0.8211
vt 0.8738 0.8597
vt 0.8968 0.8557
vt 0.8275 0.8556
vt 0.8505 0.8597
vt 0.7854 0.836
vt 0.8055 0.8477
vt 0.7525 0.8031
vt 0.7675 0.821
vt 0.7329 0.761
vt 0.7408 0.7829
vt 0.7288 0.7147
vt 0.7288 0.738
vt 0.7409 0.6698
vt 0.7329 0.6917
vt 0.7676 0.6317
vt 0.7525 0.6496
vt 0.8056 0.6051
vt 0.7854 0.6167
vt 0.8505 0.5931
vt 0.8275 0.5971
vt 0.8968 0.5971
vt 0.8739 0.5931
vt 0.9389 0.6168
vt 0.9187 0.6051
vt 0.9718 0.6497
vt 0.9568 0.6318
vt 0.9914 0.6918
vt 0.9835 0.6699
vt 0.9954 0.7381
vt 0.9955 0.7148
vt 0.9834 0.783
vt 0.9914 0.7611
vt 0.9719 0.8033
vt 0.2295 0.8615
vt 0.2147 0.8608
vt 0.2446 0.8615
vt 0.2602 0.8608
vt 0.2763 0.8576
vt 0.0264 0.8573
vt 0.0107 0.853
vt 0.0419 0.859
vt 0.057 0.8599
vt 0.0719 0.8604
vt 0.0865 0.8608
vt 0.1009 0.861
vt 0.1151 0.8611
vt 0.1293 0.8611
vt 0.1435 0.8611
vt 0.1576 0.8611
vt 0.1718 0.8611
vt 0.186 0.8611
vt 0.2003 0.8617
vt 0.2264 0.9093
vt 0.2114 0.9083
vt 0.242 0.9099
vt 0.2583 0.9119
vt 0.2744 0.9173
vt 0.024 0.9091
vt 0.0073 0.9137
vt 0.0402 0.908
vt 0.0557 0.908
vt 0.0706 0.9084
vt 0.085 0.9089
vt 0.0992 0.9093
vt 0.1132 0.9096
vt 0.1271 0.9097
vt 0.1409 0.9098
vt 0.1548 0.9097
vt 0.1687 0.9097
vt 0.1829 0.909
vt 0.197 0.9104
vt 0.2216 0.9285
vt 0.2084 0.9287
vt 0.2347 0.9286
vt 0.2474 0.9293
vt 0.2595 0.9316
vt 0.0337 0.9276
vt 0.0216 0.9288
vt 0.0464 0.9274
vt 0.0595 0.9276
vt 0.0728 0.928
vt 0.0863 0.9285
vt 0.0998 0.9289
vt 0.1134 0.9292
vt 0.127 0.9294
vt 0.1406 0.9294
vt 0.1542 0.9294
vt 0.1678 0.9292
vt 0.1812 0.929
vt 0.1949 0.9288
vt 0.2243 0.9574
vt 0.2099 0.9574
vt 0.2388 0.9576
vt 0.2536 0.9581
vt 0.2689 0.958
vt 0.0267 0.9564
vt 0.0117 0.9562
vt 0.0417 0.9562
vt 0.0562 0.9565
vt 0.0705 0.957
vt 0.0846 0.9574
vt 0.0986 0.9579
vt 0.1125 0.9582
vt 0.1264 0.9584
vt 0.1402 0.9585
vt 0.154 0.9585
vt 0.1679 0.9583
vt 0.1818 0.9581
vt 0.1958 0.958
vt 0.7052 0.8809
vt 0.6768 0.8789
vt 0.6763 0.8677
vt 0.7054 0.8698
vt 0.7338 0.8799
vt 0.7324 0.8688
vt 0.7633 0.8776
vt 0.7604 0.8666
vt 0.7937 0.8731
vt 0.7897 0.8611
vt 0.3179 0.8748
vt 0.2871 0.8701
vt 0.2918 0.8583
vt 0.321 0.8638
vt 0.3476 0.8764
vt 0.35 0.8654
vt 0.3762 0.8767
vt 0.378 0.8654
vt 0.4041 0.8764
vt 0.4054 0.865
vt 0.4316 0.876
vt 0.4325 0.8645
vt 0.4587 0.8756
vt 0.4594 0.8641
vt 0.4857 0.8753
vt 0.4862 0.8638
vt 0.5127 0.8752
vt 0.5131 0.8636
vt 0.5397 0.8753
vt 0.54 0.8637
vt 0.5668 0.8756
vt 0.5669 0.864
vt 0.5939 0.8762
vt 0.5939 0.8647
vt 0.6212 0.8772
vt 0.621 0.8658
vt 0.6488 0.8789
vt 0.6484 0.8675
vt 0.6965 0.9782
vt 0.6703 0.9782
vt 0.7226 0.9775
vt 0.7486 0.9772
vt 0.7747 0.9794
vt 0.3288 0.975
vt 0.3027 0.9772
vt 0.3547 0.975
vt 0.3807 0.9756
vt 0.4068 0.976
vt 0.433 0.9762
vt 0.4593 0.9764
vt 0.4857 0.9765
vt 0.512 0.9765
vt 0.5385 0.9766
vt 0.5649 0.9769
vt 0.5913 0.9773
vt 0.6177 0.9778
vt 0.6441 0.9783
vt 0.8101 0.5794
vt 0.7938 0.5849
vt 0.8271 0.5745
vt 0.8447 0.5697
vt 0.8625 0.5643
vt 0.6614 0.7482
vt 0.6552 0.7657
vt 0.6669 0.7308
vt 0.6725 0.7139
vt 0.6787 0.6976
vt 0.6857 0.6822
vt 0.6937 0.6675
vt 0.7029 0.6538
vt 0.7132 0.641
vt 0.7244 0.629
vt 0.7366 0.618
vt 0.7497 0.6081
vt 0.7636 0.5993
vt 0.7784 0.5917
vt 0.2125 0.8012
vt 0.2255 0.8023
vt 0.2259 0.8145
vt 0.2126 0.8139
vt 0.2382 0.8024
vt 0.2395 0.8146
vt 0.2507 0.8018
vt 0.2533 0.814
vt 0.2628 0.8001
vt 0.2673 0.8122
vt 0.0291 0.7965
vt 0.041 0.7991
vt 0.0234 0.808
vt 0.0372 0.8109
vt 0.0535 0.8005
vt 0.0508 0.8125
vt 0.0663 0.8014
vt 0.0643 0.8135
vt 0.0792 0.8019
vt 0.0777 0.8141
vt 0.0922 0.8022
vt 0.091 0.8144
vt 0.1054 0.8024
vt 0.1045 0.8146
vt 0.1187 0.8025
vt 0.118 0.8146
vt 0.132 0.8025
vt 0.1315 0.8146
vt 0.1454 0.8024
vt 0.145 0.8145
vt 0.1589 0.8023
vt 0.1586 0.8145
vt 0.1724 0.8022
vt 0.1722 0.8144
vt 0.1859 0.802
vt 0.1858 0.8142
vt 0.1994 0.8017
vt 0.1993 0.8141
vt 0.2257 0.7977
vt 0.2136 0.797
vt 0.2379 0.7978
vt 0.2501 0.7972
vt 0.2619 0.7956
vt 0.0303 0.792
vt 0.042 0.7946
vt 0.0542 0.796
vt 0.0667 0.7969
vt 0.0795 0.7974
vt 0.0924 0.7977
vt 0.1056 0.7979
vt 0.1188 0.798
vt 0.1321 0.798
vt 0.1454 0.798
vt 0.1589 0.7979
vt 0.1723 0.7978
vt 0.1859 0.7976
vt 0.1994 0.7973
vt 0.2264 0.8242
vt 0.2128 0.8238
vt 0.2402 0.8241
vt 0.2544 0.8234
vt 0.269 0.822
vt 0.0353 0.8202
vt 0.0207 0.8176
vt 0.0492 0.822
vt 0.0629 0.823
vt 0.0765 0.8236
vt 0.0901 0.824
vt 0.1037 0.8242
vt 0.1173 0.8242
vt 0.131 0.8242
vt 0.1447 0.8242
vt 0.1584 0.8241
vt 0.1721 0.824
vt 0.1857 0.8239
vt 0.1993 0.8239
vt 0.2246 0.9651
vt 0.2102 0.9652
vt 0.2393 0.9651
vt 0.2546 0.9655
vt 0.2701 0.966
vt 0.0259 0.9639
vt 0.0101 0.9641
vt 0.041 0.9638
vt 0.0557 0.9642
vt 0.0701 0.9647
vt 0.0843 0.9652
vt 0.0983 0.9657
vt 0.1123 0.9661
vt 0.1262 0.9663
vt 0.1401 0.9664
vt 0.154 0.9663
vt 0.168 0.9661
vt 0.182 0.9659
vt 0.1961 0.9657
vt 0.0653 0.567
vt 0.9733 0.9689
vt 0.9645 0.9763
vt 0.9807 0.9601
vt 0.9545 0.9821
vt 0.9437 0.986
vt 0.9323 0.988
vt 0.9208 0.988
vt 0.9095 0.986
vt 0.8987 0.982
vt 0.8887 0.9763
vt 0.8799 0.9689
vt 0.8725 0.9601
vt 0.8668 0.9501
vt 0.8628 0.9393
vt 0.8608 0.9279
vt 0.8608 0.9164
vt 0.8628 0.9051
vt 0.8668 0.8943
vt 0.8725 0.8843
vt 0.8799 0.8755
vt 0.8888 0.8681
vt 0.8987 0.8623
vt 0.9095 0.8584
vt 0.9209 0.8564
vt 0.9324 0.8564
vt 0.9437 0.8584
vt 0.9545 0.8624
vt 0.9645 0.8681
vt 0.9733 0.8755
vt 0.9807 0.8844
vt 0.9865 0.8943
vt 0.9904 0.9051
vt 0.9924 0.9165
vt 0.9924 0.928
vt 0.9904 0.9393
vt 0.9864 0.9501
f 1/1/1 2/2/2 3/3/3
f 1/1/1 3/3/3 4/4/4
f 5/5/5 2/2/2 6/6/6
f 5/5/5 6/6/6 7/7/7
f 2/2/2 5/5/5 3/3/3
f 5/5/5 8/8/8 3/3/3
f 9/9/9 10/10/10 11/11/11
f 10/10/10 12/12/12 11/11/11
f 1/1/1 10/10/10 13/13/13
f 1/1/1 13/13/13 14/14/14
f 10/10/10 1/1/1 4/4/4
f 10/10/10 4/4/4 12/12/12
f 15/15/15 16/16/16 17/17/17
f 15/15/15 17/17/17 18/18/18
f 9/9/9 16/16/16 19/19/19
f 9/9/9 19/19/19 20/20/20
f 16/16/16 9/9/9 11/11/11
f 16/16/16 11/11/11 17/17/17
f 21/21/21 22/22/22 23/23/23
f 22/22/22 24/24/24 23/23/23
f 15/15/15 22/22/22 25/25/25
f 15/15/15 25/25/25 26/26/26
f 22/22/22 15/15/15 24/24/24
f 15/15/15 18/18/18 24/24/24
f 27/27/27 28/28/28 29/29/29
f 28/28/28 30/30/30 29/29/29
f 21/21/21 28/31/31 31/32/32
f 21/21/21 31/32/32 32/33/33
f 28/31/31 21/21/21 23/23/23
f 28/31/31 23/23/23 30/34/34
f 33/35/35 34/36/36 35/37/37
f 33/35/35 35/37/37 36/38/38
f 27/27/27 34/36/36 37/39/39
f 27/27/27 37/39/39 38/40/40
f 34/36/36 27/27/27 29/29/29
f 34/36/36 29/29/29 35/37/37
f 39/41/41 40/42/42 41/43/43
f 39/41/41 41/43/43 42/44/44
f 33/35/35 40/42/42 43/45/45
f 33/35/35 43/45/45 44/46/46
f 40/42/42 33/35/35 41/43/43
f 33/35/35 36/38/38 41/43/43
f 45/47/47 46/48/48 47/49/49
f 45/47/47 47/49/49 48/50/50
f 49/51/51 39/41/41 46/48/48
f 49/51/51 46/48/48 50/52/52
f 46/48/48 39/41/41 47/49/49
f 39/41/41 42/44/44 47/49/49
f 51/53/53 52/54/54 53/55/55
f 52/54/54 54/56/56 53/55/55
f 45/47/47 52/54/54 55/57/57
f 45/47/47 55/57/57 56/58/58
f 52/54/54 45/47/47 48/50/50
f 52/54/54 48/50/50 54/56/56
f 57/59/59 58/60/60 59/61/61
f 58/60/60 60/62/62 59/61/61
f 51/53/53 58/60/60 61/63/63
f 51/53/53 61/63/63 62/64/64
f 58/60/60 51/53/53 53/55/55
f 58/60/60 53/55/55 60/62/62
f 63/65/65 64/66/66 65/67/67
f 63/65/65 65/67/67 66/68/68
f 57/59/59 64/66/66 67/69/69
f 57/59/59 67/69/69 68/70/70
f 64/66/66 57/59/59 65/67/67
f 57/59/59 59/61/61 65/67/67
f 69/71/71 70/72/72 71/73/73
f 70/72/72 72/74/74 71/73/73
f 63/65/65 70/72/72 73/75/75
f 63/65/65 73/75/75 74/76/76
f 70/72/72 63/65/65 66/68/68
f 70/72/72 66/68/68 72/74/74
f 75/77/77 76/78/78 77/79/79
f 76/78/78 78/80/80 77/79/79
f 69/71/71 76/78/78 79/81/81
f 69/71/71 79/81/81 80/82/82
f 76/78/78 69/71/71 71/73/73
f 76/78/78 71/73/73 78/80/80
f 81/83/83 82/84/84 83/85/85
f 82/84/84 84/86/86 83/85/85
f 75/77/77 82/84/84 85/87/87
f 75/77/77 85/87/87 86/88/88
f 82/84/84 75/77/77 77/79/79
f 82/84/84 77/79/79 84/86/86
f 87/89/89 88/90/90 89/91/91
f 88/90/90 90/92/92 89/91/91
f 81/83/83 88/90/90 91/93/93
f 81/83/83 91/93/93 92/94/94
f 88/90/90 81/83/83 90/92/92
f 81/83/83 83/85/85 90/92/92
f 93/95/95 94/96/96 95/97/97
f 93/95/95 95/97/97 96/98/98
f 87/89/89 94/96/96 97/99/99
f 87/89/89 97/99/99 98/100/100
f 94/96/96 87/89/89 89/91/91
f 94/96/96 89/91/91 95/97/97
f 99/101/101 100/102/102 101/103/103
f 99/101/101 101/103/103 102/104/104
f 93/95/95 100/102/102 103/105/105
f 93/95/95 103/105/105 104/106/106
f 100/102/102 93/95/95 101/103/103
f 93/95/95 96/98/98 101/103/103
f 5/5/5 105/107/107 106/108/108
f 5/5/5 106/108/108 8/8/8
f 99/101/101 105/107/107 107/109/109
f 99/101/101 107/109/109 108/110/110
f 105/107/107 99/101/101 106/108/108
f 99/101/101 102/104/104 106/108/108
f 109/111/111 110/112/112 6/6/6
f 109/111/111 6/6/6 14/14/14
f 111/113/113 110/112/112 112/114/114
f 111/113/113 112/114/114 113/115/115
f 110/112/112 111/113/113 7/7/7
f 110/112/112 7/7/7 6/6/6
f 114/116/116 115/117/117 20/20/20
f 115/117/117 13/13/13 20/20/20
f 116/118/118 109/111/111 117/119/119
f 109/111/111 115/117/117 117/119/119
f 115/117/117 109/111/111 13/13/13
f 109/111/111 14/14/14 13/13/13
f 118/120/120 119/121/121 19/19/19
f 118/120/120 19/19/19 26/26/26
f 120/122/122 114/116/116 121/123/123
f 114/116/116 119/121/121 121/123/123
f 119/121/121 114/116/116 19/19/19
f 114/116/116 20/20/20 19/19/19
f 122/124/124 123/125/125 25/25/25
f 122/124/124 25/25/25 32/33/33
f 124/126/126 118/120/120 123/125/125
f 124/126/126 123/125/125 125/127/127
f 123/125/125 118/120/120 25/25/25
f 118/120/120 26/26/26 25/25/25
f 126/128/128 127/129/129 31/130/130
f 126/128/128 31/130/130 38/40/40
f 128/131/131 122/124/124 127/132/132
f 128/131/131 127/132/132 129/133/133
f 127/132/132 122/124/124 32/33/33
f 127/132/132 32/33/33 31/32/32
f 130/134/134 131/135/135 37/39/39
f 130/134/134 37/39/39 44/46/46
f 132/136/136 126/128/128 131/135/135
f 132/136/136 131/135/135 133/137/137
f 131/135/135 126/128/128 37/39/39
f 126/128/128 38/40/40 37/39/39
f 134/138/138 135/139/139 49/51/51
f 135/139/139 43/45/45 49/51/51
f 136/140/140 130/134/134 137/141/141
f 130/134/134 135/139/139 137/141/141
f 135/139/139 130/134/134 43/45/45
f 130/134/134 44/46/46 43/45/45
f 138/142/142 139/143/143 56/58/58
f 139/143/143 50/52/52 56/58/58
f 140/144/144 134/138/138 139/143/143
f 140/144/144 139/143/143 141/145/145
f 139/143/143 134/138/138 49/51/51
f 139/143/143 49/51/51 50/52/52
f 142/146/146 143/147/147 55/57/57
f 142/146/146 55/57/57 62/64/64
f 144/148/148 138/142/142 143/147/147
f 144/148/148 143/147/147 145/149/149
f 143/147/147 138/142/142 55/57/57
f 138/142/142 56/58/58 55/57/57
f 146/150/150 147/151/151 68/70/70
f 147/151/151 61/63/63 68/70/70
f 148/152/152 142/146/146 147/151/151
f 148/152/152 147/151/151 149/153/153
f 147/151/151 142/146/146 61/63/63
f 142/146/146 62/64/64 61/63/63
f 150/154/154 151/155/155 74/76/76
f 151/155/155 67/69/69 74/76/76
f 152/156/156 146/150/150 151/155/155
f 152/156/156 151/155/155 153/157/157
f 151/155/155 146/150/150 68/70/70
f 151/155/155 68/70/70 67/69/69
f 154/158/158 155/159/159 80/82/82
f 155/159/159 73/75/75 80/82/82
f 156/160/160 150/154/154 155/159/159
f 156/160/160 155/159/159 157/161/161
f 155/159/159 150/154/154 74/76/76
f 155/159/159 74/76/76 73/75/75
f 158/162/162 159/163/163 79/81/81
f 158/162/162 79/81/81 86/88/88
f 160/164/164 154/158/158 161/165/165
f 154/158/158 159/163/163 161/165/165
f 159/163/163 154/158/158 79/81/81
f 154/158/158 80/82/82 79/81/81
f 162/166/166 163/167/167 92/94/94
f 163/167/167 85/87/87 92/94/94
f 164/168/168 158/162/162 165/169/169
f 158/162/162 163/167/167 165/169/169
f 163/167/167 158/162/162 85/87/87
f 158/162/162 86/88/88 85/87/87
f 166/170/170 167/171/171 91/93/93
f 166/170/170 91/93/93 98/100/100
f 168/172/172 162/166/166 169/173/173
f 162/166/166 167/171/171 169/173/173
f 167/171/171 162/166/166 91/93/93
f 162/166/166 92/94/94 91/93/93
f 170/174/174 171/175/175 97/99/99
f 170/174/174 97/99/99 104/106/106
f 172/176/176 166/170/170 173/177/177
f 166/170/170 171/175/175 173/177/177
f 171/175/175 166/170/170 97/99/99
f 166/170/170 98/100/100 97/99/99
f 174/178/178 175/179/179 108/110/110
f 175/179/179 103/105/105 108/110/110
f 176/180/180 170/174/174 177/181/181
f 170/174/174 175/179/179 177/181/181
f 175/179/179 170/174/174 104/106/106
f 175/179/179 104/106/106 103/105/105
f 111/113/113 178/182/182 7/7/7
f 178/182/182 107/109/109 7/7/7
f 179/183/183 174/178/178 178/182/182
f 179/183/183 178/182/182 180/184/184
f 178/182/182 174/178/178 108/110/110
f 178/182/182 108/110/110 107/109/109
f 113/115/115 112/114/114 181/185/185
f 112/114/114 182/186/186 181/185/185
f 183/187/187 116/118/118 117/119/119
f 183/187/187 117/119/119 184/188/188
f 185/189/189 120/122/122 121/123/123
f 185/189/189 121/123/123 186/190/190
f 187/191/191 124/126/126 125/127/127
f 187/191/191 125/127/127 188/192/192
f 189/193/193 128/131/131 129/133/133
f 189/193/193 129/133/133 190/194/194
f 191/195/195 132/136/136 192/196/196
f 132/136/136 133/137/137 192/196/196
f 193/197/197 136/140/140 194/198/198
f 136/140/140 137/141/141 194/198/198
f 195/199/199 140/144/144 196/200/200
f 140/144/144 141/145/145 196/200/200
f 197/201/201 144/148/148 198/202/202
f 144/148/148 145/149/149 198/202/202
f 199/203/203 148/152/152 200/204/204
f 148/152/152 149/153/153 200/204/204
f 201/205/205 152/156/156 153/157/157
f 201/205/205 153/157/157 202/206/206
f 203/207/207 156/160/160 157/161/161
f 203/207/207 157/161/161 204/208/208
f 205/209/209 160/164/164 161/165/165
f 205/209/209 161/165/165 206/210/210
f 207/211/211 164/168/168 208/212/212
f 164/168/168 165/169/169 208/212/212
f 209/213/213 168/172/172 169/173/173
f 209/213/213 169/173/173 210/214/214
f 211/215/215 172/176/176 212/216/216
f 172/176/176 173/177/177 212/216/216
f 213/217/217 176/180/180 214/218/218
f 176/180/180 177/181/181 214/218/218
f 215/219/219 179/183/183 180/184/184
f 215/219/219 180/184/184 216/220/220
f 182/186/186 183/187/187 217/221/221
f 183/187/187 218/222/222 217/221/221
f 219/223/223 181/185/185 182/186/186
f 219/223/223 182/186/186 217/221/221
f 184/188/188 185/189/189 220/224/224
f 184/188/188 220/224/224 221/225/225
f 218/222/222 183/187/187 221/225/225
f 183/187/187 184/188/188 221/225/225
f 186/190/190 187/191/191 222/226/226
f 187/191/191 223/227/227 222/226/226
f 220/224/224 185/189/189 222/226/226
f 185/189/189 186/190/190 222/226/226
f 188/192/192 189/193/193 224/228/228
f 189/193/193 225/229/229 224/228/228
f 223/227/227 187/191/191 224/228/228
f 187/191/191 188/192/192 224/228/228
f 190/230/230 191/195/195 226/231/231
f 190/230/230 226/231/231 227/232/232
f 225/229/229 189/193/193 227/233/233
f 189/193/193 190/194/194 227/233/233
f 192/196/196 193/197/197 228/234/234
f 192/196/196 228/234/234 229/235/235
f 226/231/231 191/195/195 229/235/235
f 191/195/195 192/196/196 229/235/235
f 194/198/198 195/199/199 230/236/236
f 194/198/198 230/236/236 231/237/237
f 228/234/234 193/197/197 194/198/198
f 228/234/234 194/198/198 231/237/237
f 196/200/200 197/201/201 232/238/238
f 196/200/200 232/238/238 233/239/239
f 230/236/236 195/199/199 196/200/200
f 230/236/236 196/200/200 233/239/239
f 198/202/202 199/203/203 234/240/240
f 199/203/203 235/241/241 234/240/240
f 232/238/238 197/201/201 234/240/240
f 197/201/201 198/202/202 234/240/240
f 200/204/204 201/205/205 236/242/242
f 201/205/205 237/243/243 236/242/242
f 235/241/241 199/203/203 200/204/204
f 235/241/241 200/204/204 236/242/242
f 202/206/206 203/207/207 238/244/244
f 202/206/206 238/244/244 239/245/245
f 237/243/243 201/205/205 239/245/245
f 201/205/205 202/206/206 239/245/245
f 204/208/208 205/209/209 240/246/246
f 205/209/209 241/247/247 240/246/246
f 238/244/244 203/207/207 240/246/246
f 203/207/207 204/208/208 240/246/246
f 206/210/210 207/211/211 242/248/248
f 206/210/210 242/248/248 243/249/249
f 241/247/247 205/209/209 206/210/210
f 241/247/247 206/210/210 243/249/249
f 208/212/212 209/213/213 244/250/250
f 208/212/212 244/250/250 245/251/251
f 242/248/248 207/211/211 208/212/212
f 242/248/248 208/212/212 245/251/251
f 210/214/214 211/215/215 246/252/252
f 210/214/214 246/252/252 247/253/253
f 244/250/250 209/213/213 247/253/253
f 209/213/213 210/214/214 247/253/253
f 212/216/216 213/217/217 248/254/254
f 212/216/216 248/254/254 249/255/255
f 246/252/252 211/215/215 212/216/216
f 246/252/252 212/216/216 249/255/255
f 214/218/218 215/219/219 250/256/256
f 214/218/218 250/256/256 251/257/257
f 248/254/254 213/217/217 214/218/218
f 248/254/254 214/218/218 251/257/257
f 216/220/220 181/185/185 252/258/258
f 181/185/185 219/223/223 252/258/258
f 250/256/256 215/219/219 252/258/258
f 215/219/219 216/220/220 252/258/258
f 217/221/221 218/222/222 253/259/259
f 217/221/221 253/259/259 254/260/260
f 253/259/259 255/261/261 256/262/262
f 253/259/259 256/262/262 254/260/260
f 256/262/262 257/263/263 258/264/264
f 256/262/262 258/264/264 254/260/260
f 258/264/264 219/223/223 217/221/221
f 258/264/264 217/221/221 254/260/260
f 221/225/225 220/224/224 259/265/265
f 221/225/225 259/265/265 260/266/266
f 259/265/265 261/267/267 260/266/266
f 261/267/267 262/268/268 260/266/266
f 262/268/268 255/261/261 253/259/259
f 262/268/268 253/259/259 260/266/266
f 253/259/259 218/222/222 221/225/225
f 253/259/259 221/225/225 260/266/266
f 222/226/226 223/227/227 263/269/269
f 223/227/227 264/270/270 263/269/269
f 264/270/270 265/271/271 263/269/269
f 265/271/271 266/272/272 263/269/269
f 266/272/272 261/267/267 263/269/269
f 261/267/267 259/265/265 263/269/269
f 259/265/265 220/224/224 263/269/269
f 220/224/224 222/226/226 263/269/269
f 224/228/228 225/229/229 267/273/273
f 224/228/228 267/273/273 268/274/274
f 267/273/273 269/275/275 270/276/276
f 267/273/273 270/276/276 268/274/274
f 270/276/276 265/271/271 264/270/270
f 270/276/276 264/270/270 268/274/274
f 264/270/270 223/227/227 224/228/228
f 264/270/270 224/228/228 268/274/274
f 227/232/232 226/231/231 271/277/277
f 227/232/232 271/277/277 272/278/278
f 271/277/277 273/279/279 274/280/280
f 271/277/277 274/280/280 272/278/278
f 274/281/281 269/275/275 272/282/282
f 269/275/275 267/273/273 272/282/282
f 267/273/273 225/229/229 227/233/233
f 267/273/273 227/233/233 272/282/282
f 229/235/235 228/234/234 275/283/283
f 228/234/234 276/284/284 275/283/283
f 276/284/284 277/285/285 278/286/286
f 276/284/284 278/286/286 275/283/283
f 278/286/286 273/279/279 271/277/277
f 278/286/286 271/277/277 275/283/283
f 271/277/277 226/231/231 229/235/235
f 271/277/277 229/235/235 275/283/283
f 231/237/237 230/236/236 279/287/287
f 231/237/237 279/287/287 280/288/288
f 279/287/287 281/289/289 280/288/288
f 281/289/289 282/290/290 280/288/288
f 282/290/290 277/285/285 280/288/288
f 277/285/285 276/284/284 280/288/288
f 276/284/284 228/234/234 280/288/288
f 228/234/234 231/237/237 280/288/288
f 233/239/239 232/238/238 283/291/291
f 233/239/239 283/291/291 284/292/292
f 283/291/291 285/293/293 286/294/294
f 283/291/291 286/294/294 284/292/292
f 286/294/294 281/289/289 279/287/287
f 286/294/294 279/287/287 284/292/292
f 279/287/287 230/236/236 233/239/239
f 279/287/287 233/239/239 284/292/292
f 234/240/240 235/241/241 287/295/295
f 235/241/241 288/296/296 287/295/295
f 288/296/296 289/297/297 287/295/295
f 289/297/297 290/298/298 287/295/295
f 290/298/298 285/293/293 287/295/295
f 285/293/293 283/291/291 287/295/295
f 283/291/291 232/238/238 234/240/240
f 283/291/291 234/240/240 287/295/295
f 236/242/242 237/243/243 291/299/299
f 236/242/242 291/299/299 292/300/300
f 291/299/299 293/301/301 292/300/300
f 293/301/301 294/302/302 292/300/300
f 294/302/302 289/297/297 292/300/300
f 289/297/297 288/296/296 292/300/300
f 288/296/296 235/241/241 292/300/300
f 235/241/241 236/242/242 292/300/300
f 239/245/245 238/244/244 295/303/303
f 238/244/244 296/304/304 295/303/303
f 296/304/304 297/305/305 295/303/303
f 297/305/305 298/306/306 295/303/303
f 298/306/306 293/301/301 295/303/303
f 293/301/301 291/299/299 295/303/303
f 291/299/299 237/243/243 295/303/303
f 237/243/243 239/245/245 295/303/303
f 240/246/246 241/247/247 299/307/307
f 241/247/247 300/308/308 299/307/307
f 300/308/308 301/309/309 299/307/307
f 301/309/309 302/310/310 299/307/307
f 302/310/310 297/305/305 299/307/307
f 297/305/305 296/304/304 299/307/307
f 296/304/304 238/244/244 299/307/307
f 238/244/244 240/246/246 299/307/307
f 243/249/249 242/248/248 303/311/311
f 242/248/248 304/312/312 303/311/311
f 304/312/312 305/313/313 306/314/314
f 304/312/312 306/314/314 303/311/311
f 306/314/314 301/309/309 300/308/308
f 306/314/314 300/308/308 303/311/311
f 300/308/308 241/247/247 303/311/311
f 241/247/247 243/249/249 303/311/311
f 245/251/251 244/250/250 307/315/315
f 244/250/250 308/316/316 307/315/315
f 308/316/316 309/317/317 310/318/318
f 308/316/316 310/318/318 307/315/315
f 310/318/318 305/313/313 304/312/312
f 310/318/318 304/312/312 307/315/315
f 304/312/312 242/248/248 307/315/315
f 242/248/248 245/251/251 307/315/315
f 247/253/253 246/252/252 311/319/319
f 246/252/252 312/320/320 311/319/319
f 312/320/320 313/321/321 311/319/319
f 313/321/321 314/322/322 311/319/319
f 314/322/322 309/317/317 308/316/316
f 314/322/322 308/316/316 311/319/319
f 308/316/316 244/250/250 247/253/253
f 308/316/316 247/253/253 311/319/319
f 249/255/255 248/254/254 315/323/323
f 248/254/254 316/324/324 315/323/323
f 316/324/324 317/325/325 318/326/326
f 316/324/324 318/326/326 315/323/323
f 318/326/326 313/321/321 315/323/323
f 313/321/321 312/320/320 315/323/323
f 312/320/320 246/252/252 315/323/323
f 246/252/252 249/255/255 315/323/323
f 251/257/257 250/256/256 319/327/327
f 250/256/256 320/328/328 319/327/327
f 320/328/328 321/329/329 319/327/327
f 321/329/329 322/330/330 319/327/327
f 322/330/330 317/325/325 319/327/327
f 317/325/325 316/324/324 319/327/327
f 316/324/324 248/254/254 319/327/327
f 248/254/254 251/257/257 319/327/327
f 252/258/258 219/223/223 258/264/264
f 252/258/258 258/264/264 323/331/331
f 258/264/264 257/263/263 324/332/332
f 258/264/264 324/332/332 323/331/331
f 324/332/332 321/329/329 323/331/331
f 321/329/329 320/328/328 323/331/331
f 320/328/328 250/256/256 323/331/331
f 250/256/256 252/258/258 323/331/331
f 256/262/262 255/261/261 325/333/333
f 256/262/262 325/333/333 326/334/334
f 325/333/333 327/335/335 328/336/336
f 325/333/333 328/336/336 326/334/334
f 328/336/336 329/337/337 326/334/334
f 329/337/337 330/338/338 326/334/334
f 330/338/338 257/263/263 326/334/334
f 257/263/263 256/262/262 326/334/334
f 262/268/268 261/267/267 331/339/339
f 261/267/267 332/340/340 331/339/339
f 332/340/340 333/341/341 334/342/342
f 332/340/340 334/342/342 331/339/339
f 334/342/342 327/335/335 325/333/333
f 334/342/342 325/333/333 331/339/339
f 325/333/333 255/261/261 262/268/268
f 325/333/333 262/268/268 331/339/339
f 266/272/272 265/271/271 335/343/343
f 265/271/271 336/344/344 335/343/343
f 336/344/344 337/345/345 335/343/343
f 337/345/345 338/346/346 335/343/343
f 338/346/346 333/341/341 335/343/343
f 333/341/341 332/340/340 335/343/343
f 332/340/340 261/267/267 335/343/343
f 261/267/267 266/272/272 335/343/343
f 270/276/276 269/275/275 339/347/347
f 269/275/275 340/348/348 339/347/347
f 340/348/348 341/349/349 342/350/350
f 340/348/348 342/350/350 339/347/347
f 342/350/350 337/345/345 336/344/344
f 342/350/350 336/344/344 339/347/347
f 336/344/344 265/271/271 270/276/276
f 336/344/344 270/276/276 339/347/347
f 274/280/280 273/279/279 343/351/351
f 274/280/280 343/351/351 344/352/352
f 343/351/351 345/353/353 346/354/354
f 343/351/351 346/354/354 344/352/352
f 346/355/355 341/349/349 340/348/348
f 346/355/355 340/348/348 344/356/356
f 340/348/348 269/275/275 274/281/281
f 340/348/348 274/281/281 344/356/356
f 278/286/286 277/285/285 347/357/357
f 277/285/285 348/358/358 347/357/357
f 348/358/358 349/359/359 347/357/357
f 349/359/359 350/360/360 347/357/357
f 350/360/360 345/353/353 347/357/357
f 345/353/353 343/351/351 347/357/357
f 343/351/351 273/279/279 278/286/286
f 343/351/351 278/286/286 347/357/357
f 282/290/290 281/289/289 351/361/361
f 281/289/289 352/362/362 351/361/361
f 352/362/362 353/363/363 351/361/361
f 353/363/363 354/364/364 351/361/361
f 354/364/364 349/359/359 351/361/361
f 349/359/359 348/358/358 351/361/361
f 348/358/358 277/285/285 351/361/361
f 277/285/285 282/290/290 351/361/361
f 286/294/294 285/293/293 355/365/365
f 286/294/294 355/365/365 356/366/366
f 355/365/365 357/367/367 358/368/368
f 355/365/365 358/368/368 356/366/366
f 358/368/368 353/363/363 356/366/366
f 353/363/363 352/362/362 356/366/366
f 352/362/362 281/289/289 356/366/366
f 281/289/289 286/294/294 356/366/366
f 290/298/298 289/297/297 359/369/369
f 289/297/297 360/370/370 359/369/369
f 360/370/370 361/371/371 362/372/372
f 360/370/370 362/372/372 359/369/369
f 362/372/372 357/367/367 355/365/365
f 362/372/372 355/365/365 359/369/369
f 355/365/365 285/293/293 359/369/369
f 285/293/293 290/298/298 359/369/369
f 294/302/302 293/301/301 363/373/373
f 293/301/301 364/374/374 363/373/373
f 364/374/374 365/375/375 363/373/373
f 365/375/375 366/376/376 363/373/373
f 366/376/376 361/371/371 360/370/370
f 366/376/376 360/370/370 363/373/373
f 360/370/370 289/297/297 363/373/373
f 289/297/297 294/302/302 363/373/373
f 298/306/306 297/305/305 367/377/377
f 298/306/306 367/377/377 368/378/378
f 367/377/377 369/379/379 370/380/380
f 367/377/377 370/380/380 368/378/378
f 370/380/380 365/375/375 364/374/374
f 370/380/380 364/374/374 368/378/378
f 364/374/374 293/301/301 368/378/378
f 293/301/301 298/306/306 368/378/378
f 302/310/310 301/309/309 371/381/381
f 302/310/310 371/381/381 372/382/382
f 371/381/381 373/383/383 374/384/384
f 371/381/381 374/384/384 372/382/382
f 374/384/384 369/379/379 367/377/377
f 374/384/384 367/377/377 372/382/382
f 367/377/377 297/305/305 302/310/310
f 367/377/377 302/310/310 372/382/382
f 306/314/314 305/313/313 375/385/385
f 306/314/314 375/385/385 376/386/386
f 375/385/385 377/387/387 376/386/386
f 377/387/387 378/388/388 376/386/386
f 378/388/388 373/383/383 376/386/386
f 373/383/383 371/381/381 376/386/386
f 371/381/381 301/309/309 306/314/314
f 371/381/381 306/314/314 376/386/386
f 310/318/318 309/317/317 379/389/389
f 309/317/317 380/390/390 379/389/389
f 380/390/390 381/391/391 382/392/392
f 380/390/390 382/392/392 379/389/389
f 382/392/392 377/387/387 379/389/389
f 377/387/387 375/385/385 379/389/389
f 375/385/385 305/313/313 379/389/389
f 305/313/313 310/318/318 379/389/389
f 314/322/322 313/321/321 383/393/393
f 313/321/321 384/394/394 383/393/393
f 384/394/394 385/395/395 386/396/396
f 384/394/394 386/396/396 383/393/393
f 386/396/396 381/391/391 383/393/393
f 381/391/391 380/390/390 383/393/393
f 380/390/390 309/317/317 314/322/322
f 380/390/390 314/322/322 383/393/393
f 318/326/326 317/325/325 387/397/397
f 317/325/325 388/398/398 387/397/397
f 388/398/398 389/399/399 387/397/397
f 389/399/399 390/400/400 387/397/397
f 390/400/400 385/395/395 384/394/394
f 390/400/400 384/394/394 387/397/397
f 384/394/394 313/321/321 387/397/397
f 313/321/321 318/326/326 387/397/397
f 322/330/330 321/329/329 391/401/401
f 321/329/329 392/402/402 391/401/401
f 392/402/402 393/403/403 391/401/401
f 393/403/403 394/404/404 391/401/401
f 394/404/404 389/399/399 391/401/401
f 389/399/399 388/398/398 391/401/401
f 388/398/398 317/325/325 391/401/401
f 317/325/325 322/330/330 391/401/401
f 324/332/332 257/263/263 395/405/405
f 257/263/263 330/338/338 395/405/405
f 330/338/338 329/337/337 395/405/405
f 329/337/337 396/406/406 395/405/405
f 396/406/406 393/403/403 395/405/405
f 393/403/403 392/402/402 395/405/405
f 392/402/402 321/329/329 395/405/405
f 321/329/329 324/332/332 395/405/405
f 328/336/336 327/335/335 397/407/407
f 327/335/335 398/408/408 397/407/407
f 329/337/337 328/336/336 397/407/407
f 329/337/337 397/407/407 399/409/409
f 334/342/342 333/341/341 400/410/410
f 334/342/342 400/410/410 401/411/411
f 327/335/335 334/342/342 401/411/411
f 327/335/335 401/411/411 398/408/408
f 338/346/346 337/345/345 402/412/412
f 337/345/345 403/413/413 402/412/412
f 333/341/341 338/346/346 402/412/412
f 333/341/341 402/412/412 400/410/410
f 342/350/350 341/349/349 404/414/414
f 341/349/349 405/415/415 404/414/414
f 337/345/345 342/350/350 404/414/414
f 337/345/345 404/414/414 403/413/413
f 346/354/354 345/353/353 406/416/416
f 346/354/354 406/416/416 407/417/417
f 341/349/349 346/355/355 407/418/418
f 341/349/349 407/418/418 405/415/415
f 350/360/360 349/359/359 408/419/419
f 349/359/359 409/420/420 408/419/419
f 345/353/353 350/360/360 406/416/416
f 350/360/360 408/419/419 406/416/416
f 354/364/364 353/363/363 410/421/421
f 353/363/363 411/422/422 410/421/421
f 349/359/359 354/364/364 410/421/421
f 349/359/359 410/421/421 409/420/420
f 358/368/368 357/367/367 412/423/423
f 358/368/368 412/423/423 413/424/424
f 353/363/363 358/368/368 413/424/424
f 353/363/363 413/424/424 411/422/422
f 362/372/372 361/371/371 414/425/425
f 362/372/372 414/425/425 415/426/426
f 357/367/367 362/372/372 412/423/423
f 362/372/372 415/426/426 412/423/423
f 366/376/376 365/375/375 416/427/427
f 366/376/376 416/427/427 417/428/428
f 361/371/371 366/376/376 414/425/425
f 366/376/376 417/428/428 414/425/425
f 370/380/380 369/379/379 418/429/429
f 369/379/379 419/430/430 418/429/429
f 365/375/375 370/380/380 418/429/429
f 365/375/375 418/429/429 416/427/427
f 374/384/384 373/383/383 420/431/431
f 373/383/383 421/432/432 420/431/431
f 369/379/379 374/384/384 420/431/431
f 369/379/379 420/431/431 419/430/430
f 378/388/388 377/387/387 422/433/433
f 377/387/387 423/434/434 422/433/433
f 373/383/383 378/388/388 422/433/433
f 373/383/383 422/433/433 421/432/432
f 382/392/392 381/391/391 424/435/435
f 381/391/391 425/436/436 424/435/435
f 377/387/387 382/392/392 424/435/435
f 377/387/387 424/435/435 423/434/434
f 386/396/396 385/395/395 426/437/437
f 385/395/395 427/438/438 426/437/437
f 381/391/391 386/396/396 426/437/437
f 381/391/391 426/437/437 425/436/436
f 390/400/400 389/399/399 428/439/439
f 389/399/399 429/440/440 428/439/439
f 385/395/395 390/400/400 427/438/438
f 390/400/400 428/439/439 427/438/438
f 394/404/404 393/403/403 430/441/441
f 393/403/403 431/442/442 430/441/441
f 389/399/399 394/404/404 429/440/440
f 394/404/404 430/441/441 429/440/440
f 396/406/406 329/337/337 432/443/443
f 329/337/337 399/409/409 432/443/443
f 393/403/403 396/406/406 432/443/443
f 393/403/403 432/443/443 431/442/442
f 433/444/444 434/445/445 435/446/446
f 433/444/444 435/446/446 436/447/447
f 437/448/448 435/446/446 434/445/445
f 437/448/448 434/445/445 438/449/449
f 439/450/450 440/451/451 441/452/452
f 439/450/450 441/452/452 442/453/453
f 433/444/444 436/447/447 441/452/452
f 433/444/444 441/452/452 440/451/451
f 443/454/454 444/455/455 445/456/456
f 444/455/455 446/457/457 445/456/456
f 439/450/450 442/453/453 444/455/455
f 442/453/453 446/457/457 444/455/455
f 447/458/458 448/459/459 449/460/460
f 447/458/458 449/460/460 450/461/461
f 443/454/454 445/456/456 449/460/460
f 443/454/454 449/460/460 448/459/459
f 451/462/462 452/463/463 453/464/464
f 451/462/462 453/464/464 454/465/465
f 447/458/458 450/461/461 453/466/466
f 447/458/458 453/466/466 452/467/467
f 455/468/468 456/469/469 457/470/470
f 455/468/468 457/470/470 458/471/471
f 451/462/462 454/465/465 457/470/470
f 451/462/462 457/470/470 456/469/469
f 459/472/472 460/473/473 461/474/474
f 459/472/472 461/474/474 462/475/475
f 455/468/468 458/471/471 461/474/474
f 455/468/468 461/474/474 460/473/473
f 463/476/476 464/477/477 465/478/478
f 463/476/476 465/478/478 466/479/479
f 459/472/472 462/475/475 465/478/478
f 459/472/472 465/478/478 464/477/477
f 467/480/480 468/481/481 469/482/482
f 467/480/480 469/482/482 470/483/483
f 463/476/476 466/479/479 469/482/482
f 463/476/476 469/482/482 468/481/481
f 471/484/484 472/485/485 473/486/486
f 471/484/484 473/486/486 474/487/487
f 467/480/480 470/483/483 473/486/486
f 467/480/480 473/486/486 472/485/485
f 475/488/488 476/489/489 477/490/490
f 475/488/488 477/490/490 478/491/491
f 471/484/484 474/487/487 477/490/490
f 471/484/484 477/490/490 476/489/489
f 479/492/492 480/493/493 481/494/494
f 479/492/492 481/494/494 482/495/495
f 475/488/488 478/491/491 480/493/493
f 478/491/491 481/494/494 480/493/493
f 483/496/496 484/497/497 485/498/498
f 484/497/497 486/499/499 485/498/498
f 479/492/492 482/495/495 486/499/499
f 479/492/492 486/499/499 484/497/497
f 487/500/500 488/501/501 489/502/502
f 487/500/500 489/502/502 490/503/503
f 483/496/496 485/498/498 488/501/501
f 485/498/498 489/502/502 488/501/501
f 491/504/504 492/505/505 493/506/506
f 491/504/504 493/506/506 494/507/507
f 487/500/500 490/503/503 493/506/506
f 487/500/500 493/506/506 492/505/505
f 495/508/508 496/509/509 497/510/510
f 495/508/508 497/510/510 498/511/511
f 491/504/504 494/507/507 497/510/510
f 491/504/504 497/510/510 496/509/509
f 499/512/512 500/513/513 501/514/514
f 499/512/512 501/514/514 502/515/515
f 495/508/508 498/511/511 500/513/513
f 498/511/511 501/514/514 500/513/513
f 437/448/448 438/449/449 503/516/516
f 437/448/448 503/516/516 504/517/517
f 499/512/512 502/515/515 504/517/517
f 499/512/512 504/517/517 503/516/516
f 434/445/445 433/444/444 505/518/518
f 434/445/445 505/518/518 506/519/519
f 507/520/520 506/519/519 508/521/521
f 506/519/519 509/522/522 508/521/521
f 507/520/520 438/449/449 434/445/445
f 507/520/520 434/445/445 506/519/519
f 440/451/451 439/450/450 510/523/523
f 439/450/450 511/524/524 510/523/523
f 512/525/525 505/518/518 513/526/526
f 505/518/518 510/523/523 513/526/526
f 505/518/518 433/444/444 440/451/451
f 505/518/518 440/451/451 510/523/523
f 444/455/455 443/454/454 514/527/527
f 443/454/454 515/528/528 514/527/527
f 516/529/529 511/524/524 514/527/527
f 516/529/529 514/527/527 517/530/530
f 511/524/524 439/450/450 514/527/527
f 439/450/450 444/455/455 514/527/527
f 448/459/459 447/458/458 518/531/531
f 447/458/458 519/532/532 518/531/531
f 520/533/533 515/528/528 521/534/534
f 515/528/528 518/531/531 521/534/534
f 515/528/528 443/454/454 518/531/531
f 443/454/454 448/459/459 518/531/531
f 452/463/463 451/462/462 522/535/535
f 452/463/463 522/535/535 523/536/536
f 524/537/537 519/532/532 525/538/538
f 519/532/532 523/539/539 525/538/538
f 519/532/532 447/458/458 452/467/467
f 519/532/532 452/467/467 523/539/539
f 456/469/469 455/468/468 526/540/540
f 456/469/469 526/540/540 527/541/541
f 528/542/542 522/535/535 529/543/543
f 522/535/535 527/541/541 529/543/543
f 522/535/535 451/462/462 527/541/541
f 451/462/462 456/469/469 527/541/541
f 460/473/473 459/472/472 530/544/544
f 459/472/472 531/545/545 530/544/544
f 532/546/546 526/540/540 533/547/547
f 526/540/540 530/544/544 533/547/547
f 526/540/540 455/468/468 460/473/473
f 526/540/540 460/473/473 530/544/544
f 464/477/477 463/476/476 534/548/548
f 463/476/476 535/549/549 534/548/548
f 536/550/550 531/545/545 534/548/548
f 536/550/550 534/548/548 537/551/551
f 531/545/545 459/472/472 534/548/548
f 459/472/472 464/477/477 534/548/548
f 468/481/481 467/480/480 538/552/552
f 468/481/481 538/552/552 539/553/553
f 540/554/554 535/549/549 539/553/553
f 540/554/554 539/553/553 541/555/555
f 535/549/549 463/476/476 468/481/481
f 535/549/549 468/481/481 539/553/553
f 472/485/485 471/484/484 542/556/556
f 471/484/484 543/557/557 542/556/556
f 544/558/558 538/552/552 542/556/556
f 544/558/558 542/556/556 545/559/559
f 538/552/552 467/480/480 472/485/485
f 538/552/552 472/485/485 542/556/556
f 476/489/489 475/488/488 546/560/560
f 476/489/489 546/560/560 547/561/561
f 548/562/562 543/557/557 549/563/563
f 543/557/557 547/561/561 549/563/563
f 543/557/557 471/484/484 547/561/561
f 471/484/484 476/489/489 547/561/561
f 480/493/493 479/492/492 550/564/564
f 479/492/492 551/565/565 550/564/564
f 552/566/566 546/560/560 550/564/564
f 552/566/566 550/564/564 553/567/567
f 546/560/560 475/488/488 550/564/564
f 475/488/488 480/493/493 550/564/564
f 484/497/497 483/496/496 554/568/568
f 484/497/497 554/568/568 555/569/569
f 556/570/570 551/565/565 557/571/571
f 551/565/565 555/569/569 557/571/571
f 551/565/565 479/492/492 555/569/569
f 479/492/492 484/497/497 555/569/569
f 488/501/501 487/500/500 558/572/572
f 488/501/501 558/572/572 559/573/573
f 560/574/574 554/568/568 561/575/575
f 554/568/568 559/573/573 561/575/575
f 554/568/568 483/496/496 488/501/501
f 554/568/568 488/501/501 559/573/573
f 492/505/505 491/504/504 562/576/576
f 491/504/504 563/577/577 562/576/576
f 564/578/578 558/572/572 562/576/576
f 564/578/578 562/576/576 565/579/579
f 558/572/572 487/500/500 562/576/576
f 487/500/500 492/505/505 562/576/576
f 496/509/509 495/508/508 566/580/580
f 496/509/509 566/580/580 567/581/581
f 568/582/582 563/577/577 569/583/583
f 563/577/577 567/581/581 569/583/583
f 563/577/577 491/504/504 567/581/581
f 491/504/504 496/509/509 567/581/581
f 500/513/513 499/512/512 570/584/584
f 500/513/513 570/584/584 571/585/585
f 572/586/586 566/580/580 573/587/587
f 566/580/580 571/585/585 573/587/587
f 566/580/580 495/508/508 500/513/513
f 566/580/580 500/513/513 571/585/585
f 503/516/516 438/449/449 507/520/520
f 503/516/516 507/520/520 574/588/588
f 575/589/589 570/584/584 576/590/590
f 570/584/584 574/588/588 576/590/590
f 570/584/584 499/512/512 503/516/516
f 570/584/584 503/516/516 574/588/588
f 577/591/591 578/592/592 509/522/522
f 577/591/591 509/522/522 512/525/525
f 508/521/521 509/522/522 579/593/593
f 509/522/522 578/592/592 579/593/593
f 580/594/594 581/595/595 516/529/529
f 581/595/595 513/526/526 516/529/529
f 577/591/591 512/525/525 581/595/595
f 512/525/525 513/526/526 581/595/595
f 582/596/596 583/597/597 520/533/533
f 583/597/597 517/530/530 520/533/533
f 580/594/594 516/529/529 583/597/597
f 516/529/529 517/530/530 583/597/597
f 584/598/598 585/599/599 521/534/534
f 584/598/598 521/534/534 524/537/537
f 582/596/596 520/533/533 521/534/534
f 582/596/596 521/534/534 585/599/599
f 586/600/600 587/601/601 525/602/602
f 586/600/600 525/602/602 528/542/542
f 584/598/598 524/537/537 525/538/538
f 584/598/598 525/538/538 587/603/603
f 588/604/604 589/605/605 529/543/543
f 588/604/604 529/543/543 532/546/546
f 586/600/600 528/542/542 529/543/543
f 586/600/600 529/543/543 589/605/605
f 590/606/606 591/607/607 536/550/550
f 591/607/607 533/547/547 536/550/550
f 588/604/604 532/546/546 533/547/547
f 588/604/604 533/547/547 591/607/607
f 592/608/608 593/609/609 537/551/551
f 592/608/608 537/551/551 540/554/554
f 590/606/606 536/550/550 593/609/609
f 536/550/550 537/551/551 593/609/609
f 594/610/610 595/611/611 541/555/555
f 594/610/610 541/555/555 544/558/558
f 592/608/608 540/554/554 541/555/555
f 592/608/608 541/555/555 595/611/611
f 596/612/612 597/613/613 545/559/559
f 596/612/612 545/559/559 548/562/562
f 594/610/610 544/558/558 545/559/559
f 594/610/610 545/559/559 597/613/613
f 598/614/614 599/615/615 549/563/563
f 598/614/614 549/563/563 552/566/566
f 596/612/612 548/562/562 549/563/563
f 596/612/612 549/563/563 599/615/615
f 600/616/616 601/617/617 556/570/570
f 601/617/617 553/567/567 556/570/570
f 598/614/614 552/566/566 601/617/617
f 552/566/566 553/567/567 601/617/617
f 602/618/618 603/619/619 557/571/571
f 602/618/618 557/571/571 560/574/574
f 600/616/616 556/570/570 557/571/571
f 600/616/616 557/571/571 603/619/619
f 604/620/620 605/621/621 564/578/578
f 605/621/621 561/575/575 564/578/578
f 602/618/618 560/574/574 561/575/575
f 602/618/618 561/575/575 605/621/621
f 606/622/622 607/623/623 565/579/579
f 606/622/622 565/579/579 568/582/582
f 604/620/620 564/578/578 607/623/623
f 564/578/578 565/579/579 607/623/623
f 608/624/624 609/625/625 572/586/586
f 609/625/625 569/583/583 572/586/586
f 606/622/622 568/582/582 569/583/583
f 606/622/622 569/583/583 609/625/625
f 610/626/626 611/627/627 573/587/587
f 610/626/626 573/587/587 575/589/589
f 608/624/624 572/586/586 611/627/627
f 572/586/586 573/587/587 611/627/627
f 508/521/521 579/593/593 576/590/590
f 579/593/593 612/628/628 576/590/590
f 610/626/626 575/589/589 612/628/628
f 575/589/589 576/590/590 612/628/628
f 613/629/629 614/630/630 615/631/631
f 614/630/630 616/632/632 615/631/631
f 617/633/633 618/634/634 614/630/630
f 617/633/633 614/630/630 613/629/629
f 619/635/635 620/636/636 618/634/634
f 619/635/635 618/634/634 617/633/633
f 621/637/637 622/638/638 619/635/635
f 622/638/638 620/636/636 619/635/635
f 623/639/639 624/640/640 622/641/641
f 623/639/639 622/641/641 621/642/642
f 625/643/643 626/644/644 623/639/639
f 626/644/644 624/640/640 623/639/639
f 627/645/645 628/646/646 626/644/644
f 627/645/645 626/644/644 625/643/643
f 629/647/647 630/648/648 628/646/646
f 629/647/647 628/646/646 627/645/645
f 631/649/649 632/650/650 630/648/648
f 631/649/649 630/648/648 629/647/647
f 633/651/651 634/652/652 632/650/650
f 633/651/651 632/650/650 631/649/649
f 635/653/653 636/654/654 634/652/652
f 635/653/653 634/652/652 633/651/651
f 637/655/655 638/656/656 635/653/653
f 638/656/656 636/654/654 635/653/653
f 639/657/657 640/658/658 637/655/655
f 640/658/658 638/656/656 637/655/655
f 641/659/659 642/660/660 640/658/658
f 641/659/659 640/658/658 639/657/657
f 643/661/661 644/662/662 642/660/660
f 643/661/661 642/660/660 641/659/659
f 645/663/663 646/664/664 644/662/662
f 645/663/663 644/662/662 643/661/661
f 647/665/665 648/666/666 646/664/664
f 647/665/665 646/664/664 645/663/663
f 615/631/631 616/632/632 647/665/665
f 616/632/632 648/666/666 647/665/665
f 649/667/667 613/629/629 650/668/668
f 613/629/629 615/631/631 650/668/668
f 615/631/631 651/669/669 650/668/668
f 652/670/670 617/633/633 653/671/671
f 617/633/633 613/629/629 653/671/671
f 613/629/629 649/667/667 653/671/671
f 654/672/672 619/635/635 655/673/673
f 619/635/635 617/633/633 655/673/673
f 617/633/633 652/670/670 655/673/673
f 656/674/674 621/637/637 657/675/675
f 621/637/637 619/635/635 657/675/675
f 619/635/635 654/672/672 657/675/675
f 658/676/676 623/639/639 659/677/677
f 623/639/639 621/642/642 659/677/677
f 621/637/637 656/674/674 659/678/678
f 660/679/679 625/643/643 661/680/680
f 625/643/643 623/639/639 661/680/680
f 623/639/639 658/676/676 661/680/680
f 662/681/681 627/645/645 663/682/682
f 627/645/645 625/643/643 663/682/682
f 625/643/643 660/679/679 663/682/682
f 664/683/683 629/647/647 665/684/684
f 629/647/647 627/645/645 665/684/684
f 627/645/645 662/681/681 665/684/684
f 666/685/685 631/649/649 667/686/686
f 631/649/649 629/647/647 667/686/686
f 629/647/647 664/683/683 667/686/686
f 668/687/687 633/651/651 669/688/688
f 633/651/651 631/649/649 669/688/688
f 631/649/649 666/685/685 669/688/688
f 670/689/689 635/653/653 671/690/690
f 635/653/653 633/651/651 671/690/690
f 633/651/651 668/687/687 671/690/690
f 672/691/691 637/655/655 673/692/692
f 637/655/655 635/653/653 673/692/692
f 635/653/653 670/689/689 673/692/692
f 674/693/693 639/657/657 675/694/694
f 639/657/657 637/655/655 675/694/694
f 637/655/655 672/691/691 675/694/694
f 676/695/695 641/659/659 677/696/696
f 641/659/659 639/657/657 677/696/696
f 639/657/657 674/693/693 677/696/696
f 678/697/697 643/661/661 679/698/698
f 643/661/661 641/659/659 679/698/698
f 641/659/659 676/695/695 679/698/698
f 680/699/699 645/663/663 681/700/700
f 645/663/663 643/661/661 681/700/700
f 643/661/661 678/697/697 681/700/700
f 682/701/701 647/665/665 683/702/702
f 647/665/665 645/663/663 683/702/702
f 645/663/663 680/699/699 683/702/702
f 651/669/669 615/631/631 684/703/703
f 615/631/631 647/665/665 684/703/703
f 647/665/665 682/701/701 684/703/703
f 685/704/704 686/705/705 687/706/706
f 685/704/704 687/706/706 688/707/707
f 689/708/708 685/704/704 688/707/707
f 689/708/708 688/707/707 690/709/709
f 691/710/710 689/708/708 692/711/711
f 689/708/708 690/709/709 692/711/711
f 693/712/712 691/710/710 692/711/711
f 693/712/712 692/711/711 694/713/713
f 695/714/714 693/715/715 694/716/716
f 695/714/714 694/716/716 696/717/717
f 697/718/718 695/714/714 698/719/719
f 695/714/714 696/717/717 698/719/719
f 699/720/720 697/718/718 700/721/721
f 697/718/718 698/719/719 700/721/721
f 701/722/722 699/720/720 700/721/721
f 701/722/722 700/721/721 702/723/723
f 703/724/724 701/722/722 704/725/725
f 701/722/722 702/723/723 704/725/725
f 705/726/726 703/724/724 706/727/727
f 703/724/724 704/725/725 706/727/727
f 707/728/728 705/726/726 706/727/727
f 707/728/728 706/727/727 708/729/729
f 709/730/730 707/728/728 708/729/729
f 709/730/730 708/729/729 710/731/731
f 711/732/732 709/730/730 712/733/733
f 709/730/730 710/731/731 712/733/733
f 713/734/734 711/732/732 712/733/733
f 713/734/734 712/733/733 714/735/735
f 715/736/736 713/734/734 716/737/737
f 713/734/734 714/735/735 716/737/737
f 717/738/738 715/736/736 716/737/737
f 717/738/738 716/737/737 718/739/739
f 719/740/740 717/738/738 720/741/741
f 717/738/738 718/739/739 720/741/741
f 687/706/706 686/705/705 720/741/741
f 686/705/705 719/740/740 720/741/741
f 721/742/742 722/743/743 723/744/744
f 722/743/743 724/745/745 723/744/744
f 722/743/743 725/746/746 726/747/747
f 722/743/743 726/747/747 724/745/745
f 725/746/746 727/748/748 726/747/747
f 727/748/748 728/749/749 726/747/747
f 727/748/748 729/750/750 730/751/751
f 727/748/748 730/751/751 728/749/749
f 729/752/752 731/753/753 730/754/754
f 731/753/753 732/755/755 730/754/754
f 731/753/753 733/756/756 734/757/757
f 731/753/753 734/757/757 732/755/755
f 733/756/756 735/758/758 736/759/759
f 733/756/756 736/759/759 734/757/757
f 735/758/758 737/760/760 738/761/761
f 735/758/758 738/761/761 736/759/759
f 737/760/760 739/762/762 738/761/761
f 739/762/762 740/763/763 738/761/761
f 739/762/762 741/764/764 742/765/765
f 739/762/762 742/765/765 740/763/763
f 741/764/764 743/766/766 744/767/767
f 741/764/764 744/767/767 742/765/765
f 743/766/766 745/768/768 744/767/767
f 745/768/768 746/769/769 744/767/767
f 745/768/768 747/770/770 746/769/769
f 747/770/770 748/771/771 746/769/769
f 747/770/770 749/772/772 750/773/773
f 747/770/770 750/773/773 748/771/771
f 749/772/772 751/774/774 752/775/775
f 749/772/772 752/775/775 750/773/773
f 751/774/774 753/776/776 752/775/775
f 753/776/776 754/777/777 752/775/775
f 753/776/776 755/778/778 756/779/779
f 753/776/776 756/779/779 754/777/777
f 755/778/778 721/742/742 723/744/744
f 755/778/778 723/744/744 756/779/779
f 757/780/780 758/781/781 724/745/745
f 758/781/781 723/744/744 724/745/745
f 759/782/782 757/780/780 724/745/745
f 759/782/782 724/745/745 726/747/747
f 760/783/783 759/782/782 726/747/747
f 760/783/783 726/747/747 728/749/749
f 761/784/784 760/783/783 728/749/749
f 761/784/784 728/749/749 730/751/751
f 762/785/785 761/786/786 732/755/755
f 761/786/786 730/754/754 732/755/755
f 763/787/787 762/785/785 734/757/757
f 762/785/785 732/755/755 734/757/757
f 764/788/788 763/787/787 736/759/759
f 763/787/787 734/757/757 736/759/759
f 765/789/789 764/788/788 738/761/761
f 764/788/788 736/759/759 738/761/761
f 766/790/790 765/789/789 738/761/761
f 766/790/790 738/761/761 740/763/763
f 767/791/791 766/790/790 740/763/763
f 767/791/791 740/763/763 742/765/765
f 768/792/792 767/791/791 744/767/767
f 767/791/791 742/765/765 744/767/767
f 769/793/793 768/792/792 744/767/767
f 769/793/793 744/767/767 746/769/769
f 770/794/794 769/793/793 746/769/769
f 770/794/794 746/769/769 748/771/771
f 771/795/795 770/794/794 750/773/773
f 770/794/794 748/771/771 750/773/773
f 772/796/796 771/795/795 750/773/773
f 772/796/796 750/773/773 752/775/775
f 773/797/797 772/796/796 754/777/777
f 772/796/796 752/775/775 754/777/777
f 774/798/798 773/797/797 754/777/777
f 774/798/798 754/777/777 756/779/779
f 723/744/744 758/781/781 774/798/798
f 723/744/744 774/798/798 756/779/779
f 722/743/743 721/742/742 775/799/799
f 721/742/742 776/800/800 775/799/799
f 725/746/746 722/743/743 777/801/801
f 722/743/743 775/799/799 777/801/801
f 727/748/748 725/746/746 778/802/802
f 725/746/746 777/801/801 778/802/802
f 729/750/750 727/748/748 779/803/803
f 727/748/748 778/802/802 779/803/803
f 731/753/753 729/752/752 779/804/804
f 731/753/753 779/804/804 780/805/805
f 733/756/756 731/753/753 781/806/806
f 731/753/753 780/805/805 781/806/806
f 735/758/758 733/756/756 782/807/807
f 733/756/756 781/806/806 782/807/807
f 737/760/760 735/758/758 782/807/807
f 737/760/760 782/807/807 783/808/808
f 739/762/762 737/760/760 783/808/808
f 739/762/762 783/808/808 784/809/809
f 741/764/764 739/762/762 784/809/809
f 741/764/764 784/809/809 785/810/810
f 743/766/766 741/764/764 786/811/811
f 741/764/764 785/810/810 786/811/811
f 745/768/768 743/766/766 786/811/811
f 745/768/768 786/811/811 787/812/812
f 747/770/770 745/768/768 788/813/813
f 745/768/768 787/812/812 788/813/813
f 749/772/772 747/770/770 788/813/813
f 749/772/772 788/813/813 789/814/814
f 751/774/774 749/772/772 790/815/815
f 749/772/772 789/814/814 790/815/815
f 753/776/776 751/774/774 791/816/816
f 751/774/774 790/815/815 791/816/816
f 755/778/778 753/776/776 792/817/817
f 753/776/776 791/816/816 792/817/817
f 776/800/800 721/742/742 792/817/817
f 721/742/742 755/778/778 792/817/817
f 793/818/818 794/819/819 795/820/820
f 794/819/819 796/821/821 795/820/820
f 758/781/781 757/780/780 793/818/818
f 758/781/781 793/818/818 795/820/820
f 797/822/822 798/823/823 794/819/819
f 797/822/822 794/819/819 793/818/818
f 757/780/780 759/782/782 797/822/822
f 757/780/780 797/822/822 793/818/818
f 799/824/824 800/825/825 797/822/822
f 800/825/825 798/823/823 797/822/822
f 759/782/782 760/783/783 797/822/822
f 760/783/783 799/824/824 797/822/822
f 801/826/826 802/827/827 800/825/825
f 801/826/826 800/825/825 799/824/824
f 760/783/783 761/784/784 801/826/826
f 760/783/783 801/826/826 799/824/824
f 803/828/828 804/829/829 801/830/830
f 804/829/829 802/831/831 801/830/830
f 761/786/786 762/785/785 801/830/830
f 762/785/785 803/828/828 801/830/830
f 805/832/832 806/833/833 804/829/829
f 805/832/832 804/829/829 803/828/828
f 762/785/785 763/787/787 803/828/828
f 763/787/787 805/832/832 803/828/828
f 807/834/834 808/835/835 805/832/832
f 808/835/835 806/833/833 805/832/832
f 763/787/787 764/788/788 805/832/832
f 764/788/788 807/834/834 805/832/832
f 809/836/836 810/837/837 808/835/835
f 809/836/836 808/835/835 807/834/834
f 764/788/788 765/789/789 807/834/834
f 765/789/789 809/836/836 807/834/834
f 811/838/838 812/839/839 810/837/837
f 811/838/838 810/837/837 809/836/836
f 765/789/789 766/790/790 811/838/838
f 765/789/789 811/838/838 809/836/836
f 813/840/840 814/841/841 811/838/838
f 814/841/841 812/839/839 811/838/838
f 766/790/790 767/791/791 811/838/838
f 767/791/791 813/840/840 811/838/838
f 815/842/842 816/843/843 814/841/841
f 815/842/842 814/841/841 813/840/840
f 767/791/791 768/792/792 815/842/842
f 767/791/791 815/842/842 813/840/840
f 817/844/844 818/845/845 816/843/843
f 817/844/844 816/843/843 815/842/842
f 768/792/792 769/793/793 815/842/842
f 769/793/793 817/844/844 815/842/842
f 819/846/846 820/847/847 818/845/845
f 819/846/846 818/845/845 817/844/844
f 769/793/793 770/794/794 819/846/846
f 769/793/793 819/846/846 817/844/844
f 821/848/848 822/849/849 819/846/846
f 822/849/849 820/847/847 819/846/846
f 770/794/794 771/795/795 819/846/846
f 771/795/795 821/848/848 819/846/846
f 823/850/850 824/851/851 822/849/849
f 823/850/850 822/849/849 821/848/848
f 771/795/795 772/796/796 821/848/848
f 772/796/796 823/850/850 821/848/848
f 825/852/852 826/853/853 823/850/850
f 826/853/853 824/851/851 823/850/850
f 772/796/796 773/797/797 825/852/852
f 772/796/796 825/852/852 823/850/850
f 827/854/854 828/855/855 826/853/853
f 827/854/854 826/853/853 825/852/852
f 773/797/797 774/798/798 825/852/852
f 774/798/798 827/854/854 825/852/852
f 795/820/820 796/821/821 827/854/854
f 796/821/821 828/855/855 827/854/854
f 774/798/798 758/781/781 795/820/820
f 774/798/798 795/820/820 827/854/854
f 829/856/856 830/857/857 794/819/819
f 830/857/857 796/821/821 794/819/819
f 831/858/858 829/856/856 794/819/819
f 831/858/858 794/819/819 798/823/823
f 832/859/859 831/858/858 798/823/823
f 832/859/859 798/823/823 800/825/825
f 833/860/860 832/859/859 802/827/827
f 832/859/859 800/825/825 802/827/827
f 834/861/861 833/862/862 802/831/831
f 834/861/861 802/831/831 804/829/829
f 835/863/863 834/861/861 806/833/833
f 834/861/861 804/829/829 806/833/833
f 836/864/864 835/863/863 808/835/835
f 835/863/863 806/833/833 808/835/835
f 837/865/865 836/864/864 808/835/835
f 837/865/865 808/835/835 810/837/837
f 838/866/866 837/865/865 812/839/839
f 837/865/865 810/837/837 812/839/839
f 839/867/867 838/866/866 812/839/839
f 839/867/867 812/839/839 814/841/841
f 840/868/868 839/867/867 814/841/841
f 840/868/868 814/841/841 816/843/843
f 841/869/869 840/868/868 816/843/843
f 841/869/869 816/843/843 818/845/845
f 842/870/870 841/869/869 820/847/847
f 841/869/869 818/845/845 820/847/847
f 843/871/871 842/870/870 822/849/849
f 842/870/870 820/847/847 822/849/849
f 844/872/872 843/871/871 822/849/849
f 844/872/872 822/849/849 824/851/851
f 845/873/873 844/872/872 826/853/853
f 844/872/872 824/851/851 826/853/853
f 846/874/874 845/873/873 828/855/855
f 845/873/873 826/853/853 828/855/855
f 796/821/821 830/857/857 828/855/855
f 830/857/857 846/874/874 828/855/855
f 830/857/857 829/856/856 847/875/875
f 829/856/856 848/876/876 847/875/875
f 829/856/856 831/858/858 849/877/877
f 829/856/856 849/877/877 848/876/876
f 831/858/858 832/859/859 849/877/877
f 832/859/859 850/878/878 849/877/877
f 832/859/859 833/860/860 851/879/879
f 832/859/859 851/879/879 850/878/878
f 833/862/862 834/861/861 851/880/880
f 834/861/861 852/881/881 851/880/880
f 834/861/861 835/863/863 853/882/882
f 834/861/861 853/882/882 852/881/881
f 835/863/863 836/864/864 854/883/883
f 835/863/863 854/883/883 853/882/882
f 836/864/864 837/865/865 854/883/883
f 837/865/865 855/884/884 854/883/883
f 837/865/865 838/866/866 856/885/885
f 837/865/865 856/885/885 855/884/884
f 838/866/866 839/867/867 856/885/885
f 839/867/867 857/886/886 856/885/885
f 839/867/867 840/868/868 858/887/887
f 839/867/867 858/887/887 857/886/886
f 840/868/868 841/869/869 859/888/888
f 840/868/868 859/888/888 858/887/887
f 841/869/869 842/870/870 860/889/889
f 841/869/869 860/889/889 859/888/888
f 842/870/870 843/871/871 860/889/889
f 843/871/871 861/890/890 860/889/889
f 843/871/871 844/872/872 861/890/890
f 844/872/872 862/891/891 861/890/890
f 844/872/872 845/873/873 863/892/892
f 844/872/872 863/892/892 862/891/891
f 845/873/873 846/874/874 864/893/893
f 845/873/873 864/893/893 863/892/892
f 846/874/874 830/857/857 847/875/875
f 846/874/874 847/875/875 864/893/893
f 865/894/894 866/895/895 867/896/896
f 865/894/894 867/896/896 868/897/897
f 869/898/898 865/894/894 868/897/897
f 869/898/898 868/897/897 870/899/899
f 871/900/900 869/898/898 872/901/901
f 869/898/898 870/899/899 872/901/901
f 873/902/902 871/900/900 874/903/903
f 871/900/900 872/901/901 874/903/903
f 875/904/904 873/905/905 874/906/906
f 875/904/904 874/906/906 876/907/907
f 877/908/908 875/904/904 878/909/909
f 875/904/904 876/907/907 878/909/909
f 879/910/910 877/908/908 880/911/911
f 877/908/908 878/909/909 880/911/911
f 881/912/912 879/910/910 880/911/911
f 881/912/912 880/911/911 882/913/913
f 883/914/914 881/912/912 884/915/915
f 881/912/912 882/913/913 884/915/915
f 885/916/916 883/914/914 884/915/915
f 885/916/916 884/915/915 886/917/917
f 887/918/918 885/916/916 886/917/917
f 887/918/918 886/917/917 888/919/919
f 889/920/920 887/918/918 888/919/919
f 889/920/920 888/919/919 890/921/921
f 891/922/922 889/920/920 890/921/921
f 891/922/922 890/921/921 892/923/923
f 893/924/924 891/922/922 892/923/923
f 893/924/924 892/923/923 894/925/925
f 895/926/926 893/924/924 896/927/927
f 893/924/924 894/925/925 896/927/927
f 897/928/928 895/926/926 896/927/927
f 897/928/928 896/927/927 898/929/929
f 899/930/930 897/928/928 898/929/929
f 899/930/930 898/929/929 900/931/931
f 867/896/896 866/895/895 899/930/930
f 867/896/896 899/930/930 900/931/931
f 901/932/932 902/933/933 903/934/934
f 902/933/933 904/935/935 903/934/934
f 905/936/936 901/932/932 906/937/937
f 901/932/932 903/934/934 906/937/937
f 907/938/938 905/936/936 906/937/937
f 907/938/938 906/937/937 908/939/939
f 909/940/940 907/938/938 910/941/941
f 907/938/938 908/939/939 910/941/941
f 911/942/942 909/943/943 910/944/944
f 911/942/942 910/944/944 912/945/945
f 913/946/946 911/942/942 914/947/947
f 911/942/942 912/945/945 914/947/947
f 915/948/948 913/946/946 914/947/947
f 915/948/948 914/947/947 916/949/949
f 917/950/950 915/948/948 918/951/951
f 915/948/948 916/949/949 918/951/951
f 919/952/952 917/950/950 918/951/951
f 919/952/952 918/951/951 920/953/953
f 921/954/954 919/952/952 920/953/953
f 921/954/954 920/953/953 922/955/955
f 923/956/956 921/954/954 924/957/957
f 921/954/954 922/955/955 924/957/957
f 925/958/958 923/956/956 924/957/957
f 925/958/958 924/957/957 926/959/959
f 927/960/960 925/958/958 926/959/959
f 927/960/960 926/959/959 928/961/961
f 929/962/962 927/960/960 930/963/963
f 927/960/960 928/961/961 930/963/963
f 931/964/964 929/962/962 932/965/965
f 929/962/962 930/963/963 932/965/965
f 933/966/966 931/964/964 932/965/965
f 933/966/966 932/965/965 934/967/967
f 935/968/968 933/966/966 936/969/969
f 933/966/966 934/967/967 936/969/969
f 904/935/935 902/933/933 936/969/969
f 902/933/933 935/968/968 936/969/969
f 902/970/970 937/971/971 938/972/972
f 939/973/973 901/974/974 940/975/975
f 941/976/976 905/977/977 942/978/978
f 943/979/979 907/980/980 944/981/981
f 945/982/982 909/983/983 946/984/984
f 947/985/985 911/986/986 948/987/987
f 949/988/988 913/989/989 950/990/990
f 951/991/991 915/992/992 952/993/993
f 953/994/994 917/995/995 954/996/996
f 955/997/997 919/998/998 956/999/999
f 957/1000/1000 921/1001/1001 958/1002/1002
f 959/1003/1003 923/1004/1004 960/1005/1005
f 961/1006/1006 925/1007/1007 962/1008/1008
f 963/1009/1009 927/1010/1010 964/1011/1011
f 965/1012/1012 929/1013/1013 966/1014/1014
f 967/1015/1015 931/1016/1016 968/1017/1017
f 969/1018/1018 933/1019/1019 970/1020/1020
f 971/1021/1021 935/1022/1022 972/1023/1023
f 973/1024/1024 974/1025/1025 975/1026/1026
f 973/1024/1024 975/1026/1026 976/1027/1027
f 977/1028/1028 976/1027/1027 978/1029/1029
f 977/1028/1028 979/1030/1030 973/1024/1024
f 977/1028/1028 973/1024/1024 976/1027/1027
f 980/1031/1031 981/1032/1032 982/1033/1033
f 980/1031/1031 982/1033/1033 983/1034/1034
f 984/1035/1035 975/1026/1026 983/1034/1034
f 975/1026/1026 974/1025/1025 980/1031/1031
f 975/1026/1026 980/1031/1031 983/1034/1034
f 985/1036/1036 986/1037/1037 987/1038/1038
f 985/1036/1036 987/1038/1038 988/1039/1039
f 989/1040/1040 982/1033/1033 988/1039/1039
f 982/1033/1033 981/1032/1032 985/1036/1036
f 982/1033/1033 985/1036/1036 988/1039/1039
f 990/1041/1041 991/1042/1042 992/1043/1043
f 991/1042/1042 993/1044/1044 992/1043/1043
f 994/1045/1045 987/1038/1038 992/1043/1043
f 987/1038/1038 986/1037/1037 992/1043/1043
f 986/1037/1037 990/1041/1041 992/1043/1043
f 995/1046/1046 996/1047/1047 997/1048/1048
f 996/1047/1047 998/1049/1049 997/1048/1048
f 999/1050/1050 993/1044/1044 997/1048/1048
f 993/1044/1044 991/1042/1042 997/1048/1048
f 991/1042/1042 995/1046/1046 997/1048/1048
f 1000/1051/1051 1001/1052/1052 1002/1053/1053
f 1001/1052/1052 1003/1054/1054 1002/1053/1053
f 1004/1055/1055 998/1049/1049 1002/1053/1053
f 998/1049/1049 996/1047/1047 1002/1053/1053
f 996/1047/1047 1000/1051/1051 1002/1053/1053
f 1005/1056/1056 1006/1057/1057 1007/1058/1058
f 1005/1056/1056 1007/1058/1058 1008/1059/1059
f 1009/1060/1060 1003/1054/1054 1008/1059/1059
f 1003/1054/1054 1001/1052/1052 1005/1056/1056
f 1003/1054/1054 1005/1056/1056 1008/1059/1059
f 1010/1061/1061 1011/1062/1062 1012/1063/1063
f 1010/1061/1061 1012/1063/1063 1013/1064/1064
f 1014/1065/1065 1007/1058/1058 1013/1064/1064
f 1007/1058/1058 1006/1057/1057 1010/1061/1061
f 1007/1058/1058 1010/1061/1061 1013/1064/1064
f 1015/1066/1066 1016/1067/1067 1017/1068/1068
f 1015/1066/1066 1017/1068/1068 1018/1069/1069
f 1019/1070/1070 1012/1063/1063 1018/1069/1069
f 1012/1063/1063 1011/1062/1062 1015/1066/1066
f 1012/1063/1063 1015/1066/1066 1018/1069/1069
f 1020/1071/1071 1021/1072/1072 1022/1073/1073
f 1020/1071/1071 1022/1073/1073 1023/1074/1074
f 1024/1075/1075 1017/1068/1068 1023/1074/1074
f 1017/1068/1068 1016/1067/1067 1020/1071/1071
f 1017/1068/1068 1020/1071/1071 1023/1074/1074
f 1025/1076/1076 1026/1077/1077 1027/1078/1078
f 1026/1077/1077 1028/1079/1079 1027/1078/1078
f 1029/1080/1080 1022/1073/1073 1027/1078/1078
f 1022/1073/1073 1021/1072/1072 1025/1076/1076
f 1022/1073/1073 1025/1076/1076 1027/1078/1078
f 1030/1081/1081 1031/1082/1082 1032/1083/1083
f 1031/1082/1082 1033/1084/1084 1032/1083/1083
f 1034/1085/1085 1028/1079/1079 1032/1083/1083
f 1028/1079/1079 1026/1077/1077 1030/1081/1081
f 1028/1079/1079 1030/1081/1081 1032/1083/1083
f 1035/1086/1086 1036/1087/1087 1037/1088/1088
f 1036/1087/1087 1038/1089/1089 1037/1088/1088
f 1039/1090/1090 1033/1084/1084 1037/1088/1088
f 1033/1084/1084 1031/1082/1082 1037/1088/1088
f 1031/1082/1082 1035/1086/1086 1037/1088/1088
f 1040/1091/1091 1041/1092/1092 1042/1093/1093
f 1040/1091/1091 1042/1093/1093 1043/1094/1094
f 1044/1095/1095 1038/1089/1089 1043/1094/1094
f 1038/1089/1089 1036/1087/1087 1043/1094/1094
f 1036/1087/1087 1040/1091/1091 1043/1094/1094
f 1045/1096/1096 1046/1097/1097 1047/1098/1098
f 1046/1097/1097 1048/1099/1099 1047/1098/1098
f 1049/1100/1100 1042/1093/1093 1047/1098/1098
f 1042/1093/1093 1041/1092/1092 1047/1098/1098
f 1041/1092/1092 1045/1096/1096 1047/1098/1098
f 1050/1101/1101 1051/1102/1102 1052/1103/1103
f 1050/1101/1101 1052/1103/1103 1053/1104/1104
f 1054/1105/1105 1048/1099/1099 1053/1104/1104
f 1048/1099/1099 1046/1097/1097 1050/1101/1101
f 1048/1099/1099 1050/1101/1101 1053/1104/1104
f 1055/1106/1106 1056/1107/1107 1057/1108/1108
f 1055/1106/1106 1057/1108/1108 1058/1109/1109
f 1059/1110/1110 1052/1103/1103 1058/1109/1109
f 1052/1103/1103 1051/1102/1102 1055/1106/1106
f 1052/1103/1103 1055/1106/1106 1058/1109/1109
f 1060/1111/1111 979/1030/1030 977/1028/1028
f 1060/1111/1111 977/1028/1028 1061/1112/1112
f 1062/1113/1113 1057/1108/1108 1061/1112/1112
f 1057/1108/1108 1056/1107/1107 1060/1111/1111
f 1057/1108/1108 1060/1111/1111 1061/1112/1112
f 1063/1114/1114 1064/1115/1115 984/1035/1035
f 1064/1115/1115 978/1029/1029 984/1035/1035
f 1065/1116/1116 1063/1114/1114 984/1035/1035
f 1065/1116/1116 984/1035/1035 989/1040/1040
f 1066/1117/1117 1065/1116/1116 994/1045/1045
f 1065/1116/1116 989/1040/1040 994/1045/1045
f 1067/1118/1118 1066/1117/1117 994/1045/1045
f 1067/1118/1118 994/1045/1045 999/1050/1050
f 1068/1119/1119 1067/1118/1118 999/1050/1050
f 1068/1119/1119 999/1050/1050 1004/1055/1055
f 1069/1120/1120 1068/1119/1119 1009/1060/1060
f 1068/1119/1119 1004/1055/1055 1009/1060/1060
f 1070/1121/1121 1069/1120/1120 1009/1060/1060
f 1070/1121/1121 1009/1060/1060 1014/1065/1065
f 1071/1122/1122 1070/1121/1121 1019/1070/1070
f 1070/1121/1121 1014/1065/1065 1019/1070/1070
f 1072/1123/1123 1071/1122/1122 1019/1070/1070
f 1072/1123/1123 1019/1070/1070 1024/1075/1075
f 1073/1124/1124 1072/1123/1123 1029/1080/1080
f 1072/1123/1123 1024/1075/1075 1029/1080/1080
f 1074/1125/1125 1073/1124/1124 1029/1080/1080
f 1074/1125/1125 1029/1080/1080 1034/1085/1085
f 1075/1126/1126 1074/1125/1125 1039/1090/1090
f 1074/1125/1125 1034/1085/1085 1039/1090/1090
f 1076/1127/1127 1075/1126/1126 1044/1095/1095
f 1075/1126/1126 1039/1090/1090 1044/1095/1095
f 1077/1128/1128 1076/1127/1127 1044/1095/1095
f 1077/1128/1128 1044/1095/1095 1049/1100/1100
f 1078/1129/1129 1077/1128/1128 1049/1100/1100
f 1078/1129/1129 1049/1100/1100 1054/1105/1105
f 1079/1130/1130 1078/1129/1129 1054/1105/1105
f 1079/1130/1130 1054/1105/1105 1059/1110/1110
f 1080/1131/1131 1079/1130/1130 1062/1113/1113
f 1079/1130/1130 1059/1110/1110 1062/1113/1113
f 978/1029/1029 1064/1115/1115 1062/1113/1113
f 1064/1115/1115 1080/1131/1131 1062/1113/1113
f 1081/1132/1132 1082/1133/1133 1083/1134/1134
f 1081/1132/1132 1083/1134/1134 1084/1135/1135
f 1082/1133/1133 1085/1136/1136 1083/1134/1134
f 1085/1136/1136 1086/1137/1137 1083/1134/1134
f 1085/1136/1136 1087/1138/1138 1088/1139/1139
f 1085/1136/1136 1088/1139/1139 1086/1137/1137
f 1087/1138/1138 1089/1140/1140 1090/1141/1141
f 1087/1138/1138 1090/1141/1141 1088/1139/1139
f 1089/1140/1140 1091/1142/1142 1090/1141/1141
f 1091/1142/1142 1092/1143/1143 1090/1141/1141
f 1091/1142/1142 1093/1144/1144 1092/1143/1143
f 1093/1144/1144 1094/1145/1145 1092/1143/1143
f 1093/1144/1144 1095/1146/1146 1096/1147/1147
f 1093/1144/1144 1096/1147/1147 1094/1145/1145
f 1095/1146/1146 1097/1148/1148 1096/1147/1147
f 1097/1148/1148 1098/1149/1149 1096/1147/1147
f 1097/1148/1148 1099/1150/1150 1098/1149/1149
f 1099/1150/1150 1100/1151/1151 1098/1149/1149
f 1099/1150/1150 1101/1152/1152 1102/1153/1153
f 1099/1150/1150 1102/1153/1153 1100/1151/1151
f 1101/1152/1152 1103/1154/1154 1102/1153/1153
f 1103/1154/1154 1104/1155/1155 1102/1153/1153
f 1103/1154/1154 1105/1156/1156 1106/1157/1157
f 1103/1154/1154 1106/1157/1157 1104/1155/1155
f 1105/1156/1156 1107/1158/1158 1106/1157/1157
f 1107/1158/1158 1108/1159/1159 1106/1157/1157
f 1107/1158/1158 1109/1160/1160 1108/1159/1159
f 1109/1160/1160 1110/1161/1161 1108/1159/1159
f 1109/1160/1160 1111/1162/1162 1110/1161/1161
f 1111/1162/1162 1112/1163/1163 1110/1161/1161
f 1111/1162/1162 1113/1164/1164 1114/1165/1165
f 1111/1162/1162 1114/1165/1165 1112/1163/1163
f 1113/1164/1164 1115/1166/1166 1114/1165/1165
f 1115/1166/1166 1116/1167/1167 1114/1165/1165
f 1115/1166/1166 1081/1132/1132 1116/1167/1167
f 1081/1132/1132 1084/1135/1135 1116/1167/1167
f 1117/1168/1168 1118/1169/1169 1119/1170/1170
f 1118/1169/1169 1120/1171/1171 1119/1170/1170
f 1118/1169/1169 1121/1172/1172 1122/1173/1173
f 1118/1169/1169 1122/1173/1173 1120/1171/1171
f 1121/1172/1172 1123/1174/1174 1122/1173/1173
f 1123/1174/1174 1124/1175/1175 1122/1173/1173
f 1123/1174/1174 1125/1176/1176 1126/1177/1177
f 1123/1174/1174 1126/1177/1177 1124/1175/1175
f 1125/1176/1176 1127/1178/1178 1126/1177/1177
f 1127/1178/1178 1128/1179/1179 1126/1177/1177
f 1127/1178/1178 1129/1180/1180 1130/1181/1181
f 1127/1178/1178 1130/1181/1181 1128/1179/1179
f 1129/1180/1180 1131/1182/1182 1132/1183/1183
f 1129/1180/1180 1132/1183/1183 1130/1181/1181
f 1131/1182/1182 1133/1184/1184 1132/1183/1183
f 1133/1184/1184 1134/1185/1185 1132/1183/1183
f 1133/1184/1184 1135/1186/1186 1134/1185/1185
f 1135/1186/1186 1136/1187/1187 1134/1185/1185
f 1135/1186/1186 1137/1188/1188 1138/1189/1189
f 1135/1186/1186 1138/1189/1189 1136/1187/1187
f 1137/1188/1188 1139/1190/1190 1140/1191/1191
f 1137/1188/1188 1140/1191/1191 1138/1189/1189
f 1139/1190/1190 1141/1192/1192 1140/1191/1191
f 1141/1192/1192 1142/1193/1193 1140/1191/1191
f 1141/1192/1192 1143/1194/1194 1142/1193/1193
f 1143/1194/1194 1144/1195/1195 1142/1193/1193
f 1143/1194/1194 1145/1196/1196 1146/1197/1197
f 1143/1194/1194 1146/1197/1197 1144/1195/1195
f 1145/1196/1196 1147/1198/1198 1146/1197/1197
f 1147/1198/1198 1148/1199/1199 1146/1197/1197
f 1147/1198/1198 1149/1200/1200 1148/1199/1199
f 1149/1200/1200 1150/1201/1201 1148/1199/1199
f 1149/1200/1200 1151/1202/1202 1152/1203/1203
f 1149/1200/1200 1152/1203/1203 1150/1201/1201
f 1151/1202/1202 1117/1168/1168 1119/1170/1170
f 1151/1202/1202 1119/1170/1170 1152/1203/1203
f 1153/1204/1204 1154/1205/1205 1155/1206/1206
f 1154/1205/1205 1156/1207/1207 1155/1206/1206
f 1154/1205/1205 1157/1208/1208 1158/1209/1209
f 1154/1205/1205 1158/1209/1209 1156/1207/1207
f 1157/1208/1208 1159/1210/1210 1158/1209/1209
f 1159/1210/1210 1160/1211/1211 1158/1209/1209
f 1159/1210/1210 1161/1212/1212 1160/1211/1211
f 1161/1212/1212 1162/1213/1213 1160/1211/1211
f 1161/1214/1214 1163/1215/1215 1164/1216/1216
f 1161/1214/1214 1164/1216/1216 1162/1217/1217
f 1163/1215/1215 1165/1218/1218 1164/1216/1216
f 1165/1218/1218 1166/1219/1219 1164/1216/1216
f 1165/1218/1218 1167/1220/1220 1166/1219/1219
f 1167/1220/1220 1168/1221/1221 1166/1219/1219
f 1167/1220/1220 1169/1222/1222 1170/1223/1223
f 1167/1220/1220 1170/1223/1223 1168/1221/1221
f 1169/1222/1222 1171/1224/1224 1170/1223/1223
f 1171/1224/1224 1172/1225/1225 1170/1223/1223
f 1171/1224/1224 1173/1226/1226 1174/1227/1227
f 1171/1224/1224 1174/1227/1227 1172/1225/1225
f 1173/1226/1226 1175/1228/1228 1176/1229/1229
f 1173/1226/1226 1176/1229/1229 1174/1227/1227
f 1175/1228/1228 1177/1230/1230 1176/1229/1229
f 1177/1230/1230 1178/1231/1231 1176/1229/1229
f 1177/1230/1230 1179/1232/1232 1178/1231/1231
f 1179/1232/1232 1180/1233/1233 1178/1231/1231
f 1179/1232/1232 1181/1234/1234 1182/1235/1235
f 1179/1232/1232 1182/1235/1235 1180/1233/1233
f 1181/1234/1234 1183/1236/1236 1184/1237/1237
f 1181/1234/1234 1184/1237/1237 1182/1235/1235
f 1183/1236/1236 1185/1238/1238 1184/1237/1237
f 1185/1238/1238 1186/1239/1239 1184/1237/1237
f 1185/1238/1238 1187/1240/1240 1186/1239/1239
f 1187/1240/1240 1188/1241/1241 1186/1239/1239
f 1187/1240/1240 1153/1204/1204 1155/1206/1206
f 1187/1240/1240 1155/1206/1206 1188/1241/1241
f 1189/1242/1242 1190/1243/1243 1191/1244/1244
f 1190/1243/1243 1192/1245/1245 1191/1244/1244
f 1190/1243/1243 1193/1246/1246 1194/1247/1247
f 1190/1243/1243 1194/1247/1247 1192/1245/1245
f 1193/1246/1246 1195/1248/1248 1194/1247/1247
f 1195/1248/1248 1196/1249/1249 1194/1247/1247
f 1195/1248/1248 1197/1250/1250 1198/1251/1251
f 1195/1248/1248 1198/1251/1251 1196/1249/1249
f 1197/1252/1252 1199/1253/1253 1200/1254/1254
f 1197/1252/1252 1200/1254/1254 1198/1255/1255
f 1199/1253/1253 1201/1256/1256 1202/1257/1257
f 1199/1253/1253 1202/1257/1257 1200/1254/1254
f 1201/1256/1256 1203/1258/1258 1202/1257/1257
f 1203/1258/1258 1204/1259/1259 1202/1257/1257
f 1203/1258/1258 1205/1260/1260 1204/1259/1259
f 1205/1260/1260 1206/1261/1261 1204/1259/1259
f 1205/1260/1260 1207/1262/1262 1206/1261/1261
f 1207/1262/1262 1208/1263/1263 1206/1261/1261
f 1207/1262/1262 1209/1264/1264 1210/1265/1265
f 1207/1262/1262 1210/1265/1265 1208/1263/1263
f 1209/1264/1264 1211/1266/1266 1212/1267/1267
f 1209/1264/1264 1212/1267/1267 1210/1265/1265
f 1211/1266/1266 1213/1268/1268 1212/1267/1267
f 1213/1268/1268 1214/1269/1269 1212/1267/1267
f 1213/1268/1268 1215/1270/1270 1214/1269/1269
f 1215/1270/1270 1216/1271/1271 1214/1269/1269
f 1215/1270/1270 1217/1272/1272 1218/1273/1273
f 1215/1270/1270 1218/1273/1273 1216/1271/1271
f 1217/1272/1272 1219/1274/1274 1218/1273/1273
f 1219/1274/1274 1220/1275/1275 1218/1273/1273
f 1219/1274/1274 1221/1276/1276 1222/1277/1277
f 1219/1274/1274 1222/1277/1277 1220/1275/1275
f 1221/1276/1276 1223/1278/1278 1222/1277/1277
f 1223/1278/1278 1224/1279/1279 1222/1277/1277
f 1223/1278/1278 1189/1242/1242 1224/1279/1279
f 1189/1242/1242 1191/1244/1244 1224/1279/1279
f 1225/1280/1280 1226/1281/1281 1227/1282/1282
f 1225/1280/1280 1227/1282/1282 1228/1283/1283
f 1226/1281/1281 1229/1284/1284 1227/1282/1282
f 1229/1284/1284 1230/1285/1285 1227/1282/1282
f 1229/1284/1284 1231/1286/1286 1230/1285/1285
f 1231/1286/1286 1232/1287/1287 1230/1285/1285
f 1231/1286/1286 1233/1288/1288 1232/1287/1287
f 1233/1288/1288 1234/1289/1289 1232/1287/1287
f 1233/1290/1290 1235/1291/1291 1236/1292/1292
f 1233/1290/1290 1236/1292/1292 1234/1293/1293
f 1235/1291/1291 1237/1294/1294 1236/1292/1292
f 1237/1294/1294 1238/1295/1295 1236/1292/1292
f 1237/1294/1294 1239/1296/1296 1240/1297/1297
f 1237/1294/1294 1240/1297/1297 1238/1295/1295
f 1239/1296/1296 1241/1298/1298 1240/1297/1297
f 1241/1298/1298 1242/1299/1299 1240/1297/1297
f 1241/1298/1298 1243/1300/1300 1242/1299/1299
f 1243/1300/1300 1244/1301/1301 1242/1299/1299
f 1243/1300/1300 1245/1302/1302 1246/1303/1303
f 1243/1300/1300 1246/1303/1303 1244/1301/1301
f 1245/1302/1302 1247/1304/1304 1246/1303/1303
f 1247/1304/1304 1248/1305/1305 1246/1303/1303
f 1247/1304/1304 1249/1306/1306 1250/1307/1307
f 1247/1304/1304 1250/1307/1307 1248/1305/1305
f 1249/1306/1306 1251/1308/1308 1252/1309/1309
f 1249/1306/1306 1252/1309/1309 1250/1307/1307
f 1251/1308/1308 1253/1310/1310 1254/1311/1311
f 1251/1308/1308 1254/1311/1311 1252/1309/1309
f 1253/1310/1310 1255/1312/1312 1254/1311/1311
f 1255/1312/1312 1256/1313/1313 1254/1311/1311
f 1255/1312/1312 1257/1314/1314 1258/1315/1315
f 1255/1312/1312 1258/1315/1315 1256/1313/1313
f 1257/1314/1314 1259/1316/1316 1258/1315/1315
f 1259/1316/1316 1260/1317/1317 1258/1315/1315
f 1259/1316/1316 1225/1280/1280 1260/1317/1317
f 1225/1280/1280 1228/1283/1283 1260/1317/1317
f 1261/1318/1318 1262/1319/1319 1263/1320/1320
f 1261/1318/1318 1263/1320/1320 1264/1321/1321
f 1262/1319/1319 1265/1322/1322 1263/1320/1320
f 1265/1322/1322 1266/1323/1323 1263/1320/1320
f 1265/1322/1322 1267/1324/1324 1268/1325/1325
f 1265/1322/1322 1268/1325/1325 1266/1323/1323
f 1267/1324/1324 1269/1326/1326 1268/1325/1325
f 1269/1326/1326 1270/1327/1327 1268/1325/1325
f 1269/1328/1328 1271/1329/1329 1272/1330/1330
f 1269/1328/1328 1272/1330/1330 1270/1331/1331
f 1271/1329/1329 1273/1332/1332 1272/1330/1330
f 1273/1332/1332 1274/1333/1333 1272/1330/1330
f 1273/1332/1332 1275/1334/1334 1276/1335/1335
f 1273/1332/1332 1276/1335/1335 1274/1333/1333
f 1275/1334/1334 1277/1336/1336 1276/1335/1335
f 1277/1336/1336 1278/1337/1337 1276/1335/1335
f 1277/1336/1336 1279/1338/1338 1280/1339/1339
f 1277/1336/1336 1280/1339/1339 1278/1337/1337
f 1279/1338/1338 1281/1340/1340 1280/1339/1339
f 1281/1340/1340 1282/1341/1341 1280/1339/1339
f 1281/1340/1340 1283/1342/1342 1284/1343/1343
f 1281/1340/1340 1284/1343/1343 1282/1341/1341
f 1283/1342/1342 1285/1344/1344 1286/1345/1345
f 1283/1342/1342 1286/1345/1345 1284/1343/1343
f 1285/1344/1344 1287/1346/1346 1286/1345/1345
f 1287/1346/1346 1288/1347/1347 1286/1345/1345
f 1287/1346/1346 1289/1348/1348 1290/1349/1349
f 1287/1346/1346 1290/1349/1349 1288/1347/1347
f 1289/1348/1348 1291/1350/1350 1290/1349/1349
f 1291/1350/1350 1292/1351/1351 1290/1349/1349
f 1291/1350/1350 1293/1352/1352 1292/1351/1351
f 1293/1352/1352 1294/1353/1353 1292/1351/1351
f 1293/1352/1352 1295/1354/1354 1296/1355/1355
f 1293/1352/1352 1296/1355/1355 1294/1353/1353
f 1295/1354/1354 1261/1318/1318 1264/1321/1321
f 1295/1354/1354 1264/1321/1321 1296/1355/1355
f 1297/1356/1356 1298/1357/1357 1299/1358/1358
f 1297/1356/1356 1299/1358/1358 1300/1359/1359
f 1299/1358/1358 1301/1360/1360 1302/1361/1361
f 1299/1358/1358 1302/1361/1361 1300/1359/1359
f 1298/1357/1357 1303/1362/1362 1304/1363/1363
f 1298/1357/1357 1304/1363/1363 1299/1358/1358
f 1304/1363/1363 1305/1364/1364 1301/1360/1360
f 1304/1363/1363 1301/1360/1360 1299/1358/1358
f 1303/1362/1362 1306/1365/1365 1304/1363/1363
f 1306/1365/1365 1307/1366/1366 1304/1363/1363
f 1307/1366/1366 1308/1367/1367 1304/1363/1363
f 1308/1367/1367 1305/1364/1364 1304/1363/1363
f 1306/1365/1365 1309/1368/1368 1310/1369/1369
f 1306/1365/1365 1310/1369/1369 1307/1366/1366
f 1310/1369/1369 1311/1370/1370 1308/1367/1367
f 1310/1369/1369 1308/1367/1367 1307/1366/1366
f 1309/1371/1371 1312/1372/1372 1310/1373/1373
f 1312/1372/1372 1313/1374/1374 1310/1373/1373
f 1313/1374/1374 1314/1375/1375 1311/1376/1376
f 1313/1374/1374 1311/1376/1376 1310/1373/1373
f 1312/1372/1372 1315/1377/1377 1313/1374/1374
f 1315/1377/1377 1316/1378/1378 1313/1374/1374
f 1316/1378/1378 1317/1379/1379 1314/1375/1375
f 1316/1378/1378 1314/1375/1375 1313/1374/1374
f 1315/1377/1377 1318/1380/1380 1319/1381/1381
f 1315/1377/1377 1319/1381/1381 1316/1378/1378
f 1319/1381/1381 1320/1382/1382 1317/1379/1379
f 1319/1381/1381 1317/1379/1379 1316/1378/1378
f 1318/1380/1380 1321/1383/1383 1322/1384/1384
f 1318/1380/1380 1322/1384/1384 1319/1381/1381
f 1322/1384/1384 1323/1385/1385 1319/1381/1381
f 1323/1385/1385 1320/1382/1382 1319/1381/1381
f 1321/1383/1383 1324/1386/1386 1322/1384/1384
f 1324/1386/1386 1325/1387/1387 1322/1384/1384
f 1325/1387/1387 1326/1388/1388 1322/1384/1384
f 1326/1388/1388 1323/1385/1385 1322/1384/1384
f 1324/1386/1386 1327/1389/1389 1328/1390/1390
f 1324/1386/1386 1328/1390/1390 1325/1387/1387
f 1328/1390/1390 1329/1391/1391 1326/1388/1388
f 1328/1390/1390 1326/1388/1388 1325/1387/1387
f 1327/1389/1389 1330/1392/1392 1331/1393/1393
f 1327/1389/1389 1331/1393/1393 1328/1390/1390
f 1331/1393/1393 1332/1394/1394 1328/1390/1390
f 1332/1394/1394 1329/1391/1391 1328/1390/1390
f 1330/1392/1392 1333/1395/1395 1331/1393/1393
f 1333/1395/1395 1334/1396/1396 1331/1393/1393
f 1334/1396/1396 1335/1397/1397 1332/1394/1394
f 1334/1396/1396 1332/1394/1394 1331/1393/1393
f 1333/1395/1395 1336/1398/1398 1337/1399/1399
f 1333/1395/1395 1337/1399/1399 1334/1396/1396
f 1337/1399/1399 1338/1400/1400 1335/1397/1397
f 1337/1399/1399 1335/1397/1397 1334/1396/1396
f 1336/1398/1398 1339/1401/1401 1340/1402/1402
f 1336/1398/1398 1340/1402/1402 1337/1399/1399
f 1340/1402/1402 1341/1403/1403 1337/1399/1399
f 1341/1403/1403 1338/1400/1400 1337/1399/1399
f 1339/1401/1401 1342/1404/1404 1340/1402/1402
f 1342/1404/1404 1343/1405/1405 1340/1402/1402
f 1343/1405/1405 1344/1406/1406 1341/1403/1403
f 1343/1405/1405 1341/1403/1403 1340/1402/1402
f 1342/1404/1404 1345/1407/1407 1346/1408/1408
f 1342/1404/1404 1346/1408/1408 1343/1405/1405
f 1346/1408/1408 1347/1409/1409 1344/1406/1406
f 1346/1408/1408 1344/1406/1406 1343/1405/1405
f 1345/1407/1407 1348/1410/1410 1346/1408/1408
f 1348/1410/1410 1349/1411/1411 1346/1408/1408
f 1349/1411/1411 1350/1412/1412 1347/1409/1409
f 1349/1411/1411 1347/1409/1409 1346/1408/1408
f 1348/1410/1410 1297/1356/1356 1349/1411/1411
f 1297/1356/1356 1300/1359/1359 1349/1411/1411
f 1300/1359/1359 1302/1361/1361 1349/1411/1411
f 1302/1361/1361 1350/1412/1412 1349/1411/1411
f 1302/1361/1361 1301/1360/1360 1351/1413/1413
f 1302/1361/1361 1351/1413/1413 1352/1414/1414
f 1351/1415/1415 1353/1416/1416 1352/1417/1417
f 1353/1416/1416 1354/1418/1418 1352/1417/1417
f 1301/1360/1360 1305/1364/1364 1351/1413/1413
f 1305/1364/1364 1355/1419/1419 1351/1413/1413
f 1355/1420/1420 1356/1421/1421 1351/1415/1415
f 1356/1421/1421 1353/1416/1416 1351/1415/1415
f 1305/1364/1364 1308/1367/1367 1355/1419/1419
f 1308/1367/1367 1357/1422/1422 1355/1419/1419
f 1357/1423/1423 1358/1424/1424 1355/1420/1420
f 1358/1424/1424 1356/1421/1421 1355/1420/1420
f 1308/1367/1367 1311/1370/1370 1359/1425/1425
f 1308/1367/1367 1359/1425/1425 1357/1422/1422
f 1359/1426/1426 1360/1427/1427 1358/1424/1424
f 1359/1426/1426 1358/1424/1424 1357/1423/1423
f 1311/1376/1376 1314/1375/1375 1361/1428/1428
f 1311/1376/1376 1361/1428/1428 1359/1429/1429
f 1361/1430/1430 1362/1431/1431 1359/1426/1426
f 1362/1431/1431 1360/1427/1427 1359/1426/1426
f 1314/1375/1375 1317/1379/1379 1361/1428/1428
f 1317/1379/1379 1363/1432/1432 1361/1428/1428
f 1363/1433/1433 1364/1434/1434 1361/1430/1430
f 1364/1434/1434 1362/1431/1431 1361/1430/1430
f 1317/1379/1379 1320/1382/1382 1365/1435/1435
f 1317/1379/1379 1365/1435/1435 1363/1432/1432
f 1365/1436/1436 1366/1437/1437 1364/1434/1434
f 1365/1436/1436 1364/1434/1434 1363/1433/1433
f 1320/1382/1382 1323/1385/1385 1365/1435/1435
f 1323/1385/1385 1367/1438/1438 1365/1435/1435
f 1367/1439/1439 1368/1440/1440 1365/1436/1436
f 1368/1440/1440 1366/1437/1437 1365/1436/1436
f 1323/1385/1385 1326/1388/1388 1367/1438/1438
f 1326/1388/1388 1369/1441/1441 1367/1438/1438
f 1369/1442/1442 1370/1443/1443 1367/1439/1439
f 1370/1443/1443 1368/1440/1440 1367/1439/1439
f 1326/1388/1388 1329/1391/1391 1369/1441/1441
f 1329/1391/1391 1371/1444/1444 1369/1441/1441
f 1371/1445/1445 1372/1446/1446 1370/1443/1443
f 1371/1445/1445 1370/1443/1443 1369/1442/1442
f 1329/1391/1391 1332/1394/1394 1373/1447/1447
f 1329/1391/1391 1373/1447/1447 1371/1444/1444
f 1373/1448/1448 1374/1449/1449 1372/1446/1446
f 1373/1448/1448 1372/1446/1446 1371/1445/1445
f 1332/1394/1394 1335/1397/1397 1375/1450/1450
f 1332/1394/1394 1375/1450/1450 1373/1447/1447
f 1375/1451/1451 1376/1452/1452 1373/1448/1448
f 1376/1452/1452 1374/1449/1449 1373/1448/1448
f 1335/1397/1397 1338/1400/1400 1377/1453/1453
f 1335/1397/1397 1377/1453/1453 1375/1450/1450
f 1377/1454/1454 1378/1455/1455 1375/1451/1451
f 1378/1455/1455 1376/1452/1452 1375/1451/1451
f 1338/1400/1400 1341/1403/1403 1377/1453/1453
f 1341/1403/1403 1379/1456/1456 1377/1453/1453
f 1379/1457/1457 1380/1458/1458 1378/1455/1455
f 1379/1457/1457 1378/1455/1455 1377/1454/1454
f 1341/1403/1403 1344/1406/1406 1381/1459/1459
f 1341/1403/1403 1381/1459/1459 1379/1456/1456
f 1381/1460/1460 1382/1461/1461 1380/1458/1458
f 1381/1460/1460 1380/1458/1458 1379/1457/1457
f 1344/1406/1406 1347/1409/1409 1383/1462/1462
f 1344/1406/1406 1383/1462/1462 1381/1459/1459
f 1383/1463/1463 1384/1464/1464 1382/1461/1461
f 1383/1463/1463 1382/1461/1461 1381/1460/1460
f 1347/1409/1409 1350/1412/1412 1383/1462/1462
f 1350/1412/1412 1385/1465/1465 1383/1462/1462
f 1385/1466/1466 1386/1467/1467 1383/1463/1463
f 1386/1467/1467 1384/1464/1464 1383/1463/1463
f 1350/1412/1412 1302/1361/1361 1385/1465/1465
f 1302/1361/1361 1352/1414/1414 1385/1465/1465
f 1352/1417/1417 1354/1418/1418 1386/1467/1467
f 1352/1417/1417 1386/1467/1467 1385/1466/1466
f 1387/1468/1468 1388/1469/1469 1389/1470/1470
f 1388/1469/1469 1390/1471/1471 1389/1470/1470
f 1388/1469/1469 1391/1472/1472 1392/1473/1473
f 1388/1469/1469 1392/1473/1473 1390/1471/1471
f 1391/1472/1472 1393/1474/1474 1392/1473/1473
f 1393/1474/1474 1394/1475/1475 1392/1473/1473
f 1393/1474/1474 1395/1476/1476 1396/1477/1477
f 1393/1474/1474 1396/1477/1477 1394/1475/1475
f 1395/1478/1478 1397/1479/1479 1396/1480/1480
f 1397/1479/1479 1398/1481/1481 1396/1480/1480
f 1397/1479/1479 1399/1482/1482 1398/1481/1481
f 1399/1482/1482 1400/1483/1483 1398/1481/1481
f 1399/1482/1482 1401/1484/1484 1402/1485/1485
f 1399/1482/1482 1402/1485/1485 1400/1483/1483
f 1401/1484/1484 1403/1486/1486 1402/1485/1485
f 1403/1486/1486 1404/1487/1487 1402/1485/1485
f 1403/1486/1486 1405/1488/1488 1404/1487/1487
f 1405/1488/1488 1406/1489/1489 1404/1487/1487
f 1405/1488/1488 1407/1490/1490 1408/1491/1491
f 1405/1488/1488 1408/1491/1491 1406/1489/1489
f 1407/1490/1490 1409/1492/1492 1410/1493/1493
f 1407/1490/1490 1410/1493/1493 1408/1491/1491
f 1409/1492/1492 1411/1494/1494 1412/1495/1495
f 1409/1492/1492 1412/1495/1495 1410/1493/1493
f 1411/1494/1494 1413/1496/1496 1412/1495/1495
f 1413/1496/1496 1414/1497/1497 1412/1495/1495
f 1413/1496/1496 1415/1498/1498 1416/1499/1499
f 1413/1496/1496 1416/1499/1499 1414/1497/1497
f 1415/1498/1498 1417/1500/1500 1416/1499/1499
f 1417/1500/1500 1418/1501/1501 1416/1499/1499
f 1417/1500/1500 1419/1502/1502 1418/1501/1501
f 1419/1502/1502 1420/1503/1503 1418/1501/1501
f 1419/1502/1502 1421/1504/1504 1422/1505/1505
f 1419/1502/1502 1422/1505/1505 1420/1503/1503
f 1421/1504/1504 1387/1468/1468 1389/1470/1470
f 1421/1504/1504 1389/1470/1470 1422/1505/1505
f 183/187/187 182/186/186 112/114/114
f 183/187/187 112/114/114 116/118/118
f 185/189/189 184/188/188 120/122/122
f 184/188/188 117/119/119 120/122/122
f 187/191/191 186/190/190 121/123/123
f 187/191/191 121/123/123 124/126/126
f 189/193/193 188/192/192 125/127/127
f 189/193/193 125/127/127 128/131/131
f 191/195/195 190/230/230 132/136/136
f 190/230/230 129/1506/1506 132/136/136
f 193/197/197 192/196/196 133/137/137
f 193/197/197 133/137/137 136/140/140
f 195/199/199 194/198/198 140/144/144
f 194/198/198 137/141/141 140/144/144
f 197/201/201 196/200/200 144/148/148
f 196/200/200 141/145/145 144/148/148
f 199/203/203 198/202/202 148/152/152
f 198/202/202 145/149/149 148/152/152
f 201/205/205 200/204/204 149/153/153
f 201/205/205 149/153/153 152/156/156
f 203/207/207 202/206/206 156/160/160
f 202/206/206 153/157/157 156/160/160
f 205/209/209 204/208/208 157/161/161
f 205/209/209 157/161/161 160/164/164
f 207/211/211 206/210/210 164/168/168
f 206/210/210 161/165/165 164/168/168
f 209/213/213 208/212/212 165/169/169
f 209/213/213 165/169/169 168/172/172
f 211/215/215 210/214/214 169/173/173
f 211/215/215 169/173/173 172/176/176
f 213/217/217 212/216/216 176/180/180
f 212/216/216 173/177/177 176/180/180
f 215/219/219 214/218/218 177/181/181
f 215/219/219 177/181/181 179/183/183
f 113/115/115 181/185/185 180/184/184
f 181/185/185 216/220/220 180/184/184
f 116/118/118 112/114/114 109/111/111
f 112/114/114 110/112/112 109/111/111
f 120/122/122 117/119/119 114/116/116
f 117/119/119 115/117/117 114/116/116
f 124/126/126 121/123/123 119/121/121
f 124/126/126 119/121/121 118/120/120
f 128/131/131 125/127/127 122/124/124
f 125/127/127 123/125/125 122/124/124
f 132/136/136 129/1506/1506 127/129/129
f 132/136/136 127/129/129 126/128/128
f 136/140/140 133/137/137 130/134/134
f 133/137/137 131/135/135 130/134/134
f 140/144/144 137/141/141 135/139/139
f 140/144/144 135/139/139 134/138/138
f 144/148/148 141/145/145 139/143/143
f 144/148/148 139/143/143 138/142/142
f 148/152/152 145/149/149 143/147/147
f 148/152/152 143/147/147 142/146/146
f 152/156/156 149/153/153 147/151/151
f 152/156/156 147/151/151 146/150/150
f 156/160/160 153/157/157 151/155/155
f 156/160/160 151/155/155 150/154/154
f 160/164/164 157/161/161 154/158/158
f 157/161/161 155/159/159 154/158/158
f 164/168/168 161/165/165 159/163/163
f 164/168/168 159/163/163 158/162/162
f 168/172/172 165/169/169 163/167/167
f 168/172/172 163/167/167 162/166/166
f 172/176/176 169/173/173 166/170/170
f 169/173/173 167/171/171 166/170/170
f 176/180/180 173/177/177 170/174/174
f 173/177/177 171/175/175 170/174/174
f 179/183/183 177/181/181 175/179/179
f 179/183/183 175/179/179 174/178/178
f 111/113/113 113/115/115 180/184/184
f 111/113/113 180/184/184 178/182/182
f 939/973/973 937/971/971 901/974/974
f 937/971/971 902/970/970 901/974/974
f 941/976/976 940/975/975 905/977/977
f 940/975/975 901/974/974 905/977/977
f 943/979/979 942/978/978 905/977/977
f 945/982/982 944/981/981 909/983/983
f 944/981/981 907/980/980 909/983/983
f 947/985/985 946/1507/1507 911/986/986
f 946/1507/1507 909/1508/1507 911/986/986
f 949/988/988 948/987/987 913/989/989
f 948/987/987 911/986/986 913/989/989
f 951/991/991 950/990/990 915/992/992
f 950/990/990 913/989/989 915/992/992
f 953/994/994 952/993/993 915/992/992
f 955/997/997 954/996/996 917/995/995
f 957/1000/1000 956/999/999 921/1001/1001
f 956/999/999 919/998/998 921/1001/1001
f 959/1003/1003 958/1002/1002 923/1004/1004
f 958/1002/1002 921/1001/1001 923/1004/1004
f 961/1006/1006 960/1005/1005 923/1004/1004
f 963/1009/1009 962/1008/1008 925/1007/1007
f 965/1012/1012 964/1011/1011 929/1013/1013
f 964/1011/1011 927/1010/1010 929/1013/1013
f 967/1015/1015 966/1014/1014 931/1016/1016
f 966/1014/1014 929/1013/1013 931/1016/1016
f 969/1018/1018 968/1017/1017 933/1019/1019
f 968/1017/1017 931/1016/1016 933/1019/1019
f 971/1021/1021 970/1020/1020 933/1019/1019
f 902/970/970 938/972/972 972/1023/1023
f 902/970/970 972/1023/1023 935/1022/1022
f 939/1509/1508 974/1025/1025 973/1024/1024
f 939/1509/1508 973/1024/1024 937/1510/1509
f 973/1024/1024 979/1030/1030 938/1511/1510
f 973/1024/1024 938/1511/1510 937/1510/1509
f 941/1512/1511 981/1032/1032 980/1031/1031
f 941/1512/1511 980/1031/1031 940/1513/1512
f 980/1031/1031 974/1025/1025 940/1513/1512
f 974/1025/1025 939/1509/1508 940/1513/1512
f 943/1514/1513 986/1037/1037 985/1036/1036
f 943/1514/1513 985/1036/1036 942/1515/1514
f 985/1036/1036 981/1032/1032 941/1512/1511
f 985/1036/1036 941/1512/1511 942/1515/1514
f 945/1516/1515 991/1042/1042 944/1517/1516
f 991/1042/1042 990/1041/1041 944/1517/1516
f 990/1041/1041 986/1037/1037 944/1517/1516
f 986/1037/1037 943/1514/1513 944/1517/1516
f 947/1518/1517 996/1047/1047 946/1519/1518
f 996/1047/1047 995/1046/1046 946/1519/1518
f 995/1046/1046 991/1042/1042 946/1519/1518
f 991/1042/1042 945/1516/1515 946/1519/1518
f 949/1520/1519 1001/1052/1052 948/1521/1520
f 1001/1052/1052 1000/1051/1051 948/1521/1520
f 1000/1051/1051 996/1047/1047 947/1518/1517
f 1000/1051/1051 947/1518/1517 948/1521/1520
f 951/1522/1521 1006/1057/1057 1005/1056/1056
f 951/1522/1521 1005/1056/1056 950/1523/1522
f 1005/1056/1056 1001/1052/1052 950/1523/1522
f 1001/1052/1052 949/1520/1519 950/1523/1522
f 953/1524/1523 1011/1062/1062 1010/1061/1061
f 953/1524/1523 1010/1061/1061 952/1525/1524
f 1010/1061/1061 1006/1057/1057 951/1522/1521
f 1010/1061/1061 951/1522/1521 952/1525/1524
f 955/1526/1525 1016/1067/1067 1015/1066/1066
f 955/1526/1525 1015/1066/1066 954/1527/1526
f 1015/1066/1066 1011/1062/1062 953/1524/1523
f 1015/1066/1066 953/1524/1523 954/1527/1526
f 957/1528/1527 1021/1072/1072 1020/1071/1071
f 957/1528/1527 1020/1071/1071 956/1529/1528
f 1020/1071/1071 1016/1067/1067 956/1529/1528
f 1016/1067/1067 955/1526/1525 956/1529/1528
f 959/1530/1529 1026/1077/1077 1025/1076/1076
f 959/1530/1529 1025/1076/1076 958/1531/1530
f 1025/1076/1076 1021/1072/1072 957/1528/1527
f 1025/1076/1076 957/1528/1527 958/1531/1530
f 961/1532/1531 1031/1082/1082 960/1533/1532
f 1031/1082/1082 1030/1081/1081 960/1533/1532
f 1030/1081/1081 1026/1077/1077 960/1533/1532
f 1026/1077/1077 959/1530/1529 960/1533/1532
f 963/1534/1533 1036/1087/1087 962/1535/1534
f 1036/1087/1087 1035/1086/1086 962/1535/1534
f 1035/1086/1086 1031/1082/1082 962/1535/1534
f 1031/1082/1082 961/1532/1531 962/1535/1534
f 965/1536/1535 1041/1092/1092 964/1537/1536
f 1041/1092/1092 1040/1091/1091 964/1537/1536
f 1040/1091/1091 1036/1087/1087 964/1537/1536
f 1036/1087/1087 963/1534/1533 964/1537/1536
f 967/1538/1537 1046/1097/1097 966/1539/1538
f 1046/1097/1097 1045/1096/1096 966/1539/1538
f 1045/1096/1096 1041/1092/1092 966/1539/1538
f 1041/1092/1092 965/1536/1535 966/1539/1538
f 969/1540/1539 1051/1102/1102 1050/1101/1101
f 969/1540/1539 1050/1101/1101 968/1541/1540
f 1050/1101/1101 1046/1097/1097 967/1538/1537
f 1050/1101/1101 967/1538/1537 968/1541/1540
f 971/1542/1541 1056/1107/1107 1055/1106/1106
f 971/1542/1541 1055/1106/1106 970/1543/1542
f 1055/1106/1106 1051/1102/1102 969/1540/1539
f 1055/1106/1106 969/1540/1539 970/1543/1542
f 938/1511/1510 979/1030/1030 1060/1111/1111
f 938/1511/1510 1060/1111/1111 972/1544/1543
f 1060/1111/1111 1056/1107/1107 971/1542/1541
f 1060/1111/1111 971/1542/1541 972/1544/1543
f 984/1035/1035 976/1027/1027 975/1026/1026
f 989/1040/1040 983/1034/1034 982/1033/1033
f 994/1045/1045 988/1039/1039 987/1038/1038
f 999/1050/1050 992/1043/1043 993/1044/1044
f 1004/1055/1055 997/1048/1048 998/1049/1049
f 1009/1060/1060 1002/1053/1053 1003/1054/1054
f 1014/1065/1065 1008/1059/1059 1007/1058/1058
f 1019/1070/1070 1013/1064/1064 1012/1063/1063
f 1024/1075/1075 1018/1069/1069 1017/1068/1068
f 1029/1080/1080 1023/1074/1074 1022/1073/1073
f 1034/1085/1085 1027/1078/1078 1028/1079/1079
f 1039/1090/1090 1032/1083/1083 1033/1084/1084
f 1044/1095/1095 1037/1088/1088 1038/1089/1089
f 1049/1100/1100 1043/1094/1094 1042/1093/1093
f 1054/1105/1105 1047/1098/1098 1048/1099/1099
f 1059/1110/1110 1053/1104/1104 1052/1103/1103
f 1062/1113/1113 1058/1109/1109 1057/1108/1108
f 977/1028/1028 978/1029/1029 1061/1112/1112
f 1063/1114/1114 1082/1133/1133 1064/1115/1115
f 1082/1133/1133 1081/1132/1132 1064/1115/1115
f 1065/1116/1116 1085/1136/1136 1082/1133/1133
f 1065/1116/1116 1082/1133/1133 1063/1114/1114
f 1066/1117/1117 1087/1138/1138 1085/1136/1136
f 1066/1117/1117 1085/1136/1136 1065/1116/1116
f 1067/1118/1118 1089/1140/1140 1087/1138/1138
f 1067/1118/1118 1087/1138/1138 1066/1117/1117
f 1068/1119/1119 1091/1142/1142 1089/1140/1140
f 1068/1119/1119 1089/1140/1140 1067/1118/1118
f 1069/1120/1120 1093/1144/1144 1068/1119/1119
f 1093/1144/1144 1091/1142/1142 1068/1119/1119
f 1070/1121/1121 1095/1146/1146 1093/1144/1144
f 1070/1121/1121 1093/1144/1144 1069/1120/1120
f 1071/1122/1122 1097/1148/1148 1070/1121/1121
f 1097/1148/1148 1095/1146/1146 1070/1121/1121
f 1072/1123/1123 1099/1150/1150 1097/1148/1148
f 1072/1123/1123 1097/1148/1148 1071/1122/1122
f 1073/1124/1124 1101/1152/1152 1072/1123/1123
f 1101/1152/1152 1099/1150/1150 1072/1123/1123
f 1074/1125/1125 1103/1154/1154 1101/1152/1152
f 1074/1125/1125 1101/1152/1152 1073/1124/1124
f 1075/1126/1126 1105/1156/1156 1103/1154/1154
f 1075/1126/1126 1103/1154/1154 1074/1125/1125
f 1076/1127/1127 1107/1158/1158 1105/1156/1156
f 1076/1127/1127 1105/1156/1156 1075/1126/1126
f 1077/1128/1128 1109/1160/1160 1107/1158/1158
f 1077/1128/1128 1107/1158/1158 1076/1127/1127
f 1078/1129/1129 1111/1162/1162 1109/1160/1160
f 1078/1129/1129 1109/1160/1160 1077/1128/1128
f 1079/1130/1130 1113/1164/1164 1111/1162/1162
f 1079/1130/1130 1111/1162/1162 1078/1129/1129
f 1080/1131/1131 1115/1166/1166 1079/1130/1130
f 1115/1166/1166 1113/1164/1164 1079/1130/1130
f 1064/1115/1115 1081/1132/1132 1115/1166/1166
f 1064/1115/1115 1115/1166/1166 1080/1131/1131
f 1118/1169/1169 1117/1168/1168 1083/1134/1134
f 1117/1168/1168 1084/1135/1135 1083/1134/1134
f 1121/1172/1172 1118/1169/1169 1086/1137/1137
f 1118/1169/1169 1083/1134/1134 1086/1137/1137
f 1123/1174/1174 1121/1172/1172 1088/1139/1139
f 1121/1172/1172 1086/1137/1137 1088/1139/1139
f 1125/1176/1176 1123/1174/1174 1090/1141/1141
f 1123/1174/1174 1088/1139/1139 1090/1141/1141
f 1127/1178/1178 1125/1176/1176 1090/1141/1141
f 1127/1178/1178 1090/1141/1141 1092/1143/1143
f 1129/1180/1180 1127/1178/1178 1094/1145/1145
f 1127/1178/1178 1092/1143/1143 1094/1145/1145
f 1131/1182/1182 1129/1180/1180 1094/1145/1145
f 1131/1182/1182 1094/1145/1145 1096/1147/1147
f 1133/1184/1184 1131/1182/1182 1098/1149/1149
f 1131/1182/1182 1096/1147/1147 1098/1149/1149
f 1135/1186/1186 1133/1184/1184 1098/1149/1149
f 1135/1186/1186 1098/1149/1149 1100/1151/1151
f 1137/1188/1188 1135/1186/1186 1102/1153/1153
f 1135/1186/1186 1100/1151/1151 1102/1153/1153
f 1139/1190/1190 1137/1188/1188 1102/1153/1153
f 1139/1190/1190 1102/1153/1153 1104/1155/1155
f 1141/1192/1192 1139/1190/1190 1104/1155/1155
f 1141/1192/1192 1104/1155/1155 1106/1157/1157
f 1143/1194/1194 1141/1192/1192 1106/1157/1157
f 1143/1194/1194 1106/1157/1157 1108/1159/1159
f 1145/1196/1196 1143/1194/1194 1110/1161/1161
f 1143/1194/1194 1108/1159/1159 1110/1161/1161
f 1147/1198/1198 1145/1196/1196 1110/1161/1161
f 1147/1198/1198 1110/1161/1161 1112/1163/1163
f 1149/1200/1200 1147/1198/1198 1114/1165/1165
f 1147/1198/1198 1112/1163/1163 1114/1165/1165
f 1151/1202/1202 1149/1200/1200 1114/1165/1165
f 1151/1202/1202 1114/1165/1165 1116/1167/1167
f 1084/1135/1135 1117/1168/1168 1151/1202/1202
f 1084/1135/1135 1151/1202/1202 1116/1167/1167
f 1423/1545/1544 1190/1243/1243 1424/1546/1545
f 1190/1243/1243 1189/1242/1242 1424/1546/1545
f 1423/1545/1544 1424/1546/1545 1155/1206/1206
f 1423/1545/1544 1155/1206/1206 1156/1207/1207
f 1425/1547/1546 1193/1246/1246 1190/1243/1243
f 1425/1547/1546 1190/1243/1243 1423/1545/1544
f 1425/1547/1546 1423/1545/1544 1158/1209/1209
f 1423/1545/1544 1156/1207/1207 1158/1209/1209
f 1426/1548/1547 1195/1248/1248 1193/1246/1246
f 1426/1548/1547 1193/1246/1246 1425/1547/1546
f 1426/1548/1547 1425/1547/1546 1160/1211/1211
f 1425/1547/1546 1158/1209/1209 1160/1211/1211
f 1427/1549/1548 1197/1250/1250 1426/1548/1547
f 1197/1250/1250 1195/1248/1248 1426/1548/1547
f 1427/1549/1548 1426/1548/1547 1160/1211/1211
f 1427/1549/1548 1160/1211/1211 1162/1213/1213
f 1428/1550/1549 1199/1253/1253 1197/1252/1252
f 1428/1550/1549 1197/1252/1252 1427/1551/1550
f 1428/1550/1549 1427/1551/1550 1164/1216/1216
f 1427/1551/1550 1162/1217/1217 1164/1216/1216
f 1429/1552/1551 1201/1256/1256 1428/1550/1549
f 1201/1256/1256 1199/1253/1253 1428/1550/1549
f 1429/1552/1551 1428/1550/1549 1166/1219/1219
f 1428/1550/1549 1164/1216/1216 1166/1219/1219
f 1430/1553/1552 1203/1258/1258 1201/1256/1256
f 1430/1553/1552 1201/1256/1256 1429/1552/1551
f 1430/1553/1552 1429/1552/1551 1168/1221/1221
f 1429/1552/1551 1166/1219/1219 1168/1221/1221
f 1431/1554/1553 1205/1260/1260 1203/1258/1258
f 1431/1554/1553 1203/1258/1258 1430/1553/1552
f 1431/1554/1553 1430/1553/1552 1168/1221/1221
f 1431/1554/1553 1168/1221/1221 1170/1223/1223
f 1432/1555/1554 1207/1262/1262 1431/1554/1553
f 1207/1262/1262 1205/1260/1260 1431/1554/1553
f 1432/1555/1554 1431/1554/1553 1170/1223/1223
f 1432/1555/1554 1170/1223/1223 1172/1225/1225
f 1433/1556/1555 1209/1264/1264 1207/1262/1262
f 1433/1556/1555 1207/1262/1262 1432/1555/1554
f 1433/1556/1555 1432/1555/1554 1174/1227/1227
f 1432/1555/1554 1172/1225/1225 1174/1227/1227
f 1434/1557/1556 1211/1266/1266 1209/1264/1264
f 1434/1557/1556 1209/1264/1264 1433/1556/1555
f 1434/1557/1556 1433/1556/1555 1176/1229/1229
f 1433/1556/1555 1174/1227/1227 1176/1229/1229
f 1435/1558/1557 1213/1268/1268 1434/1557/1556
f 1213/1268/1268 1211/1266/1266 1434/1557/1556
f 1435/1558/1557 1434/1557/1556 1178/1231/1231
f 1434/1557/1556 1176/1229/1229 1178/1231/1231
f 1436/1559/1558 1215/1270/1270 1435/1558/1557
f 1215/1270/1270 1213/1268/1268 1435/1558/1557
f 1436/1559/1558 1435/1558/1557 1178/1231/1231
f 1436/1559/1558 1178/1231/1231 1180/1233/1233
f 1437/1560/1559 1217/1272/1272 1215/1270/1270
f 1437/1560/1559 1215/1270/1270 1436/1559/1558
f 1437/1560/1559 1436/1559/1558 1182/1235/1235
f 1436/1559/1558 1180/1233/1233 1182/1235/1235
f 1438/1561/1560 1219/1274/1274 1437/1560/1559
f 1219/1274/1274 1217/1272/1272 1437/1560/1559
f 1438/1561/1560 1437/1560/1559 1184/1237/1237
f 1437/1560/1559 1182/1235/1235 1184/1237/1237
f 1439/1562/1561 1221/1276/1276 1219/1274/1274
f 1439/1562/1561 1219/1274/1274 1438/1561/1560
f 1439/1562/1561 1438/1561/1560 1184/1237/1237
f 1439/1562/1561 1184/1237/1237 1186/1239/1239
f 1440/1563/1562 1223/1278/1278 1439/1562/1561
f 1223/1278/1278 1221/1276/1276 1439/1562/1561
f 1440/1563/1562 1439/1562/1561 1186/1239/1239
f 1440/1563/1562 1186/1239/1239 1188/1241/1241
f 1424/1546/1545 1189/1242/1242 1223/1278/1278
f 1424/1546/1545 1223/1278/1278 1440/1563/1562
f 1155/1206/1206 1424/1546/1545 1440/1563/1562
f 1155/1206/1206 1440/1563/1562 1188/1241/1241
f 1441/1564/1563 1442/1565/1564 1191/1244/1244
f 1441/1564/1563 1191/1244/1244 1192/1245/1245
f 1443/1566/1565 1441/1564/1563 1192/1245/1245
f 1443/1566/1565 1192/1245/1245 1194/1247/1247
f 1444/1567/1566 1443/1566/1565 1194/1247/1247
f 1444/1567/1566 1194/1247/1247 1196/1249/1249
f 1445/1568/1567 1444/1567/1566 1196/1249/1249
f 1445/1568/1567 1196/1249/1249 1198/1251/1251
f 1446/1569/1568 1445/1570/1569 1198/1255/1255
f 1446/1569/1568 1198/1255/1255 1200/1254/1254
f 1447/1571/1570 1446/1569/1568 1200/1254/1254
f 1447/1571/1570 1200/1254/1254 1202/1257/1257
f 1448/1572/1571 1447/1571/1570 1202/1257/1257
f 1448/1572/1571 1202/1257/1257 1204/1259/1259
f 1449/1573/1572 1448/1572/1571 1204/1259/1259
f 1449/1573/1572 1204/1259/1259 1206/1261/1261
f 1450/1574/1573 1449/1573/1572 1206/1261/1261
f 1450/1574/1573 1206/1261/1261 1208/1263/1263
f 1451/1575/1574 1450/1574/1573 1208/1263/1263
f 1451/1575/1574 1208/1263/1263 1210/1265/1265
f 1452/1576/1575 1451/1575/1574 1210/1265/1265
f 1452/1576/1575 1210/1265/1265 1212/1267/1267
f 1453/1577/1576 1452/1576/1575 1212/1267/1267
f 1453/1577/1576 1212/1267/1267 1214/1269/1269
f 1454/1578/1577 1453/1577/1576 1214/1269/1269
f 1454/1578/1577 1214/1269/1269 1216/1271/1271
f 1455/1579/1578 1454/1578/1577 1216/1271/1271
f 1455/1579/1578 1216/1271/1271 1218/1273/1273
f 1456/1580/1579 1455/1579/1578 1218/1273/1273
f 1456/1580/1579 1218/1273/1273 1220/1275/1275
f 1457/1581/1580 1456/1580/1579 1220/1275/1275
f 1457/1581/1580 1220/1275/1275 1222/1277/1277
f 1458/1582/1581 1457/1581/1580 1222/1277/1277
f 1458/1582/1581 1222/1277/1277 1224/1279/1279
f 1191/1244/1244 1442/1565/1564 1458/1582/1581
f 1191/1244/1244 1458/1582/1581 1224/1279/1279
f 1441/1564/1563 1226/1281/1281 1442/1565/1564
f 1226/1281/1281 1225/1280/1280 1442/1565/1564
f 1443/1566/1565 1229/1284/1284 1226/1281/1281
f 1443/1566/1565 1226/1281/1281 1441/1564/1563
f 1444/1567/1566 1231/1286/1286 1443/1566/1565
f 1231/1286/1286 1229/1284/1284 1443/1566/1565
f 1445/1568/1567 1233/1288/1288 1231/1286/1286
f 1445/1568/1567 1231/1286/1286 1444/1567/1566
f 1446/1569/1568 1235/1291/1291 1233/1290/1290
f 1446/1569/1568 1233/1290/1290 1445/1570/1569
f 1447/1571/1570 1237/1294/1294 1235/1291/1291
f 1447/1571/1570 1235/1291/1291 1446/1569/1568
f 1448/1572/1571 1239/1296/1296 1447/1571/1570
f 1239/1296/1296 1237/1294/1294 1447/1571/1570
f 1449/1573/1572 1241/1298/1298 1448/1572/1571
f 1241/1298/1298 1239/1296/1296 1448/1572/1571
f 1450/1574/1573 1243/1300/1300 1449/1573/1572
f 1243/1300/1300 1241/1298/1298 1449/1573/1572
f 1451/1575/1574 1245/1302/1302 1450/1574/1573
f 1245/1302/1302 1243/1300/1300 1450/1574/1573
f 1452/1576/1575 1247/1304/1304 1245/1302/1302
f 1452/1576/1575 1245/1302/1302 1451/1575/1574
f 1453/1577/1576 1249/1306/1306 1247/1304/1304
f 1453/1577/1576 1247/1304/1304 1452/1576/1575
f 1454/1578/1577 1251/1308/1308 1453/1577/1576
f 1251/1308/1308 1249/1306/1306 1453/1577/1576
f 1455/1579/1578 1253/1310/1310 1251/1308/1308
f 1455/1579/1578 1251/1308/1308 1454/1578/1577
f 1456/1580/1579 1255/1312/1312 1455/1579/1578
f 1255/1312/1312 1253/1310/1310 1455/1579/1578
f 1457/1581/1580 1257/1314/1314 1255/1312/1312
f 1457/1581/1580 1255/1312/1312 1456/1580/1579
f 1458/1582/1581 1259/1316/1316 1457/1581/1580
f 1259/1316/1316 1257/1314/1314 1457/1581/1580
f 1442/1565/1564 1225/1280/1280 1458/1582/1581
f 1225/1280/1280 1259/1316/1316 1458/1582/1581
f 1459/1583/1582 1460/1584/1583 1227/1282/1282
f 1460/1584/1583 1228/1283/1283 1227/1282/1282
f 1461/1585/1584 1459/1583/1582 1227/1282/1282
f 1461/1585/1584 1227/1282/1282 1230/1285/1285
f 1462/1586/1585 1461/1585/1584 1232/1287/1287
f 1461/1585/1584 1230/1285/1285 1232/1287/1287
f 1463/1587/1586 1462/1586/1585 1234/1289/1289
f 1462/1586/1585 1232/1287/1287 1234/1289/1289
f 1464/1588/1587 1463/1589/1588 1234/1293/1293
f 1464/1588/1587 1234/1293/1293 1236/1292/1292
f 1465/1590/1589 1464/1588/1587 1236/1292/1292
f 1465/1590/1589 1236/1292/1292 1238/1295/1295
f 1466/1591/1590 1465/1590/1589 1240/1297/1297
f 1465/1590/1589 1238/1295/1295 1240/1297/1297
f 1467/1592/1591 1466/1591/1590 1240/1297/1297
f 1467/1592/1591 1240/1297/1297 1242/1299/1299
f 1468/1593/1592 1467/1592/1591 1242/1299/1299
f 1468/1593/1592 1242/1299/1299 1244/1301/1301
f 1469/1594/1593 1468/1593/1592 1246/1303/1303
f 1468/1593/1592 1244/1301/1301 1246/1303/1303
f 1470/1595/1594 1469/1594/1593 1246/1303/1303
f 1470/1595/1594 1246/1303/1303 1248/1305/1305
f 1471/1596/1595 1470/1595/1594 1250/1307/1307
f 1470/1595/1594 1248/1305/1305 1250/1307/1307
f 1472/1597/1596 1471/1596/1595 1252/1309/1309
f 1471/1596/1595 1250/1307/1307 1252/1309/1309
f 1473/1598/1597 1472/1597/1596 1252/1309/1309
f 1473/1598/1597 1252/1309/1309 1254/1311/1311
f 1474/1599/1598 1473/1598/1597 1256/1313/1313
f 1473/1598/1597 1254/1311/1311 1256/1313/1313
f 1475/1600/1599 1474/1599/1598 1258/1315/1315
f 1474/1599/1598 1256/1313/1313 1258/1315/1315
f 1476/1601/1600 1475/1600/1599 1260/1317/1317
f 1475/1600/1599 1258/1315/1315 1260/1317/1317
f 1228/1283/1283 1460/1584/1583 1260/1317/1317
f 1460/1584/1583 1476/1601/1600 1260/1317/1317
f 1459/1583/1582 1262/1319/1319 1261/1318/1318
f 1459/1583/1582 1261/1318/1318 1460/1584/1583
f 1461/1585/1584 1265/1322/1322 1459/1583/1582
f 1265/1322/1322 1262/1319/1319 1459/1583/1582
f 1462/1586/1585 1267/1324/1324 1461/1585/1584
f 1267/1324/1324 1265/1322/1322 1461/1585/1584
f 1463/1587/1586 1269/1326/1326 1462/1586/1585
f 1269/1326/1326 1267/1324/1324 1462/1586/1585
f 1464/1588/1587 1271/1329/1329 1269/1328/1328
f 1464/1588/1587 1269/1328/1328 1463/1589/1588
f 1465/1590/1589 1273/1332/1332 1271/1329/1329
f 1465/1590/1589 1271/1329/1329 1464/1588/1587
f 1466/1591/1590 1275/1334/1334 1465/1590/1589
f 1275/1334/1334 1273/1332/1332 1465/1590/1589
f 1467/1592/1591 1277/1336/1336 1275/1334/1334
f 1467/1592/1591 1275/1334/1334 1466/1591/1590
f 1468/1593/1592 1279/1338/1338 1277/1336/1336
f 1468/1593/1592 1277/1336/1336 1467/1592/1591
f 1469/1594/1593 1281/1340/1340 1468/1593/1592
f 1281/1340/1340 1279/1338/1338 1468/1593/1592
f 1470/1595/1594 1283/1342/1342 1281/1340/1340
f 1470/1595/1594 1281/1340/1340 1469/1594/1593
f 1471/1596/1595 1285/1344/1344 1283/1342/1342
f 1471/1596/1595 1283/1342/1342 1470/1595/1594
f 1472/1597/1596 1287/1346/1346 1471/1596/1595
f 1287/1346/1346 1285/1344/1344 1471/1596/1595
f 1473/1598/1597 1289/1348/1348 1472/1597/1596
f 1289/1348/1348 1287/1346/1346 1472/1597/1596
f 1474/1599/1598 1291/1350/1350 1289/1348/1348
f 1474/1599/1598 1289/1348/1348 1473/1598/1597
f 1475/1600/1599 1293/1352/1352 1474/1599/1598
f 1293/1352/1352 1291/1350/1350 1474/1599/1598
f 1476/1601/1600 1295/1354/1354 1293/1352/1352
f 1476/1601/1600 1293/1352/1352 1475/1600/1599
f 1460/1584/1583 1261/1318/1318 1295/1354/1354
f 1460/1584/1583 1295/1354/1354 1476/1601/1600
f 1477/1602/1601 1478/1603/1602 1264/1321/1321
f 1477/1602/1601 1264/1321/1321 1263/1320/1320
f 1479/1604/1603 1477/1602/1601 1266/1323/1323
f 1477/1602/1601 1263/1320/1320 1266/1323/1323
f 1480/1605/1604 1479/1604/1603 1268/1325/1325
f 1479/1604/1603 1266/1323/1323 1268/1325/1325
f 1481/1606/1605 1480/1605/1604 1268/1325/1325
f 1481/1606/1605 1268/1325/1325 1270/1327/1327
f 1482/1607/1606 1481/1608/1607 1272/1330/1330
f 1481/1608/1607 1270/1331/1331 1272/1330/1330
f 1483/1609/1608 1482/1607/1606 1274/1333/1333
f 1482/1607/1606 1272/1330/1330 1274/1333/1333
f 1484/1610/1609 1483/1609/1608 1276/1335/1335
f 1483/1609/1608 1274/1333/1333 1276/1335/1335
f 1485/1611/1610 1484/1610/1609 1276/1335/1335
f 1485/1611/1610 1276/1335/1335 1278/1337/1337
f 1486/1612/1611 1485/1611/1610 1278/1337/1337
f 1486/1612/1611 1278/1337/1337 1280/1339/1339
f 1487/1613/1612 1486/1612/1611 1282/1341/1341
f 1486/1612/1611 1280/1339/1339 1282/1341/1341
f 1488/1614/1613 1487/1613/1612 1282/1341/1341
f 1488/1614/1613 1282/1341/1341 1284/1343/1343
f 1489/1615/1614 1488/1614/1613 1284/1343/1343
f 1489/1615/1614 1284/1343/1343 1286/1345/1345
f 1490/1616/1615 1489/1615/1614 1288/1347/1347
f 1489/1615/1614 1286/1345/1345 1288/1347/1347
f 1491/1617/1616 1490/1616/1615 1290/1349/1349
f 1490/1616/1615 1288/1347/1347 1290/1349/1349
f 1492/1618/1617 1491/1617/1616 1290/1349/1349
f 1492/1618/1617 1290/1349/1349 1292/1351/1351
f 1493/1619/1618 1492/1618/1617 1292/1351/1351
f 1493/1619/1618 1292/1351/1351 1294/1353/1353
f 1494/1620/1619 1493/1619/1618 1296/1355/1355
f 1493/1619/1618 1294/1353/1353 1296/1355/1355
f 1264/1321/1321 1478/1603/1602 1494/1620/1619
f 1264/1321/1321 1494/1620/1619 1296/1355/1355
f 398/408/408 436/447/447 397/407/407
f 436/447/447 435/446/446 397/407/407
f 435/446/446 437/448/448 397/407/407
f 437/448/448 399/409/409 397/407/407
f 400/410/410 442/453/453 401/411/411
f 442/453/453 441/452/452 401/411/411
f 441/452/452 436/447/447 401/411/411
f 436/447/447 398/408/408 401/411/411
f 403/413/413 445/456/456 402/412/412
f 445/456/456 446/457/457 402/412/412
f 446/457/457 442/453/453 402/412/412
f 442/453/453 400/410/410 402/412/412
f 405/415/415 450/461/461 404/414/414
f 450/461/461 449/460/460 404/414/414
f 449/460/460 445/456/456 404/414/414
f 445/456/456 403/413/413 404/414/414
f 406/416/416 454/465/465 453/464/464
f 406/416/416 453/464/464 407/417/417
f 453/466/466 450/461/461 407/418/418
f 450/461/461 405/415/415 407/418/418
f 409/420/420 458/471/471 457/470/470
f 409/420/420 457/470/470 408/419/419
f 457/470/470 454/465/465 406/416/416
f 457/470/470 406/416/416 408/419/419
f 411/422/422 462/475/475 410/421/421
f 462/475/475 461/474/474 410/421/421
f 461/474/474 458/471/471 410/421/421
f 458/471/471 409/420/420 410/421/421
f 412/423/423 466/479/479 465/478/478
f 412/423/423 465/478/478 413/424/424
f 465/478/478 462/475/475 411/422/422
f 465/478/478 411/422/422 413/424/424
f 414/425/425 470/483/483 415/426/426
f 470/483/483 469/482/482 415/426/426
f 469/482/482 466/479/479 412/423/423
f 469/482/482 412/423/423 415/426/426
f 416/427/427 474/487/487 473/486/486
f 416/427/427 473/486/486 417/428/428
f 473/486/486 470/483/483 417/428/428
f 470/483/483 414/425/425 417/428/428
f 419/430/430 478/491/491 418/429/429
f 478/491/491 477/490/490 418/429/429
f 477/490/490 474/487/487 418/429/429
f 474/487/487 416/427/427 418/429/429
f 421/432/432 482/495/495 481/494/494
f 421/432/432 481/494/494 420/431/431
f 481/494/494 478/491/491 420/431/431
f 478/491/491 419/430/430 420/431/431
f 423/434/434 485/498/498 422/433/433
f 485/498/498 486/499/499 422/433/433
f 486/499/499 482/495/495 421/432/432
f 486/499/499 421/432/432 422/433/433
f 425/436/436 490/503/503 424/435/435
f 490/503/503 489/502/502 424/435/435
f 489/502/502 485/498/498 424/435/435
f 485/498/498 423/434/434 424/435/435
f 427/438/438 494/507/507 426/437/437
f 494/507/507 493/506/506 426/437/437
f 493/506/506 490/503/503 426/437/437
f 490/503/503 425/436/436 426/437/437
f 429/440/440 498/511/511 428/439/439
f 498/511/511 497/510/510 428/439/439
f 497/510/510 494/507/507 428/439/439
f 494/507/507 427/438/438 428/439/439
f 431/442/442 502/515/515 430/441/441
f 502/515/515 501/514/514 430/441/441
f 501/514/514 498/511/511 430/441/441
f 498/511/511 429/440/440 430/441/441
f 399/409/409 437/448/448 432/443/443
f 437/448/448 504/517/517 432/443/443
f 504/517/517 502/515/515 432/443/443
f 502/515/515 431/442/442 432/443/443
f 577/591/591 649/667/667 650/668/668
f 577/591/591 650/668/668 578/592/592
f 650/668/668 651/669/669 579/593/593
f 650/668/668 579/593/593 578/592/592
f 580/594/594 652/670/670 581/595/595
f 652/670/670 653/671/671 581/595/595
f 653/671/671 649/667/667 581/595/595
f 649/667/667 577/591/591 581/595/595
f 582/596/596 654/672/672 583/597/597
f 654/672/672 655/673/673 583/597/597
f 655/673/673 652/670/670 583/597/597
f 652/670/670 580/594/594 583/597/597
f 584/598/598 656/674/674 657/675/675
f 584/598/598 657/675/675 585/599/599
f 657/675/675 654/672/672 585/599/599
f 654/672/672 582/596/596 585/599/599
f 586/600/600 658/676/676 659/677/677
f 586/600/600 659/677/677 587/601/601
f 659/678/678 656/674/674 584/598/598
f 659/678/678 584/598/598 587/603/603
f 588/604/604 660/679/679 589/605/605
f 660/679/679 661/680/680 589/605/605
f 661/680/680 658/676/676 589/605/605
f 658/676/676 586/600/600 589/605/605
f 590/606/606 662/681/681 591/607/607
f 662/681/681 663/682/682 591/607/607
f 663/682/682 660/679/679 591/607/607
f 660/679/679 588/604/604 591/607/607
f 592/608/608 664/683/683 665/684/684
f 592/608/608 665/684/684 593/609/609
f 665/684/684 662/681/681 593/609/609
f 662/681/681 590/606/606 593/609/609
f 594/610/610 666/685/685 667/686/686
f 594/610/610 667/686/686 595/611/611
f 667/686/686 664/683/683 592/608/608
f 667/686/686 592/608/608 595/611/611
f 596/612/612 668/687/687 669/688/688
f 596/612/612 669/688/688 597/613/613
f 669/688/688 666/685/685 594/610/610
f 669/688/688 594/610/610 597/613/613
f 598/614/614 670/689/689 671/690/690
f 598/614/614 671/690/690 599/615/615
f 671/690/690 668/687/687 596/612/612
f 671/690/690 596/612/612 599/615/615
f 600/616/616 672/691/691 601/617/617
f 672/691/691 673/692/692 601/617/617
f 673/692/692 670/689/689 598/614/614
f 673/692/692 598/614/614 601/617/617
f 602/618/618 674/693/693 675/694/694
f 602/618/618 675/694/694 603/619/619
f 675/694/694 672/691/691 603/619/619
f 672/691/691 600/616/616 603/619/619
f 604/620/620 676/695/695 605/621/621
f 676/695/695 677/696/696 605/621/621
f 677/696/696 674/693/693 602/618/618
f 677/696/696 602/618/618 605/621/621
f 606/622/622 678/697/697 607/623/623
f 678/697/697 679/698/698 607/623/623
f 679/698/698 676/695/695 607/623/623
f 676/695/695 604/620/620 607/623/623
f 608/624/624 680/699/699 609/625/625
f 680/699/699 681/700/700 609/625/625
f 681/700/700 678/697/697 609/625/625
f 678/697/697 606/622/622 609/625/625
f 610/626/626 682/701/701 611/627/627
f 682/701/701 683/702/702 611/627/627
f 683/702/702 680/699/699 611/627/627
f 680/699/699 608/624/624 611/627/627
f 579/593/593 651/669/669 684/703/703
f 579/593/593 684/703/703 612/628/628
f 684/703/703 682/701/701 612/628/628
f 682/701/701 610/626/626 612/628/628
f 512/525/525 509/522/522 505/518/518
f 509/522/522 506/519/519 505/518/518
f 516/529/529 513/526/526 511/524/524
f 513/526/526 510/523/523 511/524/524
f 520/533/533 517/530/530 514/527/527
f 520/533/533 514/527/527 515/528/528
f 524/537/537 521/534/534 519/532/532
f 521/534/534 518/531/531 519/532/532
f 528/542/542 525/602/602 522/535/535
f 525/602/602 523/536/536 522/535/535
f 532/546/546 529/543/543 526/540/540
f 529/543/543 527/541/541 526/540/540
f 536/550/550 533/547/547 531/545/545
f 533/547/547 530/544/544 531/545/545
f 540/554/554 537/551/551 534/548/548
f 540/554/554 534/548/548 535/549/549
f 544/558/558 541/555/555 539/553/553
f 544/558/558 539/553/553 538/552/552
f 548/562/562 545/559/559 542/556/556
f 548/562/562 542/556/556 543/557/557
f 552/566/566 549/563/563 547/561/561
f 552/566/566 547/561/561 546/560/560
f 556/570/570 553/567/567 550/564/564
f 556/570/570 550/564/564 551/565/565
f 560/574/574 557/571/571 555/569/569
f 560/574/574 555/569/569 554/568/568
f 564/578/578 561/575/575 558/572/572
f 561/575/575 559/573/573 558/572/572
f 568/582/582 565/579/579 562/576/576
f 568/582/582 562/576/576 563/577/577
f 572/586/586 569/583/583 566/580/580
f 569/583/583 567/581/581 566/580/580
f 575/589/589 573/587/587 570/584/584
f 573/587/587 571/585/585 570/584/584
f 507/520/520 508/521/521 574/588/588
f 508/521/521 576/590/590 574/588/588
f 1495/1621/1620 775/799/799 776/800/800
f 1495/1621/1620 776/800/800 1496/1622/1621
f 1497/1623/1622 1498/1624/1623 1495/1621/1620
f 1497/1623/1622 1495/1621/1620 1496/1622/1621
f 1499/1625/1624 777/801/801 775/799/799
f 1499/1625/1624 775/799/799 1495/1621/1620
f 1498/1624/1623 1500/1626/1625 1495/1621/1620
f 1500/1626/1625 1499/1625/1624 1495/1621/1620
f 1501/1627/1626 778/802/802 1499/1625/1624
f 778/802/802 777/801/801 1499/1625/1624
f 1500/1626/1625 1502/1628/1627 1501/1627/1626
f 1500/1626/1625 1501/1627/1626 1499/1625/1624
f 1503/1629/1628 779/803/803 1501/1627/1626
f 779/803/803 778/802/802 1501/1627/1626
f 1502/1628/1627 1504/1630/1629 1501/1627/1626
f 1504/1630/1629 1503/1629/1628 1501/1627/1626
f 1505/1631/1630 780/805/805 779/804/804
f 1505/1631/1630 779/804/804 1503/1632/1631
f 1504/1633/1632 1506/1634/1633 1503/1632/1631
f 1506/1634/1633 1505/1631/1630 1503/1632/1631
f 1507/1635/1634 781/806/806 780/805/805
f 1507/1635/1634 780/805/805 1505/1631/1630
f 1506/1634/1633 1508/1636/1635 1507/1635/1634
f 1506/1634/1633 1507/1635/1634 1505/1631/1630
f 1509/1637/1636 782/807/807 1507/1635/1634
f 782/807/807 781/806/806 1507/1635/1634
f 1508/1636/1635 1510/1638/1637 1507/1635/1634
f 1510/1638/1637 1509/1637/1636 1507/1635/1634
f 1511/1639/1638 783/808/808 782/807/807
f 1511/1639/1638 782/807/807 1509/1637/1636
f 1510/1638/1637 1512/1640/1639 1509/1637/1636
f 1512/1640/1639 1511/1639/1638 1509/1637/1636
f 1513/1641/1640 784/809/809 1511/1639/1638
f 784/809/809 783/808/808 1511/1639/1638
f 1512/1640/1639 1514/1642/1641 1513/1641/1640
f 1512/1640/1639 1513/1641/1640 1511/1639/1638
f 1515/1643/1642 785/810/810 784/809/809
f 1515/1643/1642 784/809/809 1513/1641/1640
f 1514/1642/1641 1516/1644/1643 1513/1641/1640
f 1516/1644/1643 1515/1643/1642 1513/1641/1640
f 1517/1645/1644 786/811/811 785/810/810
f 1517/1645/1644 785/810/810 1515/1643/1642
f 1516/1644/1643 1518/1646/1645 1517/1645/1644
f 1516/1644/1643 1517/1645/1644 1515/1643/1642
f 1519/1647/1646 787/812/812 1517/1645/1644
f 787/812/812 786/811/811 1517/1645/1644
f 1518/1646/1645 1520/1648/1647 1517/1645/1644
f 1520/1648/1647 1519/1647/1646 1517/1645/1644
f 1521/1649/1648 788/813/813 1519/1647/1646
f 788/813/813 787/812/812 1519/1647/1646
f 1520/1648/1647 1522/1650/1649 1521/1649/1648
f 1520/1648/1647 1521/1649/1648 1519/1647/1646
f 1523/1651/1650 789/814/814 788/813/813
f 1523/1651/1650 788/813/813 1521/1649/1648
f 1522/1650/1649 1524/1652/1651 1521/1649/1648
f 1524/1652/1651 1523/1651/1650 1521/1649/1648
f 1525/1653/1652 790/815/815 789/814/814
f 1525/1653/1652 789/814/814 1523/1651/1650
f 1524/1652/1651 1526/1654/1653 1525/1653/1652
f 1524/1652/1651 1525/1653/1652 1523/1651/1650
f 1527/1655/1654 791/816/816 1525/1653/1652
f 791/816/816 790/815/815 1525/1653/1652
f 1526/1654/1653 1528/1656/1655 1525/1653/1652
f 1528/1656/1655 1527/1655/1654 1525/1653/1652
f 1529/1657/1656 792/817/817 1527/1655/1654
f 792/817/817 791/816/816 1527/1655/1654
f 1528/1656/1655 1530/1658/1657 1527/1655/1654
f 1530/1658/1657 1529/1657/1656 1527/1655/1654
f 1496/1622/1621 776/800/800 792/817/817
f 1496/1622/1621 792/817/817 1529/1657/1656
f 1530/1658/1657 1497/1623/1622 1529/1657/1656
f 1497/1623/1622 1496/1622/1621 1529/1657/1656
f 868/897/897 867/896/896 847/875/875
f 868/897/897 847/875/875 848/876/876
f 870/899/899 868/897/897 849/877/877
f 868/897/897 848/876/876 849/877/877
f 872/901/901 870/899/899 849/877/877
f 872/901/901 849/877/877 850/878/878
f 874/903/903 872/901/901 851/879/879
f 872/901/901 850/878/878 851/879/879
f 876/907/907 874/906/906 851/880/880
f 876/907/907 851/880/880 852/881/881
f 878/909/909 876/907/907 852/881/881
f 878/909/909 852/881/881 853/882/882
f 880/911/911 878/909/909 853/882/882
f 880/911/911 853/882/882 854/883/883
f 882/913/913 880/911/911 854/883/883
f 882/913/913 854/883/883 855/884/884
f 884/915/915 882/913/913 855/884/884
f 884/915/915 855/884/884 856/885/885
f 886/917/917 884/915/915 857/886/886
f 884/915/915 856/885/885 857/886/886
f 888/919/919 886/917/917 858/887/887
f 886/917/917 857/886/886 858/887/887
f 890/921/921 888/919/919 859/888/888
f 888/919/919 858/887/887 859/888/888
f 892/923/923 890/921/921 859/888/888
f 892/923/923 859/888/888 860/889/889
f 894/925/925 892/923/923 861/890/890
f 892/923/923 860/889/889 861/890/890
f 896/927/927 894/925/925 861/890/890
f 896/927/927 861/890/890 862/891/891
f 898/929/929 896/927/927 863/892/892
f 896/927/927 862/891/891 863/892/892
f 900/931/931 898/929/929 863/892/892
f 900/931/931 863/892/892 864/893/893
f 847/875/875 867/896/896 900/931/931
f 847/875/875 900/931/931 864/893/893
f 1531/1659/1658 903/934/934 1532/1660/1659
f 903/934/934 904/935/935 1532/1660/1659
f 866/895/895 865/894/894 1532/1660/1659
f 865/894/894 1531/1659/1658 1532/1660/1659
f 1533/1661/1660 906/937/937 903/934/934
f 1533/1661/1660 903/934/934 1531/1659/1658
f 865/894/894 869/898/898 1533/1661/1660
f 865/894/894 1533/1661/1660 1531/1659/1658
f 1534/1662/1661 908/939/939 1533/1661/1660
f 908/939/939 906/937/937 1533/1661/1660
f 869/898/898 871/900/900 1534/1662/1661
f 869/898/898 1534/1662/1661 1533/1661/1660
f 1535/1663/1662 910/941/941 1534/1662/1661
f 910/941/941 908/939/939 1534/1662/1661
f 871/900/900 873/902/902 1534/1662/1661
f 873/902/902 1535/1663/1662 1534/1662/1661
f 1536/1664/1663 912/945/945 910/944/944
f 1536/1664/1663 910/944/944 1535/1665/1664
f 873/905/905 875/904/904 1535/1665/1664
f 875/904/904 1536/1664/1663 1535/1665/1664
f 1537/1666/1665 914/947/947 912/945/945
f 1537/1666/1665 912/945/945 1536/1664/1663
f 875/904/904 877/908/908 1537/1666/1665
f 875/904/904 1537/1666/1665 1536/1664/1663
f 1538/1667/1666 916/949/949 1537/1666/1665
f 916/949/949 914/947/947 1537/1666/1665
f 877/908/908 879/910/910 1538/1667/1666
f 877/908/908 1538/1667/1666 1537/1666/1665
f 1539/1668/1667 918/951/951 1538/1667/1666
f 918/951/951 916/949/949 1538/1667/1666
f 879/910/910 881/912/912 1538/1667/1666
f 881/912/912 1539/1668/1667 1538/1667/1666
f 1540/1669/1668 920/953/953 918/951/951
f 1540/1669/1668 918/951/951 1539/1668/1667
f 881/912/912 883/914/914 1540/1669/1668
f 881/912/912 1540/1669/1668 1539/1668/1667
f 1541/1670/1669 922/955/955 1540/1669/1668
f 922/955/955 920/953/953 1540/1669/1668
f 883/914/914 885/916/916 1541/1670/1669
f 883/914/914 1541/1670/1669 1540/1669/1668
f 1542/1671/1670 924/957/957 1541/1670/1669
f 924/957/957 922/955/955 1541/1670/1669
f 885/916/916 887/918/918 1542/1671/1670
f 885/916/916 1542/1671/1670 1541/1670/1669
f 1543/1672/1671 926/959/959 1542/1671/1670
f 926/959/959 924/957/957 1542/1671/1670
f 887/918/918 889/920/920 1542/1671/1670
f 889/920/920 1543/1672/1671 1542/1671/1670
f 1544/1673/1672 928/961/961 926/959/959
f 1544/1673/1672 926/959/959 1543/1672/1671
f 889/920/920 891/922/922 1544/1673/1672
f 889/920/920 1544/1673/1672 1543/1672/1671
f 1545/1674/1673 930/963/963 1544/1673/1672
f 930/963/963 928/961/961 1544/1673/1672
f 891/922/922 893/924/924 1544/1673/1672
f 893/924/924 1545/1674/1673 1544/1673/1672
f 1546/1675/1674 932/965/965 930/963/963
f 1546/1675/1674 930/963/963 1545/1674/1673
f 893/924/924 895/926/926 1546/1675/1674
f 893/924/924 1546/1675/1674 1545/1674/1673
f 1547/1676/1675 934/967/967 932/965/965
f 1547/1676/1675 932/965/965 1546/1675/1674
f 895/926/926 897/928/928 1546/1675/1674
f 897/928/928 1547/1676/1675 1546/1675/1674
f 1548/1677/1676 936/969/969 1547/1676/1675
f 936/969/969 934/967/967 1547/1676/1675
f 897/928/928 899/930/930 1548/1677/1676
f 897/928/928 1548/1677/1676 1547/1676/1675
f 1532/1660/1659 904/935/935 936/969/969
f 1532/1660/1659 936/969/969 1548/1677/1676
f 899/930/930 866/895/895 1532/1660/1659
f 899/930/930 1532/1660/1659 1548/1677/1676
f 688/1678/1677 687/1679/1678 616/632/632
f 688/1678/1677 616/632/632 614/630/630
f 690/1680/1679 688/1678/1677 614/630/630
f 690/1680/1679 614/630/630 618/634/634
f 692/1681/1680 690/1680/1679 618/634/634
f 692/1681/1680 618/634/634 620/636/636
f 694/1682/1681 692/1681/1680 622/638/638
f 692/1681/1680 620/636/636 622/638/638
f 696/1683/1682 694/1684/1683 622/641/641
f 696/1683/1682 622/641/641 624/640/640
f 698/1685/1684 696/1683/1682 624/640/640
f 698/1685/1684 624/640/640 626/644/644
f 700/1686/1685 698/1685/1684 626/644/644
f 700/1686/1685 626/644/644 628/646/646
f 702/1687/1686 700/1686/1685 628/646/646
f 702/1687/1686 628/646/646 630/648/648
f 704/1688/1687 702/1687/1686 630/648/648
f 704/1688/1687 630/648/648 632/650/650
f 706/1689/1688 704/1688/1687 632/650/650
f 706/1689/1688 632/650/650 634/652/652
f 708/1690/1689 706/1689/1688 634/652/652
f 708/1690/1689 634/652/652 636/654/654
f 710/1691/1690 708/1690/1689 636/654/654
f 710/1691/1690 636/654/654 638/656/656
f 712/1692/1691 710/1691/1690 638/656/656
f 712/1692/1691 638/656/656 640/658/658
f 714/1693/1692 712/1692/1691 640/658/658
f 714/1693/1692 640/658/658 642/660/660
f 716/1694/1693 714/1693/1692 642/660/660
f 716/1694/1693 642/660/660 644/662/662
f 718/1695/1694 716/1694/1693 646/664/664
f 716/1694/1693 644/662/662 646/664/664
f 720/1696/1695 718/1695/1694 646/664/664
f 720/1696/1695 646/664/664 648/666/666
f 616/632/632 687/1679/1678 720/1696/1695
f 616/632/632 720/1696/1695 648/666/666
f 685/704/704 1498/1624/1623 1497/1623/1622
f 685/704/704 1497/1623/1622 686/705/705
f 689/708/708 1500/1626/1625 685/704/704
f 1500/1626/1625 1498/1624/1623 685/704/704
f 691/710/710 1502/1628/1627 1500/1626/1625
f 691/710/710 1500/1626/1625 689/708/708
f 693/712/712 1504/1630/1629 1502/1628/1627
f 693/712/712 1502/1628/1627 691/710/710
f 695/714/714 1506/1634/1633 1504/1633/1632
f 695/714/714 1504/1633/1632 693/715/715
f 697/718/718 1508/1636/1635 695/714/714
f 1508/1636/1635 1506/1634/1633 695/714/714
f 699/720/720 1510/1638/1637 697/718/718
f 1510/1638/1637 1508/1636/1635 697/718/718
f 701/722/722 1512/1640/1639 699/720/720
f 1512/1640/1639 1510/1638/1637 699/720/720
f 703/724/724 1514/1642/1641 701/722/722
f 1514/1642/1641 1512/1640/1639 701/722/722
f 705/726/726 1516/1644/1643 1514/1642/1641
f 705/726/726 1514/1642/1641 703/724/724
f 707/728/728 1518/1646/1645 705/726/726
f 1518/1646/1645 1516/1644/1643 705/726/726
f 709/730/730 1520/1648/1647 1518/1646/1645
f 709/730/730 1518/1646/1645 707/728/728
f 711/732/732 1522/1650/1649 709/730/730
f 1522/1650/1649 1520/1648/1647 709/730/730
f 713/734/734 1524/1652/1651 1522/1650/1649
f 713/734/734 1522/1650/1649 711/732/732
f 715/736/736 1526/1654/1653 1524/1652/1651
f 715/736/736 1524/1652/1651 713/734/734
f 717/738/738 1528/1656/1655 1526/1654/1653
f 717/738/738 1526/1654/1653 715/736/736
f 719/740/740 1530/1658/1657 717/738/738
f 1530/1658/1657 1528/1656/1655 717/738/738
f 686/705/705 1497/1623/1622 719/740/740
f 1497/1623/1622 1530/1658/1657 719/740/740
f 1549/1697/1696 1550/1698/1697 1551/1699/1698
f 1549/1697/1696 1551/1699/1698 1552/1700/1699
f 1550/1698/1697 1553/1701/1700 1554/1702/1701
f 1550/1698/1697 1554/1702/1701 1551/1699/1698
f 1553/1701/1700 1555/1703/1702 1556/1704/1703
f 1553/1701/1700 1556/1704/1703 1554/1702/1701
f 1555/1703/1702 1557/1705/1704 1558/1706/1705
f 1555/1703/1702 1558/1706/1705 1556/1704/1703
f 1557/1707/1706 1559/1708/1707 1558/1709/1708
f 1559/1708/1707 1560/1710/1709 1558/1709/1708
f 1559/1708/1707 1561/1711/1710 1562/1712/1711
f 1559/1708/1707 1562/1712/1711 1560/1710/1709
f 1561/1711/1710 1563/1713/1712 1564/1714/1713
f 1561/1711/1710 1564/1714/1713 1562/1712/1711
f 1563/1713/1712 1565/1715/1714 1566/1716/1715
f 1563/1713/1712 1566/1716/1715 1564/1714/1713
f 1565/1715/1714 1567/1717/1716 1566/1716/1715
f 1567/1717/1716 1568/1718/1717 1566/1716/1715
f 1567/1717/1716 1569/1719/1718 1568/1718/1717
f 1569/1719/1718 1570/1720/1719 1568/1718/1717
f 1569/1719/1718 1571/1721/1720 1572/1722/1721
f 1569/1719/1718 1572/1722/1721 1570/1720/1719
f 1571/1721/1720 1573/1723/1722 1574/1724/1723
f 1571/1721/1720 1574/1724/1723 1572/1722/1721
f 1573/1723/1722 1575/1725/1724 1574/1724/1723
f 1575/1725/1724 1576/1726/1725 1574/1724/1723
f 1575/1725/1724 1577/1727/1726 1576/1726/1725
f 1577/1727/1726 1578/1728/1727 1576/1726/1725
f 1577/1727/1726 1579/1729/1728 1578/1728/1727
f 1579/1729/1728 1580/1730/1729 1578/1728/1727
f 1579/1729/1728 1581/1731/1730 1580/1730/1729
f 1581/1731/1730 1582/1732/1731 1580/1730/1729
f 1581/1731/1730 1583/1733/1732 1582/1732/1731
f 1583/1733/1732 1584/1734/1733 1582/1732/1731
f 1583/1733/1732 1549/1697/1696 1584/1734/1733
f 1549/1697/1696 1552/1700/1699 1584/1734/1733
f 1154/1205/1205 1153/1204/1204 1389/1470/1470
f 1154/1205/1205 1389/1470/1470 1390/1471/1471
f 1157/1208/1208 1154/1205/1205 1392/1473/1473
f 1154/1205/1205 1390/1471/1471 1392/1473/1473
f 1159/1210/1210 1157/1208/1208 1392/1473/1473
f 1159/1210/1210 1392/1473/1473 1394/1475/1475
f 1161/1212/1212 1159/1210/1210 1396/1477/1477
f 1159/1210/1210 1394/1475/1475 1396/1477/1477
f 1163/1215/1215 1161/1214/1214 1398/1481/1481
f 1161/1214/1214 1396/1480/1480 1398/1481/1481
f 1165/1218/1218 1163/1215/1215 1398/1481/1481
f 1165/1218/1218 1398/1481/1481 1400/1483/1483
f 1167/1220/1220 1165/1218/1218 1400/1483/1483
f 1167/1220/1220 1400/1483/1483 1402/1485/1485
f 1169/1222/1222 1167/1220/1220 1404/1487/1487
f 1167/1220/1220 1402/1485/1485 1404/1487/1487
f 1171/1224/1224 1169/1222/1222 1404/1487/1487
f 1171/1224/1224 1404/1487/1487 1406/1489/1489
f 1173/1226/1226 1171/1224/1224 1408/1491/1491
f 1171/1224/1224 1406/1489/1489 1408/1491/1491
f 1175/1228/1228 1173/1226/1226 1410/1493/1493
f 1173/1226/1226 1408/1491/1491 1410/1493/1493
f 1177/1230/1230 1175/1228/1228 1410/1493/1493
f 1177/1230/1230 1410/1493/1493 1412/1495/1495
f 1179/1232/1232 1177/1230/1230 1414/1497/1497
f 1177/1230/1230 1412/1495/1495 1414/1497/1497
f 1181/1234/1234 1179/1232/1232 1416/1499/1499
f 1179/1232/1232 1414/1497/1497 1416/1499/1499
f 1183/1236/1236 1181/1234/1234 1416/1499/1499
f 1183/1236/1236 1416/1499/1499 1418/1501/1501
f 1185/1238/1238 1183/1236/1236 1418/1501/1501
f 1185/1238/1238 1418/1501/1501 1420/1503/1503
f 1187/1240/1240 1185/1238/1238 1422/1505/1505
f 1185/1238/1238 1420/1503/1503 1422/1505/1505
f 1389/1470/1470 1153/1204/1204 1187/1240/1240
f 1389/1470/1470 1187/1240/1240 1422/1505/1505
f 1550/1698/1697 1549/1697/1696 1120/1735/1734
f 1549/1697/1696 1119/1736/1735 1120/1735/1734
f 1553/1701/1700 1550/1698/1697 1122/1737/1736
f 1550/1698/1697 1120/1735/1734 1122/1737/1736
f 1555/1703/1702 1553/1701/1700 1124/1738/1737
f 1553/1701/1700 1122/1737/1736 1124/1738/1737
f 1557/1705/1704 1555/1703/1702 1126/1739/1738
f 1555/1703/1702 1124/1738/1737 1126/1739/1738
f 1559/1708/1707 1557/1707/1706 1126/1740/1739
f 1559/1708/1707 1126/1740/1739 1128/1741/1740
f 1561/1711/1710 1559/1708/1707 1130/1742/1741
f 1559/1708/1707 1128/1741/1740 1130/1742/1741
f 1563/1713/1712 1561/1711/1710 1130/1742/1741
f 1563/1713/1712 1130/1742/1741 1132/1743/1742
f 1565/1715/1714 1563/1713/1712 1134/1744/1743
f 1563/1713/1712 1132/1743/1742 1134/1744/1743
f 1567/1717/1716 1565/1715/1714 1134/1744/1743
f 1567/1717/1716 1134/1744/1743 1136/1745/1744
f 1569/1719/1718 1567/1717/1716 1136/1745/1744
f 1569/1719/1718 1136/1745/1744 1138/1746/1745
f 1571/1721/1720 1569/1719/1718 1140/1747/1746
f 1569/1719/1718 1138/1746/1745 1140/1747/1746
f 1573/1723/1722 1571/1721/1720 1142/1748/1747
f 1571/1721/1720 1140/1747/1746 1142/1748/1747
f 1575/1725/1724 1573/1723/1722 1142/1748/1747
f 1575/1725/1724 1142/1748/1747 1144/1749/1748
f 1577/1727/1726 1575/1725/1724 1146/1750/1749
f 1575/1725/1724 1144/1749/1748 1146/1750/1749
f 1579/1729/1728 1577/1727/1726 1148/1751/1750
f 1577/1727/1726 1146/1750/1749 1148/1751/1750
f 1581/1731/1730 1579/1729/1728 1148/1751/1750
f 1581/1731/1730 1148/1751/1750 1150/1752/1751
f 1583/1733/1732 1581/1731/1730 1152/1753/1752
f 1581/1731/1730 1150/1752/1751 1152/1753/1752
f 1119/1736/1735 1549/1697/1696 1152/1753/1752
f 1549/1697/1696 1583/1733/1732 1152/1753/1752
f 1585/1754/1753 1388/1469/1469 1387/1468/1468
f 1585/1754/1753 1387/1468/1468 1586/1755/1754
f 1552/1700/1699 1551/1699/1698 1585/1754/1753
f 1552/1700/1699 1585/1754/1753 1586/1755/1754
f 1587/1756/1755 1391/1472/1472 1585/1754/1753
f 1391/1472/1472 1388/1469/1469 1585/1754/1753
f 1551/1699/1698 1554/1702/1701 1585/1754/1753
f 1554/1702/1701 1587/1756/1755 1585/1754/1753
f 1588/1757/1756 1393/1474/1474 1587/1756/1755
f 1393/1474/1474 1391/1472/1472 1587/1756/1755
f 1554/1702/1701 1556/1704/1703 1587/1756/1755
f 1556/1704/1703 1588/1757/1756 1587/1756/1755
f 1589/1758/1757 1395/1476/1476 1588/1757/1756
f 1395/1476/1476 1393/1474/1474 1588/1757/1756
f 1556/1704/1703 1558/1706/1705 1588/1757/1756
f 1558/1706/1705 1589/1758/1757 1588/1757/1756
f 1590/1759/1758 1397/1479/1479 1395/1478/1478
f 1590/1759/1758 1395/1478/1478 1589/1760/1759
f 1558/1709/1708 1560/1710/1709 1590/1759/1758
f 1558/1709/1708 1590/1759/1758 1589/1760/1759
f 1591/1761/1760 1399/1482/1482 1397/1479/1479
f 1591/1761/1760 1397/1479/1479 1590/1759/1758
f 1560/1710/1709 1562/1712/1711 1591/1761/1760
f 1560/1710/1709 1591/1761/1760 1590/1759/1758
f 1592/1762/1761 1401/1484/1484 1591/1761/1760
f 1401/1484/1484 1399/1482/1482 1591/1761/1760
f 1562/1712/1711 1564/1714/1713 1591/1761/1760
f 1564/1714/1713 1592/1762/1761 1591/1761/1760
f 1593/1763/1762 1403/1486/1486 1592/1762/1761
f 1403/1486/1486 1401/1484/1484 1592/1762/1761
f 1564/1714/1713 1566/1716/1715 1593/1763/1762
f 1564/1714/1713 1593/1763/1762 1592/1762/1761
f 1594/1764/1763 1405/1488/1488 1403/1486/1486
f 1594/1764/1763 1403/1486/1486 1593/1763/1762
f 1566/1716/1715 1568/1718/1717 1594/1764/1763
f 1566/1716/1715 1594/1764/1763 1593/1763/1762
f 1595/1765/1764 1407/1490/1490 1405/1488/1488
f 1595/1765/1764 1405/1488/1488 1594/1764/1763
f 1568/1718/1717 1570/1720/1719 1594/1764/1763
f 1570/1720/1719 1595/1765/1764 1594/1764/1763
f 1596/1766/1765 1409/1492/1492 1407/1490/1490
f 1596/1766/1765 1407/1490/1490 1595/1765/1764
f 1570/1720/1719 1572/1722/1721 1596/1766/1765
f 1570/1720/1719 1596/1766/1765 1595/1765/1764
f 1597/1767/1766 1411/1494/1494 1409/1492/1492
f 1597/1767/1766 1409/1492/1492 1596/1766/1765
f 1572/1722/1721 1574/1724/1723 1596/1766/1765
f 1574/1724/1723 1597/1767/1766 1596/1766/1765
f 1598/1768/1767 1413/1496/1496 1597/1767/1766
f 1413/1496/1496 1411/1494/1494 1597/1767/1766
f 1574/1724/1723 1576/1726/1725 1597/1767/1766
f 1576/1726/1725 1598/1768/1767 1597/1767/1766
f 1599/1769/1768 1415/1498/1498 1413/1496/1496
f 1599/1769/1768 1413/1496/1496 1598/1768/1767
f 1576/1726/1725 1578/1728/1727 1598/1768/1767
f 1578/1728/1727 1599/1769/1768 1598/1768/1767
f 1600/1770/1769 1417/1500/1500 1599/1769/1768
f 1417/1500/1500 1415/1498/1498 1599/1769/1768
f 1578/1728/1727 1580/1730/1729 1600/1770/1769
f 1578/1728/1727 1600/1770/1769 1599/1769/1768
f 1601/1771/1770 1419/1502/1502 1600/1770/1769
f 1419/1502/1502 1417/1500/1500 1600/1770/1769
f 1580/1730/1729 1582/1732/1731 1601/1771/1770
f 1580/1730/1729 1601/1771/1770 1600/1770/1769
f 1602/1772/1771 1421/1504/1504 1419/1502/1502
f 1602/1772/1771 1419/1502/1502 1601/1771/1770
f 1582/1732/1731 1584/1734/1733 1602/1772/1771
f 1582/1732/1731 1602/1772/1771 1601/1771/1770
f 1586/1755/1754 1387/1468/1468 1602/1772/1771
f 1387/1468/1468 1421/1504/1504 1602/1772/1771
f 1584/1734/1733 1552/1700/1699 1602/1772/1771
f 1552/1700/1699 1586/1755/1754 1602/1772/1771
f 1603/1773/1772 1298/1357/1357 1604/1774/1773
f 1298/1357/1357 1297/1356/1356 1604/1774/1773
f 1478/1603/1602 1477/1602/1601 1604/1774/1773
f 1477/1602/1601 1603/1773/1772 1604/1774/1773
f 1605/1775/1774 1303/1362/1362 1298/1357/1357
f 1605/1775/1774 1298/1357/1357 1603/1773/1772
f 1477/1602/1601 1479/1604/1603 1605/1775/1774
f 1477/1602/1601 1605/1775/1774 1603/1773/1772
f 1606/1776/1775 1306/1365/1365 1605/1775/1774
f 1306/1365/1365 1303/1362/1362 1605/1775/1774
f 1479/1604/1603 1480/1605/1604 1605/1775/1774
f 1480/1605/1604 1606/1776/1775 1605/1775/1774
f 1607/1777/1776 1309/1368/1368 1606/1776/1775
f 1309/1368/1368 1306/1365/1365 1606/1776/1775
f 1480/1605/1604 1481/1606/1605 1606/1776/1775
f 1481/1606/1605 1607/1777/1776 1606/1776/1775
f 1608/1778/1777 1312/1372/1372 1309/1371/1371
f 1608/1778/1777 1309/1371/1371 1607/1779/1778
f 1481/1608/1607 1482/1607/1606 1608/1778/1777
f 1481/1608/1607 1608/1778/1777 1607/1779/1778
f 1609/1780/1779 1315/1377/1377 1608/1778/1777
f 1315/1377/1377 1312/1372/1372 1608/1778/1777
f 1482/1607/1606 1483/1609/1608 1609/1780/1779
f 1482/1607/1606 1609/1780/1779 1608/1778/1777
f 1610/1781/1780 1318/1380/1380 1315/1377/1377
f 1610/1781/1780 1315/1377/1377 1609/1780/1779
f 1483/1609/1608 1484/1610/1609 1610/1781/1780
f 1483/1609/1608 1610/1781/1780 1609/1780/1779
f 1611/1782/1781 1321/1383/1383 1318/1380/1380
f 1611/1782/1781 1318/1380/1380 1610/1781/1780
f 1484/1610/1609 1485/1611/1610 1611/1782/1781
f 1484/1610/1609 1611/1782/1781 1610/1781/1780
f 1612/1783/1782 1324/1386/1386 1611/1782/1781
f 1324/1386/1386 1321/1383/1383 1611/1782/1781
f 1485/1611/1610 1486/1612/1611 1611/1782/1781
f 1486/1612/1611 1612/1783/1782 1611/1782/1781
f 1613/1784/1783 1327/1389/1389 1324/1386/1386
f 1613/1784/1783 1324/1386/1386 1612/1783/1782
f 1486/1612/1611 1487/1613/1612 1613/1784/1783
f 1486/1612/1611 1613/1784/1783 1612/1783/1782
f 1614/1785/1784 1330/1392/1392 1327/1389/1389
f 1614/1785/1784 1327/1389/1389 1613/1784/1783
f 1487/1613/1612 1488/1614/1613 1613/1784/1783
f 1488/1614/1613 1614/1785/1784 1613/1784/1783
f 1615/1786/1785 1333/1395/1395 1614/1785/1784
f 1333/1395/1395 1330/1392/1392 1614/1785/1784
f 1488/1614/1613 1489/1615/1614 1614/1785/1784
f 1489/1615/1614 1615/1786/1785 1614/1785/1784
f 1616/1787/1786 1336/1398/1398 1615/1786/1785
f 1336/1398/1398 1333/1395/1395 1615/1786/1785
f 1489/1615/1614 1490/1616/1615 1616/1787/1786
f 1489/1615/1614 1616/1787/1786 1615/1786/1785
f 1617/1788/1787 1339/1401/1401 1336/1398/1398
f 1617/1788/1787 1336/1398/1398 1616/1787/1786
f 1490/1616/1615 1491/1617/1616 1616/1787/1786
f 1491/1617/1616 1617/1788/1787 1616/1787/1786
f 1618/1789/1788 1342/1404/1404 1617/1788/1787
f 1342/1404/1404 1339/1401/1401 1617/1788/1787
f 1491/1617/1616 1492/1618/1617 1618/1789/1788
f 1491/1617/1616 1618/1789/1788 1617/1788/1787
f 1619/1790/1789 1345/1407/1407 1342/1404/1404
f 1619/1790/1789 1342/1404/1404 1618/1789/1788
f 1492/1618/1617 1493/1619/1618 1619/1790/1789
f 1492/1618/1617 1619/1790/1789 1618/1789/1788
f 1620/1791/1790 1348/1410/1410 1619/1790/1789
f 1348/1410/1410 1345/1407/1407 1619/1790/1789
f 1493/1619/1618 1494/1620/1619 1619/1790/1789
f 1494/1620/1619 1620/1791/1790 1619/1790/1789
f 1604/1774/1773 1297/1356/1356 1348/1410/1410
f 1604/1774/1773 1348/1410/1410 1620/1791/1790
f 1494/1620/1619 1478/1603/1602 1620/1791/1790
f 1478/1603/1602 1604/1774/1773 1620/1791/1790
f 1353/1416/1416 1621/1792/1791 1354/1418/1418
f 1356/1421/1421 1621/1792/1791 1353/1416/1416
f 1358/1424/1424 1621/1792/1791 1356/1421/1421
f 1360/1427/1427 1621/1792/1791 1358/1424/1424
f 1362/1431/1431 1621/1792/1791 1360/1427/1427
f 1364/1434/1434 1621/1792/1791 1362/1431/1431
f 1366/1437/1437 1621/1792/1791 1364/1434/1434
f 1368/1440/1440 1621/1792/1791 1366/1437/1437
f 1370/1443/1443 1621/1792/1791 1368/1440/1440
f 1372/1446/1446 1621/1792/1791 1370/1443/1443
f 1374/1449/1449 1621/1792/1791 1372/1446/1446
f 1376/1452/1452 1621/1792/1791 1374/1449/1449
f 1378/1455/1455 1621/1792/1791 1376/1452/1452
f 1380/1458/1458 1621/1792/1791 1378/1455/1455
f 1382/1461/1461 1621/1792/1791 1380/1458/1458
f 1384/1464/1464 1621/1792/1791 1382/1461/1461
f 1386/1467/1467 1621/1792/1791 1384/1464/1464
f 1354/1418/1418 1621/1792/1791 1386/1467/1467
f 49/51/51 43/45/45 40/42/42
f 49/51/51 40/42/42 39/41/41
f 33/35/35 44/46/46 37/39/39
f 33/35/35 37/39/39 34/36/36
f 27/27/27 38/40/40 31/130/130
f 27/27/27 31/130/130 28/28/28
f 21/21/21 32/33/33 25/25/25
f 21/21/21 25/25/25 22/22/22
f 15/15/15 26/26/26 19/19/19
f 15/15/15 19/19/19 16/16/16
f 9/9/9 20/20/20 13/13/13
f 9/9/9 13/13/13 10/10/10
f 1/1/1 14/14/14 6/6/6
f 1/1/1 6/6/6 2/2/2
f 5/5/5 7/7/7 107/109/109
f 5/5/5 107/109/109 105/107/107
f 99/101/101 108/110/110 103/105/105
f 99/101/101 103/105/105 100/102/102
f 93/95/95 104/106/106 97/99/99
f 93/95/95 97/99/99 94/96/96
f 87/89/89 98/100/100 91/93/93
f 87/89/89 91/93/93 88/90/90
f 81/83/83 92/94/94 85/87/87
f 81/83/83 85/87/87 82/84/84
f 75/77/77 86/88/88 79/81/81
f 75/77/77 79/81/81 76/78/78
f 69/71/71 80/82/82 70/72/72
f 80/82/82 73/75/75 70/72/72
f 63/65/65 74/76/76 67/69/69
f 63/65/65 67/69/69 64/66/66
f 57/59/59 68/70/70 61/63/63
f 57/59/59 61/63/63 58/60/60
f 51/53/53 62/64/64 52/54/54
f 62/64/64 55/57/57 52/54/54
f 45/47/47 56/58/58 46/48/48
f 56/58/58 50/52/52 46/48/48
f 8/1793/1792 106/1794/1792 3/1795/1792
f 106/1794/1792 102/1796/1792 3/1795/1792
f 102/1796/1792 101/1797/1792 3/1795/1792
f 101/1797/1792 96/1798/1792 3/1795/1792
f 96/1798/1792 95/1799/1792 3/1795/1792
f 95/1799/1792 89/1800/1792 3/1795/1792
f 89/1800/1792 90/1801/1792 3/1795/1792
f 90/1801/1792 83/1802/1792 3/1795/1792
f 83/1802/1792 84/1803/1792 3/1795/1792
f 84/1803/1792 77/1804/1792 3/1795/1792
f 77/1804/1792 78/1805/1792 3/1795/1792
f 78/1805/1792 71/1806/1792 3/1795/1792
f 71/1806/1792 72/1807/1792 3/1795/1792
f 72/1807/1792 66/1808/1792 3/1795/1792
f 66/1808/1792 65/1809/1792 3/1795/1792
f 65/1809/1792 59/1810/1792 3/1795/1792
f 59/1810/1792 60/1811/1792 3/1795/1792
f 60/1811/1792 53/1812/1792 3/1795/1792
f 53/1812/1792 54/1813/1792 3/1795/1792
f 54/1813/1792 48/1814/1792 3/1795/1792
f 48/1814/1792 47/1815/1792 3/1795/1792
f 47/1815/1792 42/1816/1792 3/1795/1792
f 42/1816/1792 41/1817/1792 3/1795/1792
f 41/1817/1792 36/1818/1792 3/1795/1792
f 36/1818/1792 35/1819/1792 3/1795/1792
f 35/1819/1792 29/1820/1792 3/1795/1792
f 29/1820/1792 30/1821/1792 3/1795/1792
f 30/1821/1792 23/1822/1792 3/1795/1792
f 23/1822/1792 24/1823/1792 3/1795/1792
f 24/1823/1792 18/1824/1792 3/1795/1792
f 18/1824/1792 17/1825/1792 3/1795/1792
f 17/1825/1792 11/1826/1792 3/1795/1792
f 11/1826/1792 12/1827/1792 3/1795/1792
f 12/1827/1792 4/1828/1792 3/1795/1792
f 1034/1085/1085 1029/1080/1080 1027/1078/1078
f 1029/1080/1080 1024/1075/1075 1023/1074/1074
f 1024/1075/1075 1019/1070/1070 1018/1069/1069
f 1019/1070/1070 1014/1065/1065 1013/1064/1064
f 1014/1065/1065 1009/1060/1060 1008/1059/1059
f 1009/1060/1060 1004/1055/1055 1002/1053/1053
f 1039/1090/1090 1034/1085/1085 1032/1083/1083
f 1044/1095/1095 1039/1090/1090 1037/1088/1088
f 1049/1100/1100 1044/1095/1095 1043/1094/1094
f 1054/1105/1105 1049/1100/1100 1047/1098/1098
f 1059/1110/1110 1054/1105/1105 1053/1104/1104
f 1062/1113/1113 1059/1110/1110 1058/1109/1109
f 1061/1112/1112 978/1029/1029 1062/1113/1113
f 984/1035/1035 978/1029/1029 976/1027/1027
f 989/1040/1040 984/1035/1035 983/1034/1034
f 994/1045/1045 989/1040/1040 988/1039/1039
f 999/1050/1050 994/1045/1045 992/1043/1043
f 1004/1055/1055 999/1050/1050 997/1048/1048
f 971/1021/1021 933/1019/1019 935/1022/1022
f 943/979/979 905/977/977 907/980/980
f 953/994/994 915/992/992 917/995/995
f 955/997/997 917/995/995 919/998/998
f 961/1006/1006 923/1004/1004 925/1007/1007
f 963/1009/1009 925/1007/1007 927/1010/1010
