v 0 -3.6503 0
v 0.6338 -3.5944 0
v 0.6338 -3.5944 0.8869
v 0 -3.6503 0.8869
v 1.2485 -3.4301 0.8869
v 1.2485 -3.4301 0
v 1.8249 -3.1608 0
v 1.8249 -3.1608 0.8869
v 2.3463 -2.7963 0.8869
v 2.3463 -2.7963 0
v 2.7959 -2.3461 0
v 2.7959 -2.3461 0.8869
v 3.1612 -1.8251 0.8869
v 3.1612 -1.8251 0
v 3.4297 -1.2483 0
v 3.4297 -1.2483 0.8869
v 3.5948 -0.6339 0.8869
v 3.5948 -0.6339 0
v 3.6498 0 0
v 3.6498 0 0.8869
v 3.5948 0.6339 0.8869
v 3.5948 0.6339 0
v 3.4297 1.2483 0
v 3.4297 1.2483 0.8869
v 3.1612 1.8251 0.8869
v 3.1612 1.8251 0
v 2.7959 2.3461 0
v 2.7959 2.3461 0.8869
v 2.3463 2.7963 0.8869
v 2.3463 2.7963 0
v 1.8249 3.1608 0
v 1.8249 3.1608 0.8869
v 1.2485 3.4301 0.8869
v 1.2485 3.4301 0
v 0.6338 3.5944 0
v 0.6338 3.5944 0.8869
v 0 3.6503 0.8869
v 0 3.6503 0
v -0.6338 3.5944 0
v -0.6338 3.5944 0.8869
v -1.2485 3.4301 0.8869
v -1.2485 3.4301 0
v -1.8249 3.1608 0
v -1.8249 3.1608 0.8869
v -2.3463 2.7963 0.8869
v -2.3463 2.7963 0
v -2.7959 2.3461 0
v -2.7959 2.3461 0.8869
v -3.1612 1.8251 0.8869
v -3.1612 1.8251 0
v -3.4297 1.2483 0
v -3.4297 1.2483 0.8869
v -3.5948 0.6339 0.8868
v -3.5948 0.6339 0
v -3.6498 0 0
v -3.6498 0 0.8868
v -3.5948 -0.6339 0.8868
v -3.5948 -0.6339 0
v -3.4297 -1.2483 0.8869
v -3.4297 -1.2483 0
v -3.1612 -1.8251 0.8869
v -3.1612 -1.8251 0
v -2.7959 -2.3461 0
v -2.7959 -2.3461 0.8869
v -2.3463 -2.7963 0.8869
v -2.3463 -2.7963 0
v -1.8249 -3.1608 0
v -1.8249 -3.1608 0.8869
v -1.2485 -3.4301 0.8869
v -1.2485 -3.4301 0
v -0.6338 -3.5944 0
v -0.6338 -3.5944 0.8869
v 1.2253 -3.3666 0.9942
v 0.622 -3.5278 0.9942
v 0.5979 -3.3911 1.0802
v 1.1779 -3.2361 1.0802
v 0 -3.5826 0.9942
v 0 -3.4438 1.0802
v 2.3029 -2.7444 0.9942
v 1.7911 -3.1023 0.9942
v 2.2137 -2.6381 1.0802
v 1.7217 -2.9821 1.0802
v 3.1026 -1.7913 0.9942
v 2.7441 -2.3026 0.9942
v 2.6378 -2.2134 1.0802
v 2.9825 -1.7219 1.0802
v 3.5282 -0.6221 0.9942
v 3.3662 -1.2252 0.9942
v 3.2358 -1.1777 1.0802
v 3.3915 -0.598 1.0802
v 3.5282 0.6221 0.9942
v 3.5822 0 0.9942
v 3.4434 0 1.0802
v 3.3915 0.598 1.0802
v 3.1026 1.7913 0.9942
v 3.3662 1.2252 0.9942
v 3.2358 1.1777 1.0802
v 2.9825 1.7219 1.0802
v 2.3029 2.7444 0.9942
v 2.7441 2.3026 0.9942
v 2.2137 2.6381 1.0802
v 2.6378 2.2134 1.0802
v 1.2253 3.3666 0.9942
v 1.7911 3.1023 0.9942
v 1.1779 3.2361 1.0802
v 1.7217 2.9821 1.0802
v 0 3.5826 0.9942
v 0.622 3.5278 0.9942
v 0.5979 3.3911 1.0802
v 0 3.4438 1.0802
v -1.2253 3.3666 0.9942
v -0.622 3.5278 0.9942
v -1.1779 3.2361 1.0802
v -0.5979 3.3911 1.0802
v -2.3028 2.7444 0.9942
v -1.7911 3.1023 0.9942
v -1.7217 2.9821 1.0802
v -2.2137 2.6381 1.0802
v -3.1026 1.7913 0.9942
v -2.7441 2.3026 0.9942
v -2.9825 1.7219 1.0802
v -2.6378 2.2134 1.0802
v -3.5282 0.6221 0.9942
v -3.3662 1.2252 0.9942
v -3.2358 1.1777 1.0802
v -3.3915 0.598 1.0802
v -3.5282 -0.6221 0.9942
v -3.5822 0 0.9942
v -3.3915 -0.598 1.0802
v -3.4434 0 1.0802
v -3.1026 -1.7913 0.9942
v -3.3662 -1.2252 0.9942
v -2.9825 -1.7219 1.0802
v -3.2358 -1.1777 1.0802
v -2.3029 -2.7444 0.9942
v -2.7441 -2.3026 0.9942
v -2.6378 -2.2134 1.0802
v -2.2137 -2.6381 1.0802
v -1.2253 -3.3666 0.9942
v -1.7911 -3.1023 0.9942
v -1.1779 -3.2361 1.0802
v -1.7217 -2.9821 1.0802
v -0.622 -3.5278 0.9942
v -0.5979 -3.3911 1.0802
v 1.1721 -3.2203 1.3336
v 0.595 -3.3745 1.3336
v 0 -3.427 1.3336
v 2.2028 -2.6252 1.3336
v 1.7133 -2.9675 1.3336
v 2.9678 -1.7135 1.3336
v 2.6249 -2.2026 1.3336
v 3.3749 -0.5951 1.3336
v 3.2199 -1.172 1.3336
v 3.3749 0.5951 1.3336
v 3.4266 0 1.3336
v 2.9678 1.7135 1.3336
v 3.2199 1.172 1.3336
v 2.2028 2.6252 1.3336
v 2.6249 2.2026 1.3336
v 1.1721 3.2203 1.3336
v 1.7133 2.9675 1.3336
v 0 3.427 1.3336
v 0.595 3.3745 1.3336
v -1.1721 3.2203 1.3336
v -0.595 3.3745 1.3336
v -2.2028 2.6252 1.3336
v -1.7133 2.9675 1.3336
v -2.9678 1.7135 1.3336
v -2.6249 2.2026 1.3336
v -3.3749 0.5951 1.3336
v -3.2199 1.172 1.3336
v -3.3749 -0.5951 1.3336
v -3.4266 0 1.3336
v -2.9678 -1.7135 1.3336
v -3.2199 -1.172 1.3336
v -2.2028 -2.6252 1.3336
v -2.6249 -2.2026 1.3336
v -1.1721 -3.2203 1.3336
v -1.7133 -2.9675 1.3336
v -0.595 -3.3745 1.3336
v 1.2505 -3.4357 1.6707
v 0.6348 -3.6002 1.6707
v 0 -3.6562 1.6707
v 2.3502 -2.8008 1.6707
v 1.8279 -3.166 1.6707
v 3.1663 -1.8281 1.6707
v 2.8005 -2.3499 1.6707
v 3.6006 -0.6349 1.6707
v 3.4353 -1.2503 1.6707
v 3.6006 0.6349 1.6707
v 3.6558 0 1.6707
v 3.1663 1.8281 1.6707
v 3.4353 1.2503 1.6707
v 2.3502 2.8008 1.6707
v 2.8005 2.3499 1.6707
v 1.2505 3.4357 1.6707
v 1.8279 3.166 1.6707
v 0 3.6562 1.6707
v 0.6348 3.6002 1.6707
v -1.2505 3.4357 1.6707
v -0.6348 3.6002 1.6707
v -2.3502 2.8008 1.6707
v -1.8279 3.166 1.6707
v -3.1663 1.8281 1.6707
v -2.8005 2.3499 1.6707
v -3.6006 0.6349 1.6707
v -3.4353 1.2503 1.6707
v -3.6006 -0.6349 1.6707
v -3.6558 0 1.6707
v -3.1663 -1.8281 1.6707
v -3.4353 -1.2503 1.6707
v -2.3502 -2.8008 1.6707
v -2.8005 -2.3499 1.6707
v -1.2505 -3.4357 1.6707
v -1.8279 -3.166 1.6707
v -0.6348 -3.6002 1.6707
v 1.2899 -3.5441 1.9469
v 0.6548 -3.7138 1.9469
v 1.3155 -3.6142 2.2817
v 0.6678 -3.7873 2.2817
v 0 -3.8462 2.2817
v 0 -3.7715 1.9469
v 2.4243 -2.8892 1.9469
v 1.8856 -3.2659 1.9469
v 2.4723 -2.9463 2.2817
v 1.9229 -3.3305 2.2817
v 3.2662 -1.8858 1.9469
v 2.8888 -2.424 1.9469
v 3.3309 -1.9231 2.2817
v 2.946 -2.472 2.2817
v 3.7142 -0.6549 1.9469
v 3.5437 -1.2898 1.9469
v 3.7877 -0.6679 2.2817
v 3.6138 -1.3153 2.2817
v 3.7711 0 1.9469
v 3.7142 0.6549 1.9469
v 3.7877 0.6679 2.2817
v 3.8457 0 2.2817
v 3.5437 1.2898 1.9469
v 3.2662 1.8858 1.9469
v 3.3309 1.9231 2.2817
v 3.6138 1.3153 2.2817
v 2.8888 2.424 1.9469
v 2.4243 2.8892 1.9469
v 2.4723 2.9463 2.2817
v 2.946 2.472 2.2817
v 1.2899 3.5441 1.9469
v 1.8856 3.2659 1.9469
v 1.3155 3.6142 2.2817
v 1.9229 3.3305 2.2817
v 0 3.7715 1.9469
v 0.6548 3.7138 1.9469
v 0 3.8462 2.2817
v 0.6678 3.7873 2.2817
v -0.6548 3.7138 1.9469
v -1.2899 3.5441 1.9469
v -1.3155 3.6142 2.2817
v -0.6678 3.7873 2.2817
v -1.8856 3.2659 1.9469
v -2.4243 2.8892 1.9469
v -2.4723 2.9463 2.2817
v -1.9229 3.3305 2.2817
v -2.8888 2.424 1.9469
v -3.2662 1.8858 1.9469
v -3.3309 1.9231 2.2817
v -2.946 2.472 2.2817
v -3.5437 1.2898 1.9469
v -3.7142 0.6549 1.9469
v -3.7877 0.6679 2.2817
v -3.6138 1.3153 2.2817
v -3.7711 0 1.9469
v -3.7142 -0.6549 1.9469
v -3.7877 -0.6679 2.2817
v -3.8457 0 2.2817
v -3.5437 -1.2898 1.9469
v -3.2662 -1.8858 1.9469
v -3.3309 -1.9231 2.2817
v -3.6138 -1.3153 2.2817
v -2.4243 -2.8892 1.9469
v -2.8888 -2.424 1.9469
v -2.4723 -2.9463 2.2817
v -2.946 -2.472 2.2817
v -1.8856 -3.2659 1.9469
v -1.2899 -3.5441 1.9469
v -1.3155 -3.6142 2.2817
v -1.9229 -3.3305 2.2817
v -0.6548 -3.7138 1.9469
v -0.6678 -3.7873 2.2817
v 1.3151 -3.6131 2.6359
v 0.6676 -3.7861 2.6359
v 1.2669 -3.4807 2.9905
v 0.6431 -3.6474 2.9905
v 0 -3.7041 2.9905
v 0 -3.8449 2.6359
v 2.4715 -2.9454 2.6359
v 1.9223 -3.3294 2.6359
v 2.3809 -2.8375 2.9905
v 1.8518 -3.2075 2.9905
v 3.3298 -1.9225 2.6359
v 2.9451 -2.4712 2.6359
v 3.2079 -1.852 2.9905
v 2.8372 -2.3807 2.9905
v 3.7865 -0.6677 2.6359
v 3.6126 -1.3149 2.6359
v 3.6478 -0.6432 2.9905
v 3.4803 -1.2667 2.9905
v 3.7865 0.6677 2.6359
v 3.8445 0 2.6359
v 3.6478 0.6432 2.9905
v 3.7037 0 2.9905
v 3.3298 1.9225 2.6359
v 3.6126 1.3149 2.6359
v 3.2079 1.852 2.9905
v 3.4803 1.2667 2.9905
v 2.4715 2.9454 2.6359
v 2.9451 2.4712 2.6359
v 2.3809 2.8375 2.9905
v 2.8372 2.3807 2.9905
v 1.3151 3.6131 2.6359
v 1.9223 3.3294 2.6359
v 1.2669 3.4807 2.9905
v 1.8518 3.2075 2.9905
v 0 3.8449 2.6359
v 0.6676 3.7861 2.6359
v 0 3.7041 2.9905
v 0.6431 3.6474 2.9905
v -1.3151 3.6131 2.6359
v -0.6676 3.7861 2.6359
v -1.2669 3.4807 2.9905
v -0.6431 3.6474 2.9905
v -2.4715 2.9454 2.6359
v -1.9223 3.3294 2.6359
v -2.3809 2.8375 2.9905
v -1.8518 3.2075 2.9905
v -3.3298 1.9225 2.6359
v -2.9451 2.4712 2.6359
v -3.2079 1.852 2.9905
v -2.8372 2.3807 2.9905
v -3.7865 0.6677 2.6359
v -3.6126 1.3149 2.6359
v -3.6478 0.6432 2.9905
v -3.4803 1.2667 2.9905
v -3.7865 -0.6677 2.6359
v -3.8445 0 2.6359
v -3.6478 -0.6432 2.9905
v -3.7037 0 2.9905
v -3.3298 -1.9225 2.6359
v -3.6126 -1.3149 2.6359
v -3.2079 -1.852 2.9905
v -3.4803 -1.2667 2.9905
v -2.4715 -2.9454 2.6359
v -2.9451 -2.4712 2.6359
v -2.3809 -2.8375 2.9905
v -2.8372 -2.3807 2.9905
v -1.3151 -3.6131 2.6359
v -1.9223 -3.3294 2.6359
v -1.2669 -3.4807 2.9905
v -1.8518 -3.2075 2.9905
v -0.6676 -3.7861 2.6359
v -0.6431 -3.6474 2.9905
v 1.0254 -2.8173 3.6353
v 0.5205 -2.9522 3.6353
v 0 -2.9981 3.6353
v 1.9271 -2.2967 3.6353
v 1.4989 -2.5961 3.6353
v 2.5964 -1.499 3.6353
v 2.2964 -1.9269 3.6353
v 2.9525 -0.5206 3.6353
v 2.8169 -1.0253 3.6353
v 2.9525 0.5206 3.6353
v 2.9977 0 3.6353
v 2.5964 1.499 3.6353
v 2.8169 1.0253 3.6353
v 1.9271 2.2967 3.6353
v 2.2964 1.9269 3.6353
v 1.0254 2.8173 3.6353
v 1.4989 2.5961 3.6353
v 0 2.9981 3.6353
v 0.5205 2.9522 3.6353
v -1.0254 2.8173 3.6353
v -0.5205 2.9522 3.6353
v -1.9271 2.2967 3.6353
v -1.4989 2.5961 3.6353
v -2.5964 1.499 3.6353
v -2.2964 1.9269 3.6353
v -2.9525 0.5206 3.6353
v -2.8169 1.0253 3.6353
v -2.9525 -0.5206 3.6353
v -2.9977 0 3.6353
v -2.5964 -1.499 3.6353
v -2.8169 -1.0253 3.6353
v -1.9271 -2.2967 3.6353
v -2.2964 -1.9269 3.6353
v -1.0254 -2.8173 3.6353
v -1.4989 -2.5961 3.6353
v -0.5205 -2.9522 3.6353
v 0.4761 -2.6999 4.1497
v 0.9378 -2.5765 4.1497
v 0.4813 -2.7297 4.3773
v 0.9481 -2.605 4.3773
v 0.977 -2.6842 4.7609
v 0.496 -2.8127 4.7609
v 0 -2.7721 4.3773
v 0 -2.8565 4.7609
v 0 -2.7419 4.1497
v 1.3708 -2.3743 4.1497
v 1.7625 -2.1004 4.1497
v 1.3859 -2.4005 4.3773
v 1.7819 -2.1236 4.3773
v 1.8361 -2.1882 4.7609
v 1.4281 -2.4735 4.7609
v 2.1002 -1.7622 4.1497
v 2.3745 -1.3709 4.1497
v 2.4007 -1.3861 4.3773
v 2.1233 -1.7817 4.3773
v 2.1879 -1.8359 4.7609
v 2.4738 -1.4282 4.7609
v 2.5762 -0.9377 4.1497
v 2.7002 -0.4761 4.1497
v 2.6046 -0.948 4.3773
v 2.73 -0.4814 4.3773
v 2.6839 -0.9768 4.7609
v 2.8131 -0.496 4.7609
v 2.7416 0 4.1497
v 2.7002 0.4761 4.1497
v 2.73 0.4814 4.3773
v 2.7718 0 4.3773
v 2.8131 0.496 4.7609
v 2.8561 0 4.7609
v 2.5762 0.9377 4.1497
v 2.3745 1.3709 4.1497
v 2.4007 1.3861 4.3773
v 2.6046 0.948 4.3773
v 2.6839 0.9768 4.7609
v 2.4738 1.4282 4.7609
v 2.1002 1.7622 4.1497
v 1.7625 2.1004 4.1497
v 1.7819 2.1236 4.3773
v 2.1233 1.7817 4.3773
v 2.1879 1.8359 4.7609
v 1.8361 2.1882 4.7609
v 1.3708 2.3743 4.1497
v 0.9378 2.5765 4.1497
v 0.9481 2.605 4.3773
v 1.3859 2.4005 4.3773
v 1.4281 2.4735 4.7609
v 0.977 2.6842 4.7609
v 0.4761 2.6999 4.1497
v 0 2.7419 4.1497
v 0.4813 2.7297 4.3773
v 0 2.7721 4.3773
v 0.496 2.8127 4.7609
v 0 2.8565 4.7609
v -0.4761 2.6999 4.1497
v -0.9378 2.5765 4.1497
v -0.9481 2.605 4.3773
v -0.4813 2.7297 4.3773
v -0.977 2.6842 4.7609
v -0.496 2.8127 4.7609
v -1.3708 2.3743 4.1497
v -1.7625 2.1004 4.1497
v -1.3859 2.4005 4.3773
v -1.7819 2.1236 4.3773
v -1.8361 2.1882 4.7609
v -1.4281 2.4735 4.7609
v -2.1002 1.7622 4.1497
v -2.3745 1.3709 4.1497
v -2.4007 1.3861 4.3773
v -2.1233 1.7817 4.3773
v -2.1879 1.8359 4.7609
v -2.4738 1.4282 4.7609
v -2.5762 0.9377 4.1497
v -2.7002 0.4761 4.1497
v -2.73 0.4814 4.3773
v -2.6046 0.948 4.3773
v -2.6839 0.9768 4.7609
v -2.8131 0.496 4.7609
v -2.7416 0 4.1497
v -2.7002 -0.4761 4.1497
v -2.73 -0.4814 4.3773
v -2.7718 0 4.3773
v -2.8561 0 4.7609
v -2.8131 -0.496 4.7609
v -2.5762 -0.9377 4.1497
v -2.3745 -1.3709 4.1497
v -2.6046 -0.948 4.3773
v -2.4007 -1.3861 4.3773
v -2.4738 -1.4282 4.7609
v -2.6839 -0.9768 4.7609
v -2.1002 -1.7622 4.1497
v -1.7625 -2.1004 4.1497
v -1.7819 -2.1236 4.3773
v -2.1233 -1.7817 4.3773
v -1.8361 -2.1882 4.7609
v -2.1879 -1.8359 4.7609
v -1.3708 -2.3743 4.1497
v -0.9378 -2.5765 4.1497
v -0.9481 -2.605 4.3773
v -1.3859 -2.4005 4.3773
v -1.4281 -2.4735 4.7609
v -0.977 -2.6842 4.7609
v -0.4761 -2.6999 4.1497
v -0.4813 -2.7297 4.3773
v -0.496 -2.8127 4.7609
v 0.4892 -2.7742 4.7912
v 0.9636 -2.6474 4.7912
v 0 0 4.8106
v 0 -2.8173 4.7912
v 1.8109 -2.1582 4.7912
v 1.4085 -2.4396 4.7912
v 2.4398 -1.4086 4.7912
v 2.1579 -1.8107 4.7912
v 2.7745 -0.4892 4.7912
v 2.6471 -0.9635 4.7912
v 2.7745 0.4892 4.7912
v 2.8169 0 4.7912
v 2.4398 1.4086 4.7912
v 2.6471 0.9635 4.7912
v 2.1579 1.8107 4.7912
v 1.8109 2.1582 4.7912
v 0.9636 2.6474 4.7912
v 1.4085 2.4396 4.7912
v 0 2.8173 4.7912
v 0.4892 2.7742 4.7912
v -0.4892 2.7742 4.7912
v -0.9636 2.6474 4.7912
v -1.4085 2.4396 4.7912
v -1.8109 2.1582 4.7912
v -2.1579 1.8107 4.7912
v -2.4398 1.4086 4.7912
v -2.7745 0.4892 4.7912
v -2.6471 0.9635 4.7912
v -2.8169 0 4.7912
v -2.7745 -0.4892 4.7912
v -2.6471 -0.9635 4.7912
v -2.4398 -1.4086 4.7912
v -2.1579 -1.8107 4.7912
v -1.8109 -2.1582 4.7912
v -0.9636 -2.6474 4.7912
v -1.4085 -2.4396 4.7912
v -0.4892 -2.7742 4.7912
v 0.9592 -2.6355 3.906
v 0.487 -2.7617 3.906
v 0 -2.8046 3.906
v 1.8028 -2.1485 3.906
v 1.4022 -2.4286 3.906
v 2.4289 -1.4023 3.906
v 2.1482 -1.8026 3.906
v 2.762 -0.487 3.906
v 2.6352 -0.9591 3.906
v 2.762 0.487 3.906
v 2.8043 0 3.906
v 2.4289 1.4023 3.906
v 2.6352 0.9591 3.906
v 1.8028 2.1485 3.906
v 2.1482 1.8026 3.906
v 0.9592 2.6355 3.906
v 1.4022 2.4286 3.906
v 0 2.8046 3.906
v 0.487 2.7617 3.906
v -0.9592 2.6355 3.906
v -0.487 2.7617 3.906
v -1.8028 2.1485 3.906
v -1.4022 2.4286 3.906
v -2.4289 1.4023 3.906
v -2.1482 1.8026 3.906
v -2.762 0.487 3.906
v -2.6352 0.9591 3.906
v -2.762 -0.487 3.906
v -2.8043 0 3.906
v -2.4289 -1.4023 3.906
v -2.6352 -0.9591 3.906
v -1.8028 -2.1485 3.906
v -2.1482 -1.8026 3.906
v -0.9592 -2.6355 3.906
v -1.4022 -2.4286 3.906
v -0.487 -2.7617 3.906
v 0 0 0
v -0.3982 0.9855 13.4782
v -0.3593 1.2322 13.3203
v -0.3154 0.9889 13.4532
v -0.297 1.2789 13.2731
v 0.3198 1.2781 13.2731
v 0.3694 1.2318 13.3203
v 0.3376 0.9883 13.4532
v 0.4038 0.9854 13.4782
v -0.379 -0.8096 14.1757
v -0.4733 -0.8141 14.1876
v -0.3777 -0.3113 14.1917
v -0.4709 -0.3134 14.206
v -0.4606 0.1617 14.0982
v -0.3694 0.1621 14.0809
v 0.4763 -0.3134 14.206
v 0.479 -0.8141 14.1876
v 0.402 -0.8096 14.1757
v 0.3993 -0.3113 14.1917
v 0.3898 0.162 14.0808
v 0.4657 0.1617 14.0982
v -0.3794 -1.7055 13.8467
v -0.474 -1.7132 13.8553
v -0.474 -1.2779 14.0582
v -0.3794 -1.2715 14.0481
v 0.4799 -1.2779 14.0581
v 0.4799 -1.7132 13.8553
v 0.403 -1.7055 13.8467
v 0.403 -1.2715 14.0481
v -0.3794 -2.4874 13.317
v -0.474 -2.4961 13.323
v -0.474 -2.1282 13.6169
v -0.3794 -2.1201 13.6095
v 0.4799 -2.1282 13.6169
v 0.4799 -2.4961 13.323
v 0.403 -2.4874 13.317
v 0.403 -2.1201 13.6095
v -0.3795 -2.9809 12.5072
v -0.4741 -2.9945 12.508
v -0.3794 -2.7795 12.9496
v -0.474 -2.79 12.9535
v 0.4799 -2.79 12.9535
v 0.4799 -2.9945 12.508
v 0.403 -2.7795 12.9496
v 0.403 -2.9809 12.5072
v -0.3795 -3.1118 11.4809
v -0.4741 -3.132 11.4711
v -0.3795 -3.0763 11.9899
v -0.4741 -3.0943 11.9858
v 0.4799 -3.0943 11.9858
v 0.4799 -3.132 11.4711
v 0.403 -3.0763 11.9899
v 0.403 -3.1118 11.4809
v -0.4741 -3.1254 10.8323
v -0.3795 -3.1104 10.8507
v 0.403 -3.1104 10.8507
v 0.4799 -3.1254 10.8323
v -0.3795 -2.5599 9.1327
v -0.4741 -2.5781 9.1082
v -0.4741 -2.9321 10.0792
v -0.3795 -2.9197 10.1018
v 0.4799 -2.9321 10.0792
v 0.4799 -2.5781 9.1082
v 0.403 -2.5599 9.1327
v 0.403 -2.9197 10.1018
v -0.3795 -2.2607 8.0193
v -0.4741 -2.2881 7.9973
v 0.4799 -2.2881 7.9973
v 0.403 -2.2607 8.0193
v -0.4741 -2.2795 7.1561
v -0.3795 -2.2487 7.1621
v -0.3795 -2.3503 6.1077
v -0.4741 -2.3823 6.1245
v 0.403 -2.2487 7.1621
v 0.4799 -2.2795 7.1561
v 0.403 -2.3503 6.1077
v 0.4799 -2.3823 6.1245
v 0.3067 1.3287 14.6176
v -0.2887 1.3295 14.6176
v 0.2971 0.8983 14.8778
v -0.2798 0.8989 14.8779
v -0.3437 1.2657 14.63
v -0.3545 0.9036 14.8449
v 0.3588 0.9035 14.8449
v 0.3517 1.2654 14.63
v -0.2539 -0.5068 15.2855
v -0.3243 -0.4896 15.2561
v -0.3205 -1.1895 15.2066
v -0.2505 -1.2114 15.2319
v -0.3205 -1.8667 15.0191
v -0.2505 -1.8931 15.0401
v 0.266 -1.2114 15.2319
v 0.2696 -0.5068 15.2855
v 0.266 -1.8931 15.0401
v 0.3244 -1.8667 15.0191
v 0.3244 -1.1895 15.2066
v 0.3283 -0.4896 15.2561
v -0.3206 -2.4504 14.7246
v -0.2505 -2.4799 14.7415
v -0.3206 -2.9661 14.3238
v -0.2505 -2.9976 14.3357
v 0.266 -2.4799 14.7415
v 0.266 -2.9976 14.3357
v 0.3244 -2.9661 14.3238
v 0.3244 -2.4504 14.7246
v -0.3206 -3.4392 13.8172
v -0.2505 -3.4721 13.8224
v -0.3206 -3.818 13.2115
v -0.2505 -3.8509 13.2087
v 0.266 -3.4721 13.8224
v 0.266 -3.8509 13.2087
v 0.3244 -3.818 13.2115
v 0.3244 -3.4392 13.8172
v -0.3206 -4.0511 12.5133
v -0.2505 -4.0814 12.5015
v -0.3206 -4.1762 11.8192
v -0.2505 -4.2039 11.8008
v 0.266 -4.0814 12.5015
v 0.266 -4.2039 11.8008
v 0.3244 -4.1762 11.8192
v 0.3244 -4.0511 12.5133
v -0.3206 -4.2311 11.226
v -0.2505 -4.2585 11.2061
v -0.3206 -4.1959 10.6434
v -0.2505 -4.2223 10.6229
v 0.266 -4.2585 11.2061
v 0.266 -4.2223 10.6229
v 0.3244 -4.1959 10.6434
v 0.3244 -4.2311 11.226
v -0.3206 -3.9552 9.6575
v -0.2505 -3.9747 9.631
v 0.266 -3.9747 9.631
v 0.3245 -3.9552 9.6575
v -0.3206 -3.6863 8.7963
v -0.2505 -3.7038 8.7675
v -0.3206 -3.3884 8.0272
v -0.2505 -3.4093 8.001
v 0.266 -3.7038 8.7675
v 0.266 -3.4093 8.001
v 0.3245 -3.3884 8.0272
v 0.3245 -3.6863 8.7963
v -0.3206 -3.1101 7.2835
v -0.2505 -3.1338 7.2643
v 0.266 -3.1338 7.2643
v 0.3244 -3.1101 7.2835
v -0.3206 -3.1072 6.9666
v -0.2505 -3.1327 6.9616
v -0.3206 -3.1909 6.5991
v -0.2505 -3.2175 6.613
v 0.266 -3.1327 6.9616
v 0.266 -3.2175 6.613
v 0.3244 -3.1072 6.9666
v 0.3244 -3.1909 6.5991
v -0.2934 1.3272 13.3076
v -0.3763 1.2696 13.3455
v 0.4219 0.9818 13.5542
v 0.3819 1.2694 13.3455
v -0.4911 -0.8277 14.2233
v -0.4887 -0.3196 14.2486
v 0.4887 -0.3196 14.2486
v 0.4789 0.1611 14.1504
v -0.4919 -1.7362 13.8811
v -0.4919 -1.2973 14.0884
v 0.4919 -1.2973 14.0884
v 0.4911 -0.8277 14.2233
v -0.4919 -2.522 13.3409
v -0.4919 -2.1524 13.6391
v 0.4919 -2.1524 13.6391
v 0.4919 -1.7362 13.8811
v -0.4919 -3.0351 12.5104
v -0.4919 -2.8213 12.9654
v 0.4919 -2.8213 12.9654
v 0.4919 -2.522 13.3409
v -0.4919 -3.1927 11.4416
v -0.4919 -3.148 11.9738
v 0.4919 -3.148 11.9738
v 0.4919 -3.0351 12.5104
v 0.4919 -3.1706 10.777
v 0.4919 -3.1927 11.4416
v -0.4919 -2.9694 10.0113
v -0.4919 -2.6326 9.0347
v 0.4919 -2.9694 10.0113
v -0.4919 -2.3702 7.9314
v -0.4919 -2.4785 6.1747
v -0.4919 -2.3719 7.138
v 0.3133 -3.1738 6.5156
v 0.2694 -3.1951 6.5015
v 0.3869 -2.5075 6.0247
v 0.4657 -2.5002 6.0622
v 0.4919 -2.3702 7.9314
v 0.4919 -2.3719 7.138
v -0.46 -2.5002 6.0622
v -0.3643 -2.5075 6.0247
v -0.3063 -3.1738 6.5156
v -0.2536 -3.1951 6.5015
v 0.4919 -2.4785 6.1747
v 0.4919 -2.6326 9.0347
v 0.3159 1.3264 13.3076
v -0.4219 0.9818 13.5542
v -0.4789 0.1611 14.1504
v -0.4919 -3.1706 10.777
v -0.4448 -2.4241 6.0535
v -0.3757 -2.4057 6.0106
v 0.3989 -2.4057 6.0106
v 0.4552 -2.4241 6.0535
v -0.3361 0.1621 15.1364
v -0.4562 0.5483 13.915
v 0.2803 0.1485 15.1691
v -0.264 0.1488 15.1692
v 0.3402 0.162 15.1363
v 0.4562 0.5483 13.915
v 0.441 0.5483 13.8493
v 0.3689 0.5491 13.8276
v -0.4358 0.5483 13.8493
v -0.348 0.5493 13.8277
v -1.7679 -1.7513 6.2836
v -2.1018 -1.8976 5.7953
v -1.4638 -2.1282 6.2681
v -1.7312 -2.306 5.7915
v -1.1552 -1.9421 6.8922
v -1.3857 -1.6129 6.9215
v -1.5531 -1.2443 6.9614
v -1.6817 -0.8298 7.0123
v -2.186 -0.8442 6.3356
v -2.0006 -1.3222 6.3063
v -2.6363 -0.9083 5.8083
v -2.3967 -1.4266 5.801
v -0.3938 -2.8423 6.2548
v -0.4613 -3.0731 5.7881
v 0 -2.8924 6.2554
v 0 -3.1255 5.7883
v 0 -2.6242 6.8552
v -0.3147 -2.5775 6.8559
v -0.6135 -2.4315 6.8612
v -0.9088 -2.2199 6.8726
v -1.1434 -2.4438 6.2593
v -0.7709 -2.6801 6.2554
v -1.345 -2.6474 5.7893
v -0.9057 -2.8999 5.7883
v -1.334 -1.3297 7.6167
v -0.9911 -1.922 7.5309
v -0.9124 -2.0589 8.1369
v -1.2441 -1.5565 8.245
v -1.4054 -0.9741 8.3723
v -1.4855 -0.6251 7.7387
v -0.5261 -2.3523 7.4704
v 0 -2.5269 7.4466
v 0 -2.5943 8.0107
v -0.4811 -2.4366 8.0494
v -0.86 -2.3439 8.6633
v -1.1842 -1.9029 8.8188
v -0.8349 -2.6702 9.2562
v -1.1519 -2.2539 9.4216
v -1.3125 -1.7804 9.5899
v -1.3487 -1.3971 8.986
v 0 -2.8203 8.529
v -0.4511 -2.6791 8.5643
v 0 -3.1177 9.126
v -0.4376 -2.9854 9.1582
v -1.1449 -2.4946 10.1368
v -0.8385 -2.9312 10.0624
v -0.85 -3.0638 11.0107
v -1.1478 -2.6057 10.9395
v -1.2863 -2.1034 10.8274
v -1.2939 -2.0105 10.1942
v -0.4418 -3.2611 9.9741
v 0 -3.3994 9.9265
v 0 -3.5474 10.9273
v -0.4504 -3.4056 10.9732
v -1.1479 -2.615 11.3735
v -0.8511 -3.0674 11.5221
v -1.1454 -2.5676 11.8046
v -0.8486 -3.0053 12.0304
v -1.14 -2.4665 12.2195
v -0.8451 -2.8956 12.4971
v -0.8423 -2.6853 12.9224
v -1.1309 -2.2686 12.5922
v -1.2674 -1.8407 12.1504
v -1.283 -2.0753 11.5178
v -0.452 -3.403 11.5476
v 0 -3.5387 11.5289
v -0.4498 -3.3184 12.1169
v 0 -3.4438 12.1253
v -0.4444 -3.1684 12.6627
v 0 -3.2862 12.7019
v -0.4404 -2.8968 13.1537
v 0 -3.0037 13.2221
v -0.9908 -0.9283 11.4569
v -0.9511 -1.0633 11.2732
v -1.2038 -1.4311 11.6886
v -1.2007 -1.1131 12.0039
v -1.2229 -1.3141 12.61
v -1.2257 -0.802 12.8216
v -1.223 -0.8156 12.1796
v -1.0448 -0.8082 11.5492
v -0.839 -2.0332 13.4876
v -1.098 -1.5967 13.162
v -1.1194 -1.9735 12.8928
v -0.8439 -2.4013 13.2425
v -0.8166 -1.6304 13.6872
v -0.9669 -1.3391 13.6005
v -1.0477 -0.9178 13.7054
v -1.1528 -0.9158 13.2731
v 0 -2.1423 13.9195
v -0.4226 -2.0382 13.8325
v -0.4442 -2.5291 13.5327
v 0 -2.6246 13.6195
v 0 -1.2101 14.3582
v -0.1998 -1.1019 14.2682
v -0.3974 -1.09 14.2326
v -0.602 -1.5149 13.9214
v -0.3167 -0.5504 14.4305
v -0.1494 -0.5457 14.4066
v 0 -0.5366 14.4505
v 0 0.0854 14.4225
v -0.2054 -0.0612 14.3494
v -0.4318 -0.0661 14.3686
v -0.5201 -0.7608 10.9707
v -0.5525 -0.6943 11.0821
v -0.5912 -0.6308 11.1329
v 0 -0.4997 10.9782
v 0 -0.5649 10.9377
v 0 -0.6258 10.8477
v -1.053 0.4552 11.1826
v -1.1471 0.0082 11.3303
v -1.3349 0.2823 11.9243
v -1.2198 0.7093 11.7315
v -1.3162 0.7612 12.5723
v -1.2157 1.0116 12.2362
v -1.0551 1.2951 12.0858
v -1.079 1.0515 11.5086
v -0.9311 0.847 11.0217
v -0.6507 0.1419 10.876
v -0.5985 0.4916 10.8157
v -0.5291 0.7861 10.759
v 0 0.7916 10.6837
v 0 0.5825 10.6777
v 0 0.3107 10.6838
v -1.0167 1.1505 12.9383
v -0.88 1.2329 13.062
v -0.9023 1.1967 12.77
v -0.7745 1.2712 12.9362
v -0.7467 1.2884 12.76
v -0.8032 1.2678 12.6072
v -0.9441 1.2326 12.5177
v -1.0512 1.1443 12.5948
v -1.1132 1.0911 12.7359
v -0.4138 1.2461 13.5084
v 0 1.3315 13.5051
v -0.4196 1.5869 13.0496
v 0 1.6525 13.0617
v 0 1.8715 12.7012
v -0.3257 1.818 12.6945
v -0.5399 1.7622 12.6344
v -0.5852 1.6025 12.8455
v -0.662 1.5142 12.9495
v -0.6673 1.4442 13.1273
v -0.8008 1.1628 13.4285
v -0.7517 1.8269 10.4033
v -0.7858 1.962 10.4748
v -0.6666 2.0426 10.2318
v -0.7005 2.1861 10.2917
v -0.5581 2.3239 10.1875
v -0.5282 2.1781 10.1186
v -0.4633 2.0501 10.0864
v -0.5484 1.9153 10.1614
v -0.6177 1.7043 10.3215
v -0.3439 1.6566 10.2322
v -0.3054 1.873 10.0798
v -0.2812 2.0578 10.0005
v 0 2.0634 9.9609
v 0 1.8732 10.0361
v 0 1.6515 10.1857
v -0.3064 2.392 10.109
v -0.2893 2.2387 10.0331
v 0 2.4086 10.0762
v 0 2.2502 9.9972
v -0.5759 2.8132 10.4474
v -0.5685 2.8496 10.6106
v -0.2968 2.9803 10.5104
v -0.3823 2.9799 10.671
v -0.2875 3.0535 10.9338
v -0.1779 3.1019 10.89
v 0 3.1452 10.8849
v 0 3.0272 10.5005
v 0 2.8788 10.1794
v -0.3275 2.85 10.2035
v -0.607 2.7308 10.2609
v -0.4179 1.1233 10.5897
v -0.7472 1.1807 10.7331
v -0.3789 1.381 10.4191
v -0.6813 1.4276 10.5272
v 0 1.3706 10.3721
v 0 1.1079 10.5421
v -0.8992 1.2916 10.9728
v -0.891 1.4252 10.993
v -0.8307 1.526 10.6637
v -0.8664 1.6347 10.7901
v -2.7124 -0.9028 5.5951
v -2.4615 -1.4208 5.5951
v -1.9239 -1.2172 5.4321
v -2.0611 -0.7616 5.4321
v -1.7719 -2.3012 5.5951
v -2.1542 -1.893 5.5951
v -1.481 -1.9795 5.4321
v -1.7418 -1.6258 5.4321
v -1.3746 -2.642 5.5951
v -0.9252 -2.8933 5.5951
v -0.8 -2.4922 5.4321
v -1.1687 -2.2783 5.4321
v 0 -3.1172 5.5951
v -0.4709 -3.0655 5.5951
v -0.4077 -2.6423 5.4321
v 0 -2.6861 5.4321
v -0.476 2.6826 5.4321
v -0.3988 2.3023 5.3549
v -0.9277 2.4467 5.4321
v -0.7766 2.1013 5.3549
v -1.6725 1.7061 5.4321
v -1.3534 2.1324 5.4321
v -1.1338 1.8325 5.3549
v -1.4 1.4696 5.3549
v -1.9104 1.2426 5.4321
v -1.5987 1.0738 5.3549
v -2.0515 0.7435 5.4321
v -1.7169 0.6486 5.3549
v -2.1177 -0.2834 5.4321
v -2.1274 0.2315 5.4321
v -1.7777 -0.2273 5.3549
v -1.7817 0.2122 5.3549
v -1.7387 -0.6343 5.3549
v -1.6326 -1.0237 5.3549
v -1.2734 -1.6739 5.3549
v -1.4878 -1.3724 5.3549
v -1.0079 -1.9296 5.3549
v -0.6923 -2.1112 5.3549
v -0.3527 -2.2394 5.3549
v 0 -2.2766 5.3549
v -0.7681 2.077 4.741
v -0.3944 2.2756 4.741
v -1.3846 1.453 4.741
v -1.1213 1.8115 4.741
v -1.6979 0.6419 4.741
v -1.581 1.062 4.741
v -1.7579 -0.2233 4.741
v -1.7619 0.2108 4.741
v -1.7194 -0.6254 4.741
v -1.6146 -1.0101 4.741
v -1.4715 -1.3546 4.741
v -1.2596 -1.6524 4.741
v -0.9969 -1.905 4.741
v -0.6848 -2.0844 4.741
v -0.3489 -2.211 4.741
v 0 -2.2478 4.741
v -0.8104 1.774 10.9261
v -0.8695 1.4614 11.222
v -0.9437 1.5135 11.2552
v -0.9088 1.8287 10.9709
v -0.8463 2.1571 10.6169
v -0.756 2.1061 10.5841
v -0.7603 2.047 10.533
v -0.8277 1.7118 10.8679
v -0.892 1.4088 11.1769
v -0.6866 2.3511 10.3768
v -0.7547 2.4351 10.3719
v -0.5528 2.5126 10.2567
v -0.594 2.6355 10.2144
v -0.6904 2.2771 10.3418
v -0.5596 2.4201 10.2365
v -0.3049 2.5942 10.1765
v -0.3242 2.731 10.1227
v 0 2.615 10.1463
v 0 2.7526 10.0933
v 0 2.5139 10.1286
v -0.3096 2.4941 10.1598
v -0.9503 1.6656 11.4386
v -0.9196 1.9415 11.0778
v -0.8672 2.2422 10.7184
v -0.7749 2.5167 10.4393
v -0.4684 0.9608 10.6933
v -0.8237 1.0594 10.8938
v 0 0.9408 10.6422
v -0.9775 1.465 11.7216
v -0.9527 1.2752 11.2908
v -2.8152 0.843 5.5949
v -2.6265 1.4259 5.5949
v -2.8554 -0.3426 5.595
v -2.9029 0.2489 5.595
v -2.7686 -0.35 5.8177
v -2.8071 0.2421 5.8294
v -2.7137 0.8355 5.8423
v -2.5252 1.4165 5.8547
v -1.2227 2.7968 5.8765
v -0.6244 3.0688 5.8787
v -0.6522 3.0847 5.595
v -1.2789 2.81 5.5949
v -2.3024 1.9545 5.5948
v -1.854 2.4563 5.5949
v -2.2068 1.9458 5.8651
v -1.7767 2.4426 5.8727
v -2.0065 1.2817 6.5216
v -2.1793 0.7533 6.4722
v -2.2825 0.2097 6.4204
v -2.2747 -0.3368 6.3732
v -1.7287 -0.3971 7.0756
v -1.7093 0.075 7.1551
v -1.6031 0.5407 7.2415
v -1.4518 0.9899 7.3239
v -1.0542 0.8586 8.0689
v -1.3761 0.1422 7.9076
v -1.3255 -0.356 8.5178
v -1.0345 0.2244 8.6551
v -1.0017 -0.3682 9.2286
v -1.2787 -0.8673 9.1197
v -1.2412 -1.2939 9.6964
v -0.969 -0.8373 9.7678
v -0.9493 -1.1009 10.2512
v -1.2188 -1.5379 10.2312
v -1.2077 -1.6294 10.7424
v -0.9398 -1.1985 10.6685
v -0.9372 -1.1697 11.0098
v -1.2044 -1.5985 11.2481
v -1.3711 -0.5763 12.1357
v -1.3922 -0.4138 12.8217
v -1.363 0.0906 12.7427
v -1.3843 -0.196 12.0512
v -1.1707 -0.37 11.4182
v -1.1476 -0.6359 11.4773
v -1.2885 -0.2793 13.3486
v -1.1639 -0.2468 13.8454
v -1.0263 -0.0236 13.8283
v -0.8276 0.1861 13.9328
v -1.1695 0.2565 13.3834
v -0.8248 0.5093 13.7523
v -1.1161 0.879 13.1339
v -0.6439 -0.4615 11.0331
v -0.6597 -0.1984 10.9526
v 0 -0.0262 10.7617
v 0 -0.3158 10.8645
v -1.3932 2.2123 6.5931
v -1.7319 1.7711 6.5637
v -1.2302 1.4142 7.3964
v -0.9877 1.7814 7.4468
v -0.6635 2.0683 7.4774
v -0.3429 2.2698 7.4948
v -0.9496 2.54 6.6087
v -0.4874 2.7814 6.6175
v -0.5681 1.4103 8.1685
v -0.5625 0.6936 8.7578
v 0 0.9005 8.8006
v 0 1.6451 8.2028
v -0.5456 0.0458 9.3214
v -0.5269 -0.4532 9.8307
v 0 -0.2793 9.8601
v 0 0.2315 9.3638
v -0.5157 -0.7233 10.2572
v -0.5103 -0.8256 10.5897
v 0 -0.6536 10.5491
v 0 -0.5493 10.2568
v -0.5089 -0.8213 10.8171
v 0 -0.6672 10.7321
v -1.1013 -0.7463 11.5385
v -1.2986 -0.7098 12.201
v -1.3143 -0.6066 12.8701
v -1.2496 -0.5734 13.3236
v -1.198 -0.5598 13.7503
v -0.6213 -0.5794 11.1048
v 0 -0.4451 10.9452
v -0.8663 1.2698 13.2215
v -1.0766 1.1108 13.0226
v -1.2209 1.0169 12.6884
v -0.7318 1.3623 13.0337
v -0.6875 1.4933 12.8732
v -0.687 1.4537 12.7678
v -0.7082 1.3452 12.7523
v -1.1576 1.1196 12.4704
v -0.982 1.2858 12.4078
v -0.609 0.1257 14.1327
v -0.4082 0.5882 14.0025
v 0 0.7176 14.0095
v -1.2238 -0.5487 15.1937
v -1.1479 -0.5361 15.2884
v -1.2623 -0.4451 15.2602
v -1.1379 -0.4481 15.3484
v -1.178 -0.3613 15.3381
v -1.2735 -0.348 15.2616
v -1.3522 -0.3843 15.1581
v -1.3594 -0.4485 15.1069
v -1.308 -0.5137 15.106
v -0.7618 -1.2401 13.8584
v -0.7577 -1.0526 14.0333
v -0.8139 -0.0741 14.0715
v -0.8431 -0.1076 14.2034
v -1.1413 -0.71 14.3467
v -0.9294 -0.8303 14.5009
v -0.7379 -0.7928 14.6868
v -0.6875 -0.5142 14.7891
v -0.7784 -0.2359 14.7789
v -1.011 -0.1994 14.6274
v -1.2233 -0.3206 14.4443
v -1.253 -0.5155 14.3393
v -0.6931 1.5143 12.6841
v -0.7038 1.6614 12.5242
v -0.8512 1.5144 12.34
v -0.7895 1.3822 12.5395
v -0.633 1.727 12.6
v -0.5407 2.0603 12.3482
v -0.6465 2.0204 12.3302
v -0.5476 2.3908 12.036
v -0.6692 2.3386 12.0092
v -0.7481 2.2175 11.9126
v -0.7213 1.9313 12.2492
v -0.5211 2.6477 11.7469
v -0.6796 2.5571 11.7009
v -0.4756 2.858 11.4804
v -0.6833 2.6931 11.462
v -0.8144 2.5754 11.2308
v -0.7867 2.4133 11.5679
v -0.4386 2.8157 10.9057
v -0.5088 2.783 10.8884
v -0.4765 2.753 11.0292
v -0.5546 2.7208 10.9684
v -0.5885 2.711 11.0811
v -0.5419 2.7246 11.1539
v -0.49 2.7887 11.1633
v -0.4259 2.8195 11.0912
v -0.4166 2.8516 10.9882
v -0.8514 2.3935 10.9565
v -0.7278 2.6993 10.8257
v -0.7566 2.6124 10.6311
v -0.2383 2.9408 11.4396
v 0 2.9851 11.4022
v 0 3.121 11.1556
v -0.1812 3.0768 11.1788
v -0.3281 3.0116 11.2069
v -0.8634 1.9467 11.69
v -0.8728 2.1722 11.3185
v -0.3043 2.455 12.0488
v 0 2.4895 12.0514
v -0.281 2.7295 11.735
v 0 2.7678 11.7144
v -0.866 1.715 12.0437
v -0.3032 2.1293 12.3648
v 0 2.1706 12.3724
v -0.6507 1.5831 12.7548
v -0.4546 2.9835 10.7703
v -0.5853 2.8841 10.7202
v -0.5964 2.8951 10.7911
v -0.4972 2.9704 10.8291
v -0.5822 2.8755 10.826
v -0.4988 2.9389 10.858
v -0.4522 2.9699 10.9783
v -0.4418 3.0073 10.9722
v -0.3816 3.0321 10.9588
v -0.7135 2.7718 10.9101
v -0.7698 2.7146 11.1687
v -0.7364 2.7664 11.1314
v -0.6936 2.8099 10.9353
v -0.6999 2.7673 11.1121
v -0.6639 2.8039 10.9472
v -0.6851 2.7803 11.3242
v -0.5428 2.8969 11.3412
v -0.6721 2.8163 11.2493
v -0.5641 2.9048 11.2622
v -0.555 2.8837 11.2222
v -0.6458 2.8093 11.2113
v -0.4263 2.992 11.1843
v -0.4757 2.9769 11.1432
v -0.4807 2.9443 11.1221
v -0.5408 2.8231 10.8361
v -0.4626 2.8825 10.866
v -0.419 2.9115 10.9787
v -0.6174 2.756 10.9496
v -0.6511 2.7218 11.1041
v -0.5153 2.8308 11.2073
v -0.6004 2.7611 11.1971
v -0.4457 2.8876 11.1135
v 0 2.3406 7.4994
v 0 2.8622 6.6195
v 0 3.1575 5.8792
v 0 3.1738 5.595
v 0 2.7616 5.4321
v 0 2.3699 5.3549
v 0 2.3423 4.741
v 1.7679 -1.7513 6.2836
v 1.4638 -2.1282 6.2681
v 2.1018 -1.8976 5.7953
v 1.7312 -2.306 5.7915
v 1.1552 -1.9421 6.8922
v 1.3857 -1.6129 6.9215
v 1.5531 -1.2443 6.9614
v 2.0006 -1.3222 6.3063
v 2.186 -0.8442 6.3356
v 1.6817 -0.8298 7.0123
v 2.6363 -0.9083 5.8083
v 2.3967 -1.4266 5.801
v 0.3938 -2.8423 6.2548
v 0.4613 -3.0731 5.7881
v 0.3147 -2.5775 6.8559
v 0.6135 -2.4315 6.8612
v 0.7709 -2.6801 6.2554
v 1.1434 -2.4438 6.2593
v 0.9088 -2.2199 6.8726
v 1.345 -2.6474 5.7893
v 0.9057 -2.8999 5.7883
v 1.334 -1.3297 7.6167
v 0.9911 -1.922 7.5309
v 0.9124 -2.0589 8.1369
v 1.2441 -1.5565 8.245
v 1.4855 -0.6251 7.7387
v 1.4054 -0.9741 8.3723
v 0.5261 -2.3523 7.4704
v 0.4811 -2.4366 8.0494
v 1.1842 -1.9029 8.8188
v 0.86 -2.3439 8.6633
v 0.8349 -2.6702 9.2562
v 1.1519 -2.2539 9.4216
v 1.3487 -1.3971 8.986
v 1.3125 -1.7804 9.5899
v 0.4511 -2.6791 8.5643
v 0.4376 -2.9854 9.1582
v 1.1449 -2.4946 10.1368
v 0.8385 -2.9312 10.0624
v 1.1478 -2.6057 10.9395
v 0.85 -3.0638 11.0107
v 1.2863 -2.1034 10.8274
v 1.2939 -2.0105 10.1942
v 0.4418 -3.2611 9.9741
v 0.4504 -3.4056 10.9732
v 0.851 -3.0772 11.5249
v 1.1482 -2.6239 11.3763
v 1.1454 -2.5676 11.8046
v 0.8486 -3.0053 12.0304
v 0.8448 -2.8887 12.4964
v 1.1397 -2.4601 12.2189
v 0.8423 -2.6853 12.9224
v 1.1309 -2.2686 12.5922
v 1.2674 -1.8407 12.1504
v 1.283 -2.0753 11.5178
v 0.452 -3.403 11.5476
v 0.4498 -3.3184 12.1169
v 0.4444 -3.1684 12.6627
v 0.4404 -2.8968 13.1537
v 0.9908 -0.9283 11.4569
v 1.2007 -1.1131 12.0039
v 1.2038 -1.4311 11.6886
v 0.9511 -1.0633 11.2732
v 1.2229 -1.3141 12.61
v 1.223 -0.8156 12.1796
v 1.2257 -0.802 12.8216
v 1.0448 -0.8082 11.5492
v 1.1194 -1.9735 12.8928
v 1.098 -1.5967 13.162
v 0.839 -2.0332 13.4876
v 0.8439 -2.4013 13.2425
v 0.8166 -1.6304 13.6872
v 0.9669 -1.3391 13.6005
v 1.1528 -0.9158 13.2731
v 1.0477 -0.9178 13.7054
v 0.4226 -2.0382 13.8325
v 0.4442 -2.5291 13.5327
v 0.1998 -1.1019 14.2682
v 0.3974 -1.09 14.2326
v 0.602 -1.5149 13.9214
v 0.3167 -0.5504 14.4305
v 0.1494 -0.5457 14.4066
v 0.2054 -0.0612 14.3494
v 0.4318 -0.0661 14.3686
v 0.5201 -0.7608 10.9707
v 0.5525 -0.6943 11.0821
v 0.5912 -0.6308 11.1329
v 1.053 0.4552 11.1826
v 1.2198 0.7093 11.7315
v 1.3349 0.2823 11.9243
v 1.147 0.0082 11.3303
v 1.2157 1.0116 12.2362
v 1.3162 0.7612 12.5723
v 1.079 1.0515 11.5086
v 1.0551 1.2951 12.0858
v 0.9311 0.847 11.0217
v 0.6507 0.1419 10.876
v 0.5985 0.4916 10.8157
v 0.5291 0.7861 10.759
v 1.0167 1.1505 12.9383
v 0.9023 1.1967 12.77
v 0.88 1.2329 13.062
v 0.7745 1.2712 12.9362
v 0.7467 1.2884 12.76
v 0.8032 1.2678 12.6072
v 0.9441 1.2326 12.5177
v 1.0512 1.1443 12.5948
v 1.1132 1.0911 12.7359
v 0.4138 1.2461 13.5084
v 0.4196 1.5869 13.0496
v 0.3257 1.818 12.6945
v 0.5852 1.6025 12.8455
v 0.5399 1.7622 12.6344
v 0.662 1.5142 12.9495
v 0.6673 1.4442 13.1273
v 0.8008 1.1628 13.4285
v 0.7517 1.8269 10.4033
v 0.6666 2.0426 10.2318
v 0.7858 1.962 10.4748
v 0.7005 2.1861 10.2917
v 0.5282 2.1781 10.1186
v 0.5581 2.3239 10.1875
v 0.4633 2.0501 10.0864
v 0.5484 1.9153 10.1614
v 0.6177 1.7043 10.3215
v 0.3439 1.6566 10.2322
v 0.3054 1.873 10.0798
v 0.2812 2.0578 10.0005
v 0.2893 2.2387 10.0331
v 0.3064 2.392 10.109
v 0.5759 2.8132 10.4474
v 0.2968 2.9803 10.5104
v 0.5685 2.8496 10.6106
v 0.3823 2.9799 10.671
v 0.2875 3.0535 10.9338
v 0.1779 3.1019 10.89
v 0.3275 2.85 10.2035
v 0.607 2.7308 10.2609
v 0.4179 1.1233 10.5897
v 0.3789 1.381 10.4191
v 0.7472 1.1807 10.7331
v 0.6813 1.4276 10.5272
v 0.8992 1.2916 10.9728
v 0.8307 1.526 10.6637
v 0.891 1.4252 10.993
v 0.8664 1.6347 10.7901
v 2.4615 -1.4208 5.5951
v 2.7124 -0.9028 5.5951
v 1.9239 -1.2172 5.4321
v 2.0611 -0.7616 5.4321
v 1.7719 -2.3012 5.5951
v 1.481 -1.9795 5.4321
v 2.1542 -1.893 5.5951
v 1.7418 -1.6258 5.4321
v 0.9252 -2.8933 5.5951
v 1.3746 -2.642 5.5951
v 0.8 -2.4922 5.4321
v 1.1687 -2.2783 5.4321
v 0.4077 -2.6423 5.4321
v 0.4709 -3.0655 5.5951
v 0.476 2.6826 5.4321
v 0.9277 2.4467 5.4321
v 0.3988 2.3023 5.3549
v 0.7766 2.1013 5.3549
v 1.6725 1.7061 5.4321
v 1.4 1.4696 5.3549
v 1.1338 1.8325 5.3549
v 1.3534 2.1324 5.4321
v 1.9104 1.2426 5.4321
v 2.0515 0.7435 5.4321
v 1.5987 1.0738 5.3549
v 1.7169 0.6486 5.3549
v 2.1177 -0.2834 5.4321
v 1.7777 -0.2273 5.3549
v 2.1274 0.2315 5.4321
v 1.7817 0.2122 5.3549
v 1.6326 -1.0237 5.3549
v 1.7387 -0.6343 5.3549
v 1.2734 -1.6739 5.3549
v 1.4878 -1.3724 5.3549
v 1.0079 -1.9296 5.3549
v 0.6923 -2.1112 5.3549
v 0.3527 -2.2394 5.3549
v 0.7681 2.077 4.741
v 0.3944 2.2756 4.741
v 1.3846 1.453 4.741
v 1.1213 1.8115 4.741
v 1.6979 0.6419 4.741
v 1.581 1.062 4.741
v 1.7579 -0.2233 4.741
v 1.7619 0.2108 4.741
v 1.6146 -1.0101 4.741
v 1.7194 -0.6254 4.741
v 1.2596 -1.6524 4.741
v 1.4715 -1.3546 4.741
v 0.6848 -2.0844 4.741
v 0.9969 -1.905 4.741
v 0.3489 -2.211 4.741
v 0.8104 1.774 10.9261
v 0.9088 1.8287 10.9709
v 0.9437 1.5135 11.2552
v 0.8695 1.4614 11.222
v 0.8463 2.1571 10.6169
v 0.756 2.1061 10.5841
v 0.8277 1.7118 10.8679
v 0.7603 2.047 10.533
v 0.892 1.4088 11.1769
v 0.6866 2.3511 10.3768
v 0.7547 2.4351 10.3719
v 0.5528 2.5126 10.2567
v 0.594 2.6355 10.2144
v 0.6904 2.2771 10.3418
v 0.5596 2.4201 10.2365
v 0.3049 2.5942 10.1765
v 0.3242 2.731 10.1227
v 0.3096 2.4941 10.1598
v 0.9503 1.6656 11.4386
v 0.9196 1.9415 11.0778
v 0.8672 2.2422 10.7184
v 0.7749 2.5167 10.4393
v 0.4684 0.9608 10.6933
v 0.8237 1.0594 10.8938
v 0.9527 1.2752 11.2908
v 0.9775 1.465 11.7216
v 2.8152 0.843 5.5949
v 2.6265 1.4259 5.5949
v 2.8554 -0.3426 5.595
v 2.9029 0.2489 5.595
v 2.8071 0.2421 5.8294
v 2.7686 -0.35 5.8177
v 2.7137 0.8355 5.8423
v 2.5252 1.4165 5.8547
v 1.2227 2.7968 5.8765
v 1.2789 2.81 5.5949
v 0.6522 3.0847 5.595
v 0.6244 3.0688 5.8787
v 2.3024 1.9545 5.5948
v 1.854 2.4563 5.5949
v 2.2068 1.9458 5.8651
v 1.7767 2.4426 5.8727
v 2.0065 1.2817 6.5216
v 2.1793 0.7533 6.4722
v 2.2825 0.2097 6.4204
v 2.2747 -0.3368 6.3732
v 1.7287 -0.3971 7.0756
v 1.7093 0.075 7.1551
v 1.6031 0.5407 7.2415
v 1.4518 0.9899 7.3239
v 1.0542 0.8586 8.0689
v 1.3761 0.1422 7.9076
v 1.3255 -0.356 8.5178
v 1.0345 0.2244 8.6551
v 1.0017 -0.3682 9.2286
v 1.2787 -0.8673 9.1197
v 1.2412 -1.2939 9.6964
v 0.969 -0.8373 9.7678
v 0.9493 -1.1009 10.2512
v 1.2188 -1.5379 10.2312
v 1.2077 -1.6294 10.7424
v 0.9398 -1.1985 10.6685
v 0.9372 -1.1697 11.0098
v 1.2044 -1.5985 11.2481
v 1.3711 -0.5763 12.1357
v 1.3843 -0.196 12.0512
v 1.363 0.0906 12.7427
v 1.3922 -0.4138 12.8217
v 1.1707 -0.37 11.4182
v 1.1476 -0.6359 11.4773
v 1.2885 -0.2793 13.3486
v 1.0263 -0.0236 13.8283
v 1.1639 -0.2468 13.8454
v 1.1695 0.2565 13.3834
v 0.8276 0.1861 13.9328
v 0.8248 0.5093 13.7523
v 1.1161 0.879 13.1339
v 0.6439 -0.4615 11.0331
v 0.6597 -0.1984 10.9526
v 1.3932 2.2123 6.5931
v 1.7319 1.7711 6.5637
v 1.2302 1.4142 7.3964
v 0.9877 1.7814 7.4468
v 0.6635 2.0683 7.4774
v 0.9496 2.54 6.6087
v 0.3429 2.2698 7.4948
v 0.4874 2.7814 6.6175
v 0.5681 1.4103 8.1685
v 0.5625 0.6936 8.7578
v 0.5456 0.0458 9.3214
v 0.5269 -0.4532 9.8307
v 0.5157 -0.7233 10.2572
v 0.5103 -0.8256 10.5897
v 0.5089 -0.8213 10.8171
v 1.1013 -0.7463 11.5385
v 1.2986 -0.7098 12.201
v 1.3143 -0.6066 12.8701
v 1.2496 -0.5734 13.3236
v 1.198 -0.5598 13.7503
v 0.6213 -0.5794 11.1048
v 1.0766 1.1108 13.0226
v 0.8663 1.2698 13.2215
v 1.2209 1.0169 12.6884
v 0.7318 1.3623 13.0337
v 0.6875 1.4933 12.8732
v 0.687 1.4537 12.7678
v 0.7082 1.3452 12.7523
v 1.1576 1.1196 12.4704
v 0.982 1.2858 12.4078
v 0.609 0.1257 14.1327
v 0.4082 0.5882 14.0025
v 1.2238 -0.5487 15.1937
v 1.2623 -0.4451 15.2602
v 1.1479 -0.5361 15.2884
v 1.1379 -0.4481 15.3484
v 1.178 -0.3613 15.3381
v 1.2735 -0.348 15.2616
v 1.3522 -0.3843 15.1581
v 1.3594 -0.4485 15.1069
v 1.308 -0.5137 15.106
v 0.7618 -1.2401 13.8584
v 0.7577 -1.0526 14.0333
v 0.8139 -0.0741 14.0715
v 0.8431 -0.1076 14.2034
v 0.9294 -0.8303 14.5009
v 1.1413 -0.71 14.3467
v 0.7379 -0.7928 14.6868
v 0.6875 -0.5142 14.7891
v 0.7784 -0.2359 14.7789
v 1.011 -0.1994 14.6274
v 1.2233 -0.3206 14.4443
v 1.253 -0.5155 14.3393
v 0.6931 1.5143 12.6841
v 0.7895 1.3822 12.5395
v 0.8512 1.5144 12.34
v 0.7038 1.6614 12.5242
v 0.633 1.727 12.6
v 0.6465 2.0204 12.3302
v 0.5407 2.0603 12.3482
v 0.6692 2.3386 12.0092
v 0.5476 2.3908 12.036
v 0.7213 1.9313 12.2492
v 0.7481 2.2175 11.9126
v 0.6796 2.5571 11.7009
v 0.5211 2.6477 11.7469
v 0.4756 2.858 11.4804
v 0.6833 2.6931 11.462
v 0.8144 2.5754 11.2308
v 0.7867 2.4133 11.5679
v 0.4386 2.8157 10.9057
v 0.4765 2.753 11.0292
v 0.5088 2.783 10.8884
v 0.5546 2.7208 10.9684
v 0.5885 2.711 11.0811
v 0.5419 2.7246 11.1539
v 0.49 2.7887 11.1633
v 0.4259 2.8195 11.0912
v 0.4166 2.8516 10.9882
v 0.8514 2.3935 10.9565
v 0.7566 2.6124 10.6311
v 0.7278 2.6993 10.8257
v 0.2383 2.9408 11.4396
v 0.1812 3.0768 11.1788
v 0.3281 3.0116 11.2069
v 0.8634 1.9467 11.69
v 0.8728 2.1722 11.3185
v 0.3043 2.455 12.0488
v 0.281 2.7295 11.735
v 0.866 1.715 12.0437
v 0.3032 2.1293 12.3648
v 0.6507 1.5831 12.7548
v 0.4546 2.9835 10.7703
v 0.4972 2.9704 10.8291
v 0.5964 2.8951 10.7911
v 0.5853 2.8841 10.7202
v 0.4988 2.9389 10.858
v 0.5822 2.8755 10.826
v 0.4418 3.0073 10.9722
v 0.4522 2.9699 10.9783
v 0.3816 3.0321 10.9588
v 0.7135 2.7718 10.9101
v 0.6936 2.8099 10.9353
v 0.7364 2.7664 11.1314
v 0.7698 2.7146 11.1687
v 0.6639 2.8039 10.9472
v 0.6999 2.7673 11.1121
v 0.6851 2.7803 11.3242
v 0.6721 2.8163 11.2493
v 0.5428 2.8969 11.3412
v 0.5641 2.9048 11.2622
v 0.6458 2.8093 11.2113
v 0.555 2.8837 11.2222
v 0.4263 2.992 11.1843
v 0.4757 2.9769 11.1432
v 0.4807 2.9443 11.1221
v 0.4626 2.8825 10.866
v 0.5408 2.8231 10.8361
v 0.419 2.9115 10.9787
v 0.6174 2.756 10.9496
v 0.6511 2.7218 11.1041
v 0.6004 2.7611 11.1971
v 0.5153 2.8308 11.2073
v 0.4457 2.8876 11.1135
vn 0 0 1
vn 0.1736 0 0.9848
vn 0.1733 0.0655 0.9827
vn 0 0.0655 0.9979
vn 0.3413 0.0655 0.9377
vn 0.342 0 0.9397
vn 0.5 0 0.866
vn 0.4989 0.0655 0.8642
vn 0.6414 0.0655 0.7644
vn 0.6428 0 0.766
vn 0.766 0 0.6428
vn 0.7644 0.0655 0.6414
vn 0.8642 0.0655 0.4989
vn 0.866 0 0.5
vn 0.9397 0 0.342
vn 0.9377 0.0655 0.3413
vn 0.9827 0.0655 0.1733
vn 0.9848 0 0.1736
vn 0.9963 0 0.0865
vn 0.9941 0.0653 0.0863
vn 0.9827 0.0655 -0.1733
vn 0.9848 0 -0.1736
vn 0.9397 0 -0.342
vn 0.9377 0.0655 -0.3413
vn 0.8642 0.0655 -0.4989
vn 0.866 0 -0.5
vn 0.766 0 -0.6428
vn 0.7644 0.0655 -0.6414
vn 0.6414 0.0655 -0.7644
vn 0.6428 0 -0.766
vn 0.5 0 -0.866
vn 0.4989 0.0655 -0.8642
vn 0.3413 0.0655 -0.9377
vn 0.342 0 -0.9397
vn 0.1736 0 -0.9848
vn 0.1733 0.0655 -0.9827
vn 0 0.0655 -0.9979
vn 0 0 -1
vn -0.1736 0 -0.9848
vn -0.1733 0.0655 -0.9827
vn -0.3413 0.0655 -0.9377
vn -0.342 0 -0.9397
vn -0.5 0 -0.866
vn -0.4989 0.0655 -0.8642
vn -0.6414 0.0655 -0.7644
vn -0.6428 0 -0.766
vn -0.766 0 -0.6428
vn -0.7644 0.0655 -0.6414
vn -0.8642 0.0655 -0.4989
vn -0.866 0 -0.5
vn -0.9397 0 -0.342
vn -0.9377 0.0655 -0.3413
vn -0.9827 0.0655 -0.1733
vn -0.9848 0 -0.1736
vn -1 0 0
vn -0.9978 0.0655 0
vn -0.9827 0.0655 0.1733
vn -0.9848 0 0.1736
vn -0.9377 0.0656 0.3413
vn -0.9397 0 0.342
vn -0.8642 0.0655 0.4989
vn -0.866 0 0.5
vn -0.766 0 0.6428
vn -0.7644 0.0655 0.6414
vn -0.6414 0.0655 0.7644
vn -0.6428 0 0.766
vn -0.5 0 0.866
vn -0.4989 0.0655 0.8642
vn -0.3413 0.0655 0.9377
vn -0.342 0 0.9397
vn -0.1736 0 0.9848
vn -0.1733 0.0655 0.9827
vn 0.2369 0.7214 0.6508
vn 0.1202 0.7214 0.682
vn 0.1566 0.4326 0.8879
vn 0.3083 0.4328 0.8471
vn 0 0.7214 0.6925
vn 0 0.4328 0.9015
vn 0.4452 0.7214 0.5305
vn 0.3462 0.7214 0.5997
vn 0.5795 0.4328 0.6906
vn 0.4508 0.4326 0.7808
vn 0.5998 0.7214 0.3463
vn 0.5305 0.7214 0.4451
vn 0.6906 0.4326 0.5795
vn 0.7807 0.4329 0.4507
vn 0.682 0.7214 0.1203
vn 0.6507 0.7214 0.2368
vn 0.8472 0.4326 0.3084
vn 0.8878 0.4329 0.1565
vn 0.682 0.7214 -0.1203
vn 0.6912 0.7201 -0.06
vn 0.9941 0.0653 -0.0863
vn 0.8988 0.4313 -0.078
vn 0.8878 0.4328 -0.1565
vn 0.6912 0.7201 0.06
vn 0.8987 0.4313 0.0791
vn 0.5998 0.7214 -0.3463
vn 0.6507 0.7214 -0.2368
vn 0.8472 0.4326 -0.3084
vn 0.7807 0.4328 -0.4507
vn 0.4452 0.7214 -0.5305
vn 0.5305 0.7214 -0.4451
vn 0.5794 0.4329 -0.6906
vn 0.6906 0.4326 -0.5795
vn 0.2369 0.7214 -0.6508
vn 0.3462 0.7214 -0.5997
vn 0.3083 0.4328 -0.8471
vn 0.4508 0.4326 -0.7808
vn 0 0.7214 -0.6925
vn 0.1202 0.7214 -0.682
vn 0.1566 0.4326 -0.8879
vn 0 0.4328 -0.9015
vn -0.2369 0.7214 -0.6508
vn -0.1202 0.7214 -0.682
vn -0.3083 0.4328 -0.8471
vn -0.1566 0.4326 -0.8879
vn -0.4452 0.7214 -0.5305
vn -0.3462 0.7214 -0.5997
vn -0.4508 0.4326 -0.7808
vn -0.5795 0.4328 -0.6906
vn -0.5998 0.7214 -0.3463
vn -0.5305 0.7214 -0.4451
vn -0.7807 0.4328 -0.4507
vn -0.6906 0.4326 -0.5795
vn -0.682 0.7214 -0.1203
vn -0.6507 0.7214 -0.2368
vn -0.8472 0.4326 -0.3084
vn -0.8878 0.4328 -0.1565
vn -0.682 0.7214 0.1203
vn -0.6925 0.7214 0
vn -0.8878 0.4328 0.1565
vn -0.9016 0.4326 0
vn -0.5998 0.7214 0.3463
vn -0.6507 0.7214 0.2368
vn -0.7807 0.4329 0.4507
vn -0.8472 0.4326 0.3084
vn -0.4452 0.7214 0.5305
vn -0.5305 0.7214 0.4451
vn -0.6906 0.4326 0.5795
vn -0.5794 0.4329 0.6906
vn -0.2369 0.7214 0.6508
vn -0.3462 0.7214 0.5997
vn -0.3083 0.4329 0.8471
vn -0.4508 0.4326 0.7808
vn -0.1203 0.7214 0.682
vn -0.1566 0.4326 0.8879
vn 0.3208 -0.3471 0.8813
vn 0.1629 -0.347 0.9236
vn 0 -0.3471 0.9378
vn 0.6028 -0.3471 0.7184
vn 0.4689 -0.347 0.8122
vn 0.8122 -0.3471 0.4689
vn 0.7184 -0.347 0.6028
vn 0.9236 -0.3471 0.1629
vn 0.8813 -0.347 0.3208
vn 0.9236 -0.3471 -0.1629
vn 0.9348 -0.3459 -0.0806
vn 0.9348 -0.3458 0.0812
vn 0.8122 -0.3471 -0.4689
vn 0.8813 -0.347 -0.3208
vn 0.6028 -0.3471 -0.7184
vn 0.7184 -0.347 -0.6028
vn 0.3208 -0.3471 -0.8813
vn 0.4689 -0.347 -0.8122
vn 0 -0.3471 -0.9378
vn 0.1629 -0.347 -0.9236
vn -0.3208 -0.3471 -0.8813
vn -0.1629 -0.347 -0.9236
vn -0.6028 -0.3471 -0.7184
vn -0.4689 -0.347 -0.8122
vn -0.8122 -0.3471 -0.4689
vn -0.7184 -0.347 -0.6028
vn -0.9236 -0.3471 -0.1629
vn -0.8813 -0.347 -0.3208
vn -0.9236 -0.3471 0.1629
vn -0.9379 -0.347 0
vn -0.8122 -0.3471 0.4689
vn -0.8813 -0.347 0.3208
vn -0.6028 -0.3471 0.7184
vn -0.7184 -0.347 0.6028
vn -0.3208 -0.3471 0.8813
vn -0.4689 -0.347 0.8122
vn -0.1629 -0.347 0.9236
vn 0.299 -0.4854 0.8216
vn 0.1518 -0.4854 0.861
vn 0 -0.4854 0.8743
vn 0.562 -0.4854 0.6697
vn 0.4371 -0.4854 0.7571
vn 0.7572 -0.4854 0.4371
vn 0.6697 -0.4854 0.562
vn 0.861 -0.4854 0.1518
vn 0.8215 -0.4854 0.299
vn 0.861 -0.4854 -0.1518
vn 0.8718 -0.484 -0.0757
vn 0.8718 -0.484 0.0757
vn 0.7572 -0.4854 -0.4371
vn 0.8215 -0.4854 -0.299
vn 0.562 -0.4854 -0.6697
vn 0.6697 -0.4854 -0.562
vn 0.299 -0.4854 -0.8216
vn 0.4371 -0.4854 -0.7571
vn 0 -0.4854 -0.8743
vn 0.1518 -0.4854 -0.861
vn -0.299 -0.4854 -0.8216
vn -0.1518 -0.4854 -0.861
vn -0.562 -0.4854 -0.6697
vn -0.4371 -0.4854 -0.7571
vn -0.7572 -0.4854 -0.4371
vn -0.6697 -0.4854 -0.562
vn -0.861 -0.4854 -0.1518
vn -0.8215 -0.4854 -0.299
vn -0.861 -0.4854 0.1518
vn -0.8743 -0.4854 0
vn -0.7572 -0.4854 0.4371
vn -0.8215 -0.4854 0.299
vn -0.562 -0.4854 0.6697
vn -0.6697 -0.4854 0.562
vn -0.299 -0.4854 0.8216
vn -0.4371 -0.4854 0.7571
vn -0.1518 -0.4854 0.861
vn 0.3269 -0.2945 0.898
vn 0.166 -0.2944 0.9412
vn 0.3401 -0.1047 0.9345
vn 0.1727 -0.1048 0.9794
vn 0 -0.1048 0.9945
vn 0 -0.2944 0.9557
vn 0.6143 -0.2944 0.7321
vn 0.4778 -0.2944 0.8276
vn 0.6392 -0.1047 0.7618
vn 0.4973 -0.1047 0.8613
vn 0.8276 -0.2944 0.4778
vn 0.7321 -0.2944 0.6143
vn 0.8613 -0.1048 0.4972
vn 0.7618 -0.1048 0.6393
vn 0.9411 -0.2945 0.1659
vn 0.898 -0.2944 0.3269
vn 0.9794 -0.1048 0.1727
vn 0.9345 -0.1047 0.3401
vn 0.9524 -0.2934 -0.0827
vn 0.9411 -0.2945 -0.1659
vn 0.9794 -0.1047 -0.1727
vn 0.9908 -0.1043 -0.086
vn 0.9908 -0.1044 0.086
vn 0.9524 -0.2934 0.0827
vn 0.898 -0.2944 -0.3269
vn 0.8276 -0.2945 -0.4778
vn 0.8613 -0.1047 -0.4973
vn 0.9345 -0.1047 -0.3401
vn 0.7321 -0.2944 -0.6143
vn 0.6143 -0.2945 -0.7321
vn 0.6393 -0.1047 -0.7618
vn 0.7618 -0.1048 -0.6392
vn 0.3269 -0.2944 -0.898
vn 0.4778 -0.2944 -0.8276
vn 0.3401 -0.1048 -0.9345
vn 0.4973 -0.1047 -0.8613
vn 0 -0.2944 -0.9557
vn 0.166 -0.2944 -0.9411
vn 0 -0.1048 -0.9945
vn 0.1727 -0.1047 -0.9794
vn -0.1659 -0.2944 -0.9412
vn -0.3269 -0.2944 -0.898
vn -0.3401 -0.1048 -0.9345
vn -0.1727 -0.1048 -0.9794
vn -0.4778 -0.2944 -0.8276
vn -0.6143 -0.2944 -0.7321
vn -0.6392 -0.1048 -0.7618
vn -0.4973 -0.1048 -0.8613
vn -0.7321 -0.2944 -0.6143
vn -0.8276 -0.2945 -0.4778
vn -0.8613 -0.1048 -0.4972
vn -0.7618 -0.1048 -0.6392
vn -0.898 -0.2944 -0.3269
vn -0.9412 -0.2944 -0.166
vn -0.9794 -0.1048 -0.1727
vn -0.9345 -0.1048 -0.3401
vn -0.9557 -0.2944 0
vn -0.9412 -0.2944 0.166
vn -0.9794 -0.1047 0.1727
vn -0.9945 -0.1048 0
vn -0.898 -0.2944 0.3269
vn -0.8276 -0.2945 0.4778
vn -0.8613 -0.1047 0.4972
vn -0.9345 -0.1047 0.3401
vn -0.6143 -0.2944 0.7321
vn -0.7321 -0.2944 0.6143
vn -0.6393 -0.1047 0.7618
vn -0.7618 -0.1047 0.6393
vn -0.4778 -0.2945 0.8276
vn -0.3269 -0.2945 0.898
vn -0.3401 -0.1048 0.9345
vn -0.4973 -0.1047 0.8613
vn -0.166 -0.2944 0.9412
vn -0.1727 -0.1048 0.9794
vn 0.3356 0.1928 0.9221
vn 0.1704 0.1928 0.9663
vn 0.2648 0.633 0.7275
vn 0.1344 0.633 0.7624
vn 0 0.633 0.7742
vn 0 0.1928 0.9812
vn 0.6307 0.1928 0.7517
vn 0.4906 0.1928 0.8498
vn 0.4976 0.633 0.5931
vn 0.3871 0.633 0.6704
vn 0.8498 0.1928 0.4906
vn 0.7517 0.1928 0.6307
vn 0.6704 0.633 0.3871
vn 0.593 0.633 0.4976
vn 0.9663 0.1928 0.1704
vn 0.922 0.1929 0.3356
vn 0.7624 0.633 0.1344
vn 0.7275 0.633 0.2647
vn 0.9663 0.1928 -0.1704
vn 0.9777 0.1921 -0.0849
vn 0.7624 0.633 -0.1344
vn 0.7724 0.6316 -0.0671
vn 0.7724 0.6316 0.0671
vn 0.9777 0.1921 0.0849
vn 0.8498 0.1928 -0.4906
vn 0.9221 0.1928 -0.3356
vn 0.6705 0.633 -0.3871
vn 0.7275 0.633 -0.2648
vn 0.6307 0.1928 -0.7517
vn 0.7517 0.1929 -0.6307
vn 0.4976 0.633 -0.593
vn 0.593 0.633 -0.4976
vn 0.3356 0.1928 -0.9221
vn 0.4906 0.1928 -0.8498
vn 0.2648 0.633 -0.7275
vn 0.3871 0.633 -0.6705
vn 0 0.1928 -0.9812
vn 0.1704 0.1928 -0.9663
vn 0 0.633 -0.7742
vn 0.1344 0.633 -0.7624
vn -0.3356 0.1928 -0.9221
vn -0.1704 0.1928 -0.9663
vn -0.2648 0.633 -0.7275
vn -0.1344 0.633 -0.7624
vn -0.6307 0.1928 -0.7517
vn -0.4906 0.1929 -0.8498
vn -0.4976 0.633 -0.5931
vn -0.3871 0.633 -0.6704
vn -0.8498 0.1928 -0.4906
vn -0.7517 0.1928 -0.6307
vn -0.6704 0.633 -0.3871
vn -0.593 0.633 -0.4976
vn -0.9663 0.1928 -0.1704
vn -0.9221 0.1928 -0.3356
vn -0.7624 0.633 -0.1344
vn -0.7275 0.633 -0.2648
vn -0.9663 0.1928 0.1704
vn -0.9812 0.1928 0
vn -0.7624 0.633 0.1344
vn -0.7742 0.633 0
vn -0.8498 0.1928 0.4906
vn -0.9221 0.1928 0.3356
vn -0.6705 0.633 0.3871
vn -0.7275 0.633 0.2648
vn -0.6307 0.1928 0.7517
vn -0.7517 0.1928 0.6307
vn -0.4976 0.633 0.593
vn -0.593 0.633 0.4976
vn -0.3356 0.1928 0.9221
vn -0.4906 0.1928 0.8498
vn -0.2648 0.633 0.7275
vn -0.3871 0.633 0.6704
vn -0.1704 0.1928 0.9663
vn -0.1344 0.633 0.7624
vn 0.242 0.7068 0.6648
vn 0.1229 0.7067 0.6968
vn 0 0.7068 0.7075
vn 0.4547 0.7068 0.5419
vn 0.3538 0.7067 0.6127
vn 0.6127 0.7068 0.3537
vn 0.542 0.7067 0.4548
vn 0.6967 0.7068 0.1228
vn 0.6649 0.7067 0.242
vn 0.6967 0.7068 -0.1228
vn 0.7062 0.7054 -0.0613
vn 0.7062 0.7054 0.0613
vn 0.6127 0.7068 -0.3537
vn 0.6649 0.7067 -0.242
vn 0.4547 0.7068 -0.5419
vn 0.542 0.7067 -0.4548
vn 0.242 0.7068 -0.6648
vn 0.3538 0.7067 -0.6127
vn 0 0.7068 -0.7075
vn 0.1229 0.7067 -0.6968
vn -0.242 0.7068 -0.6648
vn -0.1229 0.7067 -0.6968
vn -0.4547 0.7068 -0.5419
vn -0.3538 0.7067 -0.6127
vn -0.6127 0.7068 -0.3537
vn -0.542 0.7067 -0.4548
vn -0.6967 0.7068 -0.1228
vn -0.6648 0.7067 -0.242
vn -0.6967 0.7068 0.1229
vn -0.7075 0.7067 0
vn -0.6127 0.7068 0.3537
vn -0.6649 0.7067 0.242
vn -0.4547 0.7068 0.5419
vn -0.542 0.7067 0.4548
vn -0.242 0.7068 0.6648
vn -0.3538 0.7067 0.6127
vn -0.1229 0.7067 0.6968
vn 0.1732 0.07 0.9824
vn 0.3412 0.07 0.9374
vn 0.1707 -0.185 0.9678
vn 0.3361 -0.185 0.9235
vn 0.3399 -0.111 0.9339
vn 0.1726 -0.1109 0.9787
vn 0 -0.185 0.9827
vn 0 -0.111 0.9938
vn 0 0.07 0.9975
vn 0.4988 0.07 0.8639
vn 0.6412 0.07 0.7642
vn 0.4914 -0.185 0.8511
vn 0.6317 -0.185 0.7528
vn 0.6388 -0.111 0.7613
vn 0.4969 -0.1109 0.8607
vn 0.7642 0.07 0.6412
vn 0.8639 0.07 0.4988
vn 0.8511 -0.185 0.4914
vn 0.7528 -0.185 0.6317
vn 0.7613 -0.1109 0.6388
vn 0.8607 -0.111 0.4969
vn 0.9374 0.07 0.3412
vn 0.9824 0.07 0.1732
vn 0.9235 -0.185 0.3361
vn 0.9678 -0.185 0.1706
vn 0.9339 -0.1109 0.3399
vn 0.9787 -0.111 0.1726
vn 0.9938 0.0698 -0.0863
vn 0.9824 0.07 -0.1732
vn 0.9678 -0.185 -0.1706
vn 0.9792 -0.1843 -0.0853
vn 0.9787 -0.111 -0.1726
vn 0.9902 -0.1105 -0.086
vn 0.9792 -0.1843 0.085
vn 0.9902 -0.1105 0.086
vn 0.9939 0.0698 0.0851
vn 0.9374 0.07 -0.3412
vn 0.8639 0.07 -0.4988
vn 0.8511 -0.185 -0.4914
vn 0.9235 -0.185 -0.3361
vn 0.9339 -0.1109 -0.3399
vn 0.8607 -0.111 -0.4969
vn 0.7642 0.07 -0.6412
vn 0.6412 0.07 -0.7642
vn 0.6317 -0.185 -0.7528
vn 0.7528 -0.185 -0.6317
vn 0.7613 -0.1109 -0.6388
vn 0.6388 -0.111 -0.7613
vn 0.4988 0.07 -0.8639
vn 0.3412 0.07 -0.9374
vn 0.3361 -0.185 -0.9235
vn 0.4914 -0.185 -0.8511
vn 0.4969 -0.1109 -0.8607
vn 0.3399 -0.111 -0.9339
vn 0.1732 0.07 -0.9824
vn 0 0.07 -0.9975
vn 0.1707 -0.185 -0.9678
vn 0 -0.185 -0.9827
vn 0.1726 -0.1109 -0.9787
vn 0 -0.111 -0.9938
vn -0.1732 0.07 -0.9824
vn -0.3412 0.07 -0.9374
vn -0.3361 -0.185 -0.9235
vn -0.1707 -0.185 -0.9678
vn -0.3399 -0.111 -0.9339
vn -0.1726 -0.1109 -0.9787
vn -0.4988 0.07 -0.8639
vn -0.6412 0.07 -0.7642
vn -0.4914 -0.185 -0.8511
vn -0.6317 -0.185 -0.7528
vn -0.6388 -0.111 -0.7613
vn -0.4969 -0.1109 -0.8607
vn -0.7642 0.07 -0.6412
vn -0.8639 0.07 -0.4988
vn -0.8511 -0.185 -0.4914
vn -0.7528 -0.185 -0.6317
vn -0.7613 -0.1108 -0.6388
vn -0.8607 -0.111 -0.4969
vn -0.9374 0.07 -0.3412
vn -0.9824 0.07 -0.1732
vn -0.9678 -0.185 -0.1707
vn -0.9235 -0.185 -0.3361
vn -0.9339 -0.1109 -0.3399
vn -0.9787 -0.111 -0.1726
vn -0.9975 0.07 0
vn -0.9824 0.07 0.1732
vn -0.9678 -0.185 0.1706
vn -0.9827 -0.185 0
vn -0.9938 -0.1109 0
vn -0.9787 -0.111 0.1726
vn -0.9374 0.07 0.3412
vn -0.8639 0.07 0.4988
vn -0.9235 -0.185 0.3361
vn -0.8511 -0.185 0.4914
vn -0.8607 -0.111 0.4969
vn -0.9339 -0.1109 0.3399
vn -0.7642 0.07 0.6412
vn -0.6412 0.07 0.7642
vn -0.6317 -0.185 0.7528
vn -0.7528 -0.185 0.6317
vn -0.6388 -0.111 0.7613
vn -0.7613 -0.1109 0.6388
vn -0.4988 0.07 0.8639
vn -0.3412 0.07 0.9374
vn -0.3361 -0.185 0.9235
vn -0.4914 -0.185 0.8511
vn -0.4969 -0.1109 0.8607
vn -0.3399 -0.111 0.9339
vn -0.1732 0.07 0.9824
vn -0.1707 -0.185 0.9678
vn -0.1726 -0.1109 0.9787
vn 0.1063 0.7906 0.6031
vn 0.2094 0.7906 0.5754
vn 0.0012 1 0.0068
vn 0.0023 1 0.0064
vn 0 1 0
vn 0 1 0.0069
vn 0 0.7906 0.6123
vn 0.3936 0.7906 0.4691
vn 0.3062 0.7906 0.5303
vn 0.0034 1 0.0059
vn 0.0044 1 0.0053
vn 0.5303 0.7906 0.3062
vn 0.4691 0.7906 0.3936
vn 0.0053 1 0.0044
vn 0.0059 1 0.0034
vn 0.603 0.7906 0.1063
vn 0.5754 0.7906 0.2094
vn 0.0064 1 0.0023
vn 0.0068 1 0.0012
vn 0.603 0.7906 -0.1063
vn 0.6115 0.7895 -0.0531
vn 0.0069 1 0
vn 0.0068 1 -0.0012
vn 0.6115 0.7895 0.0531
vn 0.5303 0.7906 -0.3062
vn 0.5754 0.7906 -0.2094
vn 0.0064 1 -0.0023
vn 0.0059 1 -0.0034
vn 0.4691 0.7906 -0.3936
vn 0.3936 0.7906 -0.4691
vn 0.0053 1 -0.0044
vn 0.0044 1 -0.0053
vn 0.2094 0.7906 -0.5754
vn 0.3062 0.7906 -0.5303
vn 0.0034 1 -0.0059
vn 0.0023 1 -0.0064
vn 0 0.7906 -0.6123
vn 0.1063 0.7906 -0.6031
vn 0.0012 1 -0.0068
vn 0 1 -0.0069
vn -0.1063 0.7906 -0.6031
vn -0.2094 0.7906 -0.5754
vn -0.0012 1 -0.0068
vn -0.0023 1 -0.0064
vn -0.3062 0.7906 -0.5303
vn -0.3936 0.7906 -0.4691
vn -0.0034 1 -0.0059
vn -0.0044 1 -0.0053
vn -0.4691 0.7906 -0.3936
vn -0.5303 0.7906 -0.3062
vn -0.0053 1 -0.0044
vn -0.0059 1 -0.0034
vn -0.603 0.7906 -0.1063
vn -0.5754 0.7906 -0.2094
vn -0.0064 1 -0.0023
vn -0.0068 1 -0.0012
vn -0.6124 0.7906 0
vn -0.603 0.7906 0.1063
vn -0.0069 1 0
vn -0.0068 1 0.0012
vn -0.5754 0.7906 0.2094
vn -0.5303 0.7906 0.3062
vn -0.0064 1 0.0023
vn -0.0059 1 0.0034
vn -0.4691 0.7906 0.3936
vn -0.3936 0.7906 0.4691
vn -0.0053 1 0.0044
vn -0.0042 1 0.0055
vn -0.2094 0.7906 0.5754
vn -0.3062 0.7906 0.5303
vn -0.0034 1 0.0059
vn -0.0023 1 0.0064
vn -0.1063 0.7906 0.6031
vn -0.0012 1 0.0068
vn 0.9963 0 -0.0865
vn 0.3049 0.4532 0.8377
vn 0.1548 0.4531 0.8779
vn 0 0.4532 0.8914
vn 0.573 0.4532 0.6829
vn 0.4457 0.4531 0.772
vn 0.772 0.4532 0.4457
vn 0.6829 0.4531 0.573
vn 0.8779 0.4532 0.1548
vn 0.8377 0.4531 0.3049
vn 0.8779 0.4532 -0.1548
vn 0.8888 0.4517 -0.0772
vn 0.8888 0.4517 0.0772
vn 0.772 0.4532 -0.4457
vn 0.8377 0.4531 -0.3049
vn 0.573 0.4532 -0.6829
vn 0.6829 0.4531 -0.573
vn 0.3049 0.4532 -0.8377
vn 0.4457 0.4531 -0.772
vn 0 0.4532 -0.8914
vn 0.1548 0.4531 -0.8779
vn -0.3049 0.4532 -0.8377
vn -0.1548 0.4531 -0.8779
vn -0.573 0.4532 -0.6829
vn -0.4457 0.4531 -0.772
vn -0.772 0.4532 -0.4457
vn -0.6829 0.4531 -0.573
vn -0.8779 0.4532 -0.1548
vn -0.8377 0.4531 -0.3049
vn -0.8779 0.4532 0.1548
vn -0.8915 0.4531 0
vn -0.772 0.4532 0.4457
vn -0.8377 0.4531 0.3049
vn -0.573 0.4532 0.6829
vn -0.6829 0.4531 0.573
vn -0.3049 0.4532 0.8377
vn -0.4457 0.4531 0.772
vn -0.1548 0.4531 0.8779
vn 0 -1 0
vn -0.5257 -0.6978 0.4866
vn -0.5877 -0.7424 0.3216
vn -0.2111 -0.7877 0.5788
vn -0.4361 -0.8728 0.2193
vn 0.5444 -0.8216 0.1694
vn 0.6764 -0.6773 0.2894
vn 0.2642 -0.7795 0.568
vn 0.6119 -0.6518 0.4481
vn -0.134 -0.98 -0.1469
vn -0.4337 -0.8905 -0.1374
vn -0.1516 -0.984 0.094
vn -0.4819 -0.8732 0.0731
vn -0.5375 -0.7883 0.2995
vn -0.1717 -0.9078 0.3826
vn 0.5665 -0.8213 0.0669
vn 0.5196 -0.8443 -0.1309
vn 0.1631 -0.9758 -0.1456
vn 0.1829 -0.9786 0.0941
vn 0.2068 -0.9016 0.3799
vn 0.6217 -0.7345 0.2721
vn -0.1173 -0.8822 -0.456
vn -0.3763 -0.8226 -0.4263
vn -0.4002 -0.8597 -0.3174
vn -0.1239 -0.9315 -0.3419
vn 0.4846 -0.8205 -0.3034
vn 0.4577 -0.7893 -0.4092
vn 0.1436 -0.8792 -0.4543
vn 0.1516 -0.928 -0.3403
vn -0.1104 -0.7032 -0.7024
vn -0.3657 -0.6578 -0.6584
vn -0.3655 -0.7701 -0.5228
vn -0.1122 -0.8228 -0.5571
vn 0.4462 -0.7403 -0.5029
vn 0.447 -0.632 -0.6331
vn 0.136 -0.7012 -0.6999
vn 0.1375 -0.8205 -0.5549
vn -0.1429 -0.2972 -0.9441
vn -0.452 -0.2674 -0.851
vn -0.1187 -0.5189 -0.8466
vn -0.3886 -0.4816 -0.7855
vn 0.4726 -0.4596 -0.7519
vn 0.5414 -0.251 -0.8024
vn 0.1454 -0.5173 -0.8434
vn 0.1746 -0.2962 -0.939
vn -0.1883 -0.0305 -0.9816
vn -0.5478 -0.0232 -0.8363
vn -0.1747 -0.1293 -0.9761
vn -0.5224 -0.1115 -0.8454
vn 0.6135 -0.1024 -0.783
vn 0.6378 -0.0208 -0.7699
vn 0.2129 -0.1288 -0.9686
vn 0.2294 -0.0308 -0.9728
vn -0.556 0.1193 -0.8226
vn -0.1892 0.125 -0.974
vn 0.23 0.1212 -0.9656
vn 0.6467 0.1122 -0.7544
vn -0.2563 0.2937 -0.9209
vn -0.6417 0.2265 -0.7327
vn -0.5714 0.2501 -0.7816
vn -0.212 0.2914 -0.9328
vn 0.6598 0.2302 -0.7153
vn 0.7256 0.2024 -0.6577
vn 0.3092 0.2899 -0.9057
vn 0.2571 0.2871 -0.9228
vn -0.2897 0.16 -0.9436
vn -0.7008 0.1046 -0.7056
vn 0.7783 0.09 -0.6214
vn 0.3486 0.1592 -0.9237
vn -0.7138 -0.0354 -0.6994
vn -0.3082 -0.0437 -0.9503
vn -0.3297 -0.1285 -0.9353
vn -0.6867 -0.106 -0.7192
vn 0.3698 -0.0422 -0.9282
vn 0.7887 -0.0314 -0.614
vn 0.3948 -0.1259 -0.9101
vn 0.7608 -0.0954 -0.6419
vn 0.017 0.8563 -0.5162
vn -0.0176 0.8557 -0.5172
vn 0.0421 0.9052 -0.4228
vn -0.0405 0.9053 -0.4228
vn -0.3471 0.804 -0.4828
vn -0.3506 0.8489 -0.3957
vn 0.4102 0.8264 -0.3858
vn 0.4063 0.7842 -0.469
vn -0.0464 0.9979 -0.0459
vn -0.3739 0.9255 -0.0601
vn -0.3813 0.9127 0.1471
vn -0.0478 0.9834 0.1751
vn -0.3856 0.8656 0.3195
vn -0.0486 0.9311 0.3615
vn 0.0486 0.9833 0.1751
vn 0.0472 0.9978 -0.0459
vn 0.0494 0.9311 0.3615
vn 0.4481 0.8393 0.3079
vn 0.4436 0.885 0.1414
vn 0.4357 0.8981 -0.0597
vn -0.3927 0.7824 0.4833
vn -0.0499 0.8414 0.5381
vn -0.3923 0.6824 0.6169
vn -0.0499 0.7321 0.6794
vn 0.0507 0.8414 0.5381
vn 0.0507 0.7321 0.6793
vn 0.4554 0.6614 0.596
vn 0.4559 0.7579 0.4666
vn -0.3844 0.5684 0.7275
vn -0.0483 0.602 0.797
vn -0.3755 0.4043 0.834
vn -0.0468 0.417 0.9077
vn 0.0491 0.6019 0.797
vn 0.0475 0.417 0.9077
vn 0.4372 0.3942 0.8084
vn 0.4468 0.5521 0.7039
vn -0.3602 0.2396 0.9016
vn -0.0446 0.242 0.9692
vn -0.3462 0.1354 0.9283
vn -0.0429 0.1346 0.99
vn 0.0453 0.2419 0.9692
vn 0.0436 0.1346 0.9899
vn 0.4048 0.1329 0.9047
vn 0.4204 0.2346 0.8765
vn -0.3567 0.0266 0.9339
vn -0.0454 0.0142 0.9989
vn -0.3719 -0.1522 0.9157
vn -0.0482 -0.1782 0.9828
vn 0.0462 0.0142 0.9988
vn 0.0493 -0.1782 0.9828
vn 0.4332 -0.1462 0.8894
vn 0.4158 0.0281 0.909
vn -0.3608 -0.245 0.8999
vn -0.0448 -0.2693 0.962
vn 0.0455 -0.2693 0.962
vn 0.4212 -0.2375 0.8753
vn -0.3552 -0.3017 0.8848
vn -0.0453 -0.3281 0.9436
vn -0.3738 -0.3301 0.8668
vn -0.0484 -0.3541 0.9339
vn 0.0461 -0.3281 0.9435
vn 0.0494 -0.3541 0.9339
vn 0.4348 -0.3207 0.8415
vn 0.4143 -0.293 0.8617
vn -0.3733 -0.2533 0.8924
vn -0.0473 -0.2548 0.9658
vn 0.0481 -0.2548 0.9658
vn 0.435 -0.2482 0.8656
vn -0.3448 0.1073 0.9325
vn -0.0462 0.1276 0.9908
vn -0.3583 0.1271 0.9249
vn -0.0447 0.1356 0.9898
vn 0.0474 0.1277 0.9907
vn 0.0457 0.1354 0.9897
vn 0.403 0.1034 0.9093
vn 0.4183 0.1204 0.9003
vn -0.9731 0.0382 -0.2273
vn -0.6585 0.01 -0.7525
vn -0.6668 -0.0202 -0.7449
vn -0.9337 0.0092 -0.358
vn 0.9812 0.036 -0.1894
vn 0.9951 0.0719 -0.0677
vn 0.9966 0.0387 -0.073
vn 0.9522 0.0122 -0.3051
vn -0.9874 0.1508 0.0487
vn -0.9867 0.1618 0.0155
vn -0.9894 0.1418 0.0327
vn -0.9893 0.1461 -0.0007
vn 0.9878 0.1537 -0.0239
vn 0.9873 0.1582 0.0152
vn 0.9893 0.1461 -0.0009
vn 0.9904 0.1315 -0.042
vn -0.9873 0.1258 0.0969
vn -0.9879 0.1355 0.075
vn -0.9901 0.1144 0.0808
vn -0.9901 0.1268 0.0599
vn 0.9879 0.1475 0.0476
vn 0.9885 0.1326 0.0733
vn 0.99 0.1274 0.0599
vn 0.9893 0.1421 0.0326
vn -0.9859 0.0849 0.144
vn -0.9863 0.1122 0.1207
vn -0.9884 0.0886 0.123
vn -0.9892 0.1068 0.1008
vn 0.9879 0.123 0.0947
vn 0.987 0.1099 0.1176
vn 0.9891 0.1075 0.1006
vn 0.99 0.1153 0.0808
vn -0.9854 0.0322 0.1674
vn -0.9852 0.0568 0.1615
vn -0.9881 0.0381 0.149
vn -0.9882 0.0612 0.1407
vn 0.9865 0.083 0.1408
vn 0.9859 0.0555 0.1579
vn 0.9881 0.0618 0.1408
vn 0.9884 0.0892 0.1229
vn -0.9866 -0.0191 0.1619
vn -0.9863 0.0083 0.1646
vn -0.9899 -0.0086 0.1414
vn -0.9892 0.0159 0.1456
vn 0.986 0.0315 0.1637
vn 0.9869 0.0082 0.1609
vn 0.989 0.0161 0.1468
vn 0.988 0.0384 0.1495
vn 0.9872 -0.0187 0.1583
vn 0.9874 -0.0392 0.1535
vn 0.9895 -0.0273 0.1422
vn 0.9897 -0.0084 0.1426
vn -0.9853 -0.0513 0.1628
vn -0.9873 -0.0517 0.1501
vn -0.9909 -0.0395 0.1286
vn -0.9915 -0.0432 0.1228
vn 0.9879 -0.0507 0.1467
vn 0.9906 -0.0402 0.1305
vn -0.9802 -0.0272 0.196
vn -0.9896 -0.0354 0.1393
vn -0.9722 0.0162 0.2336
vn -0.974 0.0206 0.2254
vn -0.987 -0.0194 0.1594
vn -0.9875 0.0101 0.1572
vn 0.7938 -0.4083 0.4507
vn 0.4285 -0.7042 0.5662
vn 0.441 -0.7283 0.5245
vn 0.758 -0.4886 0.4321
vn 0.9811 -0.0266 0.1918
vn 0.9752 0.0201 0.2205
vn 0.9891 -0.0353 0.1428
vn 0.9865 0.0105 0.1634
vn -0.7052 -0.5452 0.4532
vn -0.3769 -0.7594 0.5303
vn -0.7423 -0.4673 0.4802
vn -0.3659 -0.7337 0.5725
vn 0 -0.8218 0.5698
vn 0 -0.8582 0.5134
vn 0 -0.8585 0.5129
vn 0.9863 -0.0118 0.1646
vn 0.9737 0.0184 0.2271
vn 0.9911 -0.0438 0.1257
vn 0.986 -0.0501 0.1593
vn 0.7401 -0.0154 -0.6723
vn 0.7325 0.0116 -0.6807
vn 0.0013 -0.0017 -1
vn 0.0013 -0.0399 -0.9992
vn 0.003 -0.0396 -0.9992
vn -0.9961 0.0377 -0.0801
vn -0.9945 0.0754 -0.0731
vn -0.9904 0.132 -0.0419
vn -0.9872 0.1576 -0.0245
vn -0.9896 -0.0271 0.1416
vn -0.9868 -0.0396 0.1571
vn -0.689 -0.6625 -0.2939
vn -0.4803 -0.8081 -0.3409
vn 0 -0.8645 -0.5026
vn 0 -0.8655 -0.5009
vn 0.5577 -0.7706 -0.3086
vn 0.7645 -0.5957 -0.2465
vn 0.5444 -0.8216 0.1694
vn 0.0007 -0.8138 -0.5811
vn -0.3562 -0.2052 0.9116
vn -0.0334 -0.1987 0.9795
vn 0.0334 -0.1982 0.9796
vn 0.416 -0.1968 0.8878
vn 0 -0.4953 -0.8687
vn -0.3297 -0.1285 -0.9353
vn -0.9907 0.1225 -0.0599
vn -0.9953 0.0815 -0.0531
vn 0.0435 0.9593 -0.2789
vn -0.0426 0.9594 -0.2789
vn -0.3576 0.8934 -0.2721
vn 0.418 0.8689 -0.2652
vn 0.9953 0.0808 -0.053
vn 0.9912 0.1186 -0.0581
vn 0.6535 -0.6292 0.4207
vn 0.2278 -0.7803 0.5824
vn -0.5657 -0.68 0.4665
vn -0.1853 -0.7865 0.5892
vn -0.6794 0.5574 0.4773
vn -0.6999 0.4892 0.5204
vn -0.6241 0.5233 0.5802
vn -0.6364 0.4456 0.6296
vn -0.6878 0.4182 0.5933
vn -0.7528 0.441 0.4887
vn -0.7989 0.4763 0.3673
vn -0.8307 0.5001 0.2447
vn -0.7497 0.6139 0.2472
vn -0.7225 0.587 0.3653
vn -0.7804 0.5637 0.2706
vn -0.747 0.5311 0.4
vn -0.2387 0.4414 0.8649
vn -0.2341 0.3282 0.9151
vn -0.115 0.4293 0.8958
vn -0.1108 0.3141 0.9429
vn -0.1302 0.3428 0.9304
vn -0.2694 0.3522 0.8963
vn -0.4592 0.3678 0.8086
vn -0.5948 0.3888 0.7036
vn -0.5374 0.4921 0.6849
vn -0.415 0.4607 0.7846
vn -0.5437 0.3995 0.7381
vn -0.4135 0.3585 0.8369
vn -0.9239 0.0972 0.37
vn -0.7794 0.0514 0.6244
vn -0.7743 -0.1453 0.6159
vn -0.9223 -0.066 0.3807
vn -0.9944 0.0798 0.0696
vn -0.978 0.2007 0.0568
vn -0.5255 0.0209 0.8505
vn -0.3048 0.0022 0.9524
vn -0.3169 -0.2453 0.9162
vn -0.5251 -0.2115 0.8243
vn -0.7457 -0.2786 0.6052
vn -0.9018 -0.1662 0.3988
vn -0.7338 -0.2556 0.6295
vn -0.8889 -0.1655 0.4272
vn -0.9939 -0.0091 0.1098
vn -0.9955 0.023 0.0919
vn -0.3018 -0.4094 0.861
vn -0.4954 -0.3709 0.7855
vn -0.3015 -0.3621 0.882
vn -0.4879 -0.331 0.8077
vn -0.8891 -0.102 0.4462
vn -0.7366 -0.1532 0.6588
vn -0.7393 -0.0647 0.6703
vn -0.8847 -0.0503 0.4634
vn -0.9976 -0.0064 0.0683
vn -0.9937 -0.011 0.1118
vn -0.4922 -0.1988 0.8475
vn -0.3089 -0.2196 0.9254
vn -0.3049 -0.088 0.9483
vn -0.4906 -0.0796 0.8678
vn -0.893 0.0218 0.4496
vn -0.7427 0.0443 0.6681
vn -0.8931 0.0825 0.4422
vn -0.7431 0.1301 0.6564
vn -0.9104 0.1525 0.3846
vn -0.7468 0.2424 0.6193
vn -0.7553 0.3772 0.5359
vn -0.916 0.2419 0.3201
vn -0.9991 0.042 0.0046
vn -1 0.0063 0.0059
vn -0.4714 0.0679 0.8793
vn -0.2846 0.0752 0.9557
vn -0.456 0.1821 0.8711
vn -0.2705 0.1998 0.9418
vn -0.4443 0.3352 0.8308
vn -0.2702 0.3599 0.893
vn -0.4402 0.527 0.727
vn -0.2751 0.5646 0.7782
vn -0.8826 -0.4046 -0.2395
vn -0.8453 -0.2973 -0.444
vn -0.9778 -0.1031 -0.1825
vn -0.9905 -0.1148 -0.0751
vn -0.9968 0.0745 0.0296
vn -0.9799 0.0891 0.1788
vn -0.9826 -0.0852 0.1652
vn -0.8843 -0.4385 0.1606
vn -0.7578 0.5689 0.3194
vn -0.9398 0.2989 0.1657
vn -0.9303 0.2982 0.2136
vn -0.7609 0.4996 0.414
vn -0.743 0.6118 0.2714
vn -0.8711 0.4379 0.2224
vn -0.9012 0.33 0.2809
vn -0.9603 0.1991 0.1956
vn -0.3276 0.8441 0.4245
vn -0.4395 0.8034 0.4018
vn -0.4445 0.7031 0.555
vn -0.2795 0.7483 0.6016
vn -0.3663 0.8588 0.3583
vn -0.3704 0.858 0.3558
vn -0.4307 0.8283 0.3583
vn -0.5191 0.7879 0.3313
vn -0.0367 0.9566 0.2892
vn -0.3913 0.9072 0.1541
vn -0.3347 0.9407 -0.0555
vn 0.1043 0.9847 -0.1396
vn -0.5651 -0.4177 -0.7114
vn -0.5859 -0.6335 -0.5054
vn -0.5265 -0.8452 0.0913
vn -0.2478 -0.9683 0.0307
vn -0.3311 -0.6687 -0.6658
vn -0.3235 -0.4349 -0.8404
vn -0.8376 -0.5452 -0.0347
vn -0.8526 -0.522 0.0242
vn -0.9816 -0.1662 -0.0939
vn -0.9509 -0.2378 -0.198
vn -0.9811 0.0881 -0.1724
vn -0.9416 -0.1043 -0.3202
vn -0.9118 -0.0136 -0.4104
vn -0.9366 -0.2475 -0.2479
vn -0.8188 -0.5714 -0.0551
vn -0.4632 -0.8753 0.1386
vn -0.4496 -0.8891 0.0853
vn -0.3979 -0.9077 0.1334
vn -0.1593 -0.9746 0.1576
vn -0.2109 -0.9743 0.079
vn -0.2317 -0.9623 0.1427
vn -0.4937 -0.0321 -0.8691
vn -0.5436 -0.1239 -0.8302
vn -0.4635 0.0417 -0.8851
vn -0.6192 -0.0959 -0.7794
vn -0.6999 0.0717 -0.7106
vn -0.6162 0.3111 -0.7235
vn -0.5222 0.389 -0.7589
vn -0.4864 0.2011 -0.8503
vn -0.5097 0.0611 -0.8582
vn -0.2587 0.7209 -0.643
vn -0.1585 0.6953 -0.701
vn -0.213 0.5451 -0.8109
vn -0.1496 0.5553 -0.8181
vn -0.1374 0.595 -0.7919
vn -0.2141 0.5842 -0.7829
vn -0.3833 0.5831 -0.7163
vn -0.4469 0.4145 -0.7928
vn -0.5719 0.3022 -0.7626
vn -0.3562 0.5147 -0.7799
vn -0.5783 0.6606 -0.4787
vn -0.8399 -0.5137 0.1754
vn -0.9729 -0.2001 -0.1154
vn -0.7595 -0.6458 0.0777
vn -0.8726 -0.4571 -0.1723
vn -0.5466 -0.7719 -0.3245
vn -0.5203 -0.8381 -0.1639
vn -0.4427 -0.8898 0.1109
vn -0.4959 -0.7943 0.3509
vn -0.5194 -0.7428 0.4225
vn -0.2262 -0.8171 0.5302
vn -0.2213 -0.8562 0.4668
vn -0.2276 -0.967 0.1146
vn -0.1358 -0.9848 0.1085
vn -0.1228 -0.8689 0.4794
vn -0.1187 -0.8256 0.5516
vn -0.2437 -0.8773 -0.4135
vn -0.2388 -0.9272 -0.2886
vn -0.1214 -0.8906 -0.4382
vn -0.1301 -0.9422 -0.3087
vn -0.6239 -0.2299 -0.7469
vn -0.6653 -0.2019 -0.7188
vn -0.2682 -0.311 -0.9118
vn -0.4157 -0.1991 -0.8874
vn -0.3406 -0.0347 -0.9396
vn -0.2608 -0.1294 -0.9567
vn -0.2055 -0.1469 -0.9676
vn -0.1592 -0.3355 -0.9285
vn -0.1296 -0.5467 -0.8272
vn -0.2665 -0.5224 -0.81
vn -0.6369 -0.4272 -0.6418
vn -0.2571 -0.8176 0.5152
vn -0.6147 -0.6721 0.4128
vn -0.2347 -0.817 0.5267
vn -0.5637 -0.7059 0.4289
vn -0.1177 -0.8314 0.543
vn -0.116 -0.8422 0.5265
vn -0.933 -0.3152 0.1737
vn -0.99 -0.063 -0.1262
vn -0.8749 -0.4411 0.1999
vn -0.9881 -0.1013 -0.1158
vn -0.8977 0.3125 0.3105
vn -0.8491 0.2568 0.4616
vn -0.2456 -0.9626 0.1144
vn -0.2289 -0.9713 0.0648
vn -0.2347 -0.9665 0.1042
vn -0.2259 -0.9722 0.0607
vn -0.2492 -0.9379 0.2412
vn -0.2568 -0.9505 0.1749
vn -0.216 -0.955 0.2033
vn -0.234 -0.9598 0.1548
vn -0.6963 0.1307 0.7057
vn -0.7832 0.1946 0.5906
vn -0.5845 0.0702 0.8083
vn -0.4337 0.0162 0.9009
vn -0.1529 -0.9316 0.3296
vn -0.2101 -0.9322 0.2947
vn -0.1271 -0.9553 0.2669
vn -0.1779 -0.9536 0.2428
vn 0 -0.9352 0.354
vn -0.0816 -0.9343 0.3471
vn -0.0689 -0.9569 0.282
vn 0 -0.9581 0.2864
vn -0.1109 -0.038 0.9931
vn -0.2429 -0.0221 0.9698
vn -0.0862 -0.9556 -0.2817
vn -0.0658 -0.9805 -0.1852
vn -0.1375 -0.9608 -0.2405
vn -0.1094 -0.9792 -0.1706
vn -0.1923 -0.9724 -0.132
vn -0.1692 -0.9673 -0.1891
vn -0.148 -0.9786 -0.1432
vn -0.181 -0.9773 -0.1102
vn -0.2007 -0.9759 -0.0859
vn -0.2007 -0.9767 -0.0764
vn -0.2063 -0.9774 -0.0465
vn -0.2127 -0.9761 -0.0448
vn -0.2171 -0.9759 0.0225
vn -0.2101 -0.9776 -0.0114
vn -0.22 -0.9754 0.0125
vn -0.2177 -0.9759 -0.0146
vn -0.2173 -0.9753 0.0405
vn -0.2094 -0.9752 0.0723
vn -0.1612 -0.9775 0.1362
vn -0.1914 -0.976 0.104
vn -0.1235 -0.9795 0.1594
vn -0.085 -0.981 0.1747
vn -0.0453 -0.9822 0.1821
vn 0 -0.9827 0.1854
vn -0.5376 -0.0408 -0.8422
vn -0.3256 -0.0434 -0.9445
vn -0.5383 -0.0408 -0.8418
vn -0.327 -0.0434 -0.944
vn -0.8516 -0.0356 -0.523
vn -0.7103 -0.0385 -0.7028
vn -0.8523 -0.0356 -0.5219
vn -0.7117 -0.0385 -0.7014
vn -0.9776 -0.0326 -0.2078
vn -0.9322 -0.0338 -0.3603
vn -0.9777 -0.0326 -0.2075
vn -0.9326 -0.0338 -0.3594
vn -0.9982 -0.0324 0.0505
vn -0.9982 -0.0325 0.0508
vn -0.9971 -0.0323 -0.069
vn -0.9971 -0.0323 -0.0693
vn -0.9461 -0.0349 0.3221
vn -0.9832 -0.0335 0.1797
vn -0.9833 -0.0335 0.1788
vn -0.9464 -0.0349 0.3212
vn -0.7563 -0.04 0.653
vn -0.8743 -0.0373 0.484
vn -0.8751 -0.0373 0.4825
vn -0.7572 -0.04 0.6519
vn -0.4267 -0.0446 0.9033
vn -0.5998 -0.0427 0.799
vn -0.601 -0.0427 0.7981
vn -0.4271 -0.0446 0.9031
vn 0 -0.0468 0.9989
vn -0.2317 -0.0463 0.9717
vn -0.2324 -0.0463 0.9715
vn -0.8736 -0.4138 0.256
vn -0.8878 -0.4359 0.1479
vn -0.9744 -0.2113 0.0763
vn -0.9165 -0.3398 0.2112
vn -0.8595 -0.4516 0.2396
vn -0.8353 -0.4783 0.2712
vn -0.9723 -0.019 -0.2328
vn -0.9653 0.064 -0.253
vn -0.9464 0.058 -0.3177
vn -0.6683 -0.707 0.2313
vn -0.7766 -0.6178 0.1231
vn -0.3502 -0.9178 0.1873
vn -0.495 -0.8688 -0.0139
vn -0.9115 -0.3261 -0.2505
vn -0.5616 -0.7648 -0.3157
vn -0.1547 -0.972 0.177
vn -0.1991 -0.9739 -0.1093
vn -0.0836 -0.9823 0.1677
vn -0.0997 -0.9857 -0.1359
vn -0.1152 -0.942 -0.3151
vn -0.2349 -0.9197 -0.3145
vn -0.9899 0.0358 -0.1375
vn -0.9939 -0.0083 -0.11
vn -0.9851 -0.0954 -0.1431
vn -0.9225 -0.2199 -0.3171
vn -0.323 -0.8732 0.365
vn -0.7749 -0.6269 0.0812
vn -0.1207 -0.9069 0.4037
vn -0.9605 0.0003 -0.2782
vn -0.9552 -0.2325 -0.1832
vn -0.2041 -0.9779 -0.0447
vn -0.2016 -0.9759 -0.0835
vn -0.2156 -0.9761 0.0251
vn -0.2076 -0.9782 -0.0095
vn -0.9243 0.3545 0.1418
vn -0.7999 0.5865 0.1274
vn -0.8052 0.5926 -0.0217
vn -0.926 0.3758 -0.037
vn -0.7957 0.582 -0.1677
vn -0.7692 0.5523 -0.3214
vn -0.8571 0.3446 -0.3829
vn -0.904 0.3726 -0.2097
vn -0.4649 0.3614 -0.8082
vn -0.282 0.3097 -0.908
vn -0.2837 0.0873 -0.9549
vn -0.472 0.1394 -0.8705
vn -0.1569 -0.9504 -0.2686
vn -0.1055 -0.9389 -0.3276
vn -0.1981 -0.9711 -0.1329
vn -0.1852 -0.9635 -0.1934
vn -0.7754 0.2901 -0.5608
vn -0.7158 0.5022 -0.4853
vn -0.6437 0.2176 -0.7337
vn -0.6108 0.4347 -0.6618
vn -0.7398 0.6135 -0.2764
vn -0.7627 0.6312 -0.141
vn -0.7697 0.6382 -0.0146
vn -0.7668 0.631 0.1179
vn -0.8395 0.5329 0.1063
vn -0.8352 0.5493 -0.0261
vn -0.8128 0.5643 -0.1444
vn -0.7789 0.5697 -0.2623
vn -0.7446 0.525 -0.4123
vn -0.9121 0.3489 -0.2153
vn -0.9337 0.2781 -0.2254
vn -0.7591 0.4884 -0.4304
vn -0.737 0.4882 -0.4674
vn -0.9315 0.27 -0.2438
vn -0.9365 0.2176 -0.2751
vn -0.7374 0.4181 -0.5306
vn -0.7518 0.2662 -0.6033
vn -0.9414 0.1294 -0.3114
vn -0.9477 0.0304 -0.3178
vn -0.7737 0.0735 -0.6292
vn -0.8067 -0.127 -0.5772
vn -0.9609 -0.0551 -0.2712
vn -0.9789 -0.1151 0.1689
vn -0.9938 0.1056 0.0339
vn -0.9871 0.1187 -0.1076
vn -0.9912 -0.132 -0.01
vn -0.8472 -0.5178 0.1191
vn -0.8047 -0.5091 0.3056
vn -0.971 0.228 -0.0715
vn -0.9432 0.2461 -0.2234
vn -0.7862 0.5063 -0.3542
vn -0.6568 0.646 -0.3889
vn -0.9008 0.3748 -0.2195
vn -0.6406 0.6577 -0.3963
vn -0.8815 0.4051 -0.2427
vn -0.3775 -0.851 0.365
vn -0.4337 -0.8718 0.2277
vn -0.2077 -0.9457 0.2502
vn -0.1618 -0.9151 0.3693
vn -0.6014 0.5388 -0.59
vn -0.6975 0.581 -0.4194
vn -0.7268 0.5705 -0.3826
vn -0.6241 0.5763 -0.5276
vn -0.4905 0.5654 -0.6631
vn -0.3014 0.5729 -0.7622
vn -0.4717 0.4901 -0.733
vn -0.2872 0.4572 -0.8417
vn -0.4628 0.6832 -0.5648
vn -0.4742 0.6728 -0.5679
vn -0.2826 0.7393 -0.6112
vn -0.2871 0.7297 -0.6206
vn -0.459 0.6539 -0.6014
vn -0.4653 0.5704 -0.6769
vn -0.277 0.632 -0.7237
vn -0.2753 0.714 -0.6437
vn -0.4869 0.3908 -0.7812
vn -0.5152 0.1506 -0.8437
vn -0.2992 0.2083 -0.9312
vn -0.288 0.4518 -0.8444
vn -0.5495 -0.1476 -0.8224
vn -0.3134 -0.1204 -0.9419
vn -0.7012 -0.419 0.5768
vn -0.8752 -0.0449 0.4816
vn -0.931 0.1102 0.3481
vn -0.9537 0.1722 0.2468
vn -0.9644 0.1837 0.1905
vn -0.2968 -0.7804 0.5503
vn -0.1026 -0.8439 0.5266
vn -0.723 0.3621 -0.5884
vn -0.8421 0.3248 -0.4306
vn -0.9025 0.1846 -0.3891
vn -0.7406 0.0763 -0.6676
vn -0.9137 0.0472 -0.4036
vn -0.967 0.1046 -0.2323
vn -0.9324 0.1315 -0.3367
vn -0.8232 0.0696 -0.5634
vn -0.7498 0.2665 -0.6056
vn -0.4241 0.7907 -0.4415
vn -0.2647 0.84 -0.4736
vn -0.3257 0.7971 -0.5085
vn -0.2811 0.8418 -0.4609
vn -0.3109 0.8383 -0.4479
vn -0.2165 0.8032 -0.5551
vn -0.6435 0.5444 0.538
vn -0.5661 0.6467 0.5111
vn -0.6765 0.639 0.3661
vn -0.594 0.7255 0.3475
vn -0.6007 0.7889 0.1297
vn -0.7027 0.691 0.1697
vn -0.7919 0.5746 0.2069
vn -0.7467 0.5079 0.4295
vn -0.6988 0.4534 0.5532
vn -0.6726 0.6639 0.3269
vn -0.6433 0.6707 0.3692
vn -0.6215 0.6983 -0.3551
vn -0.3771 0.1482 -0.9142
vn -0.8641 -0.0414 -0.5017
vn -0.3213 0.1297 -0.938
vn -0.6764 0.0414 0.7354
vn -0.7317 0.0704 0.678
vn -0.3992 0.2499 0.8821
vn -0.3139 0.232 0.9207
vn -0.7595 0.083 0.6452
vn -0.4474 0.2581 0.8563
vn -0.2539 0.364 0.8961
vn -0.2035 0.3383 0.9188
vn -0.1489 0.3095 0.9392
vn 0.6836 0.7229 0.1008
vn 0.3917 0.5863 -0.7091
vn 0.7185 0.6935 0.0527
vn 0.4102 0.5426 -0.733
vn 0.7715 0.6345 -0.0464
vn 0.4486 0.4822 -0.7525
vn 0.6407 0.6769 0.3623
vn 0.6866 0.6161 0.3861
vn 0.6265 0.6939 0.3549
vn -0.2822 0.1265 -0.951
vn -0.7471 -0.0375 -0.6636
vn -0.633 -0.0391 -0.7732
vn -0.1937 0.1404 -0.971
vn -0.9733 -0.0485 0.2245
vn -0.9821 -0.0739 0.1735
vn -0.9876 -0.1233 0.0973
vn -0.8941 0.3393 -0.2922
vn -0.8654 0.3701 -0.3378
vn -0.8649 0.2873 -0.4116
vn -0.8155 0.4064 -0.412
vn -0.6928 0.5047 -0.5151
vn -0.3097 0.6809 -0.6637
vn -0.68 0.5414 -0.4944
vn -0.3098 0.6507 -0.6933
vn -0.7109 0.4779 -0.516
vn -0.9236 0.2578 -0.2837
vn -0.8918 0.319 -0.3209
vn -0.3571 0.5629 -0.7454
vn -0.7381 0.3897 -0.5507
vn -0.351 0.4935 -0.7958
vn -0.7488 0.3559 -0.5592
vn -0.9584 0.0987 -0.268
vn -0.9424 0.2008 -0.2673
vn -0.7792 0.3938 -0.4876
vn -0.2947 0.5658 -0.7701
vn -0.6241 0.0266 -0.7809
vn -0.1243 0.3059 -0.9439
vn -0.0052 0.0001 -1
vn -0.3587 -0.381 -0.8522
vn -0.6947 -0.5404 -0.4748
vn -0.9024 -0.2599 -0.3435
vn -0.9775 0.0542 -0.2036
vn -0.9744 -0.0068 -0.2246
vn -0.9058 -0.1137 -0.4082
vn -0.9042 -0.1027 -0.4147
vn -0.1558 0.5097 -0.8461
vn -0.0906 0.5218 -0.8482
vn -0.1811 0.2669 -0.9466
vn -0.2352 0.2805 -0.9306
vn -0.2835 0.284 -0.9159
vn -0.9616 0.1579 -0.2244
vn -0.9801 0.0966 -0.1733
vn -0.1511 0.6767 -0.7206
vn -0.0872 0.6769 -0.7309
vn -0.1378 0.61 -0.7803
vn -0.0708 0.6103 -0.789
vn -0.9225 0.2039 -0.3278
vn -0.1766 0.6907 -0.7013
vn -0.1121 0.6906 -0.7145
vn -0.7762 0.3294 -0.5376
vn -0.3689 -0.2307 -0.9004
vn -0.6947 -0.2986 -0.6544
vn -0.6809 -0.0655 -0.7294
vn -0.566 -0.0157 -0.8243
vn -0.0385 0.802 -0.596
vn -0.7754 0.6294 -0.0507
vn -0.9838 0.0679 0.1657
vn -0.5582 0.0297 -0.8291
vn -0.2599 -0.0101 -0.9656
vn -0.9064 -0.1716 -0.386
vn -0.9221 0.0513 -0.3836
vn -0.7159 -0.0054 -0.6982
vn -0.6675 0.0105 -0.7445
vn 0.392 -0.0335 -0.9193
vn 0.4176 0.4665 -0.7798
vn -0.7457 0.3431 -0.5712
vn -0.4508 0.3833 -0.8062
vn -0.6673 0.0765 -0.7408
vn -0.5874 0.0855 -0.8047
vn -0.6212 -0.7382 -0.2631
vn -0.0639 -0.6829 -0.7277
vn -0.2789 0.2483 -0.9277
vn -0.5752 0.0337 -0.8173
vn -0.9029 -0.4162 0.1076
vn 0.0613 0.8768 -0.477
vn -0.7124 0.6954 0.0943
vn -0.938 0.079 0.3374
vn 0.4692 0.4776 -0.7428
vn 0.5198 -0.0654 -0.8518
vn -0.514 -0.8543 -0.0775
vn 0.102 -0.7744 -0.6244
vn -0.8517 -0.454 0.2617
vn -0.1584 0.5603 -0.813
vn -0.1494 0.4392 -0.8859
vn -0.1412 0.2843 -0.9483
vn -0.1377 0.0627 -0.9885
vn 0 -0.9534 -0.3018
vn 0 -0.9324 -0.3614
vn 0 -0.9812 -0.1929
vn 0 -0.0448 -0.999
vn 0.6794 0.5574 0.4773
vn 0.6241 0.5233 0.5802
vn 0.6999 0.4892 0.5204
vn 0.6364 0.4456 0.6296
vn 0.6878 0.4182 0.5933
vn 0.7528 0.441 0.4887
vn 0.7989 0.4763 0.3673
vn 0.7225 0.587 0.3652
vn 0.7497 0.6139 0.2472
vn 0.8307 0.5001 0.2447
vn 0.7804 0.5637 0.2706
vn 0.747 0.5311 0.3999
vn 0.2388 0.4414 0.8649
vn 0.115 0.4294 0.8957
vn 0.2341 0.3282 0.9151
vn 0.1108 0.3141 0.9429
vn 0.1302 0.3428 0.9304
vn 0.2694 0.3522 0.8963
vn 0.4592 0.3678 0.8086
vn 0.415 0.4607 0.7846
vn 0.5374 0.4921 0.6849
vn 0.5948 0.3888 0.7036
vn 0.5437 0.3995 0.7381
vn 0.4135 0.3585 0.8369
vn 0.9239 0.0972 0.37
vn 0.7794 0.0514 0.6244
vn 0.7743 -0.1453 0.6159
vn 0.9223 -0.066 0.3807
vn 0.978 0.2006 0.0568
vn 0.9944 0.0798 0.0696
vn 0.5255 0.0209 0.8505
vn 0.3048 0.0022 0.9524
vn 0.3169 -0.2453 0.9162
vn 0.5251 -0.2115 0.8243
vn 0.9018 -0.1663 0.3989
vn 0.7457 -0.2787 0.6052
vn 0.7338 -0.2556 0.6295
vn 0.8889 -0.1655 0.4272
vn 0.9955 0.023 0.0919
vn 0.9939 -0.0091 0.1098
vn 0.4954 -0.3709 0.7855
vn 0.3017 -0.4094 0.861
vn 0.3015 -0.3621 0.882
vn 0.4879 -0.331 0.8077
vn 0.8891 -0.1019 0.4462
vn 0.7366 -0.1532 0.6588
vn 0.8845 -0.0532 0.4634
vn 0.7384 -0.0682 0.6709
vn 0.9976 -0.0066 0.0682
vn 0.9937 -0.011 0.1118
vn 0.4922 -0.1988 0.8475
vn 0.3089 -0.2196 0.9254
vn 0.3049 -0.088 0.9483
vn 0.4894 -0.0808 0.8683
vn 0.7401 0.0453 0.671
vn 0.893 0.021 0.4495
vn 0.8942 0.0906 0.4384
vn 0.7437 0.1377 0.6542
vn 0.7487 0.2415 0.6173
vn 0.9103 0.153 0.3846
vn 0.7555 0.3745 0.5375
vn 0.9158 0.2396 0.3224
vn 0.9991 0.0418 0.0047
vn 1 0.0068 0.0057
vn 0.2846 0.0752 0.9557
vn 0.4679 0.0679 0.8812
vn 0.4556 0.1852 0.8707
vn 0.2705 0.1998 0.9418
vn 0.2702 0.3599 0.893
vn 0.4466 0.3345 0.8299
vn 0.4412 0.5258 0.7273
vn 0.2751 0.5645 0.7782
vn 0.8826 -0.4046 -0.2395
vn 0.9905 -0.1148 -0.0751
vn 0.9778 -0.1031 -0.1825
vn 0.8453 -0.2973 -0.444
vn 0.9968 0.0745 0.0296
vn 0.9826 -0.0852 0.1652
vn 0.9798 0.0891 0.1788
vn 0.8843 -0.4385 0.1606
vn 0.9303 0.2982 0.2136
vn 0.9398 0.2988 0.1657
vn 0.7578 0.5689 0.3194
vn 0.7609 0.4996 0.414
vn 0.743 0.6118 0.2714
vn 0.8711 0.4379 0.2223
vn 0.9603 0.1991 0.1956
vn 0.9012 0.33 0.2809
vn 0.4395 0.8034 0.4018
vn 0.3276 0.8441 0.4245
vn 0.4445 0.7031 0.555
vn 0.2795 0.7483 0.6016
vn 0.3663 0.8588 0.3583
vn 0.3704 0.858 0.3558
vn 0.4307 0.8283 0.3583
vn 0.5191 0.7879 0.3313
vn 0.0367 0.9566 0.2892
vn 0.3913 0.9072 0.1541
vn 0.3347 0.9407 -0.0555
vn -0.1043 0.9847 -0.1396
vn 0.5651 -0.4177 -0.7114
vn 0.5859 -0.6335 -0.5054
vn 0.5265 -0.8452 0.0914
vn 0.3311 -0.6687 -0.6658
vn 0.2478 -0.9683 0.0307
vn 0.3238 -0.4349 -0.8403
vn 0.8376 -0.5452 -0.0347
vn 0.9509 -0.2378 -0.198
vn 0.9816 -0.1662 -0.0939
vn 0.8526 -0.522 0.0242
vn 0.9416 -0.1043 -0.3202
vn 0.9811 0.0881 -0.1724
vn 0.9366 -0.2475 -0.2479
vn 0.9118 -0.0136 -0.4104
vn 0.8188 -0.5714 -0.0551
vn 0.4632 -0.8753 0.1386
vn 0.4496 -0.8891 0.0853
vn 0.3979 -0.9077 0.1334
vn 0.1593 -0.9746 0.1576
vn 0.2109 -0.9743 0.0791
vn 0.2317 -0.9623 0.1427
vn 0.4937 -0.0321 -0.8691
vn 0.4635 0.0417 -0.8851
vn 0.5436 -0.1239 -0.8302
vn 0.6191 -0.0959 -0.7794
vn 0.6999 0.0717 -0.7106
vn 0.6162 0.3111 -0.7235
vn 0.5222 0.389 -0.7589
vn 0.4864 0.2011 -0.8503
vn 0.5097 0.0611 -0.8582
vn 0.2587 0.7209 -0.643
vn 0.213 0.5451 -0.8109
vn 0.1585 0.6953 -0.701
vn 0.1496 0.5553 -0.8181
vn 0.2141 0.5842 -0.7829
vn 0.1374 0.595 -0.7919
vn 0.4469 0.4145 -0.7928
vn 0.3833 0.5831 -0.7163
vn 0.5719 0.3022 -0.7626
vn 0.3562 0.5147 -0.7799
vn 0.5783 0.6606 -0.4787
vn 0.8399 -0.5137 0.1754
vn 0.7595 -0.6458 0.0777
vn 0.9729 -0.2001 -0.1154
vn 0.8726 -0.4571 -0.1723
vn 0.5203 -0.8381 -0.1639
vn 0.5466 -0.7719 -0.3245
vn 0.4427 -0.8898 0.1109
vn 0.4959 -0.7943 0.3509
vn 0.5194 -0.7428 0.4225
vn 0.2262 -0.8171 0.5302
vn 0.2213 -0.8562 0.4668
vn 0.2276 -0.967 0.1146
vn 0.1228 -0.8689 0.4794
vn 0.1358 -0.9848 0.1085
vn 0.1187 -0.8256 0.5517
vn 0.2388 -0.9272 -0.2886
vn 0.2437 -0.8773 -0.4135
vn 0.1214 -0.8906 -0.4382
vn 0.1301 -0.9422 -0.3086
vn 0.6239 -0.2299 -0.7469
vn 0.2682 -0.311 -0.9118
vn 0.6653 -0.2018 -0.7188
vn 0.4158 -0.1991 -0.8874
vn 0.3406 -0.0347 -0.9396
vn 0.2608 -0.1294 -0.9567
vn 0.1592 -0.3355 -0.9285
vn 0.2055 -0.1469 -0.9676
vn 0.129 -0.5468 -0.8273
vn 0.2665 -0.5224 -0.81
vn 0.6369 -0.4271 -0.6418
vn 0.2571 -0.8176 0.5152
vn 0.2347 -0.817 0.5267
vn 0.6147 -0.6721 0.4128
vn 0.5637 -0.7059 0.4289
vn 0.1177 -0.8314 0.543
vn 0.116 -0.8422 0.5266
vn 0.933 -0.3152 0.1737
vn 0.8749 -0.4411 0.1999
vn 0.99 -0.063 -0.1262
vn 0.9881 -0.1013 -0.1158
vn 0.8491 0.2567 0.4617
vn 0.8977 0.3125 0.3105
vn 0.2456 -0.9626 0.1144
vn 0.2347 -0.9665 0.1042
vn 0.2289 -0.9713 0.0647
vn 0.2259 -0.9722 0.0607
vn 0.2492 -0.938 0.2411
vn 0.216 -0.955 0.2033
vn 0.2568 -0.9505 0.1749
vn 0.234 -0.9598 0.1548
vn 0.6963 0.1307 0.7057
vn 0.7831 0.1946 0.5906
vn 0.4337 0.0162 0.9009
vn 0.5846 0.0703 0.8083
vn 0.1535 -0.9316 0.3294
vn 0.1271 -0.9553 0.2669
vn 0.2102 -0.9322 0.2946
vn 0.1779 -0.9536 0.2428
vn 0.0689 -0.9569 0.282
vn 0.0813 -0.9343 0.3472
vn 0.1109 -0.038 0.9931
vn 0.243 -0.0221 0.9698
vn 0.0862 -0.9556 -0.2817
vn 0.1375 -0.9608 -0.2405
vn 0.0659 -0.9805 -0.1852
vn 0.1094 -0.9792 -0.1706
vn 0.1923 -0.9724 -0.132
vn 0.1812 -0.9773 -0.1099
vn 0.148 -0.9786 -0.1432
vn 0.1692 -0.9673 -0.1891
vn 0.2007 -0.9759 -0.0861
vn 0.2062 -0.9774 -0.0465
vn 0.2006 -0.9767 -0.0767
vn 0.2127 -0.9761 -0.0448
vn 0.2171 -0.9759 0.0225
vn 0.22 -0.9754 0.0125
vn 0.2101 -0.9776 -0.0115
vn 0.2177 -0.9759 -0.0146
vn 0.2094 -0.9752 0.0723
vn 0.2174 -0.9753 0.04
vn 0.1609 -0.9775 0.1364
vn 0.1914 -0.976 0.104
vn 0.1238 -0.9794 0.1593
vn 0.085 -0.981 0.1747
vn 0.0453 -0.9822 0.1821
vn 0.5375 -0.0408 -0.8423
vn 0.5383 -0.0408 -0.8418
vn 0.3256 -0.0434 -0.9445
vn 0.327 -0.0434 -0.944
vn 0.8517 -0.0356 -0.5228
vn 0.8524 -0.0356 -0.5217
vn 0.7105 -0.0385 -0.7027
vn 0.7119 -0.0385 -0.7013
vn 0.9776 -0.0326 -0.2078
vn 0.9777 -0.0326 -0.2075
vn 0.9321 -0.0338 -0.3606
vn 0.9326 -0.0338 -0.3594
vn 0.9982 -0.0325 0.0505
vn 0.9994 -0.0322 0.0091
vn 0.9982 -0.0324 0.0508
vn 0.9461 -0.0349 0.3221
vn 0.9464 -0.0349 0.3212
vn 0.9833 -0.0335 0.1788
vn 0.9832 -0.0335 0.1795
vn 0.7563 -0.04 0.653
vn 0.7572 -0.04 0.6519
vn 0.8752 -0.0373 0.4823
vn 0.8742 -0.0373 0.4841
vn 0.4268 -0.0446 0.9032
vn 0.4274 -0.0446 0.903
vn 0.601 -0.0427 0.7981
vn 0.5999 -0.0427 0.7989
vn 0.2323 -0.0463 0.9715
vn 0.2317 -0.0463 0.9717
vn 0.8736 -0.4138 0.2561
vn 0.9165 -0.3398 0.2112
vn 0.9744 -0.2113 0.0763
vn 0.8878 -0.4359 0.1479
vn 0.8595 -0.4516 0.2396
vn 0.8354 -0.4777 0.2717
vn 0.9654 0.0639 -0.253
vn 0.9723 -0.019 -0.2328
vn 0.9464 0.058 -0.3177
vn 0.6683 -0.707 0.2313
vn 0.7766 -0.6178 0.1231
vn 0.3494 -0.9181 0.1873
vn 0.495 -0.8688 -0.0139
vn 0.9115 -0.3261 -0.2505
vn 0.5616 -0.7648 -0.3157
vn 0.1547 -0.972 0.177
vn 0.1991 -0.9739 -0.1093
vn 0.0836 -0.9823 0.1677
vn 0.0997 -0.9857 -0.1359
vn 0.2349 -0.9197 -0.3145
vn 0.1152 -0.9421 -0.3151
vn 0.9899 0.0358 -0.1375
vn 0.9939 -0.0083 -0.11
vn 0.9851 -0.0954 -0.1431
vn 0.9225 -0.2199 -0.3171
vn 0.3229 -0.8732 0.365
vn 0.7749 -0.6269 0.0812
vn 0.1207 -0.9069 0.4036
vn 0.9552 -0.2325 -0.1831
vn 0.9605 0.0003 -0.2782
vn 0.2041 -0.9779 -0.0444
vn 0.2016 -0.9759 -0.0834
vn 0.2156 -0.9761 0.0251
vn 0.2075 -0.9782 -0.0098
vn 0.9243 0.3545 0.1418
vn 0.926 0.3757 -0.037
vn 0.8052 0.5926 -0.0217
vn 0.7999 0.5865 0.1274
vn 0.7957 0.582 -0.1677
vn 0.904 0.3726 -0.2097
vn 0.8571 0.3446 -0.383
vn 0.7692 0.5523 -0.3214
vn 0.4649 0.3614 -0.8082
vn 0.4716 0.1392 -0.8708
vn 0.2837 0.0873 -0.9549
vn 0.282 0.3097 -0.908
vn 0.1569 -0.9504 -0.2685
vn 0.1055 -0.9389 -0.3276
vn 0.1981 -0.9711 -0.1328
vn 0.1852 -0.9635 -0.1934
vn 0.7754 0.2901 -0.5608
vn 0.6438 0.2177 -0.7336
vn 0.7158 0.5022 -0.4853
vn 0.6108 0.4347 -0.6618
vn 0.7398 0.6134 -0.2765
vn 0.7628 0.6311 -0.1411
vn 0.7697 0.6382 -0.0146
vn 0.7668 0.631 0.1179
vn 0.8395 0.5329 0.1063
vn 0.8352 0.5493 -0.0261
vn 0.8128 0.5643 -0.1444
vn 0.7789 0.5697 -0.2623
vn 0.7446 0.525 -0.4123
vn 0.9121 0.3489 -0.2153
vn 0.9338 0.278 -0.2254
vn 0.7591 0.4884 -0.4303
vn 0.737 0.4882 -0.4674
vn 0.9315 0.27 -0.2437
vn 0.9365 0.2177 -0.2751
vn 0.7374 0.4181 -0.5306
vn 0.7518 0.2662 -0.6033
vn 0.9414 0.1294 -0.3114
vn 0.9477 0.0304 -0.3178
vn 0.7737 0.0736 -0.6292
vn 0.8067 -0.127 -0.5772
vn 0.9609 -0.0551 -0.2712
vn 0.9789 -0.1151 0.1689
vn 0.9912 -0.132 -0.01
vn 0.9871 0.1187 -0.1076
vn 0.9938 0.1056 0.0339
vn 0.8472 -0.5178 0.1191
vn 0.8047 -0.5091 0.3056
vn 0.971 0.228 -0.0715
vn 0.7862 0.5063 -0.3542
vn 0.9432 0.2461 -0.2234
vn 0.9008 0.3748 -0.2195
vn 0.6568 0.646 -0.3889
vn 0.6406 0.6577 -0.3963
vn 0.8815 0.4051 -0.2427
vn 0.3775 -0.851 0.365
vn 0.4337 -0.8718 0.2277
vn 0.2077 -0.9457 0.2502
vn 0.1618 -0.9151 0.3693
vn 0.6014 0.5388 -0.59
vn 0.6975 0.581 -0.4194
vn 0.7268 0.5705 -0.3826
vn 0.6241 0.5763 -0.5276
vn 0.4905 0.5654 -0.6631
vn 0.4717 0.4901 -0.733
vn 0.3014 0.5729 -0.7622
vn 0.2872 0.4572 -0.8417
vn 0.4628 0.6832 -0.5648
vn 0.4742 0.6728 -0.5679
vn 0.2871 0.7297 -0.6206
vn 0.2826 0.7393 -0.6112
vn 0.459 0.6539 -0.6015
vn 0.4653 0.5704 -0.6769
vn 0.277 0.632 -0.7237
vn 0.2753 0.714 -0.6438
vn 0.4869 0.3908 -0.7812
vn 0.5152 0.1506 -0.8437
vn 0.2993 0.2083 -0.9312
vn 0.288 0.4518 -0.8444
vn 0.5495 -0.1476 -0.8224
vn 0.3124 -0.1205 -0.9423
vn 0.7012 -0.419 0.5768
vn 0.8752 -0.0449 0.4816
vn 0.931 0.1102 0.3481
vn 0.9537 0.1722 0.2468
vn 0.9644 0.1837 0.1905
vn 0.2968 -0.7804 0.5503
vn 0.1026 -0.8439 0.5266
vn 0.8411 0.3265 -0.4312
vn 0.723 0.3621 -0.5884
vn 0.9025 0.1847 -0.3891
vn 0.7406 0.0763 -0.6676
vn 0.9137 0.0472 -0.4036
vn 0.967 0.1046 -0.2323
vn 0.9324 0.1314 -0.3367
vn 0.8232 0.0696 -0.5634
vn 0.7498 0.2665 -0.6056
vn 0.4241 0.7907 -0.4415
vn 0.3257 0.7971 -0.5085
vn 0.2647 0.84 -0.4736
vn 0.2811 0.8418 -0.4609
vn 0.3109 0.8383 -0.4479
vn 0.2165 0.8032 -0.5551
vn 0.6435 0.5445 0.538
vn 0.6765 0.639 0.3661
vn 0.5661 0.6467 0.5111
vn 0.594 0.7255 0.3475
vn 0.6007 0.7889 0.1297
vn 0.7028 0.6909 0.1697
vn 0.7919 0.5746 0.2069
vn 0.7467 0.5078 0.4295
vn 0.6988 0.4534 0.5532
vn 0.6726 0.6639 0.3269
vn 0.6433 0.6707 0.3692
vn 0.6215 0.6983 -0.3552
vn 0.3774 0.1481 -0.9141
vn 0.3213 0.1296 -0.938
vn 0.8641 -0.0414 -0.5016
vn 0.6764 0.0414 0.7354
vn 0.3139 0.232 0.9207
vn 0.3992 0.2499 0.8821
vn 0.7317 0.0704 0.678
vn 0.7595 0.083 0.6452
vn 0.4474 0.2581 0.8563
vn 0.2539 0.364 0.8961
vn 0.2035 0.3383 0.9188
vn 0.1489 0.3095 0.9392
vn -0.6836 0.7229 0.1008
vn -0.7185 0.6936 0.0526
vn -0.3917 0.5863 -0.7091
vn -0.4102 0.5426 -0.733
vn -0.7715 0.6346 -0.0462
vn -0.4486 0.4822 -0.7525
vn -0.6407 0.6769 0.3623
vn -0.6866 0.6161 0.3861
vn -0.6265 0.6939 0.3549
vn 0.2822 0.1265 -0.951
vn 0.7471 -0.0375 -0.6636
vn 0.1937 0.1404 -0.971
vn 0.633 -0.0391 -0.7732
vn 0.9733 -0.0485 0.2245
vn 0.9821 -0.0739 0.1734
vn 0.9876 -0.1233 0.0973
vn 0.8941 0.3393 -0.2922
vn 0.8155 0.4064 -0.412
vn 0.8649 0.2872 -0.4116
vn 0.8654 0.3701 -0.3378
vn 0.6928 0.5047 -0.5151
vn 0.68 0.5414 -0.4944
vn 0.3097 0.6809 -0.6637
vn 0.7109 0.4779 -0.516
vn 0.3098 0.6507 -0.6933
vn 0.8918 0.319 -0.3209
vn 0.9236 0.2578 -0.2837
vn 0.7381 0.3897 -0.5507
vn 0.3571 0.5629 -0.7454
vn 0.351 0.4935 -0.7958
vn 0.7488 0.3559 -0.5592
vn 0.9583 0.0987 -0.2681
vn 0.9424 0.2008 -0.2673
vn 0.7792 0.3938 -0.4876
vn 0.6241 0.0266 -0.7809
vn 0.2947 0.5658 -0.7701
vn 0.1243 0.3059 -0.9439
vn 0.0053 0.0001 -1
vn 0.3587 -0.381 -0.8522
vn 0.6947 -0.5404 -0.4748
vn 0.9024 -0.2599 -0.3435
vn 0.9775 0.0542 -0.2036
vn 0.9744 -0.0068 -0.2246
vn 0.9042 -0.1027 -0.4147
vn 0.9058 -0.1137 -0.4082
vn 0.1558 0.5097 -0.8461
vn 0.2352 0.2805 -0.9306
vn 0.1811 0.2669 -0.9466
vn 0.0906 0.5218 -0.8482
vn 0.2835 0.284 -0.9159
vn 0.9616 0.1578 -0.2244
vn 0.9801 0.0967 -0.1733
vn 0.1511 0.6767 -0.7206
vn 0.1378 0.61 -0.7803
vn 0.0872 0.6769 -0.7309
vn 0.0708 0.6103 -0.789
vn 0.9225 0.2039 -0.3278
vn 0.1766 0.6907 -0.7013
vn 0.1117 0.6911 -0.7141
vn 0.7762 0.3294 -0.5376
vn 0.3688 -0.2307 -0.9004
vn 0.566 -0.0157 -0.8243
vn 0.6809 -0.0655 -0.7294
vn 0.6947 -0.2986 -0.6544
vn 0.7754 0.6294 -0.0507
vn 0.0385 0.802 -0.596
vn 0.5582 0.0297 -0.8291
vn 0.9838 0.0678 0.1658
vn 0.2599 -0.0101 -0.9656
vn 0.9064 -0.1716 -0.3859
vn 0.6675 0.0105 -0.7445
vn 0.7159 -0.0054 -0.6982
vn 0.9221 0.0513 -0.3836
vn -0.4176 0.4664 -0.7798
vn -0.392 -0.0335 -0.9193
vn 0.7457 0.3431 -0.5712
vn 0.6673 0.0765 -0.7408
vn 0.4508 0.3833 -0.8062
vn 0.5874 0.0856 -0.8047
vn 0.0639 -0.6828 -0.7278
vn 0.6212 -0.7382 -0.2631
vn 0.2789 0.2484 -0.9277
vn 0.5752 0.0337 -0.8173
vn 0.9029 -0.4162 0.1075
vn 0.7124 0.6954 0.0943
vn -0.0613 0.8768 -0.477
vn 0.938 0.079 0.3374
vn -0.4692 0.4776 -0.7428
vn -0.5198 -0.0654 -0.8518
vn -0.102 -0.7744 -0.6244
vn 0.514 -0.8543 -0.0775
vn 0.8517 -0.454 0.2617
vn 0.9887 -0.0322 -0.1466
vn 0.1494 0.4391 -0.8859
vn 0.1582 0.5604 -0.813
vn 0.1421 0.2843 -0.9481
vn 0.1377 0.0627 -0.9885
vt 0.7005 0.5702
vt 0.7281 0.5759
vt 0.7212 0.6106
vt 0.6957 0.6053
vt 0.7463 0.6177
vt 0.7552 0.583
vt 0.7813 0.5922
vt 0.7711 0.6261
vt 0.7954 0.6354
vt 0.8072 0.6015
vt 0.8321 0.6124
vt 0.8193 0.6457
vt 0.8428 0.6566
vt 0.8566 0.6232
vt 0.8803 0.635
vt 0.8659 0.668
vt 0.8888 0.6795
vt 0.9039 0.6465
vt 0.9272 0.6577
vt 0.912 0.6907
vt 0.0477 0.6933
vt 0.03 0.6616
vt 0.0525 0.6484
vt 0.0698 0.6801
vt 0.0919 0.6669
vt 0.0751 0.6349
vt 0.0985 0.6221
vt 0.1144 0.6542
vt 0.1373 0.6418
vt 0.1221 0.6093
vt 0.1466 0.5978
vt 0.1607 0.6303
vt 0.1845 0.6195
vt 0.1712 0.5863
vt 0.1968 0.5764
vt 0.2088 0.6096
vt 0.2335 0.6006
vt 0.2224 0.5666
vt 0.2487 0.5586
vt 0.2586 0.5925
vt 0.2839 0.5854
vt 0.2752 0.5508
vt 0.3021 0.5448
vt 0.3095 0.5794
vt 0.3353 0.5742
vt 0.3291 0.5391
vt 0.3564 0.5352
vt 0.3613 0.5702
vt 0.3874 0.567
vt 0.3837 0.5315
vt 0.4111 0.5296
vt 0.4136 0.5649
vt 0.4398 0.5636
vt 0.4386 0.5279
vt 0.4661 0.5281
vt 0.466 0.5635
vt 0.4922 0.5642
vt 0.4935 0.5285
vt 0.5183 0.5661
vt 0.5207 0.5307
vt 0.5443 0.5687
vt 0.5478 0.533
vt 0.5746 0.5371
vt 0.5701 0.5724
vt 0.5958 0.5769
vt 0.6011 0.5414
vt 0.6271 0.5472
vt 0.6211 0.5825
vt 0.6463 0.5889
vt 0.6527 0.5535
vt 0.6774 0.5611
vt 0.6711 0.5965
vt 0.745 0.6226
vt 0.7201 0.6156
vt 0.7185 0.6218
vt 0.7433 0.6289
vt 0.6947 0.6101
vt 0.6933 0.6162
vt 0.7938 0.6402
vt 0.7696 0.6309
vt 0.7917 0.6464
vt 0.7677 0.6372
vt 0.8409 0.6613
vt 0.8175 0.6505
vt 0.8153 0.6566
vt 0.8386 0.6675
vt 0.8866 0.6842
vt 0.8638 0.6728
vt 0.8614 0.6789
vt 0.884 0.6902
vt 0.0503 0.6978
vt 0.0283 0.7105
vt 0.0255 0.7062
vt 0.032 0.716
vt 0.0534 0.7036
vt 0.9095 0.6953
vt 0.9062 0.701
vt 0.0941 0.6715
vt 0.0721 0.6847
vt 0.075 0.6906
vt 0.0969 0.6774
vt 0.1394 0.6465
vt 0.1165 0.6588
vt 0.1419 0.6525
vt 0.1192 0.6647
vt 0.1864 0.6242
vt 0.1627 0.635
vt 0.1887 0.6303
vt 0.1651 0.6411
vt 0.235 0.6054
vt 0.2105 0.6144
vt 0.2127 0.6205
vt 0.237 0.6116
vt 0.2851 0.5903
vt 0.2599 0.5974
vt 0.2867 0.5966
vt 0.2617 0.6036
vt 0.3362 0.5792
vt 0.3106 0.5843
vt 0.3119 0.5907
vt 0.3373 0.5856
vt 0.3879 0.572
vt 0.362 0.5752
vt 0.3886 0.5785
vt 0.3629 0.5816
vt 0.44 0.5687
vt 0.4139 0.5699
vt 0.4144 0.5764
vt 0.4403 0.5752
vt 0.4921 0.5693
vt 0.4661 0.5686
vt 0.4919 0.5758
vt 0.4661 0.5751
vt 0.5438 0.5738
vt 0.518 0.5711
vt 0.5433 0.5803
vt 0.5176 0.5776
vt 0.595 0.582
vt 0.5695 0.5775
vt 0.5687 0.584
vt 0.5941 0.5884
vt 0.6454 0.5939
vt 0.6203 0.5876
vt 0.6441 0.6003
vt 0.6192 0.594
vt 0.6701 0.6015
vt 0.6687 0.6078
vt 0.7404 0.6386
vt 0.7159 0.6315
vt 0.6909 0.6256
vt 0.7885 0.656
vt 0.7646 0.6468
vt 0.8351 0.677
vt 0.8119 0.6662
vt 0.8803 0.6999
vt 0.8578 0.6885
vt 0.0578 0.713
vt 0.0365 0.7253
vt 0.9024 0.7106
vt 0.1011 0.6867
vt 0.0794 0.6999
vt 0.1459 0.6618
vt 0.1234 0.674
vt 0.1923 0.6397
vt 0.1689 0.6504
vt 0.2401 0.6212
vt 0.216 0.63
vt 0.2892 0.6064
vt 0.2645 0.6133
vt 0.3391 0.5955
vt 0.314 0.6005
vt 0.3898 0.5885
vt 0.3644 0.5916
vt 0.4407 0.5853
vt 0.4152 0.5865
vt 0.4916 0.586
vt 0.4662 0.5852
vt 0.5423 0.5904
vt 0.517 0.5877
vt 0.5925 0.5985
vt 0.5675 0.594
vt 0.642 0.6102
vt 0.6173 0.604
vt 0.6664 0.6175
vt 0.7355 0.6545
vt 0.7114 0.6472
vt 0.6869 0.6408
vt 0.7829 0.6717
vt 0.7595 0.6622
vt 0.8293 0.6926
vt 0.8064 0.6815
vt 0.8749 0.716
vt 0.8522 0.7041
vt 0.0642 0.7287
vt 0.042 0.7414
vt 0.898 0.7271
vt 0.108 0.7018
vt 0.086 0.715
vt 0.1526 0.677
vt 0.13 0.6888
vt 0.1983 0.6552
vt 0.1752 0.6654
vt 0.2453 0.637
vt 0.2215 0.6453
vt 0.2933 0.6226
vt 0.269 0.629
vt 0.3422 0.612
vt 0.3175 0.6164
vt 0.3916 0.6052
vt 0.3668 0.6077
vt 0.4414 0.6021
vt 0.4165 0.6028
vt 0.4912 0.6028
vt 0.4663 0.6015
vt 0.5408 0.6071
vt 0.5161 0.6041
vt 0.5899 0.6151
vt 0.5655 0.6103
vt 0.6385 0.6265
vt 0.6144 0.62
vt 0.6626 0.6334
vt 0.7317 0.6664
vt 0.7079 0.659
vt 0.7271 0.6802
vt 0.7036 0.673
vt 0.6799 0.6663
vt 0.6837 0.6526
vt 0.7787 0.6834
vt 0.7555 0.6739
vt 0.7734 0.6969
vt 0.7505 0.6877
vt 0.8249 0.7042
vt 0.802 0.693
vt 0.8193 0.7174
vt 0.7965 0.7064
vt 0.8708 0.7278
vt 0.8479 0.7156
vt 0.8653 0.7411
vt 0.8423 0.7288
vt 0.0464 0.7534
vt 0.0691 0.7401
vt 0.0754 0.7529
vt 0.0531 0.7669
vt 0.8886 0.7534
vt 0.8944 0.7395
vt 0.0911 0.7262
vt 0.1132 0.713
vt 0.1196 0.7258
vt 0.0975 0.739
vt 0.1352 0.7
vt 0.1576 0.6883
vt 0.1637 0.7014
vt 0.1415 0.713
vt 0.2029 0.6669
vt 0.1799 0.6767
vt 0.2084 0.6804
vt 0.1858 0.6902
vt 0.2492 0.649
vt 0.2257 0.657
vt 0.2538 0.6629
vt 0.2308 0.6708
vt 0.2725 0.6409
vt 0.2964 0.6348
vt 0.3002 0.6491
vt 0.2768 0.6551
vt 0.3203 0.6286
vt 0.3445 0.6245
vt 0.3472 0.6389
vt 0.3235 0.6431
vt 0.3687 0.6201
vt 0.3931 0.6178
vt 0.3948 0.6324
vt 0.3709 0.6348
vt 0.4175 0.6152
vt 0.442 0.6148
vt 0.4427 0.6295
vt 0.4187 0.6301
vt 0.4665 0.614
vt 0.4909 0.6155
vt 0.4906 0.6302
vt 0.4667 0.6289
vt 0.5154 0.6166
vt 0.5397 0.6198
vt 0.5384 0.6345
vt 0.5146 0.6315
vt 0.588 0.6276
vt 0.564 0.6227
vt 0.5858 0.6421
vt 0.5622 0.6374
vt 0.6121 0.6322
vt 0.6359 0.6388
vt 0.6328 0.6531
vt 0.6094 0.6468
vt 0.6598 0.6453
vt 0.6563 0.6595
vt 0.7221 0.6946
vt 0.6991 0.6874
vt 0.7164 0.71
vt 0.6939 0.7028
vt 0.6713 0.6963
vt 0.6758 0.6808
vt 0.7676 0.7109
vt 0.7451 0.7019
vt 0.7609 0.7257
vt 0.7389 0.717
vt 0.8128 0.7309
vt 0.7903 0.7201
vt 0.805 0.7449
vt 0.7832 0.7346
vt 0.8582 0.7542
vt 0.8356 0.742
vt 0.8492 0.7674
vt 0.8273 0.7556
vt 0.0833 0.7656
vt 0.0612 0.7802
vt 0.093 0.7782
vt 0.0725 0.7931
vt 0.8707 0.7809
vt 0.8812 0.7672
vt 0.1269 0.7388
vt 0.105 0.7517
vt 0.1355 0.7523
vt 0.1141 0.7647
vt 0.1704 0.715
vt 0.1485 0.7262
vt 0.178 0.7294
vt 0.1565 0.7401
vt 0.2143 0.6946
vt 0.1921 0.7039
vt 0.2209 0.7096
vt 0.1992 0.7187
vt 0.2588 0.6775
vt 0.2363 0.6851
vt 0.2643 0.6932
vt 0.2423 0.7005
vt 0.3041 0.6641
vt 0.2812 0.6698
vt 0.3085 0.6802
vt 0.2861 0.6857
vt 0.3501 0.6542
vt 0.3269 0.6581
vt 0.3533 0.6706
vt 0.3307 0.6744
vt 0.3967 0.6479
vt 0.3733 0.65
vt 0.3987 0.6645
vt 0.3758 0.6665
vt 0.4435 0.6451
vt 0.42 0.6455
vt 0.4443 0.6618
vt 0.4214 0.6621
vt 0.4903 0.6458
vt 0.4669 0.6444
vt 0.49 0.6626
vt 0.4671 0.6611
vt 0.537 0.65
vt 0.5137 0.6469
vt 0.5355 0.6666
vt 0.5128 0.6636
vt 0.5834 0.6575
vt 0.5603 0.6528
vt 0.5808 0.6739
vt 0.5583 0.6693
vt 0.6295 0.6681
vt 0.6065 0.6619
vt 0.6258 0.6842
vt 0.6034 0.6781
vt 0.6525 0.6742
vt 0.6486 0.69
vt 0.7006 0.7461
vt 0.68 0.7398
vt 0.6593 0.7341
vt 0.7413 0.7602
vt 0.721 0.7529
vt 0.7812 0.7765
vt 0.7613 0.7681
vt 0.8197 0.7954
vt 0.8007 0.7856
vt 0.1237 0.8046
vt 0.1069 0.8175
vt 0.8373 0.807
vt 0.1605 0.7827
vt 0.1419 0.7933
vt 0.1987 0.7629
vt 0.1795 0.7726
vt 0.238 0.7454
vt 0.2183 0.7539
vt 0.2783 0.7305
vt 0.258 0.7377
vt 0.3196 0.7186
vt 0.2989 0.7243
vt 0.3617 0.7097
vt 0.3406 0.7138
vt 0.4044 0.7041
vt 0.383 0.7066
vt 0.4473 0.7018
vt 0.4258 0.7026
vt 0.4904 0.7027
vt 0.4689 0.7019
vt 0.5332 0.7066
vt 0.5118 0.7044
vt 0.5757 0.7135
vt 0.5545 0.7098
vt 0.6177 0.7228
vt 0.5967 0.718
vt 0.6386 0.7282
vt 0.6728 0.762
vt 0.6927 0.768
vt 0.6701 0.7706
vt 0.6897 0.7766
vt 0.6846 0.7916
vt 0.6654 0.7857
vt 0.6503 0.765
vt 0.646 0.7801
vt 0.6528 0.7563
vt 0.7123 0.7747
vt 0.7318 0.7816
vt 0.7091 0.7831
vt 0.7283 0.79
vt 0.7224 0.8047
vt 0.7036 0.7979
vt 0.751 0.7892
vt 0.7699 0.7972
vt 0.7658 0.8055
vt 0.7472 0.7975
vt 0.7409 0.8121
vt 0.7592 0.82
vt 0.7882 0.8059
vt 0.806 0.8151
vt 0.784 0.8141
vt 0.8016 0.8234
vt 0.7771 0.8286
vt 0.7947 0.8379
vt 0.1224 0.8346
vt 0.1387 0.8233
vt 0.1436 0.8313
vt 0.1272 0.8423
vt 0.1516 0.8452
vt 0.1348 0.8563
vt 0.8187 0.8331
vt 0.8123 0.8476
vt 0.823 0.825
vt 0.1556 0.8128
vt 0.1731 0.8026
vt 0.1778 0.8106
vt 0.1604 0.8207
vt 0.1684 0.8346
vt 0.1855 0.8246
vt 0.1912 0.793
vt 0.2095 0.7837
vt 0.2136 0.792
vt 0.1955 0.8011
vt 0.2029 0.8152
vt 0.2205 0.8063
vt 0.2282 0.7752
vt 0.2471 0.767
vt 0.2506 0.7755
vt 0.232 0.7835
vt 0.2385 0.798
vt 0.2566 0.7902
vt 0.2664 0.7597
vt 0.2858 0.7527
vt 0.2696 0.7682
vt 0.2887 0.7614
vt 0.2751 0.7831
vt 0.2937 0.7765
vt 0.3056 0.7468
vt 0.3255 0.7412
vt 0.3277 0.7501
vt 0.3081 0.7555
vt 0.3316 0.7655
vt 0.3126 0.7707
vt 0.3457 0.7368
vt 0.3659 0.7328
vt 0.3476 0.7456
vt 0.3675 0.7418
vt 0.3703 0.7574
vt 0.3509 0.7611
vt 0.3864 0.7298
vt 0.4069 0.7274
vt 0.4078 0.7365
vt 0.3876 0.7388
vt 0.3898 0.7545
vt 0.4094 0.7523
vt 0.4276 0.726
vt 0.4482 0.7252
vt 0.4485 0.7343
vt 0.4282 0.7351
vt 0.4292 0.7509
vt 0.449 0.7502
vt 0.4689 0.7254
vt 0.4897 0.726
vt 0.4893 0.7352
vt 0.4689 0.7344
vt 0.4688 0.7503
vt 0.4886 0.751
vt 0.5103 0.7278
vt 0.5309 0.7299
vt 0.5097 0.7368
vt 0.53 0.739
vt 0.5283 0.7548
vt 0.5085 0.7526
vt 0.5515 0.7331
vt 0.5719 0.7366
vt 0.5704 0.7456
vt 0.5502 0.742
vt 0.5678 0.7611
vt 0.548 0.7577
vt 0.5923 0.7409
vt 0.6126 0.7455
vt 0.6105 0.7544
vt 0.5905 0.7498
vt 0.5874 0.7652
vt 0.607 0.7698
vt 0.6327 0.7508
vt 0.6305 0.7595
vt 0.6265 0.7748
vt 0.6648 0.7876
vt 0.684 0.7935
vt 0.7486 0.914
vt 0.7443 0.9301
vt 0.6542 0.8973
vt 0.7501 0.8973
vt 0.6454 0.7821
vt 0.7217 0.8066
vt 0.7029 0.7998
vt 0.7372 0.9452
vt 0.7276 0.9589
vt 0.7583 0.8218
vt 0.7401 0.814
vt 0.7158 0.9706
vt 0.7021 0.9802
vt 0.7938 0.8397
vt 0.7762 0.8304
vt 0.687 0.9872
vt 0.6709 0.9915
vt 0.1526 0.8469
vt 0.1359 0.8579
vt 0.6542 0.993
vt 0.6376 0.9915
vt 0.8113 0.8493
vt 0.1864 0.8263
vt 0.1694 0.8363
vt 0.6215 0.9872
vt 0.6064 0.9802
vt 0.2038 0.817
vt 0.2214 0.8081
vt 0.5927 0.9706
vt 0.5809 0.9589
vt 0.2574 0.7921
vt 0.2393 0.7998
vt 0.5713 0.9452
vt 0.5642 0.9301
vt 0.2943 0.7784
vt 0.2758 0.785
vt 0.5599 0.9139
vt 0.5585 0.8973
vt 0.3131 0.7727
vt 0.3321 0.7675
vt 0.5599 0.8807
vt 0.5642 0.8645
vt 0.3513 0.7631
vt 0.3706 0.7594
vt 0.5713 0.8494
vt 0.5809 0.8357
vt 0.3901 0.7565
vt 0.4096 0.7543
vt 0.5927 0.824
vt 0.6064 0.8144
vt 0.449 0.7522
vt 0.4293 0.7529
vt 0.6215 0.8074
vt 0.6376 0.8031
vt 0.4688 0.7523
vt 0.4885 0.753
vt 0.6542 0.8016
vt 0.6709 0.8031
vt 0.5083 0.7546
vt 0.528 0.7568
vt 0.687 0.8074
vt 0.7021 0.8144
vt 0.5477 0.7597
vt 0.5674 0.7631
vt 0.7158 0.824
vt 0.7276 0.8357
vt 0.6066 0.7717
vt 0.587 0.7672
vt 0.7372 0.8494
vt 0.7443 0.8646
vt 0.626 0.7767
vt 0.7486 0.8807
vt 0.0076 0.6746
vt 0.696 0.7586
vt 0.6758 0.7526
vt 0.6555 0.7468
vt 0.7358 0.7724
vt 0.7159 0.7654
vt 0.7745 0.7882
vt 0.7552 0.7802
vt 0.8115 0.8063
vt 0.7933 0.7971
vt 0.1326 0.815
vt 0.1164 0.8267
vt 0.8285 0.8168
vt 0.1679 0.7939
vt 0.15 0.8043
vt 0.205 0.7748
vt 0.1863 0.7843
vt 0.2433 0.7578
vt 0.2241 0.7662
vt 0.2827 0.7432
vt 0.2629 0.7504
vt 0.323 0.7315
vt 0.3028 0.7372
vt 0.3641 0.7229
vt 0.3435 0.7271
vt 0.4059 0.7174
vt 0.385 0.72
vt 0.4479 0.7152
vt 0.4269 0.7161
vt 0.49 0.7161
vt 0.469 0.7155
vt 0.532 0.72
vt 0.511 0.7179
vt 0.5736 0.7267
vt 0.5528 0.7233
vt 0.6148 0.7358
vt 0.5942 0.7312
vt 0.6351 0.7412
vt 0.2069 0.837
vt 0.2165 0.8345
vt 0.2264 0.8907
vt 0.2264 0.8336
vt 0.1897 0.847
vt 0.1979 0.8413
vt 0.177 0.8621
vt 0.1827 0.854
vt 0.1702 0.8808
vt 0.1728 0.8712
vt 0.1702 0.9006
vt 0.1693 0.8907
vt 0.177 0.9192
vt 0.1728 0.9102
vt 0.1897 0.9344
vt 0.1827 0.9274
vt 0.2069 0.9443
vt 0.1979 0.9401
vt 0.2264 0.9478
vt 0.2165 0.9469
vt 0.2459 0.9443
vt 0.2363 0.9469
vt 0.2631 0.9344
vt 0.2549 0.9401
vt 0.2758 0.9192
vt 0.2701 0.9274
vt 0.2826 0.9006
vt 0.28 0.9102
vt 0.2826 0.8808
vt 0.2835 0.8907
vt 0.2758 0.8621
vt 0.28 0.8712
vt 0.2631 0.847
vt 0.2701 0.854
vt 0.2459 0.837
vt 0.2549 0.8413
vt 0.2363 0.8345
vt 0.7926 0.3885
vt 0.78 0.3873
vt 0.7922 0.3845
vt 0.7761 0.3859
vt 0.7463 0.539
vt 0.7489 0.5363
vt 0.7609 0.5329
vt 0.7599 0.5298
vt 0.8732 0.3791
vt 0.8757 0.3824
vt 0.855 0.3891
vt 0.8567 0.3929
vt 0.8364 0.3977
vt 0.8357 0.3937
vt 0.8162 0.4982
vt 0.8381 0.4994
vt 0.8374 0.5028
vt 0.8163 0.5016
vt 0.7965 0.5059
vt 0.7956 0.5026
vt 0.9016 0.3492
vt 0.905 0.3516
vt 0.8915 0.3682
vt 0.8884 0.3654
vt 0.8585 0.5055
vt 0.8778 0.5146
vt 0.876 0.5176
vt 0.8571 0.5086
vt 0.9226 0.3132
vt 0.9266 0.3146
vt 0.9172 0.3338
vt 0.9135 0.3318
vt 0.8963 0.5255
vt 0.9128 0.5388
vt 0.9103 0.5412
vt 0.8942 0.5282
vt 0.9276 0.2717
vt 0.9318 0.2711
vt 0.9274 0.2931
vt 0.9317 0.2936
vt 0.9262 0.5556
vt 0.9356 0.5757
vt 0.9232 0.5573
vt 0.9323 0.5767
vt 0.9148 0.2275
vt 0.9186 0.2254
vt 0.9223 0.2489
vt 0.9264 0.2475
vt 0.9406 0.5993
vt 0.9427 0.6224
vt 0.9371 0.5995
vt 0.9392 0.6221
vt 0.9067 0.1994
vt 0.9035 0.2022
vt 0.9394 0.6498
vt 0.9428 0.651
vt 0.8511 0.1422
vt 0.8539 0.1388
vt 0.8855 0.1721
vt 0.8827 0.1754
vt 0.9349 0.6846
vt 0.9201 0.728
vt 0.9168 0.7263
vt 0.9317 0.6829
vt 0.8189 0.1019
vt 0.8221 0.0988
vt 0.9079 0.7776
vt 0.9044 0.7762
vt 0.8063 0.065
vt 0.8024 0.0669
vt 0.7882 0.0224
vt 0.7924 0.0223
vt 0.9041 0.8147
vt 0.9078 0.8148
vt 0.9097 0.8611
vt 0.913 0.8596
vt 0.0354 0.5572
vt 0.0103 0.5572
vt 0.0354 0.5347
vt 0.0103 0.5347
vt 0.0071 0.5533
vt 0.0071 0.5347
vt 0.0381 0.537
vt 0.0381 0.5556
vt 0.0103 0.4706
vt 0.0071 0.4697
vt 0.0071 0.4511
vt 0.0103 0.4511
vt 0.0071 0.4268
vt 0.0103 0.4268
vt 0.0354 0.4511
vt 0.0354 0.4706
vt 0.0354 0.4268
vt 0.0381 0.4268
vt 0.0381 0.4511
vt 0.0381 0.4698
vt 0.0071 0.4
vt 0.0103 0.4
vt 0.0071 0.3702
vt 0.0103 0.3702
vt 0.0354 0.4
vt 0.0354 0.3702
vt 0.0381 0.3702
vt 0.0381 0.4
vt 0.0071 0.3369
vt 0.0103 0.3369
vt 0.0071 0.3016
vt 0.0103 0.3008
vt 0.0354 0.3369
vt 0.0354 0.3008
vt 0.0381 0.3017
vt 0.0381 0.3369
vt 0.0071 0.2657
vt 0.0103 0.2645
vt 0.0071 0.2325
vt 0.0103 0.2311
vt 0.0354 0.2645
vt 0.0354 0.2311
vt 0.0381 0.2326
vt 0.0381 0.2658
vt 0.0071 0.2054
vt 0.0103 0.2039
vt 0.0071 0.1808
vt 0.0103 0.1794
vt 0.0354 0.2039
vt 0.0354 0.1794
vt 0.0381 0.1809
vt 0.0381 0.2055
vt 0.0071 0.1436
vt 0.0103 0.1421
vt 0.0354 0.1421
vt 0.0381 0.1437
vt 0.0071 0.1125
vt 0.0103 0.1109
vt 0.0071 0.0759
vt 0.0103 0.0759
vt 0.0354 0.1109
vt 0.0354 0.0759
vt 0.0381 0.0759
vt 0.0381 0.1126
vt 0.0071 0.0426
vt 0.0103 0.0413
vt 0.0354 0.0413
vt 0.0381 0.0413
vt 0.0071 0.028
vt 0.0103 0.028
vt 0.0071 0.0119
vt 0.0103 0.0119
vt 0.0354 0.028
vt 0.0354 0.0119
vt 0.0381 0.028
vt 0.0381 0.0106
vt 0.8026 0.4393
vt 0.7989 0.4399
vt 0.7749 0.3888
vt 0.7793 0.3891
vt 0.7469 0.4791
vt 0.7628 0.4697
vt 0.76 0.5263
vt 0.7475 0.5352
vt 0.9338 0.396
vt 0.9103 0.4163
vt 0.8771 0.3837
vt 0.8578 0.3946
vt 0.8242 0.4516
vt 0.855 0.454
vt 0.8165 0.4963
vt 0.7956 0.5003
vt 0.9656 0.3472
vt 0.9519 0.3733
vt 0.9066 0.3523
vt 0.893 0.3692
vt 0.8849 0.4624
vt 0.911 0.4753
vt 0.8594 0.504
vt 0.8387 0.4978
vt 0.9799 0.2849
vt 0.9756 0.3172
vt 0.9281 0.3148
vt 0.9188 0.3343
vt 0.9342 0.4931
vt 0.9558 0.5159
vt 0.8974 0.5244
vt 0.8788 0.5134
vt 0.9687 0.2204
vt 0.9764 0.2515
vt 0.9336 0.2704
vt 0.9333 0.2935
vt 0.9732 0.5432
vt 0.984 0.5748
vt 0.9276 0.555
vt 0.914 0.538
vt 0.9478 0.1719
vt 0.9599 0.1951
vt 0.9207 0.2231
vt 0.9285 0.246
vt 0.9899 0.606
vt 0.9927 0.6327
vt 0.943 0.5998
vt 0.9375 0.5756
vt 0.9914 0.6587
vt 0.9813 0.7028
vt 0.9449 0.6534
vt 0.9455 0.6237
vt 0.8679 0.0797
vt 0.8939 0.1058
vt 0.8859 0.1685
vt 0.8548 0.1347
vt 0.9701 0.7412
vt 0.9367 0.6876
vt 0.8429 0.0544
vt 0.8243 0.0946
vt 0.8331 0.0257
vt 0.8368 0.0418
vt 0.7971 0.0229
vt 0.8098 0.0626
vt 0.9481 0.8429
vt 0.9498 0.8442
vt 0.9194 0.8655
vt 0.9179 0.8621
vt 0.9453 0.809
vt 0.9451 0.823
vt 0.9116 0.7804
vt 0.9119 0.8156
vt 0.7958 0.0181
vt 0.7957 0.0139
vt 0.831 0.0225
vt 0.8321 0.0202
vt 0.0787 0.5704
vt 0.0787 0.6078
vt 0.0495 0.5704
vt 0.0495 0.6078
vt 0.917 0.8572
vt 0.9487 0.8391
vt 0.9226 0.7313
vt 0.9574 0.7758
vt 0.7441 0.5375
vt 0.7436 0.48
vt 0.0089 0.6294
vt 0.0089 0.5714
vt 0.0357 0.5714
vt 0.0357 0.6294
vt 0.7943 0.3916
vt 0.8207 0.441
vt 0.8374 0.3999
vt 0.8835 0.4315
vt 0.9077 0.1962
vt 0.9202 0.1361
vt 0.7924 0.0187
vt 0.7904 0.0163
vt 0.0495 0.6124
vt 0.0787 0.6124
vt 0.9139 0.8656
vt 0.9146 0.8629
vt 0.0089 0.5688
vt 0.0357 0.5688
vt 0.0071 0.0083
vt 0.0103 0.0069
vt 0.0354 0.0069
vt 0.0381 0.0069
vt 0.0787 0.6174
vt 0.0495 0.6174
vt 0.8554 0.439
vt 0.8181 0.398
vt 0.0354 0.4991
vt 0.0103 0.4991
vt 0.0071 0.4991
vt 0.0381 0.501
vt 0.7787 0.5104
vt 0.7954 0.4567
vt 0.7787 0.5134
vt 0.7801 0.5164
vt 0.817 0.3952
vt 0.817 0.3912
vt 0.6895 0.0933
vt 0.6932 0.0683
vt 0.7115 0.0977
vt 0.7153 0.0733
vt 0.7079 0.1307
vt 0.6888 0.1285
vt 0.6698 0.1276
vt 0.6491 0.1269
vt 0.6489 0.0887
vt 0.671 0.0923
vt 0.6507 0.0593
vt 0.6725 0.0644
vt 0.7673 0.114
vt 0.7764 0.093
vt 0.7828 0.1217
vt 0.7945 0.1021
vt 0.769 0.1459
vt 0.7564 0.1409
vt 0.742 0.1369
vt 0.7254 0.1333
vt 0.7315 0.1021
vt 0.7503 0.1078
vt 0.7366 0.0787
vt 0.7573 0.0856
vt 0.6729 0.1614
vt 0.7068 0.1627
vt 0.7099 0.1932
vt 0.6803 0.1938
vt 0.6506 0.1953
vt 0.6371 0.1625
vt 0.7373 0.1652
vt 0.7613 0.1686
vt 0.76 0.192
vt 0.7375 0.1927
vt 0.7183 0.2208
vt 0.6919 0.2242
vt 0.727 0.2511
vt 0.7024 0.2552
vt 0.6785 0.2587
vt 0.666 0.2275
vt 0.7644 0.216
vt 0.7431 0.2186
vt 0.7713 0.246
vt 0.7503 0.2485
vt 0.7072 0.2896
vt 0.7315 0.2896
vt 0.7302 0.333
vt 0.7064 0.3264
vt 0.6838 0.3181
vt 0.6841 0.2884
vt 0.7552 0.2879
vt 0.777 0.2861
vt 0.7765 0.3354
vt 0.7541 0.3346
vt 0.7032 0.3456
vt 0.7259 0.3555
vt 0.7 0.3647
vt 0.7215 0.3779
vt 0.6923 0.3814
vt 0.7127 0.3966
vt 0.7039 0.4153
vt 0.6845 0.3982
vt 0.6664 0.3775
vt 0.6788 0.3495
vt 0.7485 0.3604
vt 0.7702 0.3641
vt 0.7429 0.3862
vt 0.7639 0.3929
vt 0.7312 0.4088
vt 0.7502 0.4188
vt 0.7195 0.4313
vt 0.7365 0.4446
vt 0.6228 0.3425
vt 0.6295 0.3329
vt 0.6485 0.3554
vt 0.6334 0.3704
vt 0.6428 0.3981
vt 0.6206 0.4081
vt 0.62 0.3793
vt 0.6172 0.3483
vt 0.6753 0.4396
vt 0.6552 0.423
vt 0.6699 0.4106
vt 0.6896 0.4275
vt 0.658 0.4491
vt 0.6444 0.4433
vt 0.6263 0.4463
vt 0.6259 0.4278
vt 0.6939 0.4805
vt 0.6809 0.4635
vt 0.7002 0.4474
vt 0.7152 0.4626
vt 0.6459 0.5022
vt 0.6389 0.4923
vt 0.6364 0.483
vt 0.6545 0.4641
vt 0.611 0.4923
vt 0.6117 0.5001
vt 0.6119 0.5078
vt 0.5804 0.5078
vt 0.588 0.4972
vt 0.5897 0.4871
vt 0.6104 0.312
vt 0.6073 0.3171
vt 0.6049 0.3204
vt 0.5945 0.3004
vt 0.5964 0.2998
vt 0.5984 0.2984
vt 0.5609 0.3423
vt 0.5798 0.3477
vt 0.571 0.3743
vt 0.5521 0.3673
vt 0.5531 0.4027
vt 0.5405 0.3899
vt 0.5258 0.3843
vt 0.536 0.3579
vt 0.5439 0.3347
vt 0.5725 0.3216
vt 0.5589 0.3183
vt 0.5471 0.3135
vt 0.5516 0.292
vt 0.5591 0.2944
vt 0.5683 0.2967
vt 0.5349 0.421
vt 0.5297 0.4276
vt 0.5282 0.4156
vt 0.5239 0.4237
vt 0.5209 0.417
vt 0.5218 0.4105
vt 0.5263 0.4049
vt 0.5329 0.4067
vt 0.5375 0.4118
vt 0.524 0.4573
vt 0.5086 0.4714
vt 0.5048 0.4374
vt 0.4883 0.4504
vt 0.475 0.4332
vt 0.4883 0.4238
vt 0.4964 0.4158
vt 0.5061 0.4246
vt 0.5128 0.4275
vt 0.5182 0.4346
vt 0.535 0.4433
vt 0.4991 0.3089
vt 0.4941 0.3127
vt 0.4895 0.3018
vt 0.4841 0.305
vt 0.4772 0.2985
vt 0.4831 0.295
vt 0.488 0.2916
vt 0.4941 0.296
vt 0.5039 0.3023
vt 0.507 0.29
vt 0.4958 0.2851
vt 0.4868 0.2831
vt 0.4856 0.2695
vt 0.4969 0.2704
vt 0.5105 0.274
vt 0.4714 0.2881
vt 0.4786 0.2848
vt 0.4659 0.2741
vt 0.4752 0.2711
vt 0.4563 0.3126
vt 0.4537 0.3191
vt 0.4416 0.3114
vt 0.4428 0.32
vt 0.4345 0.3323
vt 0.429 0.3293
vt 0.4193 0.3275
vt 0.4276 0.3048
vt 0.4397 0.2883
vt 0.4513 0.2992
vt 0.461 0.3061
vt 0.5326 0.3037
vt 0.5281 0.3195
vt 0.5205 0.2968
vt 0.5166 0.3106
vt 0.5259 0.2802
vt 0.5386 0.2862
vt 0.5237 0.3327
vt 0.518 0.3339
vt 0.5126 0.3194
vt 0.5087 0.3255
vt 0.6515 0.0503
vt 0.6729 0.0559
vt 0.3163 0.8474
vt 0.3244 0.8265
vt 0.3364 0.8572
vt 0.3457 0.8412
vt 0.3095 0.8903
vt 0.311 0.8686
vt 0.3265 0.89
vt 0.3296 0.8732
vt 0.716 0.0648
vt 0.6936 0.0601
vt 0.7379 0.0703
vt 0.7593 0.0773
vt 0.3151 0.9301
vt 0.3103 0.9107
vt 0.3299 0.9229
vt 0.3262 0.9068
vt 0.3333 0.9624
vt 0.3223 0.9476
vt 0.3361 0.9381
vt 0.3456 0.9508
vt 0.7983 0.0943
vt 0.7794 0.0852
vt 0.4857 0.795
vt 0.477 0.8072
vt 0.4671 0.7884
vt 0.4613 0.8018
vt 0.4262 0.7868
vt 0.4468 0.7846
vt 0.4442 0.7988
vt 0.4268 0.8008
vt 0.4067 0.7923
vt 0.4103 0.8056
vt 0.3888 0.8016
vt 0.395 0.8136
vt 0.3578 0.8269
vt 0.3722 0.813
vt 0.3685 0.835
vt 0.3809 0.8233
vt 0.3579 0.8469
vt 0.3497 0.8603
vt 0.3407 0.8877
vt 0.3436 0.8736
vt 0.3405 0.9021
vt 0.3437 0.9159
vt 0.349 0.9289
vt 0.3573 0.9399
vt 0.2013 0.0352
vt 0.1859 0.0352
vt 0.2013 0.0051
vt 0.1859 0.0051
vt 0.2357 0.0352
vt 0.2182 0.0352
vt 0.2357 0.0051
vt 0.2182 0.0051
vt 0.2734 0.0352
vt 0.2541 0.0352
vt 0.2734 0.0051
vt 0.2541 0.0051
vt 0.314 0.0051
vt 0.314 0.0352
vt 0.2937 0.0051
vt 0.2937 0.0352
vt 0.3493 0.0352
vt 0.3322 0.0352
vt 0.3322 0.0051
vt 0.3493 0.0051
vt 0.3785 0.0352
vt 0.3643 0.0352
vt 0.3643 0.0051
vt 0.3785 0.0051
vt 0.4056 0.0352
vt 0.3922 0.0352
vt 0.3922 0.0051
vt 0.4056 0.0051
vt 0.4313 0.0352
vt 0.4186 0.0352
vt 0.4186 0.0051
vt 0.4313 0.0051
vt 0.5029 0.3317
vt 0.5164 0.3439
vt 0.5138 0.3472
vt 0.4997 0.3357
vt 0.4854 0.321
vt 0.4883 0.3175
vt 0.4906 0.3153
vt 0.5055 0.3291
vt 0.5188 0.3421
vt 0.4772 0.3085
vt 0.4735 0.3107
vt 0.4691 0.3015
vt 0.4641 0.3037
vt 0.4803 0.3069
vt 0.4731 0.3005
vt 0.462 0.2919
vt 0.4561 0.2952
vt 0.4544 0.279
vt 0.4467 0.2828
vt 0.4598 0.2766
vt 0.4665 0.2903
vt 0.5074 0.3558
vt 0.4951 0.3405
vt 0.4822 0.3254
vt 0.4706 0.3138
vt 0.5399 0.3089
vt 0.5342 0.3274
vt 0.5459 0.2897
vt 0.5169 0.3682
vt 0.5249 0.3476
vt 0.3713 0.7773
vt 0.3929 0.7672
vt 0.3365 0.8076
vt 0.3521 0.7905
vt 0.6286 0.0456
vt 0.6279 0.0554
vt 0.6035 0.053
vt 0.6041 0.0424
vt 0.5783 0.0533
vt 0.5523 0.0554
vt 0.5523 0.0433
vt 0.5787 0.0419
vt 0.4719 0.0812
vt 0.4462 0.095
vt 0.4406 0.0835
vt 0.468 0.0689
vt 0.468 0.7689
vt 0.4924 0.7794
vt 0.4165 0.7624
vt 0.4427 0.7619
vt 0.5252 0.0481
vt 0.526 0.0608
vt 0.496 0.0565
vt 0.4983 0.0692
vt 0.5536 0.0929
vt 0.5781 0.0893
vt 0.6025 0.087
vt 0.6265 0.0871
vt 0.6283 0.1277
vt 0.6059 0.1298
vt 0.5835 0.1337
vt 0.5617 0.1382
vt 0.5636 0.1773
vt 0.5996 0.1682
vt 0.6208 0.1988
vt 0.5913 0.2053
vt 0.6149 0.2337
vt 0.6407 0.2297
vt 0.6555 0.2596
vt 0.6315 0.2608
vt 0.6388 0.2844
vt 0.6621 0.2864
vt 0.6624 0.311
vt 0.6396 0.3042
vt 0.6357 0.3203
vt 0.6579 0.3349
vt 0.6076 0.3794
vt 0.6028 0.4088
vt 0.5815 0.4074
vt 0.5913 0.3777
vt 0.5958 0.3493
vt 0.6075 0.3495
vt 0.5987 0.4317
vt 0.5991 0.4529
vt 0.5885 0.4548
vt 0.5786 0.4631
vt 0.5759 0.4357
vt 0.5639 0.4568
vt 0.5489 0.4271
vt 0.5965 0.3222
vt 0.5857 0.3226
vt 0.5792 0.299
vt 0.5883 0.3001
vt 0.5057 0.1059
vt 0.5293 0.0987
vt 0.5404 0.1439
vt 0.5213 0.1495
vt 0.5035 0.157
vt 0.4885 0.1648
vt 0.4834 0.1158
vt 0.463 0.1267
vt 0.5322 0.1888
vt 0.5634 0.2158
vt 0.5424 0.2311
vt 0.5097 0.2045
vt 0.5897 0.242
vt 0.6075 0.2652
vt 0.5894 0.2742
vt 0.5702 0.2551
vt 0.6151 0.2834
vt 0.616 0.2968
vt 0.6005 0.293
vt 0.5982 0.2862
vt 0.6137 0.3058
vt 0.5999 0.2965
vt 0.6135 0.3498
vt 0.6145 0.3812
vt 0.6115 0.4105
vt 0.611 0.43
vt 0.6112 0.4477
vt 0.6023 0.3216
vt 0.5927 0.3004
vt 0.5305 0.4343
vt 0.5387 0.4235
vt 0.5424 0.4087
vt 0.5211 0.429
vt 0.5131 0.4238
vt 0.5136 0.4188
vt 0.518 0.4173
vt 0.5363 0.4005
vt 0.5252 0.3993
vt 0.5805 0.4758
vt 0.5569 0.478
vt 0.5433 0.4942
vt 0.0907 0.4891
vt 0.0906 0.4967
vt 0.0831 0.4914
vt 0.0851 0.5006
vt 0.0792 0.4993
vt 0.0771 0.4918
vt 0.0787 0.4834
vt 0.0828 0.4803
vt 0.0878 0.4817
vt 0.6413 0.458
vt 0.632 0.4646
vt 0.5895 0.468
vt 0.1173 0.5141
vt 0.1347 0.5228
vt 0.1133 0.5186
vt 0.0968 0.5667
vt 0.13 0.5535
vt 0.1314 0.5664
vt 0.0963 0.5723
vt 0.1583 0.543
vt 0.1551 0.5627
vt 0.1562 0.5807
vt 0.1285 0.578
vt 0.0945 0.5774
vt 0.0761 0.5049
vt 0.0976 0.5072
vt 0.0766 0.5278
vt 0.0896 0.5312
vt 0.0759 0.5598
vt 0.0798 0.5611
vt 0.0636 0.5249
vt 0.0717 0.5576
vt 0.0515 0.5001
vt 0.1016 0.5358
vt 0.1147 0.5409
vt 0.0909 0.5631
vt 0.085 0.5624
vt 0.146 0.5313
vt 0.1238 0.5455
vt 0.0944 0.564
vt 0.5107 0.4152
vt 0.5041 0.4078
vt 0.5129 0.3977
vt 0.5172 0.4077
vt 0.5001 0.4122
vt 0.4831 0.4013
vt 0.4875 0.3983
vt 0.4694 0.3853
vt 0.4747 0.3822
vt 0.4811 0.3777
vt 0.4927 0.394
vt 0.4583 0.3716
vt 0.466 0.3681
vt 0.4487 0.3592
vt 0.4608 0.3574
vt 0.4682 0.3471
vt 0.4738 0.362
vt 0.4487 0.3341
vt 0.451 0.3335
vt 0.4506 0.3382
vt 0.4531 0.3364
vt 0.4543 0.3401
vt 0.4527 0.3422
vt 0.4502 0.3427
vt 0.4481 0.34
vt 0.4471 0.3366
vt 0.4761 0.3355
vt 0.4628 0.3292
vt 0.4666 0.3213
vt 0.4365 0.3595
vt 0.4236 0.361
vt 0.419 0.3445
vt 0.4292 0.3453
vt 0.437 0.3468
vt 0.4944 0.3676
vt 0.4851 0.3511
vt 0.4591 0.391
vt 0.4464 0.3992
vt 0.4466 0.375
vt 0.4331 0.3803
vt 0.5045 0.3837
vt 0.4731 0.4078
vt 0.461 0.4165
vt 0.5075 0.4192
vt 0.4445 0.3252
vt 0.4525 0.324
vt 0.4522 0.327
vt 0.4457 0.3281
vt 0.452 0.3288
vt 0.4465 0.3298
vt 0.4428 0.3353
vt 0.4413 0.3348
vt 0.4387 0.3339
vt 0.46 0.3327
vt 0.4625 0.3444
vt 0.4601 0.3427
vt 0.4583 0.3336
vt 0.4586 0.3418
vt 0.4572 0.3342
vt 0.4577 0.3513
vt 0.4493 0.3524
vt 0.4561 0.3482
vt 0.4493 0.349
vt 0.4494 0.3471
vt 0.4552 0.3465
vt 0.4412 0.3455
vt 0.4431 0.3436
vt 0.4443 0.3426
vt 0.4512 0.3311
vt 0.4476 0.3319
vt 0.4451 0.3359
vt 0.4552 0.3352
vt 0.4564 0.3411
vt 0.4499 0.3448
vt 0.454 0.3444
vt 0.4462 0.3413
vt 0.4762 0.1745
vt 0.4449 0.1397
vt 0.4226 0.1108
vt 0.4154 0.0999
vt 0.5006 0.8064
vt 0.5122 0.7956
vt 0.4895 0.8168
vt 0.1714 0.0352
vt 0.1714 0.0051
vt 0.1568 0.1316
vt 0.1335 0.1364
vt 0.1466 0.1051
vt 0.1273 0.1126
vt 0.1375 0.1688
vt 0.1568 0.1665
vt 0.176 0.1653
vt 0.1758 0.128
vt 0.1979 0.1252
vt 0.1968 0.1649
vt 0.1962 0.0943
vt 0.1717 0.0989
vt 0.0785 0.153
vt 0.0635 0.1608
vt 0.0692 0.1325
vt 0.0515 0.1417
vt 0.0775 0.184
vt 0.0896 0.179
vt 0.1037 0.175
vt 0.0951 0.1467
vt 0.1137 0.141
vt 0.12 0.1714
vt 0.1077 0.1185
vt 0.0879 0.1252
vt 0.172 0.1994
vt 0.1382 0.2004
vt 0.1343 0.2303
vt 0.1636 0.2317
vt 0.2077 0.2014
vt 0.1932 0.234
vt 0.1081 0.2025
vt 0.0849 0.2055
vt 0.0855 0.2278
vt 0.1072 0.2291
vt 0.151 0.2615
vt 0.125 0.2573
vt 0.1151 0.2869
vt 0.1393 0.292
vt 0.1766 0.2657
vt 0.1628 0.2964
vt 0.1007 0.2542
vt 0.0801 0.2507
vt 0.0717 0.2798
vt 0.0922 0.2833
vt 0.133 0.3259
vt 0.1089 0.3248
vt 0.132 0.3627
vt 0.108 0.3681
vt 0.1548 0.3554
vt 0.156 0.3257
vt 0.0854 0.3221
vt 0.0639 0.3192
vt 0.0619 0.3681
vt 0.0842 0.3685
vt 0.1112 0.3907
vt 0.1343 0.3819
vt 0.1365 0.4011
vt 0.1145 0.4133
vt 0.1223 0.4324
vt 0.1435 0.4182
vt 0.1302 0.4515
vt 0.1504 0.4353
vt 0.1694 0.4155
vt 0.1583 0.387
vt 0.0667 0.3971
vt 0.0885 0.3945
vt 0.0927 0.4205
vt 0.0715 0.4262
vt 0.0838 0.4527
vt 0.1033 0.4436
vt 0.1139 0.4668
vt 0.0962 0.4792
vt 0.2145 0.3826
vt 0.2026 0.41
vt 0.1883 0.3943
vt 0.2083 0.3727
vt 0.192 0.4372
vt 0.2155 0.4196
vt 0.2136 0.4483
vt 0.2198 0.3887
vt 0.1644 0.4484
vt 0.1784 0.4615
vt 0.1576 0.4772
vt 0.1439 0.4643
vt 0.1744 0.4875
vt 0.1882 0.4823
vt 0.2074 0.4677
vt 0.2062 0.4861
vt 0.1509 0.5007
vt 0.1371 0.5171
vt 0.1324 0.4837
vt 0.1167 0.4982
vt 0.184 0.541
vt 0.1914 0.5314
vt 0.1944 0.5223
vt 0.1772 0.5025
vt 0.2193 0.5326
vt 0.2182 0.5404
vt 0.2177 0.5481
vt 0.2493 0.5495
vt 0.2421 0.5385
vt 0.2408 0.5284
vt 0.2283 0.3528
vt 0.2311 0.3581
vt 0.2333 0.3615
vt 0.2427 0.3414
vt 0.2445 0.3422
vt 0.2409 0.34
vt 0.2763 0.3852
vt 0.284 0.4106
vt 0.2648 0.4168
vt 0.2571 0.3898
vt 0.2944 0.4337
vt 0.2813 0.4459
vt 0.3005 0.4019
vt 0.3094 0.4287
vt 0.2936 0.3783
vt 0.2656 0.3641
vt 0.2793 0.3613
vt 0.2913 0.3571
vt 0.2878 0.3354
vt 0.2802 0.3374
vt 0.2709 0.3394
vt 0.2986 0.4649
vt 0.3055 0.4598
vt 0.3034 0.4717
vt 0.3094 0.4681
vt 0.3128 0.4616
vt 0.3121 0.4551
vt 0.3079 0.4493
vt 0.3013 0.4509
vt 0.2964 0.4557
vt 0.3078 0.5015
vt 0.3279 0.4824
vt 0.3226 0.5161
vt 0.3438 0.4961
vt 0.3448 0.4696
vt 0.3577 0.4795
vt 0.3271 0.4697
vt 0.3371 0.4614
vt 0.3203 0.4723
vt 0.3146 0.4791
vt 0.2975 0.4871
vt 0.3396 0.3546
vt 0.3495 0.348
vt 0.3444 0.3586
vt 0.3547 0.3514
vt 0.3562 0.3416
vt 0.3618 0.3453
vt 0.3514 0.3379
vt 0.3452 0.342
vt 0.3351 0.3478
vt 0.3326 0.3355
vt 0.344 0.3312
vt 0.3531 0.3296
vt 0.3437 0.3164
vt 0.3549 0.3162
vt 0.3299 0.3193
vt 0.3611 0.3317
vt 0.3682 0.3353
vt 0.3743 0.3217
vt 0.3652 0.3183
vt 0.382 0.3603
vt 0.3967 0.3599
vt 0.3843 0.3669
vt 0.395 0.3683
vt 0.4027 0.381
vt 0.4083 0.3782
vt 0.4108 0.354
vt 0.418 0.3769
vt 0.3996 0.3371
vt 0.3875 0.3473
vt 0.3776 0.3537
vt 0.3063 0.3479
vt 0.3187 0.3416
vt 0.3101 0.3639
vt 0.3221 0.3555
vt 0.3142 0.3247
vt 0.3011 0.3301
vt 0.3139 0.3772
vt 0.3256 0.3645
vt 0.3195 0.3787
vt 0.3292 0.3706
vt 0.1709 0.0893
vt 0.196 0.0844
vt 0.4468 0.9874
vt 0.4384 0.9667
vt 0.4682 0.9808
vt 0.455 0.9585
vt 0.4035 0.9912
vt 0.405 0.9743
vt 0.4252 0.9912
vt 0.422 0.9723
vt 0.1258 0.1048
vt 0.1456 0.0965
vt 0.0859 0.1172
vt 0.1064 0.1107
vt 0.3642 0.9828
vt 0.3724 0.9685
vt 0.3832 0.9889
vt 0.3882 0.9733
vt 0.3577 0.9613
vt 0.3472 0.9744
vt 0.0476 0.134
vt 0.0663 0.1248
vt 0.511 0.8221
vt 0.5162 0.8412
vt 0.4982 0.8299
vt 0.5025 0.846
vt 0.5149 0.882
vt 0.501 0.8805
vt 0.5043 0.8633
vt 0.5186 0.8616
vt 0.5081 0.9011
vt 0.4976 0.9183
vt 0.495 0.8966
vt 0.4861 0.9113
vt 0.4701 0.9474
vt 0.4628 0.9362
vt 0.485 0.934
vt 0.4754 0.9247
vt 0.4363 0.9532
vt 0.4501 0.9459
vt 0.4082 0.9602
vt 0.4225 0.9583
vt 0.3939 0.9594
vt 0.3804 0.9553
vt 0.3677 0.949
vt 0.1415 0.0352
vt 0.1415 0.0051
vt 0.1569 0.0352
vt 0.1569 0.0051
vt 0.1071 0.0352
vt 0.1071 0.0051
vt 0.1246 0.0352
vt 0.1246 0.0051
vt 0.0693 0.0352
vt 0.0693 0.0051
vt 0.0887 0.0352
vt 0.0887 0.0051
vt 0.5486 0.0051
vt 0.5689 0.0051
vt 0.5486 0.0352
vt 0.5689 0.0352
vt 0.5133 0.0352
vt 0.5133 0.0051
vt 0.5304 0.0051
vt 0.5304 0.0352
vt 0.484 0.0352
vt 0.484 0.0051
vt 0.4982 0.0051
vt 0.4982 0.0352
vt 0.457 0.0352
vt 0.457 0.0051
vt 0.4703 0.0051
vt 0.4703 0.0352
vt 0.444 0.0051
vt 0.444 0.0352
vt 0.3347 0.3771
vt 0.3378 0.3812
vt 0.3231 0.3921
vt 0.3207 0.3888
vt 0.3527 0.3672
vt 0.35 0.3637
vt 0.3323 0.3744
vt 0.3478 0.3613
vt 0.3184 0.3868
vt 0.3614 0.3552
vt 0.365 0.3575
vt 0.3698 0.3487
vt 0.3746 0.3511
vt 0.3584 0.3535
vt 0.3659 0.3475
vt 0.3773 0.3396
vt 0.383 0.3431
vt 0.3855 0.3271
vt 0.3929 0.3312
vt 0.3729 0.3378
vt 0.3803 0.3245
vt 0.329 0.401
vt 0.3421 0.3863
vt 0.3556 0.3718
vt 0.3678 0.3608
vt 0.2988 0.3528
vt 0.3037 0.3715
vt 0.2936 0.3333
vt 0.312 0.3921
vt 0.319 0.413
vt 0.5206 0.9375
vt 0.5322 0.9167
vt 0.4879 0.9701
vt 0.506 0.9557
vt 0.2207 0.0814
vt 0.2463 0.0801
vt 0.2462 0.091
vt 0.2207 0.0918
vt 0.2719 0.093
vt 0.2723 0.0814
vt 0.299 0.0849
vt 0.2981 0.0971
vt 0.3767 0.1277
vt 0.3812 0.1156
vt 0.4078 0.1318
vt 0.4015 0.1429
vt 0.5358 0.8416
vt 0.527 0.8165
vt 0.5386 0.8934
vt 0.541 0.8674
vt 0.3256 0.0916
vt 0.354 0.1017
vt 0.324 0.1042
vt 0.351 0.1142
vt 0.2946 0.1346
vt 0.2701 0.1296
vt 0.2455 0.1259
vt 0.2209 0.1247
vt 0.2177 0.1664
vt 0.2403 0.1694
vt 0.2626 0.1743
vt 0.2842 0.1798
vt 0.2808 0.219
vt 0.2452 0.2084
vt 0.2228 0.2385
vt 0.2521 0.246
vt 0.2273 0.2737
vt 0.2017 0.2688
vt 0.1857 0.2982
vt 0.2097 0.3004
vt 0.2012 0.3237
vt 0.1779 0.3247
vt 0.1765 0.3493
vt 0.1996 0.3436
vt 0.2027 0.3598
vt 0.1798 0.3734
vt 0.228 0.4202
vt 0.2443 0.4193
vt 0.2527 0.4493
vt 0.2314 0.4498
vt 0.2411 0.3907
vt 0.2294 0.3903
vt 0.2345 0.4728
vt 0.2435 0.4963
vt 0.2331 0.4939
vt 0.257 0.4778
vt 0.253 0.5049
vt 0.268 0.4993
vt 0.2844 0.4704
vt 0.2416 0.3637
vt 0.2523 0.3645
vt 0.2598 0.3413
vt 0.2507 0.3421
vt 0.3417 0.1503
vt 0.3185 0.1419
vt 0.3053 0.1866
vt 0.3241 0.1931
vt 0.3414 0.2015
vt 0.3633 0.1615
vt 0.3559 0.2099
vt 0.3831 0.1734
vt 0.3115 0.2318
vt 0.2795 0.2575
vt 0.3332 0.2482
vt 0.2999 0.2735
vt 0.2524 0.283
vt 0.2336 0.3058
vt 0.2516 0.3155
vt 0.2716 0.2967
vt 0.2251 0.3238
vt 0.2234 0.3373
vt 0.2393 0.3345
vt 0.2421 0.3276
vt 0.2253 0.3464
vt 0.2395 0.338
vt 0.2234 0.3904
vt 0.221 0.4217
vt 0.2226 0.4511
vt 0.2222 0.4706
vt 0.2212 0.4882
vt 0.2359 0.3628
vt 0.2463 0.3422
vt 0.2947 0.4673
vt 0.3024 0.4783
vt 0.2917 0.4524
vt 0.312 0.4735
vt 0.3202 0.4686
vt 0.3199 0.4636
vt 0.3156 0.462
vt 0.2982 0.4445
vt 0.3093 0.4438
vt 0.2505 0.5175
vt 0.2741 0.5207
vt 0.287 0.5374
vt 0.0582 0.4789
vt 0.0558 0.4865
vt 0.0506 0.479
vt 0.0467 0.4844
vt 0.048 0.4903
vt 0.0554 0.4925
vt 0.0638 0.491
vt 0.067 0.4869
vt 0.0656 0.4819
vt 0.1907 0.4971
vt 0.1996 0.5041
vt 0.242 0.5093
vt 0.1027 0.0407
vt 0.1048 0.0464
vt 0.0834 0.0425
vt 0.1029 0.0972
vt 0.1015 0.1026
vt 0.0708 0.0845
vt 0.0767 0.0729
vt 0.0541 0.053
vt 0.05 0.0725
vt 0.0425 0.0888
vt 0.0694 0.0963
vt 0.1013 0.1079
vt 0.1446 0.0469
vt 0.1358 0.0681
vt 0.1236 0.0413
vt 0.1225 0.0666
vt 0.125 0.0983
vt 0.1208 0.098
vt 0.149 0.0701
vt 0.1296 0.0976
vt 0.1692 0.0513
vt 0.1096 0.0666
vt 0.0956 0.0666
vt 0.1155 0.0973
vt 0.1098 0.0959
vt 0.0698 0.0465
vt 0.0854 0.0677
vt 0.1062 0.0955
vt 0.323 0.4602
vt 0.3168 0.4525
vt 0.3216 0.4427
vt 0.3298 0.453
vt 0.3336 0.4576
vt 0.3468 0.4442
vt 0.3511 0.4475
vt 0.3603 0.4288
vt 0.3654 0.4321
vt 0.3419 0.4398
vt 0.3542 0.424
vt 0.3697 0.4151
vt 0.3772 0.419
vt 0.3873 0.4071
vt 0.3754 0.4047
vt 0.3686 0.3941
vt 0.3623 0.4086
vt 0.3887 0.3821
vt 0.3866 0.3861
vt 0.3864 0.3814
vt 0.3842 0.3842
vt 0.3828 0.3878
vt 0.3843 0.3899
vt 0.3867 0.3905
vt 0.3889 0.388
vt 0.3902 0.3846
vt 0.3613 0.3821
vt 0.3714 0.3685
vt 0.3748 0.3765
vt 0.3994 0.4079
vt 0.4074 0.3942
vt 0.4175 0.3939
vt 0.4121 0.4101
vt 0.3996 0.3953
vt 0.3414 0.4133
vt 0.3515 0.3973
vt 0.3754 0.4383
vt 0.3886 0.4228
vt 0.3877 0.447
vt 0.4017 0.4288
vt 0.3307 0.429
vt 0.3607 0.4543
vt 0.3724 0.4635
vt 0.326 0.4643
vt 0.3932 0.3735
vt 0.3918 0.3763
vt 0.3855 0.3749
vt 0.3853 0.3718
vt 0.391 0.3779
vt 0.3856 0.3767
vt 0.3959 0.3832
vt 0.3943 0.3836
vt 0.3985 0.3824
vt 0.3775 0.3801
vt 0.3792 0.3811
vt 0.3769 0.39
vt 0.3745 0.3916
vt 0.3802 0.3817
vt 0.3784 0.3892
vt 0.3788 0.3988
vt 0.3806 0.3958
vt 0.3871 0.4003
vt 0.3873 0.3969
vt 0.3816 0.3941
vt 0.3873 0.395
vt 0.3955 0.3938
vt 0.3937 0.3918
vt 0.3926 0.3907
vt 0.3898 0.3799
vt 0.3863 0.3789
vt 0.3921 0.384
vt 0.3822 0.3829
vt 0.3807 0.3887
vt 0.3829 0.3921
vt 0.3869 0.3927
vt 0.3908 0.3894
vt 0.0491 0.0051
vt 0.0491 0.0352
vt 0.4002 0.1873
vt 0.3676 0.2201
vt 0.4239 0.16
vt 0.4318 0.1496
f 1/1/1 2/2/2 3/3/3
f 1/1/1 3/3/3 4/4/4
f 5/5/5 6/6/6 7/7/7
f 5/5/5 7/7/7 8/8/8
f 9/9/9 10/10/10 11/11/11
f 9/9/9 11/11/11 12/12/12
f 13/13/13 14/14/14 15/15/15
f 13/13/13 15/15/15 16/16/16
f 17/17/17 18/18/18 19/19/19
f 17/17/17 19/19/19 20/20/20
f 21/21/21 22/22/22 23/23/23
f 21/21/21 23/23/23 24/24/24
f 25/25/25 26/26/26 27/27/27
f 25/25/25 27/27/27 28/28/28
f 29/29/29 30/30/30 31/31/31
f 29/29/29 31/31/31 32/32/32
f 33/33/33 34/34/34 35/35/35
f 33/33/33 35/35/35 36/36/36
f 37/37/37 38/38/38 39/39/39
f 37/37/37 39/39/39 40/40/40
f 41/41/41 42/42/42 43/43/43
f 41/41/41 43/43/43 44/44/44
f 45/45/45 46/46/46 47/47/47
f 45/45/45 47/47/47 48/48/48
f 49/49/49 50/50/50 51/51/51
f 49/49/49 51/51/51 52/52/52
f 53/53/53 54/54/54 55/55/55
f 53/53/53 55/55/55 56/56/56
f 57/57/57 58/58/58 59/59/59
f 58/58/58 60/60/60 59/59/59
f 61/61/61 62/62/62 63/63/63
f 61/61/61 63/63/63 64/64/64
f 65/65/65 66/66/66 67/67/67
f 65/65/65 67/67/67 68/68/68
f 69/69/69 70/70/70 71/71/71
f 69/69/69 71/71/71 72/72/72
f 73/73/73 74/74/74 3/3/3
f 73/73/73 3/3/3 5/5/5
f 74/74/74 73/73/73 75/75/75
f 73/73/73 76/76/76 75/75/75
f 77/77/77 74/74/74 78/78/78
f 74/74/74 75/75/75 78/78/78
f 74/74/74 77/77/77 4/4/4
f 74/74/74 4/4/4 3/3/3
f 79/79/79 80/80/80 9/9/9
f 80/80/80 8/8/8 9/9/9
f 80/80/80 79/79/79 81/81/81
f 80/80/80 81/81/81 82/82/82
f 73/73/73 80/80/80 76/76/76
f 80/80/80 82/82/82 76/76/76
f 80/80/80 73/73/73 5/5/5
f 80/80/80 5/5/5 8/8/8
f 83/83/83 84/84/84 12/12/12
f 83/83/83 12/12/12 13/13/13
f 84/84/84 83/83/83 85/85/85
f 83/83/83 86/86/86 85/85/85
f 79/79/79 84/84/84 81/81/81
f 84/84/84 85/85/85 81/81/81
f 84/84/84 79/79/79 12/12/12
f 79/79/79 9/9/9 12/12/12
f 87/87/87 88/88/88 17/17/17
f 88/88/88 16/16/16 17/17/17
f 88/88/88 87/87/87 89/89/89
f 87/87/87 90/90/90 89/89/89
f 83/83/83 88/88/88 89/89/89
f 83/83/83 89/89/89 86/86/86
f 88/88/88 83/83/83 16/16/16
f 83/83/83 13/13/13 16/16/16
f 91/91/91 92/92/92 20/93/93
f 91/91/91 20/93/93 21/21/21
f 92/92/92 91/91/91 93/94/94
f 91/91/91 94/95/95 93/94/94
f 87/87/87 92/96/96 93/97/97
f 87/87/87 93/97/97 90/90/90
f 92/96/96 87/87/87 17/17/17
f 92/96/96 17/17/17 20/20/20
f 95/98/98 96/99/99 24/24/24
f 95/98/98 24/24/24 25/25/25
f 96/99/99 95/98/98 97/100/100
f 95/98/98 98/101/101 97/100/100
f 91/91/91 96/99/99 97/100/100
f 91/91/91 97/100/100 94/95/95
f 96/99/99 91/91/91 24/24/24
f 91/91/91 21/21/21 24/24/24
f 99/102/102 100/103/103 29/29/29
f 100/103/103 28/28/28 29/29/29
f 100/103/103 99/102/102 101/104/104
f 100/103/103 101/104/104 102/105/105
f 95/98/98 100/103/103 98/101/101
f 100/103/103 102/105/105 98/101/101
f 100/103/103 95/98/98 25/25/25
f 100/103/103 25/25/25 28/28/28
f 103/106/106 104/107/107 32/32/32
f 103/106/106 32/32/32 33/33/33
f 104/107/107 103/106/106 105/108/108
f 104/107/107 105/108/108 106/109/109
f 99/102/102 104/107/107 101/104/104
f 104/107/107 106/109/109 101/104/104
f 104/107/107 99/102/102 29/29/29
f 104/107/107 29/29/29 32/32/32
f 107/110/110 108/111/111 37/37/37
f 108/111/111 36/36/36 37/37/37
f 108/111/111 107/110/110 109/112/112
f 107/110/110 110/113/113 109/112/112
f 103/106/106 108/111/111 109/112/112
f 103/106/106 109/112/112 105/108/108
f 108/111/111 103/106/106 36/36/36
f 103/106/106 33/33/33 36/36/36
f 111/114/114 112/115/115 40/40/40
f 111/114/114 40/40/40 41/41/41
f 112/115/115 111/114/114 113/116/116
f 112/115/115 113/116/116 114/117/117
f 107/110/110 112/115/115 114/117/117
f 107/110/110 114/117/117 110/113/113
f 112/115/115 107/110/110 40/40/40
f 107/110/110 37/37/37 40/40/40
f 115/118/118 116/119/119 44/44/44
f 115/118/118 44/44/44 45/45/45
f 116/119/119 115/118/118 117/120/120
f 115/118/118 118/121/121 117/120/120
f 111/114/114 116/119/119 117/120/120
f 111/114/114 117/120/120 113/116/116
f 116/119/119 111/114/114 44/44/44
f 111/114/114 41/41/41 44/44/44
f 119/122/122 120/123/123 48/48/48
f 119/122/122 48/48/48 49/49/49
f 120/123/123 119/122/122 121/124/124
f 120/123/123 121/124/124 122/125/125
f 115/118/118 120/123/123 118/121/121
f 120/123/123 122/125/125 118/121/121
f 120/123/123 115/118/118 45/45/45
f 120/123/123 45/45/45 48/48/48
f 123/126/126 124/127/127 53/53/53
f 124/127/127 52/52/52 53/53/53
f 124/127/127 123/126/126 125/128/128
f 123/126/126 126/129/129 125/128/128
f 119/122/122 124/127/127 121/124/124
f 124/127/127 125/128/128 121/124/124
f 124/127/127 119/122/122 49/49/49
f 124/127/127 49/49/49 52/52/52
f 127/130/130 128/131/131 56/56/56
f 127/130/130 56/56/56 57/57/57
f 128/131/131 127/130/130 129/132/132
f 128/131/131 129/132/132 130/133/133
f 123/126/126 128/131/131 130/133/133
f 123/126/126 130/133/133 126/129/129
f 128/131/131 123/126/126 56/56/56
f 123/126/126 53/53/53 56/56/56
f 131/134/134 132/135/135 61/61/61
f 132/135/135 59/59/59 61/61/61
f 132/135/135 131/134/134 133/136/136
f 132/135/135 133/136/136 134/137/137
f 127/130/130 132/135/135 129/132/132
f 132/135/135 134/137/137 129/132/132
f 132/135/135 127/130/130 57/57/57
f 132/135/135 57/57/57 59/59/59
f 135/138/138 136/139/139 64/64/64
f 135/138/138 64/64/64 65/65/65
f 136/139/139 135/138/138 137/140/140
f 135/138/138 138/141/141 137/140/140
f 131/134/134 136/139/139 133/136/136
f 136/139/139 137/140/140 133/136/136
f 136/139/139 131/134/134 61/61/61
f 136/139/139 61/61/61 64/64/64
f 139/142/142 140/143/143 69/69/69
f 140/143/143 68/68/68 69/69/69
f 140/143/143 139/142/142 141/144/144
f 140/143/143 141/144/144 142/145/145
f 135/138/138 140/143/143 142/145/145
f 135/138/138 142/145/145 138/141/141
f 140/143/143 135/138/138 68/68/68
f 135/138/138 65/65/65 68/68/68
f 77/77/77 143/146/146 72/72/72
f 77/77/77 72/72/72 4/4/4
f 143/146/146 77/77/77 78/78/78
f 143/146/146 78/78/78 144/147/147
f 139/142/142 143/146/146 141/144/144
f 143/146/146 144/147/147 141/144/144
f 143/146/146 139/142/142 69/69/69
f 143/146/146 69/69/69 72/72/72
f 145/148/148 146/149/149 76/76/76
f 146/149/149 75/75/75 76/76/76
f 78/78/78 75/75/75 146/149/149
f 78/78/78 146/149/149 147/150/150
f 148/151/151 149/152/152 81/81/81
f 149/152/152 82/82/82 81/81/81
f 145/148/148 76/76/76 149/152/152
f 76/76/76 82/82/82 149/152/152
f 150/153/153 151/154/154 85/85/85
f 150/153/153 85/85/85 86/86/86
f 148/151/151 81/81/81 151/154/154
f 81/81/81 85/85/85 151/154/154
f 152/155/155 153/156/156 89/89/89
f 152/155/155 89/89/89 90/90/90
f 150/153/153 86/86/86 89/89/89
f 150/153/153 89/89/89 153/156/156
f 154/157/157 155/158/158 93/94/94
f 154/157/157 93/94/94 94/95/95
f 152/155/155 90/90/90 93/97/97
f 152/155/155 93/97/97 155/159/159
f 156/160/160 157/161/161 97/100/100
f 156/160/160 97/100/100 98/101/101
f 154/157/157 94/95/95 97/100/100
f 154/157/157 97/100/100 157/161/161
f 158/162/162 159/163/163 101/104/104
f 159/163/163 102/105/105 101/104/104
f 156/160/160 98/101/101 102/105/105
f 156/160/160 102/105/105 159/163/163
f 160/164/164 161/165/165 106/109/109
f 160/164/164 106/109/109 105/108/108
f 158/162/162 101/104/104 161/165/165
f 101/104/104 106/109/109 161/165/165
f 162/166/166 163/167/167 109/112/112
f 162/166/166 109/112/112 110/113/113
f 160/164/164 105/108/108 109/112/112
f 160/164/164 109/112/112 163/167/167
f 164/168/168 165/169/169 114/117/117
f 164/168/168 114/117/117 113/116/116
f 162/166/166 110/113/113 114/117/117
f 162/166/166 114/117/117 165/169/169
f 166/170/170 167/171/171 117/120/120
f 166/170/170 117/120/120 118/121/121
f 164/168/168 113/116/116 117/120/120
f 164/168/168 117/120/120 167/171/171
f 168/172/172 169/173/173 122/125/125
f 168/172/172 122/125/125 121/124/124
f 166/170/170 118/121/121 169/173/173
f 118/121/121 122/125/125 169/173/173
f 170/174/174 171/175/175 125/128/128
f 170/174/174 125/128/128 126/129/129
f 168/172/172 121/124/124 125/128/128
f 168/172/172 125/128/128 171/175/175
f 172/176/176 173/177/177 129/132/132
f 173/177/177 130/133/133 129/132/132
f 170/174/174 126/129/129 130/133/133
f 170/174/174 130/133/133 173/177/177
f 174/178/178 175/179/179 134/137/137
f 174/178/178 134/137/137 133/136/136
f 172/176/176 129/132/132 175/179/179
f 129/132/132 134/137/137 175/179/179
f 176/180/180 177/181/181 138/141/141
f 177/181/181 137/140/140 138/141/141
f 174/178/178 133/136/136 137/140/140
f 174/178/178 137/140/140 177/181/181
f 178/182/182 179/183/183 141/144/144
f 179/183/183 142/145/145 141/144/144
f 176/180/180 138/141/141 179/183/183
f 138/141/141 142/145/145 179/183/183
f 78/78/78 147/150/150 180/184/184
f 78/78/78 180/184/184 144/147/147
f 178/182/182 141/144/144 180/184/184
f 141/144/144 144/147/147 180/184/184
f 181/185/185 182/186/186 146/149/149
f 181/185/185 146/149/149 145/148/148
f 147/150/150 146/149/149 183/187/187
f 146/149/149 182/186/186 183/187/187
f 184/188/188 185/189/189 148/151/151
f 185/189/189 149/152/152 148/151/151
f 181/185/185 145/148/148 185/189/189
f 145/148/148 149/152/152 185/189/189
f 186/190/190 187/191/191 150/153/153
f 187/191/191 151/154/154 150/153/153
f 184/188/188 148/151/151 187/191/191
f 148/151/151 151/154/154 187/191/191
f 188/192/192 189/193/193 152/155/155
f 189/193/193 153/156/156 152/155/155
f 186/190/190 150/153/153 189/193/193
f 150/153/153 153/156/156 189/193/193
f 190/194/194 191/195/195 155/158/158
f 190/194/194 155/158/158 154/157/157
f 188/192/192 152/155/155 155/159/159
f 188/192/192 155/159/159 191/196/196
f 192/197/197 193/198/198 156/160/160
f 193/198/198 157/161/161 156/160/160
f 190/194/194 154/157/157 157/161/161
f 190/194/194 157/161/161 193/198/198
f 194/199/199 195/200/200 159/163/163
f 194/199/199 159/163/163 158/162/162
f 192/197/197 156/160/160 195/200/200
f 156/160/160 159/163/163 195/200/200
f 196/201/201 197/202/202 160/164/164
f 197/202/202 161/165/165 160/164/164
f 194/199/199 158/162/162 161/165/165
f 194/199/199 161/165/165 197/202/202
f 198/203/203 199/204/204 162/166/166
f 199/204/204 163/167/167 162/166/166
f 196/201/201 160/164/164 199/204/204
f 160/164/164 163/167/167 199/204/204
f 200/205/205 201/206/206 164/168/168
f 201/206/206 165/169/169 164/168/168
f 198/203/203 162/166/166 201/206/206
f 162/166/166 165/169/169 201/206/206
f 202/207/207 203/208/208 167/171/171
f 202/207/207 167/171/171 166/170/170
f 200/205/205 164/168/168 167/171/171
f 200/205/205 167/171/171 203/208/208
f 204/209/209 205/210/210 169/173/173
f 204/209/209 169/173/173 168/172/172
f 202/207/207 166/170/170 169/173/173
f 202/207/207 169/173/173 205/210/210
f 206/211/211 207/212/212 171/175/175
f 206/211/211 171/175/175 170/174/174
f 204/209/209 168/172/172 207/212/212
f 168/172/172 171/175/175 207/212/212
f 208/213/213 209/214/214 173/177/177
f 208/213/213 173/177/177 172/176/176
f 206/211/211 170/174/174 173/177/177
f 206/211/211 173/177/177 209/214/214
f 210/215/215 211/216/216 174/178/178
f 211/216/216 175/179/179 174/178/178
f 208/213/213 172/176/176 175/179/179
f 208/213/213 175/179/179 211/216/216
f 212/217/217 213/218/218 177/181/181
f 212/217/217 177/181/181 176/180/180
f 210/215/215 174/178/178 177/181/181
f 210/215/215 177/181/181 213/218/218
f 214/219/219 215/220/220 178/182/182
f 215/220/220 179/183/183 178/182/182
f 212/217/217 176/180/180 179/183/183
f 212/217/217 179/183/183 215/220/220
f 147/150/150 183/187/187 180/184/184
f 183/187/187 216/221/221 180/184/184
f 214/219/219 178/182/182 180/184/184
f 214/219/219 180/184/184 216/221/221
f 182/186/186 181/185/185 217/222/222
f 182/186/186 217/222/222 218/223/223
f 217/222/222 219/224/224 220/225/225
f 217/222/222 220/225/225 218/223/223
f 220/225/225 221/226/226 222/227/227
f 220/225/225 222/227/227 218/223/223
f 222/227/227 183/187/187 218/223/223
f 183/187/187 182/186/186 218/223/223
f 185/189/189 184/188/188 223/228/228
f 185/189/189 223/228/228 224/229/229
f 223/228/228 225/230/230 226/231/231
f 223/228/228 226/231/231 224/229/229
f 226/231/231 219/224/224 217/222/222
f 226/231/231 217/222/222 224/229/229
f 217/222/222 181/185/185 185/189/189
f 217/222/222 185/189/189 224/229/229
f 187/191/191 186/190/190 227/232/232
f 187/191/191 227/232/232 228/233/233
f 227/232/232 229/234/234 230/235/235
f 227/232/232 230/235/235 228/233/233
f 230/235/235 225/230/230 223/228/228
f 230/235/235 223/228/228 228/233/233
f 223/228/228 184/188/188 187/191/191
f 223/228/228 187/191/191 228/233/233
f 189/193/193 188/192/192 231/236/236
f 189/193/193 231/236/236 232/237/237
f 231/236/236 233/238/238 232/237/237
f 233/238/238 234/239/239 232/237/237
f 234/239/239 229/234/234 232/237/237
f 229/234/234 227/232/232 232/237/237
f 227/232/232 186/190/190 189/193/193
f 227/232/232 189/193/193 232/237/237
f 191/195/195 190/194/194 235/240/240
f 190/194/194 236/241/241 235/240/240
f 236/241/241 237/242/242 238/243/243
f 236/241/241 238/243/243 235/240/240
f 238/244/244 233/238/238 235/245/245
f 233/238/238 231/236/236 235/245/245
f 231/236/236 188/192/192 235/245/245
f 188/192/192 191/196/196 235/245/245
f 193/198/198 192/197/197 239/246/246
f 192/197/197 240/247/247 239/246/246
f 240/247/247 241/248/248 239/246/246
f 241/248/248 242/249/249 239/246/246
f 242/249/249 237/242/242 239/246/246
f 237/242/242 236/241/241 239/246/246
f 236/241/241 190/194/194 239/246/246
f 190/194/194 193/198/198 239/246/246
f 195/200/200 194/199/199 243/250/250
f 194/199/199 244/251/251 243/250/250
f 244/251/251 245/252/252 246/253/253
f 244/251/251 246/253/253 243/250/250
f 246/253/253 241/248/248 240/247/247
f 246/253/253 240/247/247 243/250/250
f 240/247/247 192/197/197 243/250/250
f 192/197/197 195/200/200 243/250/250
f 197/202/202 196/201/201 247/254/254
f 197/202/202 247/254/254 248/255/255
f 247/254/254 249/256/256 250/257/257
f 247/254/254 250/257/257 248/255/255
f 250/257/257 245/252/252 244/251/251
f 250/257/257 244/251/251 248/255/255
f 244/251/251 194/199/199 197/202/202
f 244/251/251 197/202/202 248/255/255
f 199/204/204 198/203/203 251/258/258
f 199/204/204 251/258/258 252/259/259
f 251/258/258 253/260/260 254/261/261
f 251/258/258 254/261/261 252/259/259
f 254/261/261 249/256/256 247/254/254
f 254/261/261 247/254/254 252/259/259
f 247/254/254 196/201/201 199/204/204
f 247/254/254 199/204/204 252/259/259
f 201/206/206 200/205/205 255/262/262
f 200/205/205 256/263/263 255/262/262
f 256/263/263 257/264/264 258/265/265
f 256/263/263 258/265/265 255/262/262
f 258/265/265 253/260/260 251/258/258
f 258/265/265 251/258/258 255/262/262
f 251/258/258 198/203/203 201/206/206
f 251/258/258 201/206/206 255/262/262
f 203/208/208 202/207/207 259/266/266
f 202/207/207 260/267/267 259/266/266
f 260/267/267 261/268/268 262/269/269
f 260/267/267 262/269/269 259/266/266
f 262/269/269 257/264/264 259/266/266
f 257/264/264 256/263/263 259/266/266
f 256/263/263 200/205/205 259/266/266
f 200/205/205 203/208/208 259/266/266
f 205/210/210 204/209/209 263/270/270
f 204/209/209 264/271/271 263/270/270
f 264/271/271 265/272/272 263/270/270
f 265/272/272 266/273/273 263/270/270
f 266/273/273 261/268/268 260/267/267
f 266/273/273 260/267/267 263/270/270
f 260/267/267 202/207/207 263/270/270
f 202/207/207 205/210/210 263/270/270
f 207/212/212 206/211/211 267/274/274
f 206/211/211 268/275/275 267/274/274
f 268/275/275 269/276/276 270/277/277
f 268/275/275 270/277/277 267/274/274
f 270/277/277 265/272/272 267/274/274
f 265/272/272 264/271/271 267/274/274
f 264/271/271 204/209/209 207/212/212
f 264/271/271 207/212/212 267/274/274
f 209/214/214 208/213/213 271/278/278
f 208/213/213 272/279/279 271/278/278
f 272/279/279 273/280/280 274/281/281
f 272/279/279 274/281/281 271/278/278
f 274/281/281 269/276/276 268/275/275
f 274/281/281 268/275/275 271/278/278
f 268/275/275 206/211/211 271/278/278
f 206/211/211 209/214/214 271/278/278
f 211/216/216 210/215/215 275/282/282
f 210/215/215 276/283/283 275/282/282
f 276/283/283 277/284/284 275/282/282
f 277/284/284 278/285/285 275/282/282
f 278/285/285 273/280/280 272/279/279
f 278/285/285 272/279/279 275/282/282
f 272/279/279 208/213/213 275/282/282
f 208/213/213 211/216/216 275/282/282
f 213/218/218 212/217/217 279/286/286
f 213/218/218 279/286/286 280/287/287
f 279/286/286 281/288/288 282/289/289
f 279/286/286 282/289/289 280/287/287
f 282/289/289 277/284/284 276/283/283
f 282/289/289 276/283/283 280/287/287
f 276/283/283 210/215/215 213/218/218
f 276/283/283 213/218/218 280/287/287
f 215/220/220 214/219/219 283/290/290
f 214/219/219 284/291/291 283/290/290
f 284/291/291 285/292/292 283/290/290
f 285/292/292 286/293/293 283/290/290
f 286/293/293 281/288/288 283/290/290
f 281/288/288 279/286/286 283/290/290
f 279/286/286 212/217/217 283/290/290
f 212/217/217 215/220/220 283/290/290
f 216/221/221 183/187/187 287/294/294
f 183/187/187 222/227/227 287/294/294
f 222/227/227 221/226/226 288/295/295
f 222/227/227 288/295/295 287/294/294
f 288/295/295 285/292/292 287/294/294
f 285/292/292 284/291/291 287/294/294
f 284/291/291 214/219/219 287/294/294
f 214/219/219 216/221/221 287/294/294
f 220/225/225 219/224/224 289/296/296
f 220/225/225 289/296/296 290/297/297
f 289/296/296 291/298/298 292/299/299
f 289/296/296 292/299/299 290/297/297
f 292/299/299 293/300/300 290/297/297
f 293/300/300 294/301/301 290/297/297
f 294/301/301 221/226/226 220/225/225
f 294/301/301 220/225/225 290/297/297
f 226/231/231 225/230/230 295/302/302
f 226/231/231 295/302/302 296/303/303
f 295/302/302 297/304/304 298/305/305
f 295/302/302 298/305/305 296/303/303
f 298/305/305 291/298/298 289/296/296
f 298/305/305 289/296/296 296/303/303
f 289/296/296 219/224/224 226/231/231
f 289/296/296 226/231/231 296/303/303
f 230/235/235 229/234/234 299/306/306
f 230/235/235 299/306/306 300/307/307
f 299/306/306 301/308/308 302/309/309
f 299/306/306 302/309/309 300/307/307
f 302/309/309 297/304/304 300/307/307
f 297/304/304 295/302/302 300/307/307
f 295/302/302 225/230/230 230/235/235
f 295/302/302 230/235/235 300/307/307
f 234/239/239 233/238/238 303/310/310
f 234/239/239 303/310/310 304/311/311
f 303/310/310 305/312/312 306/313/313
f 303/310/310 306/313/313 304/311/311
f 306/313/313 301/308/308 299/306/306
f 306/313/313 299/306/306 304/311/311
f 299/306/306 229/234/234 234/239/239
f 299/306/306 234/239/239 304/311/311
f 238/243/243 237/242/242 307/314/314
f 238/243/243 307/314/314 308/315/315
f 307/314/314 309/316/316 308/315/315
f 309/316/316 310/317/317 308/315/315
f 310/318/318 305/312/312 308/319/319
f 305/312/312 303/310/310 308/319/319
f 303/310/310 233/238/238 238/244/244
f 303/310/310 238/244/244 308/319/319
f 242/249/249 241/248/248 311/320/320
f 242/249/249 311/320/320 312/321/321
f 311/320/320 313/322/322 314/323/323
f 311/320/320 314/323/323 312/321/321
f 314/323/323 309/316/316 307/314/314
f 314/323/323 307/314/314 312/321/321
f 307/314/314 237/242/242 242/249/249
f 307/314/314 242/249/249 312/321/321
f 246/253/253 245/252/252 315/324/324
f 246/253/253 315/324/324 316/325/325
f 315/324/324 317/326/326 316/325/325
f 317/326/326 318/327/327 316/325/325
f 318/327/327 313/322/322 311/320/320
f 318/327/327 311/320/320 316/325/325
f 311/320/320 241/248/248 246/253/253
f 311/320/320 246/253/253 316/325/325
f 250/257/257 249/256/256 319/328/328
f 250/257/257 319/328/328 320/329/329
f 319/328/328 321/330/330 322/331/331
f 319/328/328 322/331/331 320/329/329
f 322/331/331 317/326/326 315/324/324
f 322/331/331 315/324/324 320/329/329
f 315/324/324 245/252/252 250/257/257
f 315/324/324 250/257/257 320/329/329
f 254/261/261 253/260/260 323/332/332
f 254/261/261 323/332/332 324/333/333
f 323/332/332 325/334/334 326/335/335
f 323/332/332 326/335/335 324/333/333
f 326/335/335 321/330/330 324/333/333
f 321/330/330 319/328/328 324/333/333
f 319/328/328 249/256/256 324/333/333
f 249/256/256 254/261/261 324/333/333
f 258/265/265 257/264/264 327/336/336
f 258/265/265 327/336/336 328/337/337
f 327/336/336 329/338/338 328/337/337
f 329/338/338 330/339/339 328/337/337
f 330/339/339 325/334/334 328/337/337
f 325/334/334 323/332/332 328/337/337
f 323/332/332 253/260/260 258/265/265
f 323/332/332 258/265/265 328/337/337
f 262/269/269 261/268/268 331/340/340
f 262/269/269 331/340/340 332/341/341
f 331/340/340 333/342/342 334/343/343
f 331/340/340 334/343/343 332/341/341
f 334/343/343 329/338/338 327/336/336
f 334/343/343 327/336/336 332/341/341
f 327/336/336 257/264/264 262/269/269
f 327/336/336 262/269/269 332/341/341
f 266/273/273 265/272/272 335/344/344
f 266/273/273 335/344/344 336/345/345
f 335/344/344 337/346/346 336/345/345
f 337/346/346 338/347/347 336/345/345
f 338/347/347 333/342/342 331/340/340
f 338/347/347 331/340/340 336/345/345
f 331/340/340 261/268/268 266/273/273
f 331/340/340 266/273/273 336/345/345
f 270/277/277 269/276/276 339/348/348
f 270/277/277 339/348/348 340/349/349
f 339/348/348 341/350/350 340/349/349
f 341/350/350 342/351/351 340/349/349
f 342/351/351 337/346/346 340/349/349
f 337/346/346 335/344/344 340/349/349
f 335/344/344 265/272/272 270/277/277
f 335/344/344 270/277/277 340/349/349
f 274/281/281 273/280/280 343/352/352
f 274/281/281 343/352/352 344/353/353
f 343/352/352 345/354/354 346/355/355
f 343/352/352 346/355/355 344/353/353
f 346/355/355 341/350/350 344/353/353
f 341/350/350 339/348/348 344/353/353
f 339/348/348 269/276/276 274/281/281
f 339/348/348 274/281/281 344/353/353
f 278/285/285 277/284/284 347/356/356
f 278/285/285 347/356/356 348/357/357
f 347/356/356 349/358/358 348/357/357
f 349/358/358 350/359/359 348/357/357
f 350/359/359 345/354/354 348/357/357
f 345/354/354 343/352/352 348/357/357
f 343/352/352 273/280/280 278/285/285
f 343/352/352 278/285/285 348/357/357
f 282/289/289 281/288/288 351/360/360
f 282/289/289 351/360/360 352/361/361
f 351/360/360 353/362/362 352/361/361
f 353/362/362 354/363/363 352/361/361
f 354/363/363 349/358/358 352/361/361
f 349/358/358 347/356/356 352/361/361
f 347/356/356 277/284/284 282/289/289
f 347/356/356 282/289/289 352/361/361
f 286/293/293 285/292/292 355/364/364
f 286/293/293 355/364/364 356/365/365
f 355/364/364 357/366/366 358/367/367
f 355/364/364 358/367/367 356/365/365
f 358/367/367 353/362/362 351/360/360
f 358/367/367 351/360/360 356/365/365
f 351/360/360 281/288/288 286/293/293
f 351/360/360 286/293/293 356/365/365
f 288/295/295 221/226/226 294/301/301
f 288/295/295 294/301/301 359/368/368
f 294/301/301 293/300/300 359/368/368
f 293/300/300 360/369/369 359/368/368
f 360/369/369 357/366/366 355/364/364
f 360/369/369 355/364/364 359/368/368
f 355/364/364 285/292/292 288/295/295
f 355/364/364 288/295/295 359/368/368
f 361/370/370 362/371/371 291/298/298
f 362/371/371 292/299/299 291/298/298
f 293/300/300 292/299/299 362/371/371
f 293/300/300 362/371/371 363/372/372
f 364/373/373 365/374/374 297/304/304
f 365/374/374 298/305/305 297/304/304
f 361/370/370 291/298/298 365/374/374
f 291/298/298 298/305/305 365/374/374
f 366/375/375 367/376/376 302/309/309
f 366/375/375 302/309/309 301/308/308
f 364/373/373 297/304/304 367/376/376
f 297/304/304 302/309/309 367/376/376
f 368/377/377 369/378/378 306/313/313
f 368/377/377 306/313/313 305/312/312
f 366/375/375 301/308/308 306/313/313
f 366/375/375 306/313/313 369/378/378
f 370/379/379 371/380/380 310/317/317
f 370/379/379 310/317/317 309/316/316
f 368/377/377 305/312/312 310/318/318
f 368/377/377 310/318/318 371/381/381
f 372/382/382 373/383/383 314/323/323
f 372/382/382 314/323/323 313/322/322
f 370/379/379 309/316/316 314/323/323
f 370/379/379 314/323/323 373/383/383
f 374/384/384 375/385/385 317/326/326
f 375/385/385 318/327/327 317/326/326
f 372/382/382 313/322/322 318/327/327
f 372/382/382 318/327/327 375/385/385
f 376/386/386 377/387/387 321/330/330
f 377/387/387 322/331/331 321/330/330
f 374/384/384 317/326/326 322/331/331
f 374/384/384 322/331/331 377/387/387
f 378/388/388 379/389/389 326/335/335
f 378/388/388 326/335/335 325/334/334
f 376/386/386 321/330/330 379/389/389
f 321/330/330 326/335/335 379/389/389
f 380/390/390 381/391/391 330/339/339
f 380/390/390 330/339/339 329/338/338
f 378/388/388 325/334/334 330/339/339
f 378/388/388 330/339/339 381/391/391
f 382/392/392 383/393/393 334/343/343
f 382/392/392 334/343/343 333/342/342
f 380/390/390 329/338/338 334/343/343
f 380/390/390 334/343/343 383/393/393
f 384/394/394 385/395/395 337/346/346
f 385/395/395 338/347/347 337/346/346
f 382/392/392 333/342/342 338/347/347
f 382/392/392 338/347/347 385/395/395
f 386/396/396 387/397/397 342/351/351
f 386/396/396 342/351/351 341/350/350
f 384/394/394 337/346/346 387/397/397
f 337/346/346 342/351/351 387/397/397
f 388/398/398 389/399/399 345/354/354
f 389/399/399 346/355/355 345/354/354
f 386/396/396 341/350/350 389/399/399
f 341/350/350 346/355/355 389/399/399
f 390/400/400 391/401/401 350/359/359
f 390/400/400 350/359/359 349/358/358
f 388/398/398 345/354/354 391/401/401
f 345/354/354 350/359/359 391/401/401
f 392/402/402 393/403/403 354/363/363
f 392/402/402 354/363/363 353/362/362
f 390/400/400 349/358/358 393/403/403
f 349/358/358 354/363/363 393/403/403
f 394/404/404 395/405/405 357/366/366
f 395/405/405 358/367/367 357/366/366
f 392/402/402 353/362/362 358/367/367
f 392/402/402 358/367/367 395/405/405
f 293/300/300 363/372/372 396/406/406
f 293/300/300 396/406/406 360/369/369
f 394/404/404 357/366/366 396/406/406
f 357/366/366 360/369/369 396/406/406
f 397/407/407 398/408/408 399/409/409
f 398/408/408 400/410/410 399/409/409
f 399/409/409 400/410/410 401/411/411
f 399/409/409 401/411/411 402/412/412
f 403/413/413 399/409/409 404/414/414
f 399/409/409 402/412/412 404/414/414
f 403/413/413 405/415/415 399/409/409
f 405/415/415 397/407/407 399/409/409
f 406/416/416 407/417/417 408/418/418
f 407/417/417 409/419/419 408/418/418
f 408/418/418 409/419/419 410/420/420
f 408/418/418 410/420/420 411/421/421
f 400/410/410 408/418/418 401/411/411
f 408/418/418 411/421/421 401/411/411
f 400/410/410 398/408/408 408/418/418
f 398/408/408 406/416/416 408/418/418
f 412/422/422 413/423/423 414/424/424
f 412/422/422 414/424/424 415/425/425
f 415/425/425 414/424/424 416/426/426
f 414/424/424 417/427/427 416/426/426
f 409/419/419 415/425/425 416/426/426
f 409/419/419 416/426/426 410/420/420
f 409/419/419 407/417/417 412/422/422
f 409/419/419 412/422/422 415/425/425
f 418/428/428 419/429/429 420/430/430
f 419/429/429 421/431/431 420/430/430
f 420/430/430 421/431/431 422/432/432
f 421/431/431 423/433/433 422/432/432
f 414/424/424 420/430/430 422/432/432
f 414/424/424 422/432/432 417/427/427
f 414/424/424 413/423/423 420/430/430
f 413/423/423 418/428/428 420/430/430
f 424/434/434 425/435/435 426/436/436
f 424/434/434 426/436/436 427/437/437
f 427/437/437 426/436/436 428/438/438
f 427/437/437 428/438/438 429/439/439
f 421/431/431 427/440/440 423/433/433
f 427/440/440 429/441/441 423/433/433
f 421/431/431 419/429/429 424/442/442
f 421/431/431 424/442/442 427/440/440
f 430/443/443 431/444/444 432/445/445
f 430/443/443 432/445/445 433/446/446
f 433/446/446 432/445/445 434/447/447
f 432/445/445 435/448/448 434/447/447
f 426/436/436 433/446/446 434/447/447
f 426/436/436 434/447/447 428/438/438
f 426/436/436 425/435/435 433/446/446
f 425/435/435 430/443/443 433/446/446
f 436/449/449 437/450/450 438/451/451
f 436/449/449 438/451/451 439/452/452
f 439/452/452 438/451/451 440/453/453
f 438/451/451 441/454/454 440/453/453
f 432/445/445 439/452/452 435/448/448
f 439/452/452 440/453/453 435/448/448
f 432/445/445 431/444/444 436/449/449
f 432/445/445 436/449/449 439/452/452
f 442/455/455 443/456/456 444/457/457
f 442/455/455 444/457/457 445/458/458
f 445/458/458 444/457/457 446/459/459
f 444/457/457 447/460/460 446/459/459
f 438/451/451 445/458/458 446/459/459
f 438/451/451 446/459/459 441/454/454
f 438/451/451 437/450/450 445/458/458
f 437/450/450 442/455/455 445/458/458
f 448/461/461 449/462/462 450/463/463
f 449/462/462 451/464/464 450/463/463
f 450/463/463 451/464/464 452/465/465
f 451/464/464 453/466/466 452/465/465
f 444/457/457 450/463/463 452/465/465
f 444/457/457 452/465/465 447/460/460
f 444/457/457 443/456/456 448/461/461
f 444/457/457 448/461/461 450/463/463
f 454/467/467 455/468/468 456/469/469
f 454/467/467 456/469/469 457/470/470
f 457/470/470 456/469/469 458/471/471
f 457/470/470 458/471/471 459/472/472
f 451/464/464 457/470/470 459/472/472
f 451/464/464 459/472/472 453/466/466
f 451/464/464 449/462/462 457/470/470
f 449/462/462 454/467/467 457/470/470
f 460/473/473 461/474/474 462/475/475
f 461/474/474 463/476/476 462/475/475
f 462/475/475 463/476/476 464/477/477
f 462/475/475 464/477/477 465/478/478
f 456/469/469 462/475/475 458/471/471
f 462/475/475 465/478/478 458/471/471
f 456/469/469 455/468/468 460/473/473
f 456/469/469 460/473/473 462/475/475
f 466/479/479 467/480/480 468/481/481
f 466/479/479 468/481/481 469/482/482
f 469/482/482 468/481/481 470/483/483
f 468/481/481 471/484/484 470/483/483
f 463/476/476 469/482/482 470/483/483
f 463/476/476 470/483/483 464/477/477
f 463/476/476 461/474/474 466/479/479
f 463/476/476 466/479/479 469/482/482
f 472/485/485 473/486/486 474/487/487
f 472/485/485 474/487/487 475/488/488
f 475/488/488 474/487/487 476/489/489
f 474/487/487 477/490/490 476/489/489
f 468/481/481 475/488/488 476/489/489
f 468/481/481 476/489/489 471/484/484
f 468/481/481 467/480/480 472/485/485
f 468/481/481 472/485/485 475/488/488
f 478/491/491 479/492/492 480/493/493
f 478/491/491 480/493/493 481/494/494
f 481/494/494 480/493/493 482/495/495
f 480/493/493 483/496/496 482/495/495
f 474/487/487 481/494/494 482/495/495
f 474/487/487 482/495/495 477/490/490
f 474/487/487 473/486/486 481/494/494
f 473/486/486 478/491/491 481/494/494
f 484/497/497 485/498/498 486/499/499
f 485/498/498 487/500/500 486/499/499
f 486/499/499 487/500/500 488/501/501
f 486/499/499 488/501/501 489/502/502
f 480/493/493 486/499/499 483/496/496
f 486/499/499 489/502/502 483/496/496
f 480/493/493 479/492/492 486/499/499
f 479/492/492 484/497/497 486/499/499
f 490/503/503 491/504/504 492/505/505
f 490/503/503 492/505/505 493/506/506
f 493/506/506 492/505/505 494/507/507
f 493/506/506 494/507/507 495/508/508
f 487/500/500 493/506/506 488/501/501
f 493/506/506 495/508/508 488/501/501
f 487/500/500 485/498/498 493/506/506
f 485/498/498 490/503/503 493/506/506
f 496/509/509 497/510/510 498/511/511
f 496/509/509 498/511/511 499/512/512
f 499/512/512 498/511/511 500/513/513
f 498/511/511 501/514/514 500/513/513
f 492/505/505 499/512/512 500/513/513
f 492/505/505 500/513/513 494/507/507
f 492/505/505 491/504/504 496/509/509
f 492/505/505 496/509/509 499/512/512
f 502/515/515 405/415/415 503/516/516
f 405/415/415 403/413/413 503/516/516
f 503/516/516 403/413/413 404/414/414
f 503/516/516 404/414/414 504/517/517
f 498/511/511 503/516/516 504/517/517
f 498/511/511 504/517/517 501/514/514
f 498/511/511 497/510/510 503/516/516
f 497/510/510 502/515/515 503/516/516
f 402/412/412 401/411/411 505/518/518
f 401/411/411 506/519/519 505/518/518
f 505/520/520 506/521/521 507/522/522
f 508/523/523 505/520/520 507/522/522
f 508/524/524 404/414/414 505/518/518
f 404/414/414 402/412/412 505/518/518
f 411/421/421 410/420/420 509/525/525
f 411/421/421 509/525/525 510/526/526
f 510/527/527 509/528/528 507/522/522
f 506/521/521 510/527/527 507/522/522
f 506/519/519 401/411/411 510/526/526
f 401/411/411 411/421/421 510/526/526
f 416/426/426 417/427/427 511/529/529
f 416/426/426 511/529/529 512/530/530
f 512/531/531 511/532/532 507/522/522
f 509/528/528 512/531/531 507/522/522
f 509/525/525 410/420/420 416/426/426
f 509/525/525 416/426/426 512/530/530
f 422/432/432 423/433/433 513/533/533
f 422/432/432 513/533/533 514/534/534
f 514/535/535 513/536/536 507/522/522
f 511/532/532 514/535/535 507/522/522
f 511/529/529 417/427/427 422/432/432
f 511/529/529 422/432/432 514/534/534
f 429/439/439 428/438/438 515/537/537
f 429/439/439 515/537/537 516/538/538
f 516/539/539 515/540/540 507/522/522
f 513/536/536 516/539/539 507/522/522
f 513/533/533 423/433/433 429/441/441
f 513/533/533 429/441/441 516/541/541
f 434/447/447 435/448/448 517/542/542
f 434/447/447 517/542/542 518/543/543
f 518/544/544 517/545/545 507/522/522
f 515/540/540 518/544/544 507/522/522
f 515/537/537 428/438/438 434/447/447
f 515/537/537 434/447/447 518/543/543
f 440/453/453 441/454/454 519/546/546
f 441/454/454 520/547/547 519/546/546
f 519/548/548 520/549/549 507/522/522
f 517/545/545 519/548/548 507/522/522
f 517/542/542 435/448/448 519/546/546
f 435/448/448 440/453/453 519/546/546
f 446/459/459 447/460/460 521/550/550
f 446/459/459 521/550/550 522/551/551
f 522/552/552 521/553/553 507/522/522
f 520/549/549 522/552/552 507/522/522
f 520/547/547 441/454/454 522/551/551
f 441/454/454 446/459/459 522/551/551
f 452/465/465 453/466/466 523/554/554
f 452/465/465 523/554/554 524/555/555
f 524/556/556 523/557/557 507/522/522
f 521/553/553 524/556/556 507/522/522
f 521/550/550 447/460/460 452/465/465
f 521/550/550 452/465/465 524/555/555
f 459/472/472 458/471/471 525/558/558
f 458/471/471 526/559/559 525/558/558
f 525/560/560 526/561/561 507/522/522
f 523/557/557 525/560/560 507/522/522
f 523/554/554 453/466/466 459/472/472
f 523/554/554 459/472/472 525/558/558
f 465/478/478 464/477/477 527/562/562
f 464/477/477 528/563/563 527/562/562
f 527/564/564 528/565/565 507/522/522
f 526/561/561 527/564/564 507/522/522
f 526/559/559 458/471/471 527/562/562
f 458/471/471 465/478/478 527/562/562
f 470/483/483 471/484/484 529/566/566
f 471/484/484 530/567/567 529/566/566
f 529/568/568 530/569/569 507/522/522
f 528/565/565 529/568/568 507/522/522
f 528/563/563 464/477/477 529/566/566
f 464/477/477 470/483/483 529/566/566
f 476/489/489 477/490/490 531/570/570
f 476/489/489 531/570/570 532/571/571
f 532/572/572 531/573/573 507/522/522
f 530/569/569 532/572/572 507/522/522
f 530/567/567 471/484/484 532/571/571
f 471/484/484 476/489/489 532/571/571
f 482/495/495 483/496/496 533/574/574
f 483/496/496 534/575/575 533/574/574
f 533/576/576 534/577/577 507/522/522
f 531/573/573 533/576/576 507/522/522
f 531/570/570 477/490/490 482/495/495
f 531/570/570 482/495/495 533/574/574
f 489/502/502 488/501/501 535/578/578
f 488/501/501 536/579/579 535/578/578
f 535/580/580 536/581/581 507/522/522
f 534/577/577 535/580/580 507/522/522
f 534/575/575 483/496/496 535/578/578
f 483/496/496 489/502/502 535/578/578
f 495/508/508 494/507/507 537/582/582
f 494/507/507 538/583/583 537/582/582
f 537/584/584 538/585/585 507/522/522
f 536/581/581 537/584/584 507/522/522
f 536/579/579 488/501/501 537/582/582
f 488/501/501 495/508/508 537/582/582
f 500/513/513 501/514/514 539/586/586
f 500/513/513 539/586/586 540/587/587
f 540/588/588 539/589/589 507/522/522
f 538/585/585 540/588/588 507/522/522
f 538/583/583 494/507/507 540/587/587
f 494/507/507 500/513/513 540/587/587
f 504/517/517 404/414/414 541/590/590
f 404/414/414 508/524/524 541/590/590
f 541/591/591 508/523/523 507/522/522
f 539/589/589 541/591/591 507/522/522
f 539/586/586 501/514/514 504/517/517
f 539/586/586 504/517/517 541/590/590
f 5/5/5 3/3/3 2/2/2
f 5/5/5 2/2/2 6/6/6
f 9/9/9 8/8/8 7/7/7
f 9/9/9 7/7/7 10/10/10
f 13/13/13 12/12/12 11/11/11
f 13/13/13 11/11/11 14/14/14
f 17/17/17 16/16/16 15/15/15
f 17/17/17 15/15/15 18/18/18
f 21/21/21 20/93/93 19/592/592
f 21/21/21 19/592/592 22/22/22
f 25/25/25 24/24/24 23/23/23
f 25/25/25 23/23/23 26/26/26
f 29/29/29 28/28/28 27/27/27
f 29/29/29 27/27/27 30/30/30
f 33/33/33 32/32/32 31/31/31
f 33/33/33 31/31/31 34/34/34
f 37/37/37 36/36/36 35/35/35
f 37/37/37 35/35/35 38/38/38
f 41/41/41 40/40/40 39/39/39
f 41/41/41 39/39/39 42/42/42
f 45/45/45 44/44/44 43/43/43
f 45/45/45 43/43/43 46/46/46
f 49/49/49 48/48/48 47/47/47
f 49/49/49 47/47/47 50/50/50
f 53/53/53 52/52/52 54/54/54
f 52/52/52 51/51/51 54/54/54
f 57/57/57 56/56/56 55/55/55
f 57/57/57 55/55/55 58/58/58
f 61/61/61 59/59/59 60/60/60
f 61/61/61 60/60/60 62/62/62
f 65/65/65 64/64/64 63/63/63
f 65/65/65 63/63/63 66/66/66
f 69/69/69 68/68/68 67/67/67
f 69/69/69 67/67/67 70/70/70
f 1/1/1 4/4/4 71/71/71
f 4/4/4 72/72/72 71/71/71
f 542/593/593 398/408/408 543/594/594
f 398/408/408 397/407/407 543/594/594
f 397/407/407 405/415/415 543/594/594
f 405/415/415 544/595/595 543/594/594
f 544/595/595 363/372/372 362/371/371
f 544/595/595 362/371/371 543/594/594
f 362/371/371 361/370/370 542/593/593
f 362/371/371 542/593/593 543/594/594
f 545/596/596 407/417/417 546/597/597
f 407/417/417 406/416/416 546/597/597
f 406/416/416 398/408/408 546/597/597
f 398/408/408 542/593/593 546/597/597
f 542/593/593 361/370/370 365/374/374
f 542/593/593 365/374/374 546/597/597
f 365/374/374 364/373/373 545/596/596
f 365/374/374 545/596/596 546/597/597
f 547/598/598 413/423/423 412/422/422
f 547/598/598 412/422/422 548/599/599
f 412/422/422 407/417/417 548/599/599
f 407/417/417 545/596/596 548/599/599
f 545/596/596 364/373/373 367/376/376
f 545/596/596 367/376/376 548/599/599
f 367/376/376 366/375/375 548/599/599
f 366/375/375 547/598/598 548/599/599
f 549/600/600 419/429/429 550/601/601
f 419/429/429 418/428/428 550/601/601
f 418/428/428 413/423/423 547/598/598
f 418/428/428 547/598/598 550/601/601
f 547/598/598 366/375/375 550/601/601
f 366/375/375 369/378/378 550/601/601
f 369/378/378 368/377/377 549/600/600
f 369/378/378 549/600/600 550/601/601
f 551/602/602 425/435/435 424/434/434
f 551/602/602 424/434/434 552/603/603
f 424/442/442 419/429/429 549/600/600
f 424/442/442 549/600/600 552/604/604
f 549/600/600 368/377/377 371/381/381
f 549/600/600 371/381/381 552/604/604
f 371/380/380 370/379/379 551/602/602
f 371/380/380 551/602/602 552/603/603
f 553/605/605 431/444/444 430/443/443
f 553/605/605 430/443/443 554/606/606
f 430/443/443 425/435/435 554/606/606
f 425/435/435 551/602/602 554/606/606
f 551/602/602 370/379/379 373/383/383
f 551/602/602 373/383/383 554/606/606
f 373/383/383 372/382/382 554/606/606
f 372/382/382 553/605/605 554/606/606
f 555/607/607 437/450/450 556/608/608
f 437/450/450 436/449/449 556/608/608
f 436/449/449 431/444/444 553/605/605
f 436/449/449 553/605/605 556/608/608
f 553/605/605 372/382/382 375/385/385
f 553/605/605 375/385/385 556/608/608
f 375/385/385 374/384/384 555/607/607
f 375/385/385 555/607/607 556/608/608
f 557/609/609 443/456/456 442/455/455
f 557/609/609 442/455/455 558/610/610
f 442/455/455 437/450/450 558/610/610
f 437/450/450 555/607/607 558/610/610
f 555/607/607 374/384/384 558/610/610
f 374/384/384 377/387/387 558/610/610
f 377/387/387 376/386/386 557/609/609
f 377/387/387 557/609/609 558/610/610
f 559/611/611 449/462/462 448/461/461
f 559/611/611 448/461/461 560/612/612
f 448/461/461 443/456/456 557/609/609
f 448/461/461 557/609/609 560/612/612
f 557/609/609 376/386/386 379/389/389
f 557/609/609 379/389/389 560/612/612
f 379/389/389 378/388/388 560/612/612
f 378/388/388 559/611/611 560/612/612
f 561/613/613 455/468/468 454/467/467
f 561/613/613 454/467/467 562/614/614
f 454/467/467 449/462/462 559/611/611
f 454/467/467 559/611/611 562/614/614
f 559/611/611 378/388/388 562/614/614
f 378/388/388 381/391/391 562/614/614
f 381/391/391 380/390/390 562/614/614
f 380/390/390 561/613/613 562/614/614
f 563/615/615 461/474/474 564/616/616
f 461/474/474 460/473/473 564/616/616
f 460/473/473 455/468/468 561/613/613
f 460/473/473 561/613/613 564/616/616
f 561/613/613 380/390/390 564/616/616
f 380/390/390 383/393/393 564/616/616
f 383/393/393 382/392/392 564/616/616
f 382/392/392 563/615/615 564/616/616
f 565/617/617 467/480/480 566/618/618
f 467/480/480 466/479/479 566/618/618
f 466/479/479 461/474/474 566/618/618
f 461/474/474 563/615/615 566/618/618
f 563/615/615 382/392/392 566/618/618
f 382/392/392 385/395/395 566/618/618
f 385/395/395 384/394/394 565/617/617
f 385/395/395 565/617/617 566/618/618
f 567/619/619 473/486/486 472/485/485
f 567/619/619 472/485/485 568/620/620
f 472/485/485 467/480/480 565/617/617
f 472/485/485 565/617/617 568/620/620
f 565/617/617 384/394/394 387/397/397
f 565/617/617 387/397/397 568/620/620
f 387/397/397 386/396/396 567/619/619
f 387/397/397 567/619/619 568/620/620
f 569/621/621 479/492/492 570/622/622
f 479/492/492 478/491/491 570/622/622
f 478/491/491 473/486/486 567/619/619
f 478/491/491 567/619/619 570/622/622
f 567/619/619 386/396/396 389/399/399
f 567/619/619 389/399/399 570/622/622
f 389/399/399 388/398/398 569/621/621
f 389/399/399 569/621/621 570/622/622
f 571/623/623 485/498/498 484/497/497
f 571/623/623 484/497/497 572/624/624
f 484/497/497 479/492/492 572/624/624
f 479/492/492 569/621/621 572/624/624
f 569/621/621 388/398/398 572/624/624
f 388/398/398 391/401/401 572/624/624
f 391/401/401 390/400/400 572/624/624
f 390/400/400 571/623/623 572/624/624
f 573/625/625 491/504/504 490/503/503
f 573/625/625 490/503/503 574/626/626
f 490/503/503 485/498/498 571/623/623
f 490/503/503 571/623/623 574/626/626
f 571/623/623 390/400/400 393/403/403
f 571/623/623 393/403/403 574/626/626
f 393/403/403 392/402/402 574/626/626
f 392/402/402 573/625/625 574/626/626
f 575/627/627 497/510/510 496/509/509
f 575/627/627 496/509/509 576/628/628
f 496/509/509 491/504/504 573/625/625
f 496/509/509 573/625/625 576/628/628
f 573/625/625 392/402/402 576/628/628
f 392/402/402 395/405/405 576/628/628
f 395/405/405 394/404/404 576/628/628
f 394/404/404 575/627/627 576/628/628
f 544/595/595 405/415/415 577/629/629
f 405/415/415 502/515/515 577/629/629
f 502/515/515 497/510/510 575/627/627
f 502/515/515 575/627/627 577/629/629
f 575/627/627 394/404/404 396/406/406
f 575/627/627 396/406/406 577/629/629
f 396/406/406 363/372/372 544/595/595
f 396/406/406 544/595/595 577/629/629
f 6/630/630 2/631/630 578/632/630
f 2/631/630 1/633/630 578/632/630
f 10/634/630 7/635/630 578/632/630
f 7/635/630 6/630/630 578/632/630
f 14/636/630 11/637/630 578/632/630
f 11/637/630 10/634/630 578/632/630
f 18/638/630 15/639/630 578/632/630
f 15/639/630 14/636/630 578/632/630
f 22/640/630 19/641/630 578/632/630
f 19/641/630 18/638/630 578/632/630
f 26/642/630 23/643/630 578/632/630
f 23/643/630 22/640/630 578/632/630
f 30/644/630 27/645/630 578/632/630
f 27/645/630 26/642/630 578/632/630
f 34/646/630 31/647/630 578/632/630
f 31/647/630 30/644/630 578/632/630
f 38/648/630 35/649/630 578/632/630
f 35/649/630 34/646/630 578/632/630
f 42/650/630 39/651/630 578/632/630
f 39/651/630 38/648/630 578/632/630
f 46/652/630 43/653/630 578/632/630
f 43/653/630 42/650/630 578/632/630
f 50/654/630 47/655/630 578/632/630
f 47/655/630 46/652/630 578/632/630
f 54/656/630 51/657/630 578/632/630
f 51/657/630 50/654/630 578/632/630
f 58/658/630 55/659/630 578/632/630
f 55/659/630 54/656/630 578/632/630
f 62/660/630 60/661/630 578/632/630
f 60/661/630 58/658/630 578/632/630
f 66/662/630 63/663/630 578/632/630
f 63/663/630 62/660/630 578/632/630
f 70/664/630 67/665/630 578/632/630
f 67/665/630 66/662/630 578/632/630
f 1/633/630 71/666/630 578/632/630
f 71/666/630 70/664/630 578/632/630
f 579/667/631 580/668/632 581/669/633
f 580/668/632 582/670/634 581/669/633
f 583/671/635 584/672/636 585/673/637
f 584/672/636 586/674/638 585/673/637
f 587/675/639 588/676/640 589/677/641
f 588/676/640 590/678/642 589/677/641
f 590/678/642 591/679/643 592/680/644
f 590/678/642 592/680/644 589/677/641
f 593/681/645 594/682/646 595/683/647
f 593/681/645 595/683/647 596/684/648
f 597/685/649 598/686/650 593/681/645
f 597/685/649 593/681/645 596/684/648
f 599/687/651 600/688/652 601/689/653
f 599/687/651 601/689/653 602/690/654
f 601/689/653 588/676/640 587/675/639
f 601/689/653 587/675/639 602/690/654
f 603/691/655 604/692/656 605/693/657
f 603/691/655 605/693/657 606/694/658
f 595/683/647 594/682/646 606/694/658
f 594/682/646 603/691/655 606/694/658
f 607/695/659 608/696/660 609/697/661
f 607/695/659 609/697/661 610/698/662
f 609/697/661 600/688/652 610/698/662
f 600/688/652 599/687/651 610/698/662
f 611/699/663 612/700/664 613/701/665
f 611/699/663 613/701/665 614/702/666
f 605/693/657 604/692/656 614/702/666
f 604/692/656 611/699/663 614/702/666
f 615/703/667 616/704/668 617/705/669
f 616/704/668 618/706/670 617/705/669
f 618/706/670 608/696/660 607/695/659
f 618/706/670 607/695/659 617/705/669
f 619/707/671 620/708/672 621/709/673
f 620/708/672 622/710/674 621/709/673
f 613/701/665 612/700/664 619/707/671
f 613/701/665 619/707/671 621/709/673
f 623/711/675 624/712/676 625/713/677
f 624/712/676 626/714/678 625/713/677
f 626/714/678 616/704/668 615/703/667
f 626/714/678 615/703/667 625/713/677
f 627/715/679 628/716/680 629/717/681
f 628/716/680 630/718/682 629/717/681
f 622/710/674 620/708/672 627/715/679
f 622/710/674 627/715/679 629/717/681
f 631/719/683 624/712/676 632/720/684
f 624/712/676 623/711/675 632/720/684
f 630/718/682 628/716/680 633/721/685
f 628/716/680 634/722/686 633/721/685
f 635/723/687 636/724/688 637/725/689
f 635/723/687 637/725/689 638/726/690
f 637/725/689 631/719/683 638/726/690
f 631/719/683 632/720/684 638/726/690
f 639/727/691 640/728/692 641/729/693
f 639/727/691 641/729/693 642/730/694
f 633/721/685 634/722/686 642/730/694
f 634/722/686 639/727/691 642/730/694
f 643/731/695 644/732/696 636/724/688
f 643/731/695 636/724/688 635/723/687
f 640/728/692 645/733/697 646/734/698
f 640/728/692 646/734/698 641/729/693
f 647/735/699 648/736/700 649/737/701
f 647/735/699 649/737/701 650/738/702
f 647/735/699 644/732/696 648/736/700
f 644/732/696 643/731/695 648/736/700
f 651/739/703 652/740/704 653/741/705
f 652/740/704 654/742/706 653/741/705
f 646/734/698 645/733/697 651/739/703
f 645/733/697 652/740/704 651/739/703
f 655/743/707 656/744/708 657/745/709
f 656/744/708 658/746/710 657/745/709
f 656/744/708 659/747/711 658/746/710
f 659/747/711 660/748/712 658/746/710
f 661/749/713 662/750/714 657/745/709
f 662/750/714 655/743/707 657/745/709
f 663/751/715 664/752/716 665/753/717
f 663/751/715 665/753/717 666/754/718
f 665/753/717 667/755/719 666/754/718
f 667/755/719 668/756/720 666/754/718
f 663/751/715 666/754/718 669/757/721
f 663/751/715 669/757/721 670/758/722
f 671/759/723 669/757/721 666/754/718
f 671/759/723 666/754/718 668/756/720
f 671/759/723 672/760/724 669/757/721
f 672/760/724 673/761/725 669/757/721
f 673/761/725 674/762/726 670/758/722
f 673/761/725 670/758/722 669/757/721
f 668/756/720 667/755/719 675/763/727
f 668/756/720 675/763/727 676/764/728
f 675/763/727 677/765/729 676/764/728
f 677/765/729 678/766/730 676/764/728
f 671/759/723 668/756/720 676/764/728
f 671/759/723 676/764/728 679/767/731
f 680/768/732 679/767/731 676/764/728
f 680/768/732 676/764/728 678/766/730
f 680/768/732 681/769/733 679/767/731
f 681/769/733 682/770/734 679/767/731
f 682/770/734 672/760/724 671/759/723
f 682/770/734 671/759/723 679/767/731
f 678/766/730 677/765/729 683/771/735
f 678/766/730 683/771/735 684/772/736
f 683/771/735 685/773/737 684/772/736
f 685/773/737 686/774/738 684/772/736
f 680/768/732 678/766/730 684/772/736
f 680/768/732 684/772/736 687/775/739
f 688/776/740 687/775/739 684/772/736
f 688/776/740 684/772/736 686/774/738
f 688/776/740 689/777/741 687/775/739
f 689/777/741 690/778/742 687/775/739
f 690/778/742 681/769/733 680/768/732
f 690/778/742 680/768/732 687/775/739
f 686/774/738 685/773/737 691/779/743
f 686/774/738 691/779/743 692/780/744
f 691/779/743 693/781/745 692/780/744
f 693/781/745 694/782/746 692/780/744
f 688/776/740 686/774/738 695/783/747
f 686/774/738 692/780/744 695/783/747
f 696/784/748 695/783/747 692/780/744
f 696/784/748 692/780/744 694/782/746
f 696/784/748 697/785/749 695/783/747
f 697/785/749 698/786/750 695/783/747
f 698/786/750 689/777/741 688/776/740
f 698/786/750 688/776/740 695/783/747
f 694/782/746 693/781/745 699/787/751
f 694/782/746 699/787/751 700/788/752
f 699/787/751 701/789/753 700/788/752
f 701/789/753 702/790/754 700/788/752
f 696/784/748 694/782/746 700/788/752
f 696/784/748 700/788/752 703/791/755
f 704/792/756 703/791/755 700/788/752
f 704/792/756 700/788/752 702/790/754
f 704/792/756 705/793/757 703/791/755
f 705/793/757 706/794/758 703/791/755
f 706/794/758 697/785/749 696/784/748
f 706/794/758 696/784/748 703/791/755
f 702/790/754 701/789/753 707/795/759
f 702/790/754 707/795/759 708/796/760
f 704/792/756 702/790/754 708/796/760
f 704/792/756 708/796/760 709/797/761
f 710/798/762 705/793/757 704/792/756
f 710/798/762 704/792/756 709/797/761
f 708/796/760 707/795/759 711/799/763
f 708/796/760 711/799/763 712/800/764
f 711/799/763 713/801/765 712/800/764
f 713/801/765 714/802/766 712/800/764
f 709/797/761 708/796/760 712/800/764
f 709/797/761 712/800/764 715/803/767
f 716/804/768 715/803/767 712/800/764
f 716/804/768 712/800/764 714/802/766
f 716/804/768 717/805/769 715/803/767
f 717/805/769 718/806/770 715/803/767
f 718/806/770 710/798/762 709/797/761
f 718/806/770 709/797/761 715/803/767
f 713/801/765 719/807/771 714/802/766
f 719/807/771 720/808/772 714/802/766
f 721/809/773 716/804/768 714/802/766
f 721/809/773 714/802/766 720/808/772
f 721/809/773 722/810/774 716/804/768
f 722/810/774 717/805/769 716/804/768
f 720/808/772 719/807/771 723/811/775
f 720/808/772 723/811/775 724/812/776
f 724/812/776 723/811/775 725/813/777
f 724/812/776 725/813/777 726/814/778
f 721/809/773 720/808/772 724/812/776
f 721/809/773 724/812/776 727/815/779
f 727/815/779 724/812/776 726/814/778
f 727/815/779 726/814/778 728/816/780
f 729/817/781 727/815/779 730/818/782
f 727/815/779 728/816/780 730/818/782
f 729/817/781 722/810/774 721/809/773
f 729/817/781 721/809/773 727/815/779
f 659/819/783 656/820/784 731/821/785
f 659/819/783 731/821/785 732/822/786
f 662/823/787 661/824/788 733/825/789
f 662/823/787 733/825/789 734/826/790
f 667/827/791 665/828/792 735/829/793
f 665/828/792 736/830/794 735/829/793
f 674/831/795 673/832/796 737/833/797
f 674/831/795 737/833/797 738/834/798
f 677/835/799 675/836/800 739/837/801
f 675/836/800 740/838/802 739/837/801
f 672/839/803 682/840/804 741/841/805
f 672/839/803 741/841/805 742/842/806
f 685/843/807 683/844/808 743/845/809
f 683/844/808 744/846/810 743/845/809
f 681/847/811 690/848/812 745/849/813
f 681/847/811 745/849/813 746/850/814
f 693/851/815 691/852/816 747/853/817
f 691/852/816 748/854/818 747/853/817
f 689/855/819 698/856/820 749/857/821
f 689/855/819 749/857/821 750/858/822
f 701/859/823 699/860/824 751/861/825
f 699/860/824 752/862/826 751/861/825
f 697/863/827 706/864/828 753/865/829
f 697/863/827 753/865/829 754/866/830
f 705/867/831 710/868/832 755/869/833
f 705/867/831 755/869/833 756/870/834
f 713/871/835 711/872/836 757/873/837
f 713/871/835 757/873/837 758/874/838
f 710/868/832 718/875/839 759/876/840
f 710/868/832 759/876/840 755/869/833
f 719/877/841 713/871/835 758/874/838
f 719/877/841 758/874/838 760/878/842
f 725/879/843 723/880/844 761/881/845
f 723/880/844 762/882/846 761/881/845
f 763/883/847 764/884/848 765/885/849
f 763/883/847 765/885/849 766/886/850
f 722/887/851 729/888/852 767/889/853
f 729/888/852 768/890/854 767/889/853
f 769/891/855 770/892/856 771/893/857
f 770/892/856 772/894/858 771/893/857
f 772/895/859 770/896/860 764/897/859
f 770/896/860 765/898/861 764/897/859
f 768/890/854 729/888/852 773/899/862
f 729/888/852 730/900/863 773/899/862
f 722/887/851 767/889/853 774/901/864
f 722/887/851 774/901/864 717/902/865
f 717/902/865 774/901/864 759/876/840
f 717/902/865 759/876/840 718/875/839
f 705/867/831 756/870/834 706/864/828
f 756/870/834 753/865/829 706/864/828
f 697/863/827 754/866/830 698/856/820
f 754/866/830 749/857/821 698/856/820
f 689/855/819 750/858/822 690/848/812
f 750/858/822 745/849/813 690/848/812
f 681/847/811 746/850/814 682/840/804
f 746/850/814 741/841/805 682/840/804
f 672/839/803 742/842/806 673/832/796
f 742/842/806 737/833/797 673/832/796
f 662/823/787 734/826/790 775/903/866
f 662/823/787 775/903/866 655/904/867
f 655/905/868 775/906/869 731/907/870
f 655/905/868 731/907/870 656/908/868
f 659/819/783 732/822/786 776/909/871
f 659/819/783 776/909/871 660/910/872
f 777/911/873 736/830/794 664/912/874
f 736/830/794 665/828/792 664/912/874
f 667/827/791 735/829/793 740/838/802
f 667/827/791 740/838/802 675/836/800
f 677/835/799 739/837/801 744/846/810
f 677/835/799 744/846/810 683/844/808
f 685/843/807 743/845/809 748/854/818
f 685/843/807 748/854/818 691/852/816
f 693/851/815 747/853/817 752/862/826
f 693/851/815 752/862/826 699/860/824
f 701/859/823 751/861/825 778/913/875
f 701/859/823 778/913/875 707/914/876
f 707/914/876 778/913/875 757/873/837
f 707/914/876 757/873/837 711/872/836
f 719/877/841 760/878/842 723/880/844
f 760/878/842 762/882/846 723/880/844
f 769/891/855 779/915/877 770/892/856
f 779/915/877 780/916/878 770/892/856
f 781/917/879 765/898/861 770/896/860
f 781/917/879 770/896/860 780/918/880
f 781/919/881 782/920/882 765/885/849
f 782/920/882 766/886/850 765/885/849
f 652/740/704 768/890/854 654/742/706
f 768/890/854 773/899/862 654/742/706
f 652/740/704 645/733/697 767/889/853
f 652/740/704 767/889/853 768/890/854
f 767/889/853 645/733/697 774/901/864
f 645/733/697 640/728/692 774/901/864
f 774/901/864 640/728/692 759/876/840
f 640/728/692 639/727/691 759/876/840
f 639/727/691 634/722/686 755/869/833
f 639/727/691 755/869/833 759/876/840
f 634/722/686 628/716/680 756/870/834
f 634/722/686 756/870/834 755/869/833
f 756/870/834 628/716/680 627/715/679
f 756/870/834 627/715/679 753/865/829
f 627/715/679 620/708/672 753/865/829
f 620/708/672 754/866/830 753/865/829
f 754/866/830 620/708/672 619/707/671
f 754/866/830 619/707/671 749/857/821
f 619/707/671 612/700/664 749/857/821
f 612/700/664 750/858/822 749/857/821
f 750/858/822 612/700/664 745/849/813
f 612/700/664 611/699/663 745/849/813
f 611/699/663 604/692/656 746/850/814
f 611/699/663 746/850/814 745/849/813
f 746/850/814 604/692/656 741/841/805
f 604/692/656 603/691/655 741/841/805
f 603/691/655 594/682/646 742/842/806
f 603/691/655 742/842/806 741/841/805
f 742/842/806 594/682/646 737/833/797
f 594/682/646 593/681/645 737/833/797
f 593/681/645 598/686/650 738/834/798
f 593/681/645 738/834/798 737/833/797
f 586/674/638 584/672/636 733/825/789
f 584/672/636 734/826/790 733/825/789
f 734/826/790 584/672/636 775/903/866
f 584/672/636 583/671/883 775/903/866
f 583/921/884 582/922/884 775/906/869
f 582/922/884 731/907/870 775/906/869
f 582/670/634 580/668/632 731/821/785
f 580/668/632 732/822/786 731/821/785
f 732/822/786 580/668/632 776/909/871
f 580/668/632 579/667/631 776/909/871
f 777/911/873 591/679/643 590/678/642
f 777/911/873 590/678/642 736/830/794
f 590/678/642 588/676/640 736/830/794
f 588/676/640 735/829/793 736/830/794
f 735/829/793 588/676/640 601/689/653
f 735/829/793 601/689/653 740/838/802
f 601/689/653 600/688/652 740/838/802
f 600/688/652 739/837/801 740/838/802
f 739/837/801 600/688/652 609/697/661
f 739/837/801 609/697/661 744/846/810
f 609/697/661 608/696/660 744/846/810
f 608/696/660 743/845/809 744/846/810
f 743/845/809 608/696/660 748/854/818
f 608/696/660 618/706/670 748/854/818
f 618/706/670 616/704/668 747/853/817
f 618/706/670 747/853/817 748/854/818
f 747/853/817 616/704/668 752/862/826
f 616/704/668 626/714/678 752/862/826
f 626/714/678 624/712/676 751/861/825
f 626/714/678 751/861/825 752/862/826
f 751/861/825 624/712/676 631/719/683
f 751/861/825 631/719/683 778/913/875
f 778/913/875 631/719/683 637/725/689
f 778/913/875 637/725/689 757/873/837
f 637/725/689 636/724/688 757/873/837
f 636/724/688 758/874/838 757/873/837
f 636/724/688 644/732/696 758/874/838
f 644/732/696 760/878/842 758/874/838
f 760/878/842 644/732/696 647/735/699
f 760/878/842 647/735/699 762/882/846
f 762/882/846 647/735/699 650/738/702
f 762/882/846 650/738/702 761/881/845
f 725/813/777 771/923/885 726/814/778
f 771/923/885 772/924/886 726/814/778
f 772/924/886 764/925/887 728/816/780
f 772/924/886 728/816/780 726/814/778
f 764/925/887 763/926/888 728/816/780
f 763/926/888 730/818/782 728/816/780
f 763/883/847 766/886/850 773/899/862
f 763/883/847 773/899/862 730/900/863
f 766/886/850 782/920/882 773/899/862
f 782/920/882 654/742/706 773/899/862
f 654/742/706 782/920/882 653/741/705
f 782/920/882 781/919/881 653/741/705
f 781/917/879 780/918/880 649/927/889
f 781/917/879 649/927/889 653/928/889
f 780/916/878 779/915/877 649/737/890
f 779/915/877 650/738/702 649/737/890
f 650/738/702 779/915/877 761/881/845
f 779/915/877 769/891/855 761/881/845
f 769/891/855 771/893/857 761/881/845
f 771/893/857 725/879/843 761/881/845
f 777/911/873 664/912/874 783/929/891
f 777/911/873 783/929/891 784/930/892
f 657/745/709 658/746/710 785/931/893
f 658/746/710 786/932/894 785/931/893
f 658/746/710 660/748/712 783/933/895
f 658/746/710 783/933/895 786/932/894
f 783/933/895 664/752/716 786/932/894
f 664/752/716 663/751/715 786/932/894
f 787/934/896 661/749/713 657/745/709
f 787/934/896 657/745/709 785/931/893
f 663/751/715 670/758/722 786/932/894
f 670/758/722 785/931/893 786/932/894
f 670/758/722 674/762/726 785/931/893
f 674/762/726 787/934/896 785/931/893
f 733/825/789 661/824/788 788/935/897
f 661/824/788 787/936/898 788/935/897
f 674/831/795 738/834/798 787/936/898
f 738/834/798 788/935/897 787/936/898
f 738/834/798 598/686/650 788/935/897
f 598/686/650 789/937/899 788/935/897
f 789/937/899 586/674/638 788/935/897
f 586/674/638 733/825/789 788/935/897
f 585/673/637 586/674/638 790/938/900
f 586/674/638 789/937/899 790/938/900
f 789/937/899 598/686/650 597/685/649
f 789/937/899 597/685/649 790/938/900
f 791/939/901 579/667/631 792/940/902
f 579/667/631 581/669/633 792/940/902
f 592/680/644 591/679/643 791/939/901
f 592/680/644 791/939/901 792/940/902
f 776/909/871 579/667/631 784/930/892
f 579/667/631 791/939/901 784/930/892
f 791/939/901 591/679/643 784/930/892
f 591/679/643 777/911/873 784/930/892
f 660/910/872 776/909/871 784/930/892
f 660/910/872 784/930/892 783/929/891
f 793/941/903 794/942/904 795/943/905
f 794/942/904 796/944/906 795/943/905
f 795/943/905 797/945/907 793/941/903
f 797/945/907 798/946/908 793/941/903
f 799/947/909 800/948/910 801/949/911
f 799/947/909 801/949/911 802/950/912
f 801/949/911 803/951/913 802/950/912
f 803/951/913 804/952/914 802/950/912
f 805/953/915 806/954/916 807/955/917
f 806/954/916 808/956/918 807/955/917
f 807/955/917 809/957/919 805/953/915
f 809/957/919 810/958/920 805/953/915
f 811/959/921 812/960/922 813/961/923
f 811/959/921 813/961/923 814/962/924
f 813/961/923 815/963/925 814/962/924
f 815/963/925 816/964/926 814/962/924
f 817/965/927 798/946/908 818/966/928
f 818/966/928 819/967/929 817/965/927
f 819/967/929 820/968/930 817/965/927
f 820/968/930 821/969/931 822/970/932
f 820/968/930 822/970/932 817/965/927
f 822/970/932 800/948/910 817/965/927
f 823/971/933 810/958/920 824/972/934
f 824/972/934 825/973/935 823/971/933
f 825/973/935 826/974/936 823/971/933
f 826/974/936 819/967/929 818/966/928
f 826/974/936 818/966/928 823/971/933
f 818/966/928 812/960/922 823/971/933
f 820/968/930 819/967/929 827/975/937
f 820/968/930 827/975/937 828/976/938
f 827/975/937 829/977/939 828/976/938
f 829/977/939 830/978/940 828/976/938
f 830/978/940 831/979/941 832/980/942
f 830/978/940 832/980/942 828/976/938
f 832/980/942 821/969/931 828/976/938
f 821/969/931 820/968/930 828/976/938
f 826/974/936 825/973/935 833/981/943
f 826/974/936 833/981/943 834/982/944
f 833/981/943 835/983/945 834/982/944
f 835/983/945 836/984/946 834/982/944
f 836/984/946 829/977/939 827/975/937
f 836/984/946 827/975/937 834/982/944
f 827/975/937 819/967/929 834/982/944
f 819/967/929 826/974/936 834/982/944
f 830/978/940 829/977/939 837/985/947
f 829/977/939 838/986/948 837/985/947
f 838/986/948 839/987/949 840/988/950
f 838/986/948 840/988/950 837/985/947
f 840/988/950 841/989/951 837/985/947
f 841/989/951 842/990/952 837/985/947
f 842/990/952 831/979/941 830/978/940
f 842/990/952 830/978/940 837/985/947
f 836/984/946 835/983/945 843/991/953
f 835/983/945 844/992/954 843/991/953
f 844/992/954 845/993/955 843/991/953
f 845/993/955 846/994/956 843/991/953
f 846/994/956 839/987/949 838/986/948
f 846/994/956 838/986/948 843/991/953
f 838/986/948 829/977/939 843/991/953
f 829/977/939 836/984/946 843/991/953
f 847/995/957 848/996/958 849/997/959
f 848/996/958 850/998/960 849/997/959
f 851/999/961 852/1000/962 853/1001/963
f 851/999/961 853/1001/963 854/1002/964
f 854/1002/964 855/1003/965 851/999/961
f 856/1004/966 847/995/957 849/997/959
f 857/1005/967 858/1006/968 859/1007/969
f 858/1006/968 860/1008/970 859/1007/969
f 861/1009/971 862/1010/972 863/1011/973
f 862/1010/972 864/1012/974 863/1011/973
f 863/1011/973 853/1001/963 861/1009/971
f 853/1001/963 852/1000/962 861/1009/971
f 850/998/960 848/996/958 857/1005/967
f 850/998/960 857/1005/967 859/1007/969
f 865/1013/975 866/1014/976 867/1015/977
f 865/1013/975 867/1015/977 868/1016/978
f 867/1015/977 855/1003/965 868/1016/978
f 855/1003/965 869/1017/979 868/1016/978
f 869/1017/979 870/1018/980 871/1019/981
f 869/1017/979 871/1019/981 868/1016/978
f 871/1019/981 872/1020/982 868/1016/978
f 872/1020/982 865/1013/975 868/1016/978
f 873/1021/983 874/1022/984 875/1023/985
f 873/1021/983 875/1023/985 876/1024/986
f 873/1021/983 877/1025/987 874/1022/984
f 877/1025/987 878/1026/988 874/1022/984
f 878/1026/988 879/1027/989 880/1028/990
f 878/1026/988 880/1028/990 874/1022/984
f 880/1028/990 870/1018/980 874/1022/984
f 870/1018/980 869/1017/979 874/1022/984
f 869/1017/979 875/1023/985 874/1022/984
f 881/1029/991 882/1030/992 883/1031/993
f 881/1029/991 883/1031/993 884/1032/994
f 881/1029/991 885/1033/995 882/1030/992
f 885/1033/995 886/1034/996 882/1030/992
f 886/1034/996 887/1035/997 882/1030/992
f 887/1035/997 888/1036/998 882/1030/992
f 888/1036/998 877/1025/987 882/1030/992
f 877/1025/987 873/1021/983 882/1030/992
f 882/1030/992 873/1021/983 883/1031/993
f 873/1021/983 876/1024/986 883/1031/993
f 889/1037/999 887/1035/999 890/1038/999
f 887/1035/999 886/1034/999 890/1038/999
f 886/1034/1000 885/1033/1000 890/1038/1000
f 885/1033/1000 891/1039/1000 890/1038/1000
f 891/1039/1001 892/1040/1001 890/1038/1001
f 892/1040/1001 893/1041/1001 890/1038/1001
f 893/1041/1002 894/1042/1002 890/1038/1002
f 894/1042/1002 889/1037/1002 890/1038/1002
f 895/1043/1003 866/1014/976 896/1044/1004
f 866/1014/976 865/1013/975 896/1044/1004
f 865/1013/975 872/1020/982 897/1045/1005
f 865/1013/975 897/1045/1005 896/1044/1004
f 897/1045/1005 898/1046/1006 899/1047/1007
f 897/1045/1005 899/1047/1007 896/1044/1004
f 899/1047/1007 900/1048/1008 896/1044/1004
f 900/1048/1008 895/1043/1003 896/1044/1004
f 901/1049/1009 902/1050/1010 903/1051/1011
f 901/1049/1009 903/1051/1011 904/1052/1012
f 903/1051/1011 905/1053/1013 906/1054/1014
f 903/1051/1011 906/1054/1014 904/1052/1012
f 906/1054/1014 907/1055/1015 908/1056/1016
f 906/1054/1014 908/1056/1016 904/1052/1012
f 908/1056/1016 909/1057/1017 901/1049/1009
f 908/1056/1016 901/1049/1009 904/1052/1012
f 910/1058/1018 902/1050/1010 911/1059/1019
f 902/1050/1010 901/1049/1009 911/1059/1019
f 901/1049/1009 909/1057/1017 912/1060/1020
f 901/1049/1009 912/1060/1020 911/1059/1019
f 912/1060/1020 913/1061/1021 911/1059/1019
f 913/1061/1021 914/1062/1022 911/1059/1019
f 914/1062/1022 915/1063/1023 910/1058/1018
f 914/1062/1022 910/1058/1018 911/1059/1019
f 916/1064/1024 917/1065/1025 918/1066/1026
f 917/1065/1025 919/1067/1027 918/1066/1026
f 919/1067/1027 920/1068/1028 918/1066/1026
f 920/1068/1028 921/1069/1029 918/1066/1026
f 921/1069/1029 922/1070/1030 918/1066/1026
f 922/1070/1030 923/1071/1031 918/1066/1026
f 923/1071/1031 924/1072/1032 918/1066/1026
f 924/1072/1032 916/1064/1024 918/1066/1026
f 925/1073/1033 926/1074/1034 927/1075/1035
f 926/1074/1034 928/1076/1036 927/1075/1035
f 928/1076/1036 929/1077/1037 930/1078/1038
f 928/1076/1036 930/1078/1038 927/1075/1035
f 930/1078/1038 931/1079/1039 932/1080/1040
f 930/1078/1038 932/1080/1040 927/1075/1035
f 932/1080/1040 933/1081/1041 927/1075/1035
f 933/1081/1041 934/1082/1042 927/1075/1035
f 934/1082/1042 935/1083/1043 925/1073/1033
f 934/1082/1042 925/1073/1033 927/1075/1035
f 936/1084/1044 937/1085/1045 938/1086/1046
f 937/1085/1045 939/1087/1047 938/1086/1046
f 939/1087/1047 940/1088/1048 941/1089/1049
f 939/1087/1047 941/1089/1049 938/1086/1046
f 941/1089/1049 942/1090/1050 938/1086/1046
f 942/1090/1050 943/1091/1051 938/1086/1046
f 943/1091/1051 944/1092/1052 936/1084/1044
f 943/1091/1051 936/1084/1044 938/1086/1046
f 945/1093/1053 944/1092/1052 943/1091/1051
f 945/1093/1053 943/1091/1051 946/1094/1054
f 943/1091/1051 942/1090/1050 946/1094/1054
f 942/1090/1050 947/1095/1055 946/1094/1054
f 947/1095/1055 948/1096/1056 949/1097/1057
f 947/1095/1055 949/1097/1057 946/1094/1054
f 949/1097/1057 950/1098/1058 946/1094/1054
f 950/1098/1058 945/1093/1053 946/1094/1054
f 941/1089/1049 940/1088/1048 951/1099/1059
f 941/1089/1049 951/1099/1059 952/1100/1060
f 951/1099/1059 953/1101/1061 952/1100/1060
f 953/1101/1061 954/1102/1062 952/1100/1060
f 954/1102/1062 948/1096/1056 947/1095/1055
f 954/1102/1062 947/1095/1055 952/1100/1060
f 947/1095/1055 942/1090/1050 952/1100/1060
f 942/1090/1050 941/1089/1049 952/1100/1060
f 955/1103/1063 956/1104/1064 957/1105/1065
f 956/1104/1064 958/1106/1066 957/1105/1065
f 958/1106/1066 959/1107/1067 957/1105/1065
f 959/1107/1067 960/1108/1068 957/1105/1065
f 960/1108/1068 961/1109/1069 962/1110/1070
f 960/1108/1068 962/1110/1070 957/1105/1065
f 962/1110/1070 963/1111/1071 957/1105/1065
f 963/1111/1071 964/1112/1072 957/1105/1065
f 964/1112/1072 965/1113/1073 955/1103/1063
f 964/1112/1072 955/1103/1063 957/1105/1065
f 966/1114/1074 967/1115/1075 968/1116/1076
f 967/1115/1075 969/1117/1077 968/1116/1076
f 969/1117/1077 944/1092/1052 945/1093/1053
f 969/1117/1077 945/1093/1053 968/1116/1076
f 945/1093/1053 950/1098/1058 970/1118/1078
f 945/1093/1053 970/1118/1078 968/1116/1076
f 970/1118/1078 971/1119/1079 968/1116/1076
f 971/1119/1079 966/1114/1074 968/1116/1076
f 972/1120/1080 973/1121/1081 974/1122/1082
f 973/1121/1081 975/1123/1083 974/1122/1082
f 975/1123/1083 937/1085/1045 936/1084/1044
f 975/1123/1083 936/1084/1044 974/1122/1082
f 936/1084/1044 944/1092/1052 974/1122/1082
f 944/1092/1052 969/1117/1077 974/1122/1082
f 969/1117/1077 967/1115/1075 972/1120/1080
f 969/1117/1077 972/1120/1080 974/1122/1082
f 804/952/914 803/951/913 976/1124/1084
f 804/952/914 976/1124/1084 977/1125/1085
f 977/1126/1086 976/1127/1087 978/1128/1088
f 976/1127/1087 979/1129/1089 978/1128/1088
f 980/1130/1090 981/1131/1091 982/1132/1092
f 981/1131/1091 983/1133/1093 982/1132/1092
f 980/1134/1094 796/944/906 981/1135/1095
f 796/944/906 794/942/904 981/1135/1095
f 816/964/926 815/963/925 984/1136/1096
f 816/964/926 984/1136/1096 985/1137/1097
f 985/1138/1098 984/1139/1099 986/1140/1100
f 984/1139/1099 987/1141/1101 986/1140/1100
f 988/1142/1102 989/1143/1103 990/1144/1104
f 988/1142/1102 990/1144/1104 991/1145/1105
f 988/1146/1106 808/956/918 806/954/916
f 988/1146/1106 806/954/916 989/1147/1107
f 992/1148/1108 993/1149/1109 994/1150/1110
f 993/1149/1109 995/1151/1111 994/1150/1110
f 996/1152/1112 997/1153/1113 998/1154/1114
f 996/1152/1112 998/1154/1114 999/1155/1115
f 1000/1156/1116 1001/1157/1117 1002/1158/1118
f 1001/1157/1117 1003/1159/1119 1002/1158/1118
f 1004/1160/1120 1005/1161/1121 1006/1162/1122
f 1005/1161/1121 1007/1163/1123 1006/1162/1122
f 979/1129/1089 1008/1164/1124 1009/1165/1125
f 979/1129/1089 1009/1165/1125 978/1128/1088
f 982/1132/1092 983/1133/1093 1010/1166/1126
f 983/1133/1093 1011/1167/1127 1010/1166/1126
f 987/1141/1101 1012/1168/1128 986/1140/1100
f 1012/1168/1128 1013/1169/1129 986/1140/1100
f 991/1145/1105 990/1144/1104 1014/1170/1130
f 991/1145/1105 1014/1170/1130 1015/1171/1131
f 995/1172/1132 993/1173/1133 1016/1174/1134
f 993/1173/1133 1017/1175/1135 1016/1174/1134
f 999/1176/1136 998/1177/1137 1018/1178/1138
f 998/1177/1137 1019/1179/1139 1018/1178/1138
f 1003/1180/1140 1001/1181/1141 1020/1182/1142
f 1001/1181/1141 1021/1183/1143 1020/1182/1142
f 1022/1184/1144 1006/1185/1145 1023/1186/1146
f 1006/1185/1145 1007/1187/1147 1023/1186/1146
f 1009/1188/1148 1008/1189/1149 1024/1190/1150
f 1009/1188/1148 1024/1190/1150 1025/1191/1151
f 1010/1192/1152 1011/1193/1153 1026/1194/1154
f 1010/1192/1152 1026/1194/1154 1027/1195/1155
f 1013/1196/1156 1012/1197/1157 1028/1198/1158
f 1013/1196/1156 1028/1198/1158 1029/1199/1159
f 1015/1200/1160 1014/1201/1161 1030/1202/1162
f 1015/1200/1160 1030/1202/1162 1031/1203/1160
f 1032/1204/1163 1033/1205/1164 1034/1206/1165
f 1032/1204/1163 1034/1206/1165 1035/1207/1166
f 1036/1208/1167 1037/1209/1168 1035/1207/1166
f 1037/1209/1168 1032/1204/1163 1035/1207/1166
f 1032/1204/1163 1037/1209/1168 1038/1210/1169
f 1032/1204/1163 1038/1210/1169 1039/1211/1170
f 1040/1212/1171 1033/1205/1164 1039/1211/1170
f 1033/1205/1164 1032/1204/1163 1039/1211/1170
f 1041/1213/1172 1037/1209/1168 1036/1208/1167
f 1041/1213/1172 1036/1208/1167 1042/1214/1173
f 1043/1215/1174 1041/1213/1172 1044/1216/1175
f 1041/1213/1172 1042/1214/1173 1044/1216/1175
f 1041/1213/1172 1043/1215/1174 1045/1217/1176
f 1043/1215/1174 1046/1218/1177 1045/1217/1176
f 1037/1209/1168 1041/1213/1172 1045/1217/1176
f 1037/1209/1168 1045/1217/1176 1038/1210/1169
f 1047/1219/1178 1043/1215/1174 1048/1220/1179
f 1043/1215/1174 1044/1216/1175 1048/1220/1179
f 1049/1221/1180 1047/1219/1178 1048/1220/1179
f 1049/1221/1180 1048/1220/1179 1050/1222/1181
f 1047/1219/1178 1049/1221/1180 1051/1223/1182
f 1047/1219/1178 1051/1223/1182 1052/1224/1183
f 1043/1215/1174 1047/1219/1178 1052/1224/1183
f 1043/1215/1174 1052/1224/1183 1046/1218/1177
f 975/1123/1083 973/1121/1081 1040/1212/1171
f 975/1123/1083 1040/1212/1171 1039/1211/1170
f 1038/1210/1169 937/1085/1045 1039/1211/1170
f 937/1085/1045 975/1123/1083 1039/1211/1170
f 939/1087/1047 937/1085/1045 1038/1210/1169
f 939/1087/1047 1038/1210/1169 1045/1217/1176
f 1046/1218/1177 940/1088/1048 1045/1217/1176
f 940/1088/1048 939/1087/1047 1045/1217/1176
f 951/1099/1059 940/1088/1048 1046/1218/1177
f 951/1099/1059 1046/1218/1177 1052/1224/1183
f 1051/1223/1182 953/1101/1061 951/1099/1059
f 1051/1223/1182 951/1099/1059 1052/1224/1183
f 1034/1206/1165 1053/1225/1184 1035/1207/1166
f 1053/1225/1184 1054/1226/1185 1035/1207/1166
f 1054/1226/1185 1055/1227/1186 1035/1207/1166
f 1055/1227/1186 1036/1208/1167 1035/1207/1166
f 1036/1208/1167 1055/1227/1186 1042/1214/1173
f 1055/1227/1186 1056/1228/1187 1042/1214/1173
f 1056/1228/1187 965/1113/1073 1044/1216/1175
f 1056/1228/1187 1044/1216/1175 1042/1214/1173
f 1044/1216/1175 965/1113/1073 964/1112/1072
f 1044/1216/1175 964/1112/1072 1048/1220/1179
f 964/1112/1072 963/1111/1071 1048/1220/1179
f 963/1111/1071 1050/1222/1181 1048/1220/1179
f 912/1060/1020 909/1057/1017 1057/1229/1188
f 909/1057/1017 1058/1230/1189 1057/1229/1188
f 1058/1230/1189 967/1115/1075 1057/1229/1188
f 967/1115/1075 966/1114/1074 1057/1229/1188
f 966/1114/1074 971/1119/1079 1059/1231/1190
f 966/1114/1074 1059/1231/1190 1057/1229/1188
f 1059/1231/1190 913/1061/1021 912/1060/1020
f 1059/1231/1190 912/1060/1020 1057/1229/1188
f 908/1056/1016 907/1055/1015 1060/1232/1191
f 908/1056/1016 1060/1232/1191 1061/1233/1192
f 1060/1232/1191 1053/1225/1184 1034/1206/1165
f 1060/1232/1191 1034/1206/1165 1061/1233/1192
f 1034/1206/1165 1033/1205/1164 1061/1233/1192
f 1033/1205/1164 1040/1212/1171 1061/1233/1192
f 1040/1212/1171 973/1121/1081 1061/1233/1192
f 972/1120/1080 1058/1230/1189 1061/1233/1192
f 1058/1230/1189 909/1057/1017 908/1056/1016
f 1058/1230/1189 908/1056/1016 1061/1233/1192
f 1062/1234/1193 1063/1235/1194 1000/1156/1116
f 1062/1234/1193 1000/1156/1116 1002/1158/1118
f 1064/1236/1195 1065/1237/1196 1004/1160/1120
f 1065/1237/1196 1005/1161/1121 1004/1160/1120
f 1064/1238/1197 1066/1239/1198 1067/1240/1199
f 1064/1238/1197 1067/1240/1199 1065/1241/1200
f 1068/1242/1201 1069/1243/1202 1063/1244/1203
f 1068/1242/1201 1063/1244/1203 1062/1245/1204
f 1070/1246/1205 1071/1247/1206 1072/1248/1207
f 1070/1246/1205 1072/1248/1207 1073/1249/1208
f 1073/1250/1209 1072/1251/1210 992/1148/1108
f 1073/1250/1209 992/1148/1108 994/1150/1110
f 996/1152/1112 1074/1252/1211 997/1153/1113
f 1074/1252/1211 1075/1253/1212 997/1153/1113
f 1074/1254/1213 1076/1255/1214 1075/1256/1215
f 1076/1255/1214 1077/1257/1216 1075/1256/1215
f 1078/1258/1217 1069/1243/1202 1079/1259/1218
f 1069/1243/1202 1068/1242/1201 1079/1259/1218
f 1080/1260/1219 1067/1240/1199 1081/1261/1220
f 1067/1240/1199 1066/1239/1198 1081/1261/1220
f 1081/1261/1220 1082/1262/1221 1080/1260/1219
f 1082/1262/1221 1083/1263/1222 1080/1260/1219
f 1084/1264/1223 1085/1265/1224 1078/1258/1217
f 1084/1264/1223 1078/1258/1217 1079/1259/1218
f 1086/1266/1225 1085/1265/1224 1087/1267/1226
f 1087/1267/1226 1083/1263/1222 822/970/932
f 822/970/932 821/969/931 1087/1267/1226
f 821/969/931 1088/1268/1227 1087/1267/1226
f 1088/1268/1227 1089/1269/1228 1086/1266/1225
f 1088/1268/1227 1086/1266/1225 1087/1267/1226
f 1090/1270/1229 1089/1269/1228 1088/1268/1227
f 1090/1270/1229 1088/1268/1227 1091/1271/1230
f 1088/1268/1227 821/969/931 832/980/942
f 1088/1268/1227 832/980/942 1091/1271/1230
f 832/980/942 831/979/941 1092/1272/1231
f 832/980/942 1092/1272/1231 1091/1271/1230
f 1092/1272/1231 1093/1273/1232 1091/1271/1230
f 1093/1273/1232 1090/1270/1229 1091/1271/1230
f 1094/1274/1233 1093/1273/1232 1092/1272/1231
f 1094/1274/1233 1092/1272/1231 1095/1275/1234
f 1092/1272/1231 831/979/941 1095/1275/1234
f 831/979/941 842/990/952 1095/1275/1234
f 842/990/952 841/989/951 1096/1276/1235
f 842/990/952 1096/1276/1235 1095/1275/1234
f 1096/1276/1235 1097/1277/1236 1095/1275/1234
f 1097/1277/1236 1094/1274/1233 1095/1275/1234
f 1098/1278/1237 1097/1277/1236 1099/1279/1238
f 1097/1277/1236 1096/1276/1235 1099/1279/1238
f 1096/1276/1235 841/989/951 856/1004/966
f 1096/1276/1235 856/1004/966 1099/1279/1238
f 856/1004/966 855/1003/965 1099/1279/1238
f 855/1003/965 867/1015/977 1099/1279/1238
f 867/1015/977 866/1014/976 1099/1279/1238
f 866/1014/976 1098/1278/1237 1099/1279/1238
f 1100/1280/1239 1101/1281/1240 1102/1282/1241
f 1100/1280/1239 1102/1282/1241 1103/1283/1242
f 1102/1282/1241 905/1053/1013 1103/1283/1242
f 905/1053/1013 903/1051/1011 1103/1283/1242
f 903/1051/1011 902/1050/1010 1103/1283/1242
f 902/1050/1010 1104/1284/1243 1103/1283/1242
f 1104/1284/1243 1105/1285/1244 1100/1280/1239
f 1104/1284/1243 1100/1280/1239 1103/1283/1242
f 1106/1286/1245 1107/1287/1246 1108/1288/1247
f 1108/1288/1247 1109/1289/1248 1110/1290/1249
f 1109/1289/1248 1111/1291/1250 1110/1290/1249
f 1111/1291/1250 935/1083/1043 1112/1292/1251
f 1111/1291/1250 1112/1292/1251 1110/1290/1249
f 1112/1292/1251 905/1053/1013 1102/1282/1241
f 1112/1292/1251 1102/1282/1241 1110/1290/1249
f 1102/1282/1241 1101/1281/1240 1110/1290/1249
f 1101/1281/1240 1106/1286/1245 1110/1290/1249
f 1113/1293/1252 1105/1285/1244 1104/1284/1243
f 1113/1293/1252 1104/1284/1243 1114/1294/1253
f 1104/1284/1243 902/1050/1010 910/1058/1018
f 1104/1284/1243 910/1058/1018 1114/1294/1253
f 910/1058/1018 915/1063/1023 1114/1294/1253
f 915/1063/1023 1115/1295/1254 1114/1294/1253
f 1115/1295/1254 1116/1296/1255 1113/1293/1252
f 1115/1295/1254 1113/1293/1252 1114/1294/1253
f 1117/1297/1256 1077/1257/1216 1118/1298/1257
f 1077/1257/1216 1076/1255/1214 1118/1298/1257
f 1118/1298/1257 1119/1299/1258 1117/1297/1256
f 1119/1299/1258 1120/1300/1259 1117/1297/1256
f 1121/1301/1260 1122/1302/1261 1123/1303/1262
f 1122/1302/1261 1124/1304/1263 1123/1303/1262
f 1124/1304/1263 1071/1247/1206 1070/1246/1205
f 1124/1304/1263 1070/1246/1205 1123/1303/1262
f 1125/1305/1264 1120/1300/1259 1086/1266/1225
f 1086/1266/1225 1089/1269/1228 1125/1305/1264
f 1089/1269/1228 1126/1306/1265 1125/1305/1264
f 1126/1306/1265 1127/1307/1266 1128/1308/1267
f 1126/1306/1265 1128/1308/1267 1125/1305/1264
f 1128/1308/1267 1122/1302/1261 1125/1305/1264
f 1126/1306/1265 1089/1269/1228 1090/1270/1229
f 1126/1306/1265 1090/1270/1229 1129/1309/1268
f 1090/1270/1229 1093/1273/1232 1130/1310/1269
f 1090/1270/1229 1130/1310/1269 1129/1309/1268
f 1130/1310/1269 1131/1311/1270 1129/1309/1268
f 1131/1311/1270 1132/1312/1271 1129/1309/1268
f 1132/1312/1271 1127/1307/1266 1129/1309/1268
f 1127/1307/1266 1126/1306/1265 1129/1309/1268
f 1130/1310/1269 1093/1273/1232 1133/1313/1272
f 1093/1273/1232 1094/1274/1233 1133/1313/1272
f 1094/1274/1233 1097/1277/1236 1134/1314/1273
f 1094/1274/1233 1134/1314/1273 1133/1313/1272
f 1134/1314/1273 1135/1315/1274 1133/1313/1272
f 1135/1315/1274 1136/1316/1275 1133/1313/1272
f 1136/1316/1275 1131/1311/1270 1130/1310/1269
f 1136/1316/1275 1130/1310/1269 1133/1313/1272
f 1134/1314/1273 1097/1277/1236 1137/1317/1276
f 1097/1277/1236 1098/1278/1237 1137/1317/1276
f 1098/1278/1237 866/1014/976 895/1043/1003
f 1098/1278/1237 895/1043/1003 1137/1317/1276
f 895/1043/1003 900/1048/1008 1138/1318/1277
f 895/1043/1003 1138/1318/1277 1137/1317/1276
f 1138/1318/1277 1135/1315/1274 1134/1314/1273
f 1138/1318/1277 1134/1314/1273 1137/1317/1276
f 1139/1319/1278 872/1020/982 1140/1320/1279
f 872/1020/982 871/1019/981 1140/1320/1279
f 871/1019/981 870/1018/980 1141/1321/1280
f 871/1019/981 1141/1321/1280 1140/1320/1279
f 1141/1321/1280 1101/1281/1240 1140/1320/1279
f 1101/1281/1240 1100/1280/1239 1140/1320/1279
f 1100/1280/1239 1105/1285/1244 1139/1319/1278
f 1100/1280/1239 1139/1319/1278 1140/1320/1279
f 880/1028/990 879/1027/989 1142/1322/1281
f 879/1027/989 1143/1323/1282 1142/1322/1281
f 1143/1323/1282 1107/1287/1246 1142/1322/1281
f 1107/1287/1246 1106/1286/1245 1142/1322/1281
f 1106/1286/1245 1101/1281/1240 1141/1321/1280
f 1106/1286/1245 1141/1321/1280 1142/1322/1281
f 1141/1321/1280 870/1018/980 880/1028/990
f 1141/1321/1280 880/1028/990 1142/1322/1281
f 897/1045/1005 872/1020/982 1139/1319/1278
f 897/1045/1005 1139/1319/1278 1144/1324/1283
f 1139/1319/1278 1105/1285/1244 1144/1324/1283
f 1105/1285/1244 1113/1293/1252 1144/1324/1283
f 1113/1293/1252 1116/1296/1255 1144/1324/1283
f 1116/1296/1255 1145/1325/1284 1144/1324/1283
f 1145/1325/1284 898/1046/1006 1144/1324/1283
f 898/1046/1006 897/1045/1005 1144/1324/1283
f 1112/1292/1251 935/1083/1043 1146/1326/1285
f 1112/1292/1251 1146/1326/1285 1147/1327/1286
f 1146/1326/1285 917/1065/1025 1147/1327/1286
f 917/1065/1025 916/1064/1024 1147/1327/1286
f 916/1064/1024 924/1072/1032 1147/1327/1286
f 924/1072/1032 1148/1328/1287 1147/1327/1286
f 1148/1328/1287 905/1053/1013 1112/1292/1251
f 1148/1328/1287 1112/1292/1251 1147/1327/1286
f 934/1082/1042 933/1081/1041 1149/1329/1288
f 933/1081/1041 1150/1330/1289 1149/1329/1288
f 1150/1330/1289 1151/1331/1290 1149/1329/1288
f 1151/1331/1290 1152/1332/1291 1149/1329/1288
f 1152/1332/1291 920/1068/1028 1149/1329/1288
f 920/1068/1028 919/1067/1027 1149/1329/1288
f 919/1067/1027 917/1065/1025 1149/1329/1288
f 917/1065/1025 1146/1326/1285 1149/1329/1288
f 1146/1326/1285 935/1083/1043 1149/1329/1288
f 935/1083/1043 934/1082/1042 1149/1329/1288
f 906/1054/1014 905/1053/1013 1153/1333/1292
f 905/1053/1013 1148/1328/1287 1153/1333/1292
f 1148/1328/1287 924/1072/1032 1153/1333/1292
f 924/1072/1032 923/1071/1031 1153/1333/1292
f 923/1071/1031 922/1070/1030 1153/1333/1292
f 922/1070/1030 1154/1334/1293 1153/1333/1292
f 1154/1334/1293 907/1055/1015 1153/1333/1292
f 907/1055/1015 906/1054/1014 1153/1333/1292
f 1155/1335/1294 894/1042/1295 1156/1336/1296
f 894/1042/1295 893/1041/1297 1156/1336/1296
f 893/1041/1297 892/1040/1298 1156/1336/1296
f 892/1040/1298 1157/1337/1299 1156/1336/1296
f 1157/1337/1299 926/1074/1034 1156/1336/1296
f 926/1074/1034 925/1073/1033 1156/1336/1296
f 925/1073/1033 935/1083/1043 1156/1336/1296
f 935/1083/1043 1111/1291/1250 1156/1336/1296
f 1111/1291/1250 1109/1289/1248 1156/1336/1296
f 1109/1289/1248 1155/1335/1294 1156/1336/1296
f 1158/1338/1300 1159/1339/1301 1160/1340/1302
f 1159/1339/1301 1161/1341/1303 1160/1340/1302
f 1161/1341/1303 1162/1342/1304 1160/1340/1302
f 1162/1342/1304 1163/1343/1305 1160/1340/1302
f 1163/1343/1305 1164/1344/1306 1160/1340/1302
f 1164/1344/1306 1165/1345/1307 1160/1340/1302
f 1165/1345/1307 1166/1346/1308 1160/1340/1302
f 1166/1346/1308 1158/1338/1300 1160/1340/1302
f 878/1026/988 877/1025/987 888/1036/998
f 878/1026/988 888/1036/998 1167/1347/1309
f 888/1036/998 887/1035/997 1167/1347/1309
f 887/1035/997 1168/1348/1310 1167/1347/1309
f 1168/1348/1310 879/1027/989 1167/1347/1309
f 879/1027/989 878/1026/988 1167/1347/1309
f 1169/1349/1311 894/1042/1295 1155/1335/1294
f 1155/1335/1294 1109/1289/1248 1108/1288/1247
f 1155/1335/1294 1108/1288/1247 1169/1349/1311
f 1169/1350/1312 1107/1351/1313 1170/1352/1314
f 1166/1353/1315 1171/1354/1316 1172/1355/1317
f 1166/1353/1315 1172/1355/1317 1158/1356/1318
f 1171/1354/1316 879/1357/1319 1172/1355/1317
f 879/1357/1319 1168/1358/1320 1172/1355/1317
f 1168/1358/1320 887/1359/1321 1172/1355/1317
f 887/1359/1321 1173/1360/1322 1172/1355/1317
f 1172/1355/1317 1173/1360/1322 1158/1356/1318
f 1173/1360/1322 1159/1361/1323 1158/1356/1318
f 889/1362/1324 894/1363/1325 1174/1364/1326
f 894/1363/1325 1175/1365/1327 1174/1364/1326
f 1174/1364/1326 1175/1365/1327 1161/1366/1328
f 1175/1365/1327 1162/1367/1329 1161/1366/1328
f 1173/1368/1330 1174/1364/1326 1159/1369/1331
f 1174/1364/1326 1161/1366/1328 1159/1369/1331
f 1173/1368/1330 887/1370/1332 1174/1364/1326
f 887/1370/1332 889/1362/1324 1174/1364/1326
f 1170/1352/1314 1107/1351/1313 1176/1371/1333
f 1107/1351/1313 1177/1372/1334 1176/1371/1333
f 1176/1371/1333 1177/1372/1334 1164/1373/1335
f 1176/1371/1333 1164/1373/1335 1163/1374/1336
f 1175/1365/1327 1176/1371/1333 1163/1374/1336
f 1175/1365/1327 1163/1374/1336 1162/1367/1329
f 1175/1365/1327 894/1363/1325 1176/1371/1333
f 894/1363/1325 1170/1352/1314 1176/1371/1333
f 1143/1375/1337 879/1357/1319 1178/1376/1338
f 879/1357/1319 1171/1354/1316 1178/1376/1338
f 1178/1376/1338 1171/1354/1316 1166/1353/1315
f 1178/1376/1338 1166/1353/1315 1165/1377/1339
f 1177/1372/1334 1178/1376/1338 1165/1377/1339
f 1177/1372/1334 1165/1377/1339 1164/1373/1335
f 1177/1372/1334 1107/1351/1313 1178/1376/1338
f 1107/1351/1313 1143/1375/1337 1178/1376/1338
f 1179/1378/1340 1180/1379/1341 1181/1380/1342
f 1179/1378/1340 1181/1380/1342 1182/1381/1343
f 1181/1380/1342 907/1055/1015 1182/1381/1343
f 907/1055/1015 1154/1334/1293 1182/1381/1343
f 1154/1334/1293 922/1070/1030 1182/1381/1343
f 922/1070/1030 921/1069/1029 1182/1381/1343
f 921/1069/1029 920/1068/1028 1182/1381/1343
f 920/1068/1028 1152/1332/1291 1182/1381/1343
f 1152/1332/1291 1151/1331/1290 1182/1381/1343
f 1151/1331/1290 1179/1378/1340 1182/1381/1343
f 1183/1382/1344 931/1079/1039 1184/1383/1345
f 1183/1382/1344 1184/1383/1345 1185/1384/1346
f 1184/1383/1345 1186/1385/1347 1187/1386/1348
f 1184/1383/1345 1187/1386/1348 1185/1384/1346
f 1187/1386/1348 1188/1387/1349 1189/1388/1350
f 1187/1386/1348 1189/1388/1350 1185/1384/1346
f 1189/1388/1350 1180/1379/1341 1185/1384/1346
f 1180/1379/1341 1183/1382/1344 1185/1384/1346
f 1187/1386/1348 1186/1385/1347 1190/1389/1351
f 1187/1386/1348 1190/1389/1351 1191/1390/1352
f 1190/1389/1351 1192/1391/1353 1191/1390/1352
f 1192/1391/1353 1193/1392/1354 1191/1390/1352
f 1193/1392/1354 1194/1393/1355 1191/1390/1352
f 1194/1393/1355 1195/1394/1356 1191/1390/1352
f 1195/1394/1356 1188/1387/1349 1187/1386/1348
f 1195/1394/1356 1187/1386/1348 1191/1390/1352
f 1196/1395/1357 1197/1396/1358 1198/1397/1359
f 1197/1396/1358 1199/1398/1360 1198/1397/1359
f 1199/1398/1360 1200/1399/1361 1198/1397/1359
f 1200/1399/1361 1201/1400/1362 1198/1397/1359
f 1201/1400/1362 1202/1401/1363 1198/1397/1359
f 1202/1401/1363 1203/1402/1364 1198/1397/1359
f 1203/1402/1364 1204/1403/1365 1198/1397/1359
f 1204/1403/1365 1196/1395/1357 1198/1397/1359
f 1205/1404/1366 1194/1393/1355 1206/1405/1367
f 1205/1404/1366 1206/1405/1367 1207/1406/1368
f 1206/1405/1367 956/1104/1064 1207/1406/1368
f 956/1104/1064 955/1103/1063 1207/1406/1368
f 955/1103/1063 965/1113/1073 1056/1228/1187
f 955/1103/1063 1056/1228/1187 1207/1406/1368
f 1056/1228/1187 1055/1227/1186 1207/1406/1368
f 1055/1227/1186 1205/1404/1366 1207/1406/1368
f 1208/1407/1369 1209/1408/1370 1210/1409/1371
f 1208/1407/1369 1210/1409/1371 1211/1410/1372
f 1210/1409/1371 961/1109/1069 1211/1410/1372
f 961/1109/1069 960/1108/1068 1211/1410/1372
f 960/1108/1068 959/1107/1067 1211/1410/1372
f 959/1107/1067 1212/1411/1373 1211/1410/1372
f 1212/1411/1373 1192/1391/1353 1208/1407/1369
f 1212/1411/1373 1208/1407/1369 1211/1410/1372
f 1213/1412/1374 1188/1387/1349 1195/1394/1356
f 1213/1412/1374 1195/1394/1356 1214/1413/1375
f 1195/1394/1356 1194/1393/1355 1214/1413/1375
f 1194/1393/1355 1205/1404/1366 1214/1413/1375
f 1205/1404/1366 1055/1227/1186 1054/1226/1185
f 1205/1404/1366 1054/1226/1185 1214/1413/1375
f 1054/1226/1185 1053/1225/1184 1214/1413/1375
f 1053/1225/1184 1213/1412/1374 1214/1413/1375
f 1215/1414/1376 1216/1415/1377 1217/1416/1378
f 1216/1415/1377 1218/1417/1379 1217/1416/1378
f 1218/1417/1379 1209/1408/1370 1208/1407/1369
f 1218/1417/1379 1208/1407/1369 1217/1416/1378
f 1208/1407/1369 1192/1391/1353 1217/1416/1378
f 1192/1391/1353 1190/1389/1351 1217/1416/1378
f 1190/1389/1351 1186/1385/1347 1215/1414/1376
f 1190/1389/1351 1215/1414/1376 1217/1416/1378
f 1181/1380/1342 1180/1379/1341 1189/1388/1350
f 1181/1380/1342 1189/1388/1350 1219/1418/1380
f 1189/1388/1350 1188/1387/1349 1219/1418/1380
f 1188/1387/1349 1213/1412/1374 1219/1418/1380
f 1213/1412/1374 1053/1225/1184 1219/1418/1380
f 1053/1225/1184 1060/1232/1191 1219/1418/1380
f 1060/1232/1191 907/1055/1015 1181/1380/1342
f 1060/1232/1191 1181/1380/1342 1219/1418/1380
f 1184/1383/1345 931/1079/1039 1220/1419/1381
f 931/1079/1039 930/1078/1038 1220/1419/1381
f 930/1078/1038 929/1077/1037 1221/1420/1382
f 930/1078/1038 1221/1420/1382 1220/1419/1381
f 1221/1420/1382 1216/1415/1377 1215/1414/1376
f 1221/1420/1382 1215/1414/1376 1220/1419/1381
f 1215/1414/1376 1186/1385/1347 1220/1419/1381
f 1186/1385/1347 1184/1383/1345 1220/1419/1381
f 1150/1330/1289 933/1081/1041 932/1080/1040
f 1150/1330/1289 932/1080/1040 1222/1421/1383
f 932/1080/1040 931/1079/1039 1222/1421/1383
f 931/1079/1039 1183/1382/1344 1222/1421/1383
f 1183/1382/1344 1180/1379/1341 1222/1421/1383
f 1180/1379/1341 1179/1378/1340 1222/1421/1383
f 1179/1378/1340 1151/1331/1290 1222/1421/1383
f 1151/1331/1290 1150/1330/1289 1222/1421/1383
f 1223/1422/1384 1224/1423/1385 1225/1424/1386
f 1223/1422/1384 1225/1424/1386 1226/1425/1387
f 1225/1424/1386 1227/1426/1388 1228/1427/1389
f 1225/1424/1386 1228/1427/1389 1226/1425/1387
f 1228/1427/1389 1229/1428/1390 1230/1429/1391
f 1228/1427/1389 1230/1429/1391 1226/1425/1387
f 1230/1429/1391 1231/1430/1392 1223/1422/1384
f 1230/1429/1391 1223/1422/1384 1226/1425/1387
f 1232/1431/1393 1233/1432/1394 1234/1433/1395
f 1232/1431/1393 1234/1433/1395 1235/1434/1396
f 1234/1433/1395 1236/1435/1397 1237/1436/1398
f 1234/1433/1395 1237/1436/1398 1235/1434/1396
f 1237/1436/1398 1227/1426/1388 1225/1424/1386
f 1237/1436/1398 1225/1424/1386 1235/1434/1396
f 1225/1424/1386 1224/1423/1385 1232/1431/1393
f 1225/1424/1386 1232/1431/1393 1235/1434/1396
f 1238/1437/1399 1239/1438/1400 1240/1439/1401
f 1239/1438/1400 1241/1440/1402 1240/1439/1401
f 1241/1440/1402 1242/1441/1403 1243/1442/1404
f 1241/1440/1402 1243/1442/1404 1240/1439/1401
f 1243/1442/1404 1236/1435/1397 1240/1439/1401
f 1236/1435/1397 1234/1433/1395 1240/1439/1401
f 1234/1433/1395 1233/1432/1394 1240/1439/1401
f 1233/1432/1394 1238/1437/1399 1240/1439/1401
f 1244/1443/1405 1231/1430/1392 1230/1429/1391
f 1244/1443/1405 1230/1429/1391 1245/1444/1406
f 1230/1429/1391 1229/1428/1390 1245/1444/1406
f 1229/1428/1390 1246/1445/1407 1245/1444/1406
f 1246/1445/1407 1242/1441/1403 1241/1440/1402
f 1246/1445/1407 1241/1440/1402 1245/1444/1406
f 1241/1440/1402 1239/1438/1400 1244/1443/1405
f 1241/1440/1402 1244/1443/1405 1245/1444/1406
f 1228/1427/1389 1227/1426/1388 1247/1446/1408
f 1228/1427/1389 1247/1446/1408 1248/1447/1409
f 1247/1446/1408 1197/1396/1358 1248/1447/1409
f 1197/1396/1358 1196/1395/1357 1248/1447/1409
f 1196/1395/1357 1204/1403/1365 1248/1447/1409
f 1204/1403/1365 1249/1448/1410 1248/1447/1409
f 1249/1448/1410 1229/1428/1390 1248/1447/1409
f 1229/1428/1390 1228/1427/1389 1248/1447/1409
f 1237/1436/1398 1236/1435/1397 1250/1449/1411
f 1236/1435/1397 1251/1450/1412 1250/1449/1411
f 1251/1450/1412 1200/1399/1361 1250/1449/1411
f 1200/1399/1361 1199/1398/1360 1250/1449/1411
f 1199/1398/1360 1197/1396/1358 1250/1449/1411
f 1197/1396/1358 1247/1446/1408 1250/1449/1411
f 1247/1446/1408 1227/1426/1388 1237/1436/1398
f 1247/1446/1408 1237/1436/1398 1250/1449/1411
f 1243/1442/1404 1242/1441/1403 1252/1451/1413
f 1243/1442/1404 1252/1451/1413 1253/1452/1414
f 1252/1451/1413 1202/1401/1363 1253/1452/1414
f 1202/1401/1363 1201/1400/1362 1253/1452/1414
f 1201/1400/1362 1200/1399/1361 1253/1452/1414
f 1200/1399/1361 1251/1450/1412 1253/1452/1414
f 1251/1450/1412 1236/1435/1397 1243/1442/1404
f 1251/1450/1412 1243/1442/1404 1253/1452/1414
f 1246/1445/1407 1229/1428/1390 1254/1453/1415
f 1229/1428/1390 1249/1448/1410 1254/1453/1415
f 1249/1448/1410 1204/1403/1365 1254/1453/1415
f 1204/1403/1365 1203/1402/1364 1254/1453/1415
f 1203/1402/1364 1202/1401/1363 1254/1453/1415
f 1202/1401/1363 1252/1451/1413 1254/1453/1415
f 1252/1451/1413 1242/1441/1403 1246/1445/1407
f 1252/1451/1413 1246/1445/1407 1254/1453/1415
f 1206/1405/1367 1194/1393/1355 1232/1431/1393
f 1194/1393/1355 1233/1432/1394 1232/1431/1393
f 1224/1423/1385 956/1104/1064 1206/1405/1367
f 1224/1423/1385 1206/1405/1367 1232/1431/1393
f 1193/1392/1354 1192/1391/1353 1239/1438/1400
f 1193/1392/1354 1239/1438/1400 1238/1437/1399
f 1233/1432/1394 1194/1393/1355 1238/1437/1399
f 1194/1393/1355 1193/1392/1354 1238/1437/1399
f 1212/1411/1373 959/1107/1067 1231/1430/1392
f 1212/1411/1373 1231/1430/1392 1244/1443/1405
f 1239/1438/1400 1192/1391/1353 1244/1443/1405
f 1192/1391/1353 1212/1411/1373 1244/1443/1405
f 958/1106/1066 956/1104/1064 1224/1423/1385
f 958/1106/1066 1224/1423/1385 1223/1422/1384
f 1231/1430/1392 959/1107/1067 958/1106/1066
f 1231/1430/1392 958/1106/1066 1223/1422/1384
f 1108/1288/1247 1107/1287/1246 1169/1349/1311
f 1170/1352/1314 894/1363/1325 1169/1350/1312
f 1106/1286/1245 1108/1288/1247 1110/1290/1249
f 972/1120/1080 967/1115/1075 1058/1230/1189
f 1061/1233/1192 973/1121/1081 972/1120/1080
f 1117/1297/1256 1120/1300/1259 1121/1301/1260
f 1117/1297/1256 1121/1301/1260 1123/1303/1262
f 1070/1246/1205 1077/1257/1216 1123/1303/1262
f 1077/1257/1216 1117/1297/1256 1123/1303/1262
f 1075/1256/1215 1077/1257/1216 1073/1249/1208
f 1077/1257/1216 1070/1246/1205 1073/1249/1208
f 997/1153/1113 1075/1253/1212 994/1150/1110
f 1075/1253/1212 1073/1250/1209 994/1150/1110
f 998/1154/1114 997/1153/1113 995/1151/1111
f 997/1153/1113 994/1150/1110 995/1151/1111
f 1019/1179/1139 998/1177/1137 995/1172/1132
f 1019/1179/1139 995/1172/1132 1016/1174/1134
f 1078/1258/1217 1085/1265/1224 1118/1298/1257
f 1085/1265/1224 1119/1299/1258 1118/1298/1257
f 1118/1298/1257 1076/1255/1214 1078/1258/1217
f 1076/1255/1214 1069/1243/1202 1078/1258/1217
f 1063/1244/1203 1069/1243/1202 1074/1254/1213
f 1069/1243/1202 1076/1255/1214 1074/1254/1213
f 1000/1156/1116 1063/1235/1194 996/1152/1112
f 1063/1235/1194 1074/1252/1211 996/1152/1112
f 996/1152/1112 999/1155/1115 1000/1156/1116
f 999/1155/1115 1001/1157/1117 1000/1156/1116
f 1021/1183/1143 1001/1181/1141 999/1176/1136
f 1021/1183/1143 999/1176/1136 1018/1178/1138
f 1080/1260/1219 1083/1263/1222 1079/1259/1218
f 1083/1263/1222 1084/1264/1223 1079/1259/1218
f 1068/1242/1201 1067/1240/1199 1080/1260/1219
f 1068/1242/1201 1080/1260/1219 1079/1259/1218
f 1065/1241/1200 1067/1240/1199 1062/1245/1204
f 1067/1240/1199 1068/1242/1201 1062/1245/1204
f 1005/1161/1121 1065/1237/1196 1062/1234/1193
f 1005/1161/1121 1062/1234/1193 1002/1158/1118
f 1007/1163/1123 1005/1161/1121 1002/1158/1118
f 1007/1163/1123 1002/1158/1118 1003/1159/1119
f 1023/1186/1146 1007/1187/1147 1003/1180/1140
f 1023/1186/1146 1003/1180/1140 1020/1182/1142
f 801/949/911 800/948/910 1081/1261/1220
f 800/948/910 1082/1262/1221 1081/1261/1220
f 1081/1261/1220 1066/1239/1198 801/949/911
f 1066/1239/1198 803/951/913 801/949/911
f 976/1124/1084 803/951/913 1064/1238/1197
f 803/951/913 1066/1239/1198 1064/1238/1197
f 979/1129/1089 976/1127/1087 1064/1236/1195
f 979/1129/1089 1064/1236/1195 1004/1160/1120
f 1004/1160/1120 1006/1162/1122 1008/1164/1124
f 1004/1160/1120 1008/1164/1124 979/1129/1089
f 1024/1190/1150 1008/1189/1149 1006/1185/1145
f 1024/1190/1150 1006/1185/1145 1022/1184/1144
f 793/941/903 798/946/908 802/950/912
f 798/946/908 799/947/909 802/950/912
f 804/952/914 794/942/904 793/941/903
f 804/952/914 793/941/903 802/950/912
f 981/1135/1095 794/942/904 977/1125/1085
f 794/942/904 804/952/914 977/1125/1085
f 983/1133/1093 981/1131/1091 977/1126/1086
f 983/1133/1093 977/1126/1086 978/1128/1088
f 1011/1167/1127 983/1133/1093 978/1128/1088
f 1011/1167/1127 978/1128/1088 1009/1165/1125
f 1026/1194/1154 1011/1193/1153 1025/1191/1151
f 1011/1193/1153 1009/1188/1148 1025/1191/1151
f 813/961/923 812/960/922 795/943/905
f 812/960/922 797/945/907 795/943/905
f 795/943/905 796/944/906 813/961/923
f 796/944/906 815/963/925 813/961/923
f 984/1136/1096 815/963/925 980/1134/1094
f 815/963/925 796/944/906 980/1134/1094
f 987/1141/1101 984/1139/1099 980/1130/1090
f 987/1141/1101 980/1130/1090 982/1132/1092
f 982/1132/1092 1010/1166/1126 1012/1168/1128
f 982/1132/1092 1012/1168/1128 987/1141/1101
f 1028/1198/1158 1012/1197/1157 1027/1195/1155
f 1012/1197/1157 1010/1192/1152 1027/1195/1155
f 805/953/915 810/958/920 814/962/924
f 810/958/920 811/959/921 814/962/924
f 816/964/926 806/954/916 805/953/915
f 816/964/926 805/953/915 814/962/924
f 989/1147/1107 806/954/916 985/1137/1097
f 806/954/916 816/964/926 985/1137/1097
f 990/1144/1104 989/1143/1103 985/1138/1098
f 990/1144/1104 985/1138/1098 986/1140/1100
f 1014/1170/1130 990/1144/1104 1013/1169/1129
f 990/1144/1104 986/1140/1100 1013/1169/1129
f 1030/1202/1162 1014/1201/1161 1029/1199/1159
f 1014/1201/1161 1013/1196/1156 1029/1199/1159
f 1124/1304/1263 1122/1302/1261 1255/1454/1416
f 1124/1304/1263 1255/1454/1416 1256/1455/1417
f 1256/1455/1417 1257/1456/1418 1071/1247/1206
f 1256/1455/1417 1071/1247/1206 1124/1304/1263
f 1072/1248/1207 1071/1247/1206 1258/1457/1419
f 1071/1247/1206 1257/1456/1418 1258/1457/1419
f 992/1148/1108 1072/1251/1210 1259/1458/1420
f 1072/1251/1210 1258/1459/1421 1259/1458/1420
f 1260/1460/1422 993/1149/1109 992/1148/1108
f 1260/1460/1422 992/1148/1108 1259/1458/1420
f 1017/1175/1135 993/1173/1133 1260/1461/1423
f 1017/1175/1135 1260/1461/1423 1261/1462/1423
f 1128/1308/1267 1255/1454/1416 1122/1302/1261
f 1125/1305/1264 1122/1302/1261 1121/1301/1260
f 1121/1301/1260 1120/1300/1259 1125/1305/1264
f 1086/1266/1225 1120/1300/1259 1119/1299/1258
f 1086/1266/1225 1119/1299/1258 1085/1265/1224
f 1087/1267/1226 1085/1265/1224 1084/1264/1223
f 1084/1264/1223 1083/1263/1222 1087/1267/1226
f 822/970/932 1083/1263/1222 1082/1262/1221
f 822/970/932 1082/1262/1221 800/948/910
f 817/965/927 800/948/910 799/947/909
f 799/947/909 798/946/908 817/965/927
f 818/966/928 798/946/908 797/945/907
f 818/966/928 797/945/907 812/960/922
f 823/971/933 812/960/922 811/959/921
f 811/959/921 810/958/920 823/971/933
f 824/972/934 810/958/920 809/957/919
f 1262/1463/1424 1263/1464/1425 1264/1465/1426
f 1263/1464/1425 1265/1466/1427 1264/1465/1426
f 1263/1464/1425 1262/1463/1424 1266/1467/1428
f 1262/1463/1424 1267/1468/1429 1266/1467/1428
f 1268/1469/1430 1269/1470/1431 1270/1471/1432
f 1268/1469/1430 1270/1471/1432 1271/1472/1433
f 1270/1471/1432 1269/1470/1431 1272/1473/1434
f 1269/1470/1431 1273/1474/1435 1272/1473/1434
f 1274/1475/1436 807/1476/1437 1275/1477/1438
f 807/1476/1437 808/1478/1439 1275/1477/1438
f 807/1476/1437 1274/1475/1436 809/1479/1440
f 1274/1475/1436 1276/1480/1441 809/1479/1440
f 1277/1481/1442 1278/1482/1443 1279/1483/1444
f 1277/1481/1442 1279/1483/1444 1280/1484/1445
f 1279/1483/1444 1278/1482/1443 1281/1485/1446
f 1278/1482/1443 1282/1486/1447 1281/1485/1446
f 1283/1487/1448 1284/1488/1449 1267/1468/1429
f 1284/1488/1449 1283/1487/1448 1285/1489/1450
f 1283/1487/1448 1286/1490/1451 1285/1489/1450
f 1286/1490/1451 1283/1487/1448 1287/1491/1452
f 1286/1490/1451 1287/1491/1452 1288/1492/1453
f 1287/1491/1452 1283/1487/1448 1271/1472/1433
f 1289/1493/1454 824/1494/1455 1276/1480/1441
f 824/1494/1455 1289/1493/1454 825/1495/1456
f 1289/1493/1454 1290/1496/1457 825/1495/1456
f 1290/1496/1457 1289/1493/1454 1284/1488/1449
f 1290/1496/1457 1284/1488/1449 1285/1489/1450
f 1284/1488/1449 1289/1493/1454 1280/1484/1445
f 1286/1490/1451 1291/1497/1458 1292/1498/1459
f 1286/1490/1451 1292/1498/1459 1285/1489/1450
f 1292/1498/1459 1291/1497/1458 1293/1499/1460
f 1291/1497/1458 1294/1500/1461 1293/1499/1460
f 1294/1500/1461 1291/1497/1458 1295/1501/1462
f 1294/1500/1461 1295/1501/1462 1296/1502/1463
f 1295/1501/1462 1291/1497/1458 1288/1492/1453
f 1291/1497/1458 1286/1490/1451 1288/1492/1453
f 1290/1496/1457 1297/1503/1464 833/1504/1465
f 1290/1496/1457 833/1504/1465 825/1495/1456
f 833/1504/1465 1297/1503/1464 835/1505/1466
f 1297/1503/1464 1298/1506/1467 835/1505/1466
f 1298/1506/1467 1297/1503/1464 1292/1498/1459
f 1298/1506/1467 1292/1498/1459 1293/1499/1460
f 1292/1498/1459 1297/1503/1464 1285/1489/1450
f 1297/1503/1464 1290/1496/1457 1285/1489/1450
f 1294/1500/1461 1299/1507/1468 1293/1499/1460
f 1299/1507/1468 1300/1508/1469 1293/1499/1460
f 1300/1508/1469 1299/1507/1468 1301/1509/1470
f 1300/1508/1469 1301/1509/1470 1302/1510/1471
f 1301/1509/1470 1299/1507/1468 1303/1511/1472
f 1299/1507/1468 1304/1512/1473 1303/1511/1472
f 1304/1512/1473 1299/1507/1468 1294/1500/1461
f 1304/1512/1473 1294/1500/1461 1296/1502/1463
f 1298/1506/1467 1305/1513/1474 835/1505/1466
f 1305/1513/1474 844/1514/1475 835/1505/1466
f 844/1514/1475 1305/1513/1474 845/1515/1476
f 1305/1513/1474 1306/1516/1477 845/1515/1476
f 1306/1516/1477 1305/1513/1474 1300/1508/1469
f 1306/1516/1477 1300/1508/1469 1302/1510/1471
f 1300/1508/1469 1305/1513/1474 1293/1499/1460
f 1305/1513/1474 1298/1506/1467 1293/1499/1460
f 1307/1517/1478 1308/1518/1479 1309/1519/1480
f 1307/1517/1478 1309/1519/1480 1310/1520/1481
f 1311/1521/1482 1312/1522/1483 1313/1523/1484
f 1312/1522/1483 1314/1524/1485 1313/1523/1484
f 1315/1525/1486 1312/1522/1483 1316/1526/1487
f 1316/1526/1487 1308/1518/1479 1303/1511/1472
f 858/1527/1488 1317/1528/1489 1318/1529/1490
f 858/1527/1488 1318/1529/1490 860/1530/1491
f 862/1531/1492 1319/1532/1493 1320/1533/1494
f 862/1531/1492 1320/1533/1494 864/1534/1495
f 1311/1521/1482 1319/1532/1493 1318/1529/1490
f 1311/1521/1482 1318/1529/1490 1310/1520/1481
f 1310/1520/1481 1318/1529/1490 1317/1528/1489
f 1310/1520/1481 1317/1528/1489 1307/1517/1478
f 1321/1535/1496 1322/1536/1497 1323/1537/1498
f 1321/1535/1496 1323/1537/1498 1324/1538/1499
f 1323/1537/1498 1322/1536/1497 1315/1525/1486
f 1322/1536/1497 1325/1539/1500 1315/1525/1486
f 1325/1539/1500 1322/1536/1497 1326/1540/1501
f 1325/1539/1500 1326/1540/1501 1327/1541/1502
f 1326/1540/1501 1322/1536/1497 1328/1542/1503
f 1322/1536/1497 1321/1535/1496 1328/1542/1503
f 1329/1543/1504 1330/1544/1505 1331/1545/1506
f 1329/1543/1504 1331/1545/1506 1332/1546/1507
f 1331/1545/1506 1330/1544/1505 1333/1547/1508
f 1330/1544/1505 1334/1548/1509 1333/1547/1508
f 1334/1548/1509 1330/1544/1505 1335/1549/1510
f 1334/1548/1509 1335/1549/1510 1336/1550/1511
f 1335/1549/1510 1330/1544/1505 1327/1541/1502
f 1330/1544/1505 1325/1539/1500 1327/1541/1502
f 1325/1539/1500 1329/1543/1504 1315/1525/1486
f 1337/1551/1512 881/1552/1513 1338/1553/1514
f 881/1552/1513 884/1554/1515 1338/1553/1514
f 881/1552/1513 1337/1551/1512 885/1555/1516
f 1337/1551/1512 1339/1556/1517 885/1555/1516
f 1339/1556/1517 1337/1551/1512 1340/1557/1518
f 1337/1551/1512 1341/1558/1519 1340/1557/1518
f 1341/1558/1519 1337/1551/1512 1333/1547/1508
f 1337/1551/1512 1331/1545/1506 1333/1547/1508
f 1331/1545/1506 1337/1551/1512 1338/1553/1514
f 1331/1545/1506 1338/1553/1514 1332/1546/1507
f 1342/1559/1520 1343/1560/1520 1340/1557/1520
f 1343/1560/1520 1339/1556/1520 1340/1557/1520
f 1339/1556/1521 1343/1560/1521 885/1555/1521
f 1343/1560/1521 891/1561/1521 885/1555/1521
f 891/1561/1522 1343/1560/1522 892/1562/1522
f 1343/1560/1522 1344/1563/1522 892/1562/1522
f 1344/1563/1523 1343/1560/1523 1345/1564/1523
f 1343/1560/1523 1342/1559/1523 1345/1564/1523
f 1346/1565/1524 1347/1566/1525 1324/1538/1499
f 1347/1566/1525 1321/1535/1496 1324/1538/1499
f 1321/1535/1496 1347/1566/1525 1348/1567/1526
f 1321/1535/1496 1348/1567/1526 1328/1542/1503
f 1348/1567/1526 1347/1566/1525 899/1568/1527
f 1348/1567/1526 899/1568/1527 898/1569/1528
f 899/1568/1527 1347/1566/1525 900/1570/1529
f 1347/1566/1525 1346/1565/1524 900/1570/1529
f 1349/1571/1530 1350/1572/1531 1351/1573/1532
f 1349/1571/1530 1351/1573/1532 1352/1574/1533
f 1351/1573/1532 1350/1572/1531 1353/1575/1534
f 1351/1573/1532 1353/1575/1534 1354/1576/1535
f 1353/1575/1534 1350/1572/1531 1355/1577/1536
f 1353/1575/1534 1355/1577/1536 1356/1578/1537
f 1355/1577/1536 1350/1572/1531 1349/1571/1530
f 1355/1577/1536 1349/1571/1530 1357/1579/1538
f 1358/1580/1539 1359/1581/1540 1352/1574/1533
f 1359/1581/1540 1349/1571/1530 1352/1574/1533
f 1349/1571/1530 1359/1581/1540 1360/1582/1541
f 1349/1571/1530 1360/1582/1541 1357/1579/1538
f 1360/1582/1541 1359/1581/1540 913/1583/1542
f 1359/1581/1540 914/1584/1543 913/1583/1542
f 914/1584/1543 1359/1581/1540 1358/1580/1539
f 914/1584/1543 1358/1580/1539 915/1585/1544
f 1361/1586/1545 1362/1587/1546 1363/1588/1547
f 1362/1587/1546 1364/1589/1548 1363/1588/1547
f 1364/1589/1548 1362/1587/1546 1365/1590/1549
f 1362/1587/1546 1366/1591/1550 1365/1590/1549
f 1366/1591/1550 1362/1587/1546 1367/1592/1551
f 1362/1587/1546 1368/1593/1552 1367/1592/1551
f 1368/1593/1552 1362/1587/1546 1369/1594/1553
f 1362/1587/1546 1361/1586/1545 1369/1594/1553
f 1370/1595/1554 1371/1596/1555 926/1597/1556
f 1371/1596/1555 928/1598/1557 926/1597/1556
f 928/1598/1557 1371/1596/1555 1372/1599/1558
f 928/1598/1557 1372/1599/1558 929/1600/1559
f 1372/1599/1558 1371/1596/1555 1373/1601/1560
f 1372/1599/1558 1373/1601/1560 1374/1602/1561
f 1373/1601/1560 1371/1596/1555 1375/1603/1562
f 1371/1596/1555 1376/1604/1563 1375/1603/1562
f 1376/1604/1563 1371/1596/1555 1370/1595/1554
f 1376/1604/1563 1370/1595/1554 1377/1605/1564
f 1378/1606/1565 1379/1607/1566 1380/1608/1567
f 1379/1607/1566 1381/1609/1568 1380/1608/1567
f 1381/1609/1568 1379/1607/1566 1382/1610/1569
f 1381/1609/1568 1382/1610/1569 1383/1611/1570
f 1382/1610/1569 1379/1607/1566 1384/1612/1571
f 1379/1607/1566 1385/1613/1572 1384/1612/1571
f 1385/1613/1572 1379/1607/1566 1378/1606/1565
f 1385/1613/1572 1378/1606/1565 1386/1614/1573
f 1387/1615/1574 1388/1616/1575 1385/1613/1572
f 1387/1615/1574 1385/1613/1572 1386/1614/1573
f 1385/1613/1572 1388/1616/1575 1384/1612/1571
f 1388/1616/1575 1389/1617/1576 1384/1612/1571
f 1389/1617/1576 1388/1616/1575 949/1618/1577
f 1389/1617/1576 949/1618/1577 948/1619/1578
f 949/1618/1577 1388/1616/1575 950/1620/1579
f 1388/1616/1575 1387/1615/1574 950/1620/1579
f 1382/1610/1569 1390/1621/1580 1391/1622/1581
f 1382/1610/1569 1391/1622/1581 1383/1611/1570
f 1391/1622/1581 1390/1621/1580 953/1623/1582
f 1390/1621/1580 954/1624/1583 953/1623/1582
f 954/1624/1583 1390/1621/1580 1389/1617/1576
f 954/1624/1583 1389/1617/1576 948/1619/1578
f 1389/1617/1576 1390/1621/1580 1384/1612/1571
f 1390/1621/1580 1382/1610/1569 1384/1612/1571
f 1392/1625/1584 1393/1626/1585 1394/1627/1586
f 1393/1626/1585 1395/1628/1587 1394/1627/1586
f 1395/1628/1587 1393/1626/1585 1396/1629/1588
f 1393/1626/1585 1397/1630/1589 1396/1629/1588
f 1397/1630/1589 1393/1626/1585 962/1631/1590
f 1397/1630/1589 962/1631/1590 961/1632/1591
f 962/1631/1590 1393/1626/1585 963/1633/1592
f 1393/1626/1585 1398/1634/1593 963/1633/1592
f 1398/1634/1593 1393/1626/1585 1392/1625/1584
f 1398/1634/1593 1392/1625/1584 1399/1635/1594
f 1400/1636/1595 1401/1637/1596 1402/1638/1597
f 1401/1637/1596 1403/1639/1598 1402/1638/1597
f 1403/1639/1598 1401/1637/1596 1387/1615/1574
f 1403/1639/1598 1387/1615/1574 1386/1614/1573
f 1387/1615/1574 1401/1637/1596 970/1640/1599
f 1387/1615/1574 970/1640/1599 950/1620/1579
f 970/1640/1599 1401/1637/1596 971/1641/1600
f 1401/1637/1596 1400/1636/1595 971/1641/1600
f 1404/1642/1601 1405/1643/1602 1406/1644/1603
f 1405/1643/1602 1407/1645/1604 1406/1644/1603
f 1407/1645/1604 1405/1643/1602 1378/1606/1565
f 1407/1645/1604 1378/1606/1565 1380/1608/1567
f 1378/1606/1565 1405/1643/1602 1386/1614/1573
f 1405/1643/1602 1403/1639/1598 1386/1614/1573
f 1403/1639/1598 1405/1643/1602 1404/1642/1601
f 1403/1639/1598 1404/1642/1601 1402/1638/1597
f 1273/1474/1435 1408/1646/1605 1409/1647/1606
f 1273/1474/1435 1409/1647/1606 1272/1473/1434
f 1408/1648/1607 1410/1649/1608 1409/1650/1609
f 1410/1649/1608 1411/1651/1610 1409/1650/1609
f 1412/1652/1611 1413/1653/1612 1414/1654/1613
f 1413/1653/1612 1415/1655/1614 1414/1654/1613
f 1412/1656/1615 1414/1657/1616 1265/1466/1427
f 1414/1657/1616 1264/1465/1426 1265/1466/1427
f 1282/1486/1447 1416/1658/1617 1417/1659/1618
f 1282/1486/1447 1417/1659/1618 1281/1485/1446
f 1416/1660/1619 1418/1661/1620 1417/1662/1621
f 1418/1661/1620 1419/1663/1622 1417/1662/1621
f 988/1142/1102 991/1145/1105 1420/1664/1623
f 988/1142/1102 1420/1664/1623 1421/1665/1624
f 988/1666/1625 1421/1667/1626 1275/1477/1438
f 988/1666/1625 1275/1477/1438 808/1478/1439
f 1422/1668/1627 1423/1669/1628 1424/1670/1629
f 1423/1669/1628 1425/1671/1630 1424/1670/1629
f 1426/1672/1631 1427/1673/1632 1428/1674/1633
f 1426/1672/1631 1428/1674/1633 1429/1675/1634
f 1430/1676/1635 1431/1677/1636 1432/1678/1637
f 1431/1677/1636 1433/1679/1638 1432/1678/1637
f 1434/1680/1639 1435/1681/1640 1436/1682/1641
f 1435/1681/1640 1437/1683/1642 1436/1682/1641
f 1411/1651/1610 1410/1649/1608 1438/1684/1643
f 1411/1651/1610 1438/1684/1643 1439/1685/1644
f 1413/1653/1612 1440/1686/1645 1415/1655/1614
f 1440/1686/1645 1441/1687/1646 1415/1655/1614
f 1419/1663/1622 1418/1661/1620 1442/1688/1647
f 1418/1661/1620 1443/1689/1648 1442/1688/1647
f 991/1145/1105 1015/1171/1131 1444/1690/1649
f 991/1145/1105 1444/1690/1649 1420/1664/1623
f 1425/1691/1650 1445/1692/1651 1424/1693/1652
f 1445/1692/1651 1446/1694/1653 1424/1693/1652
f 1427/1695/1654 1447/1696/1655 1428/1697/1656
f 1447/1696/1655 1448/1698/1657 1428/1697/1656
f 1433/1699/1658 1449/1700/1659 1432/1701/1660
f 1449/1700/1659 1450/1702/1661 1432/1701/1660
f 1451/1703/1662 1452/1704/1663 1435/1705/1664
f 1452/1704/1663 1437/1706/1663 1435/1705/1664
f 1438/1707/1665 1453/1708/1666 1454/1709/1667
f 1438/1707/1665 1454/1709/1667 1439/1710/1668
f 1440/1711/1669 1455/1712/1670 1456/1713/1671
f 1440/1711/1669 1456/1713/1671 1441/1714/1672
f 1443/1715/1673 1457/1716/1674 1458/1717/1675
f 1443/1715/1673 1458/1717/1675 1442/1718/1676
f 1015/1200/1160 1031/1203/1160 1459/1719/1677
f 1015/1200/1160 1459/1719/1677 1444/1720/1678
f 1460/1721/1679 1461/1722/1680 1462/1723/1681
f 1460/1721/1679 1462/1723/1681 1463/1724/1682
f 1464/1725/1683 1461/1722/1680 1465/1726/1684
f 1461/1722/1680 1460/1721/1679 1465/1726/1684
f 1460/1721/1679 1466/1727/1685 1467/1728/1686
f 1460/1721/1679 1467/1728/1686 1465/1726/1684
f 1468/1729/1687 1466/1727/1685 1463/1724/1682
f 1466/1727/1685 1460/1721/1679 1463/1724/1682
f 1469/1730/1688 1470/1731/1689 1464/1725/1683
f 1469/1730/1688 1464/1725/1683 1465/1726/1684
f 1471/1732/1690 1472/1733/1691 1469/1730/1688
f 1472/1733/1691 1470/1731/1689 1469/1730/1688
f 1469/1730/1688 1473/1734/1692 1471/1732/1690
f 1473/1734/1692 1474/1735/1693 1471/1732/1690
f 1465/1726/1684 1467/1728/1686 1473/1734/1692
f 1465/1726/1684 1473/1734/1692 1469/1730/1688
f 1475/1736/1694 1476/1737/1695 1471/1732/1690
f 1476/1737/1695 1472/1733/1691 1471/1732/1690
f 1049/1738/1696 1050/1739/1697 1476/1737/1695
f 1049/1738/1696 1476/1737/1695 1475/1736/1694
f 1475/1736/1694 1477/1740/1698 1051/1741/1699
f 1475/1736/1694 1051/1741/1699 1049/1738/1696
f 1471/1732/1690 1474/1735/1693 1477/1740/1698
f 1471/1732/1690 1477/1740/1698 1475/1736/1694
f 1407/1645/1604 1466/1727/1685 1468/1729/1687
f 1407/1645/1604 1468/1729/1687 1406/1644/1603
f 1467/1728/1686 1466/1727/1685 1380/1608/1567
f 1466/1727/1685 1407/1645/1604 1380/1608/1567
f 1381/1609/1568 1473/1734/1692 1467/1728/1686
f 1381/1609/1568 1467/1728/1686 1380/1608/1567
f 1474/1735/1693 1473/1734/1692 1383/1611/1570
f 1473/1734/1692 1381/1609/1568 1383/1611/1570
f 1391/1622/1581 1477/1740/1698 1474/1735/1693
f 1391/1622/1581 1474/1735/1693 1383/1611/1570
f 1051/1741/1699 1477/1740/1698 1391/1622/1581
f 1051/1741/1699 1391/1622/1581 953/1623/1582
f 1462/1723/1681 1461/1722/1680 1478/1742/1700
f 1461/1722/1680 1479/1743/1701 1478/1742/1700
f 1479/1743/1701 1461/1722/1680 1480/1744/1702
f 1461/1722/1680 1464/1725/1683 1480/1744/1702
f 1464/1725/1683 1470/1731/1689 1480/1744/1702
f 1470/1731/1689 1481/1745/1703 1480/1744/1702
f 1481/1745/1703 1470/1731/1689 1472/1733/1691
f 1481/1745/1703 1472/1733/1691 1399/1635/1594
f 1472/1733/1691 1476/1737/1695 1398/1634/1593
f 1472/1733/1691 1398/1634/1593 1399/1635/1594
f 1398/1634/1593 1476/1737/1695 963/1633/1592
f 1476/1737/1695 1050/1739/1697 963/1633/1592
f 1360/1582/1541 1482/1746/1704 1357/1579/1538
f 1482/1746/1704 1483/1747/1705 1357/1579/1538
f 1483/1747/1705 1482/1746/1704 1402/1638/1597
f 1482/1746/1704 1400/1636/1595 1402/1638/1597
f 1400/1636/1595 1482/1746/1704 1059/1748/1706
f 1400/1636/1595 1059/1748/1706 971/1641/1600
f 1059/1748/1706 1482/1746/1704 1360/1582/1541
f 1059/1748/1706 1360/1582/1541 913/1583/1542
f 1355/1577/1536 1484/1749/1707 1485/1750/1708
f 1355/1577/1536 1485/1750/1708 1356/1578/1537
f 1485/1750/1708 1484/1749/1707 1462/1723/1681
f 1485/1750/1708 1462/1723/1681 1478/1742/1700
f 1462/1723/1681 1484/1749/1707 1463/1724/1682
f 1463/1724/1682 1484/1749/1707 1468/1729/1687
f 1468/1729/1687 1484/1749/1707 1406/1644/1603
f 1404/1642/1601 1484/1749/1707 1483/1747/1705
f 1483/1747/1705 1484/1749/1707 1355/1577/1536
f 1483/1747/1705 1355/1577/1536 1357/1579/1538
f 1486/1751/1709 1431/1677/1636 1430/1676/1635
f 1486/1751/1709 1430/1676/1635 1487/1752/1710
f 1488/1753/1711 1434/1680/1639 1489/1754/1712
f 1434/1680/1639 1436/1682/1641 1489/1754/1712
f 1488/1755/1713 1489/1756/1714 1490/1757/1715
f 1488/1755/1713 1490/1757/1715 1491/1758/1716
f 1492/1759/1717 1486/1760/1718 1487/1761/1719
f 1492/1759/1717 1487/1761/1719 1493/1762/1720
f 1494/1763/1721 1495/1764/1722 1496/1765/1723
f 1494/1763/1721 1496/1765/1723 1497/1766/1724
f 1495/1767/1725 1423/1669/1628 1422/1668/1627
f 1495/1767/1725 1422/1668/1627 1496/1768/1726
f 1426/1672/1631 1429/1675/1634 1498/1769/1727
f 1429/1675/1634 1499/1770/1728 1498/1769/1727
f 1498/1771/1729 1499/1772/1730 1500/1773/1731
f 1499/1772/1730 1501/1774/1732 1500/1773/1731
f 1502/1775/1733 1503/1776/1734 1493/1762/1720
f 1503/1776/1734 1492/1759/1717 1493/1762/1720
f 1504/1777/1735 1505/1778/1736 1490/1757/1715
f 1505/1778/1736 1491/1758/1716 1490/1757/1715
f 1505/1778/1736 1504/1777/1735 1506/1779/1737
f 1504/1777/1735 1507/1780/1738 1506/1779/1737
f 1508/1781/1739 1503/1776/1734 1502/1775/1733
f 1508/1781/1739 1502/1775/1733 1509/1782/1740
f 1510/1783/1741 1511/1784/1742 1509/1782/1740
f 1511/1784/1742 1287/1491/1452 1507/1780/1738
f 1287/1491/1452 1511/1784/1742 1288/1492/1453
f 1511/1784/1742 1512/1785/1743 1288/1492/1453
f 1512/1785/1743 1511/1784/1742 1510/1783/1741
f 1512/1785/1743 1510/1783/1741 1513/1786/1744
f 1514/1787/1745 1515/1788/1746 1512/1785/1743
f 1514/1787/1745 1512/1785/1743 1513/1786/1744
f 1512/1785/1743 1515/1788/1746 1295/1501/1462
f 1512/1785/1743 1295/1501/1462 1288/1492/1453
f 1295/1501/1462 1515/1788/1746 1516/1789/1747
f 1295/1501/1462 1516/1789/1747 1296/1502/1463
f 1516/1789/1747 1515/1788/1746 1517/1790/1748
f 1515/1788/1746 1514/1787/1745 1517/1790/1748
f 1518/1791/1749 1519/1792/1750 1516/1789/1747
f 1518/1791/1749 1516/1789/1747 1517/1790/1748
f 1516/1789/1747 1519/1792/1750 1296/1502/1463
f 1519/1792/1750 1304/1512/1473 1296/1502/1463
f 1304/1512/1473 1519/1792/1750 1520/1793/1751
f 1304/1512/1473 1520/1793/1751 1303/1511/1472
f 1520/1793/1751 1519/1792/1750 1521/1794/1752
f 1519/1792/1750 1518/1791/1749 1521/1794/1752
f 1522/1795/1753 1523/1796/1754 1521/1794/1752
f 1523/1796/1754 1520/1793/1751 1521/1794/1752
f 1520/1793/1751 1523/1796/1754 1316/1526/1487
f 1520/1793/1751 1316/1526/1487 1303/1511/1472
f 1316/1526/1487 1523/1796/1754 1315/1525/1486
f 1523/1796/1754 1323/1537/1498 1315/1525/1486
f 1323/1537/1498 1523/1796/1754 1324/1538/1499
f 1523/1796/1754 1522/1795/1753 1324/1538/1499
f 1524/1797/1755 1525/1798/1756 1526/1799/1757
f 1524/1797/1755 1526/1799/1757 1527/1800/1758
f 1526/1799/1757 1525/1798/1756 1354/1576/1535
f 1525/1798/1756 1351/1573/1532 1354/1576/1535
f 1351/1573/1532 1525/1798/1756 1352/1574/1533
f 1525/1798/1756 1528/1801/1759 1352/1574/1533
f 1528/1801/1759 1525/1798/1756 1524/1797/1755
f 1528/1801/1759 1524/1797/1755 1529/1802/1760
f 1530/1803/1761 1531/1804/1762 1532/1805/1763
f 1531/1804/1762 1533/1806/1764 1534/1807/1765
f 1533/1806/1764 1535/1808/1766 1534/1807/1765
f 1535/1808/1766 1533/1806/1764 1536/1809/1767
f 1535/1808/1766 1536/1809/1767 1377/1605/1564
f 1536/1809/1767 1533/1806/1764 1526/1799/1757
f 1536/1809/1767 1526/1799/1757 1354/1576/1535
f 1526/1799/1757 1533/1806/1764 1527/1800/1758
f 1533/1806/1764 1530/1803/1761 1527/1800/1758
f 1537/1810/1768 1538/1811/1769 1528/1801/1759
f 1537/1810/1768 1528/1801/1759 1529/1802/1760
f 1528/1801/1759 1538/1811/1769 1358/1580/1539
f 1528/1801/1759 1358/1580/1539 1352/1574/1533
f 1358/1580/1539 1538/1811/1769 915/1585/1544
f 1538/1811/1769 1115/1812/1770 915/1585/1544
f 1115/1812/1770 1538/1811/1769 1537/1810/1768
f 1115/1812/1770 1537/1810/1768 1116/1813/1771
f 1539/1814/1772 1540/1815/1773 1501/1774/1732
f 1540/1815/1773 1500/1773/1731 1501/1774/1732
f 1540/1815/1773 1539/1814/1772 1541/1816/1774
f 1539/1814/1772 1542/1817/1775 1541/1816/1774
f 1543/1818/1776 1544/1819/1777 1545/1820/1778
f 1544/1819/1777 1546/1821/1779 1545/1820/1778
f 1546/1821/1779 1544/1819/1777 1494/1763/1721
f 1546/1821/1779 1494/1763/1721 1497/1766/1724
f 1547/1822/1780 1510/1783/1741 1542/1817/1775
f 1510/1783/1741 1547/1822/1780 1513/1786/1744
f 1547/1822/1780 1548/1823/1781 1513/1786/1744
f 1548/1823/1781 1547/1822/1780 1128/1824/1782
f 1548/1823/1781 1128/1824/1782 1127/1825/1783
f 1128/1824/1782 1547/1822/1780 1545/1820/1778
f 1548/1823/1781 1549/1826/1784 1514/1787/1745
f 1548/1823/1781 1514/1787/1745 1513/1786/1744
f 1514/1787/1745 1549/1826/1784 1550/1827/1785
f 1514/1787/1745 1550/1827/1785 1517/1790/1748
f 1550/1827/1785 1549/1826/1784 1131/1828/1786
f 1549/1826/1784 1132/1829/1787 1131/1828/1786
f 1132/1829/1787 1549/1826/1784 1127/1825/1783
f 1549/1826/1784 1548/1823/1781 1127/1825/1783
f 1550/1827/1785 1551/1830/1788 1517/1790/1748
f 1551/1830/1788 1518/1791/1749 1517/1790/1748
f 1518/1791/1749 1551/1830/1788 1552/1831/1789
f 1518/1791/1749 1552/1831/1789 1521/1794/1752
f 1552/1831/1789 1551/1830/1788 1135/1832/1790
f 1551/1830/1788 1136/1833/1791 1135/1832/1790
f 1136/1833/1791 1551/1830/1788 1550/1827/1785
f 1136/1833/1791 1550/1827/1785 1131/1828/1786
f 1552/1831/1789 1553/1834/1792 1521/1794/1752
f 1553/1834/1792 1522/1795/1753 1521/1794/1752
f 1522/1795/1753 1553/1834/1792 1346/1565/1524
f 1522/1795/1753 1346/1565/1524 1324/1538/1499
f 1346/1565/1524 1553/1834/1792 1138/1835/1793
f 1346/1565/1524 1138/1835/1793 900/1570/1529
f 1138/1835/1793 1553/1834/1792 1552/1831/1789
f 1138/1835/1793 1552/1831/1789 1135/1832/1790
f 1554/1836/1794 1555/1837/1795 1328/1542/1503
f 1555/1837/1795 1326/1540/1501 1328/1542/1503
f 1326/1540/1501 1555/1837/1795 1556/1838/1796
f 1326/1540/1501 1556/1838/1796 1327/1541/1502
f 1556/1838/1796 1555/1837/1795 1527/1800/1758
f 1555/1837/1795 1524/1797/1755 1527/1800/1758
f 1524/1797/1755 1555/1837/1795 1554/1836/1794
f 1524/1797/1755 1554/1836/1794 1529/1802/1760
f 1335/1549/1510 1557/1839/1797 1336/1550/1511
f 1557/1839/1797 1558/1840/1798 1336/1550/1511
f 1558/1840/1798 1557/1839/1797 1532/1805/1763
f 1557/1839/1797 1530/1803/1761 1532/1805/1763
f 1530/1803/1761 1557/1839/1797 1556/1838/1796
f 1530/1803/1761 1556/1838/1796 1527/1800/1758
f 1556/1838/1796 1557/1839/1797 1335/1549/1510
f 1556/1838/1796 1335/1549/1510 1327/1541/1502
f 1348/1567/1526 1559/1841/1799 1554/1836/1794
f 1348/1567/1526 1554/1836/1794 1328/1542/1503
f 1554/1836/1794 1559/1841/1799 1529/1802/1760
f 1559/1841/1799 1537/1810/1768 1529/1802/1760
f 1537/1810/1768 1559/1841/1799 1116/1813/1771
f 1559/1841/1799 1145/1842/1800 1116/1813/1771
f 1145/1842/1800 1559/1841/1799 898/1569/1528
f 1559/1841/1799 1348/1567/1526 898/1569/1528
f 1536/1809/1767 1560/1843/1801 1561/1844/1802
f 1536/1809/1767 1561/1844/1802 1377/1605/1564
f 1561/1844/1802 1560/1843/1801 1363/1588/1547
f 1560/1843/1801 1361/1586/1545 1363/1588/1547
f 1361/1586/1545 1560/1843/1801 1369/1594/1553
f 1560/1843/1801 1562/1845/1803 1369/1594/1553
f 1562/1845/1803 1560/1843/1801 1536/1809/1767
f 1562/1845/1803 1536/1809/1767 1354/1576/1535
f 1376/1604/1563 1563/1846/1804 1375/1603/1562
f 1563/1846/1804 1564/1847/1805 1375/1603/1562
f 1564/1847/1805 1563/1846/1804 1565/1848/1806
f 1563/1846/1804 1566/1849/1807 1565/1848/1806
f 1566/1849/1807 1563/1846/1804 1365/1590/1549
f 1563/1846/1804 1364/1589/1548 1365/1590/1549
f 1364/1589/1548 1563/1846/1804 1363/1588/1547
f 1563/1846/1804 1561/1844/1802 1363/1588/1547
f 1561/1844/1802 1563/1846/1804 1377/1605/1564
f 1563/1846/1804 1376/1604/1563 1377/1605/1564
f 1353/1575/1534 1567/1850/1808 1354/1576/1535
f 1567/1850/1808 1562/1845/1803 1354/1576/1535
f 1562/1845/1803 1567/1850/1808 1369/1594/1553
f 1567/1850/1808 1368/1593/1552 1369/1594/1553
f 1368/1593/1552 1567/1850/1808 1367/1592/1551
f 1567/1850/1808 1568/1851/1809 1367/1592/1551
f 1568/1851/1809 1567/1850/1808 1356/1578/1537
f 1567/1850/1808 1353/1575/1534 1356/1578/1537
f 1569/1852/1810 1570/1853/1811 1345/1564/1812
f 1570/1853/1811 1344/1563/1813 1345/1564/1812
f 1344/1563/1813 1570/1853/1811 892/1562/1814
f 1570/1853/1811 1157/1854/1815 892/1562/1814
f 1157/1854/1815 1570/1853/1811 926/1597/1556
f 1570/1853/1811 1370/1595/1554 926/1597/1556
f 1370/1595/1554 1570/1853/1811 1377/1605/1564
f 1570/1853/1811 1535/1808/1766 1377/1605/1564
f 1535/1808/1766 1570/1853/1811 1534/1807/1765
f 1570/1853/1811 1569/1852/1810 1534/1807/1765
f 1571/1855/1816 1572/1856/1817 1573/1857/1818
f 1572/1856/1817 1574/1858/1819 1573/1857/1818
f 1574/1858/1819 1572/1856/1817 1575/1859/1820
f 1572/1856/1817 1576/1860/1821 1575/1859/1820
f 1576/1860/1821 1572/1856/1817 1577/1861/1822
f 1572/1856/1817 1578/1862/1823 1577/1861/1822
f 1578/1862/1823 1572/1856/1817 1579/1863/1824
f 1572/1856/1817 1571/1855/1816 1579/1863/1824
f 1334/1548/1509 1580/1864/1825 1341/1558/1519
f 1334/1548/1509 1341/1558/1519 1333/1547/1508
f 1341/1558/1519 1580/1864/1825 1340/1557/1518
f 1580/1864/1825 1581/1865/1826 1340/1557/1518
f 1581/1865/1826 1580/1864/1825 1336/1550/1511
f 1580/1864/1825 1334/1548/1509 1336/1550/1511
f 1582/1866/1827 1569/1852/1810 1345/1564/1812
f 1569/1852/1810 1582/1866/1827 1531/1804/1762
f 1569/1852/1810 1531/1804/1762 1534/1807/1765
f 1582/1867/1828 1583/1868/1829 1532/1869/1830
f 1579/1870/1831 1571/1871/1832 1584/1872/1833
f 1579/1870/1831 1584/1872/1833 1585/1873/1834
f 1585/1873/1834 1584/1872/1833 1336/1874/1835
f 1584/1872/1833 1581/1875/1836 1336/1874/1835
f 1581/1875/1836 1584/1872/1833 1340/1876/1837
f 1584/1872/1833 1586/1877/1838 1340/1876/1837
f 1584/1872/1833 1571/1871/1832 1586/1877/1838
f 1571/1871/1832 1573/1878/1839 1586/1877/1838
f 1342/1879/1840 1587/1880/1841 1345/1881/1842
f 1587/1880/1841 1588/1882/1843 1345/1881/1842
f 1587/1880/1841 1574/1883/1844 1588/1882/1843
f 1574/1883/1844 1575/1884/1845 1588/1882/1843
f 1586/1885/1846 1573/1886/1847 1587/1880/1841
f 1573/1886/1847 1574/1883/1844 1587/1880/1841
f 1586/1885/1846 1587/1880/1841 1340/1887/1848
f 1587/1880/1841 1342/1879/1840 1340/1887/1848
f 1583/1868/1829 1589/1888/1849 1532/1869/1830
f 1589/1888/1849 1590/1889/1850 1532/1869/1830
f 1589/1888/1849 1576/1890/1851 1577/1891/1852
f 1589/1888/1849 1577/1891/1852 1590/1889/1850
f 1588/1882/1843 1575/1884/1845 1576/1890/1851
f 1588/1882/1843 1576/1890/1851 1589/1888/1849
f 1588/1882/1843 1589/1888/1849 1345/1881/1842
f 1589/1888/1849 1583/1868/1829 1345/1881/1842
f 1558/1892/1853 1591/1893/1854 1336/1874/1835
f 1591/1893/1854 1585/1873/1834 1336/1874/1835
f 1591/1893/1854 1578/1894/1855 1579/1870/1831
f 1591/1893/1854 1579/1870/1831 1585/1873/1834
f 1590/1889/1850 1577/1891/1852 1578/1894/1855
f 1590/1889/1850 1578/1894/1855 1591/1893/1854
f 1590/1889/1850 1591/1893/1854 1532/1869/1830
f 1591/1893/1854 1558/1892/1853 1532/1869/1830
f 1592/1895/1856 1593/1896/1857 1594/1897/1858
f 1592/1895/1856 1594/1897/1858 1595/1898/1859
f 1594/1897/1858 1593/1896/1857 1356/1578/1537
f 1593/1896/1857 1568/1851/1809 1356/1578/1537
f 1568/1851/1809 1593/1896/1857 1367/1592/1551
f 1593/1896/1857 1366/1591/1550 1367/1592/1551
f 1366/1591/1550 1593/1896/1857 1365/1590/1549
f 1593/1896/1857 1566/1849/1807 1365/1590/1549
f 1566/1849/1807 1593/1896/1857 1565/1848/1806
f 1593/1896/1857 1592/1895/1856 1565/1848/1806
f 1596/1899/1860 1597/1900/1861 1598/1901/1862
f 1596/1899/1860 1598/1901/1862 1374/1602/1561
f 1598/1901/1862 1597/1900/1861 1599/1902/1863
f 1598/1901/1862 1599/1902/1863 1600/1903/1864
f 1599/1902/1863 1597/1900/1861 1601/1904/1865
f 1599/1902/1863 1601/1904/1865 1602/1905/1866
f 1601/1904/1865 1597/1900/1861 1595/1898/1859
f 1597/1900/1861 1596/1899/1860 1595/1898/1859
f 1599/1902/1863 1603/1906/1867 1604/1907/1868
f 1599/1902/1863 1604/1907/1868 1600/1903/1864
f 1604/1907/1868 1603/1906/1867 1605/1908/1869
f 1603/1906/1867 1606/1909/1870 1605/1908/1869
f 1606/1909/1870 1603/1906/1867 1607/1910/1871
f 1603/1906/1867 1608/1911/1872 1607/1910/1871
f 1608/1911/1872 1603/1906/1867 1599/1902/1863
f 1608/1911/1872 1599/1902/1863 1602/1905/1866
f 1609/1912/1873 1610/1913/1874 1611/1914/1875
f 1610/1913/1874 1612/1915/1876 1611/1914/1875
f 1612/1915/1876 1610/1913/1874 1613/1916/1877
f 1610/1913/1874 1614/1917/1878 1613/1916/1877
f 1614/1917/1878 1610/1913/1874 1615/1918/1879
f 1610/1913/1874 1616/1919/1880 1615/1918/1879
f 1616/1919/1880 1610/1913/1874 1617/1920/1881
f 1610/1913/1874 1609/1912/1873 1617/1920/1881
f 1618/1921/1882 1619/1922/1883 1620/1923/1884
f 1618/1921/1882 1620/1923/1884 1607/1910/1871
f 1620/1923/1884 1619/1922/1883 1394/1627/1586
f 1619/1922/1883 1392/1625/1584 1394/1627/1586
f 1392/1625/1584 1619/1922/1883 1481/1745/1703
f 1392/1625/1584 1481/1745/1703 1399/1635/1594
f 1481/1745/1703 1619/1922/1883 1480/1744/1702
f 1619/1922/1883 1618/1921/1882 1480/1744/1702
f 1621/1924/1885 1622/1925/1886 1210/1926/1887
f 1621/1924/1885 1210/1926/1887 1209/1927/1888
f 1210/1926/1887 1622/1925/1886 961/1632/1591
f 1622/1925/1886 1397/1630/1589 961/1632/1591
f 1397/1630/1589 1622/1925/1886 1396/1629/1588
f 1622/1925/1886 1623/1928/1889 1396/1629/1588
f 1623/1928/1889 1622/1925/1886 1621/1924/1885
f 1623/1928/1889 1621/1924/1885 1605/1908/1869
f 1624/1929/1890 1625/1930/1891 1608/1911/1872
f 1624/1929/1890 1608/1911/1872 1602/1905/1866
f 1608/1911/1872 1625/1930/1891 1607/1910/1871
f 1625/1930/1891 1618/1921/1882 1607/1910/1871
f 1618/1921/1882 1625/1930/1891 1479/1743/1701
f 1618/1921/1882 1479/1743/1701 1480/1744/1702
f 1479/1743/1701 1625/1930/1891 1478/1742/1700
f 1625/1930/1891 1624/1929/1890 1478/1742/1700
f 1626/1931/1892 1627/1932/1893 1216/1933/1894
f 1627/1932/1893 1218/1934/1895 1216/1933/1894
f 1218/1934/1895 1627/1932/1893 1621/1924/1885
f 1218/1934/1895 1621/1924/1885 1209/1927/1888
f 1621/1924/1885 1627/1932/1893 1605/1908/1869
f 1627/1932/1893 1604/1907/1868 1605/1908/1869
f 1604/1907/1868 1627/1932/1893 1626/1931/1892
f 1604/1907/1868 1626/1931/1892 1600/1903/1864
f 1594/1897/1858 1628/1935/1896 1601/1904/1865
f 1594/1897/1858 1601/1904/1865 1595/1898/1859
f 1601/1904/1865 1628/1935/1896 1602/1905/1866
f 1628/1935/1896 1624/1929/1890 1602/1905/1866
f 1624/1929/1890 1628/1935/1896 1478/1742/1700
f 1628/1935/1896 1485/1750/1708 1478/1742/1700
f 1485/1750/1708 1628/1935/1896 1594/1897/1858
f 1485/1750/1708 1594/1897/1858 1356/1578/1537
f 1598/1901/1862 1629/1936/1897 1374/1602/1561
f 1629/1936/1897 1372/1599/1558 1374/1602/1561
f 1372/1599/1558 1629/1936/1897 1221/1937/1898
f 1372/1599/1558 1221/1937/1898 929/1600/1559
f 1221/1937/1898 1629/1936/1897 1626/1931/1892
f 1221/1937/1898 1626/1931/1892 1216/1933/1894
f 1626/1931/1892 1629/1936/1897 1600/1903/1864
f 1629/1936/1897 1598/1901/1862 1600/1903/1864
f 1564/1847/1805 1630/1938/1899 1373/1601/1560
f 1564/1847/1805 1373/1601/1560 1375/1603/1562
f 1373/1601/1560 1630/1938/1899 1374/1602/1561
f 1630/1938/1899 1596/1899/1860 1374/1602/1561
f 1596/1899/1860 1630/1938/1899 1595/1898/1859
f 1630/1938/1899 1592/1895/1856 1595/1898/1859
f 1592/1895/1856 1630/1938/1899 1565/1848/1806
f 1630/1938/1899 1564/1847/1805 1565/1848/1806
f 1631/1939/1900 1632/1940/1901 1633/1941/1902
f 1631/1939/1900 1633/1941/1902 1634/1942/1903
f 1633/1941/1902 1632/1940/1901 1635/1943/1904
f 1633/1941/1902 1635/1943/1904 1636/1944/1905
f 1635/1943/1904 1632/1940/1901 1637/1945/1906
f 1635/1943/1904 1637/1945/1906 1638/1946/1907
f 1637/1945/1906 1632/1940/1901 1639/1947/1908
f 1632/1940/1901 1631/1939/1900 1639/1947/1908
f 1640/1948/1909 1641/1949/1910 1642/1950/1911
f 1640/1948/1909 1642/1950/1911 1643/1951/1912
f 1642/1950/1911 1641/1949/1910 1644/1952/1913
f 1642/1950/1911 1644/1952/1913 1645/1953/1914
f 1644/1952/1913 1641/1949/1910 1633/1941/1902
f 1644/1952/1913 1633/1941/1902 1636/1944/1905
f 1633/1941/1902 1641/1949/1910 1640/1948/1909
f 1633/1941/1902 1640/1948/1909 1634/1942/1903
f 1646/1954/1915 1647/1955/1916 1648/1956/1917
f 1647/1955/1916 1649/1957/1918 1648/1956/1917
f 1649/1957/1918 1647/1955/1916 1650/1958/1919
f 1649/1957/1918 1650/1958/1919 1651/1959/1920
f 1650/1958/1919 1647/1955/1916 1645/1953/1914
f 1647/1955/1916 1642/1950/1911 1645/1953/1914
f 1642/1950/1911 1647/1955/1916 1643/1951/1912
f 1647/1955/1916 1646/1954/1915 1643/1951/1912
f 1652/1960/1921 1653/1961/1922 1639/1947/1908
f 1653/1961/1922 1637/1945/1906 1639/1947/1908
f 1637/1945/1906 1653/1961/1922 1638/1946/1907
f 1653/1961/1922 1654/1962/1923 1638/1946/1907
f 1654/1962/1923 1653/1961/1922 1649/1957/1918
f 1654/1962/1923 1649/1957/1918 1651/1959/1920
f 1649/1957/1918 1653/1961/1922 1652/1960/1921
f 1649/1957/1918 1652/1960/1921 1648/1956/1917
f 1635/1943/1904 1655/1963/1924 1636/1944/1905
f 1655/1963/1924 1656/1964/1925 1636/1944/1905
f 1656/1964/1925 1655/1963/1924 1611/1914/1875
f 1655/1963/1924 1609/1912/1873 1611/1914/1875
f 1609/1912/1873 1655/1963/1924 1617/1920/1881
f 1655/1963/1924 1657/1965/1926 1617/1920/1881
f 1657/1965/1926 1655/1963/1924 1638/1946/1907
f 1655/1963/1924 1635/1943/1904 1638/1946/1907
f 1644/1952/1913 1658/1966/1927 1645/1953/1914
f 1658/1966/1927 1659/1967/1928 1645/1953/1914
f 1659/1967/1928 1658/1966/1927 1613/1916/1877
f 1658/1966/1927 1612/1915/1876 1613/1916/1877
f 1612/1915/1876 1658/1966/1927 1611/1914/1875
f 1658/1966/1927 1656/1964/1925 1611/1914/1875
f 1656/1964/1925 1658/1966/1927 1636/1944/1905
f 1658/1966/1927 1644/1952/1913 1636/1944/1905
f 1650/1958/1919 1660/1968/1929 1661/1969/1930
f 1650/1958/1919 1661/1969/1930 1651/1959/1920
f 1661/1969/1930 1660/1968/1929 1615/1918/1879
f 1660/1968/1929 1614/1917/1878 1615/1918/1879
f 1614/1917/1878 1660/1968/1929 1613/1916/1877
f 1660/1968/1929 1659/1967/1928 1613/1916/1877
f 1659/1967/1928 1660/1968/1929 1650/1958/1919
f 1659/1967/1928 1650/1958/1919 1645/1953/1914
f 1654/1962/1923 1662/1970/1931 1638/1946/1907
f 1662/1970/1931 1657/1965/1926 1638/1946/1907
f 1657/1965/1926 1662/1970/1931 1617/1920/1881
f 1662/1970/1931 1616/1919/1880 1617/1920/1881
f 1616/1919/1880 1662/1970/1931 1615/1918/1879
f 1662/1970/1931 1661/1969/1930 1615/1918/1879
f 1661/1969/1930 1662/1970/1931 1651/1959/1920
f 1662/1970/1931 1654/1962/1923 1651/1959/1920
f 1620/1923/1884 1640/1948/1909 1607/1910/1871
f 1640/1948/1909 1643/1951/1912 1607/1910/1871
f 1634/1942/1903 1640/1948/1909 1620/1923/1884
f 1634/1942/1903 1620/1923/1884 1394/1627/1586
f 1606/1909/1870 1646/1954/1915 1648/1956/1917
f 1606/1909/1870 1648/1956/1917 1605/1908/1869
f 1643/1951/1912 1646/1954/1915 1607/1910/1871
f 1646/1954/1915 1606/1909/1870 1607/1910/1871
f 1623/1928/1889 1652/1960/1921 1639/1947/1908
f 1623/1928/1889 1639/1947/1908 1396/1629/1588
f 1648/1956/1917 1652/1960/1921 1605/1908/1869
f 1652/1960/1921 1623/1928/1889 1605/1908/1869
f 1395/1628/1587 1631/1939/1900 1634/1942/1903
f 1395/1628/1587 1634/1942/1903 1394/1627/1586
f 1639/1947/1908 1631/1939/1900 1395/1628/1587
f 1639/1947/1908 1395/1628/1587 1396/1629/1588
f 1531/1804/1762 1582/1866/1827 1532/1805/1763
f 1583/1868/1829 1582/1867/1828 1345/1881/1842
f 1530/1803/1761 1533/1806/1764 1531/1804/1762
f 1404/1642/1601 1483/1747/1705 1402/1638/1597
f 1484/1749/1707 1404/1642/1601 1406/1644/1603
f 1539/1814/1772 1544/1819/1777 1543/1818/1776
f 1539/1814/1772 1543/1818/1776 1542/1817/1775
f 1494/1763/1721 1544/1819/1777 1501/1774/1732
f 1544/1819/1777 1539/1814/1772 1501/1774/1732
f 1499/1772/1730 1495/1764/1722 1501/1774/1732
f 1495/1764/1722 1494/1763/1721 1501/1774/1732
f 1429/1675/1634 1423/1669/1628 1499/1770/1728
f 1423/1669/1628 1495/1767/1725 1499/1770/1728
f 1428/1674/1633 1425/1671/1630 1429/1675/1634
f 1425/1671/1630 1423/1669/1628 1429/1675/1634
f 1448/1698/1657 1445/1692/1651 1425/1691/1650
f 1448/1698/1657 1425/1691/1650 1428/1697/1656
f 1502/1775/1733 1540/1815/1773 1509/1782/1740
f 1540/1815/1773 1541/1816/1774 1509/1782/1740
f 1540/1815/1773 1502/1775/1733 1500/1773/1731
f 1502/1775/1733 1493/1762/1720 1500/1773/1731
f 1487/1761/1719 1498/1771/1729 1493/1762/1720
f 1498/1771/1729 1500/1773/1731 1493/1762/1720
f 1430/1676/1635 1426/1672/1631 1487/1752/1710
f 1426/1672/1631 1498/1769/1727 1487/1752/1710
f 1426/1672/1631 1430/1676/1635 1427/1673/1632
f 1430/1676/1635 1432/1678/1637 1427/1673/1632
f 1450/1702/1661 1447/1696/1655 1427/1695/1654
f 1450/1702/1661 1427/1695/1654 1432/1701/1660
f 1504/1777/1735 1503/1776/1734 1507/1780/1738
f 1503/1776/1734 1508/1781/1739 1507/1780/1738
f 1492/1759/1717 1503/1776/1734 1504/1777/1735
f 1492/1759/1717 1504/1777/1735 1490/1757/1715
f 1489/1756/1714 1486/1760/1718 1490/1757/1715
f 1486/1760/1718 1492/1759/1717 1490/1757/1715
f 1436/1682/1641 1431/1677/1636 1486/1751/1709
f 1436/1682/1641 1486/1751/1709 1489/1754/1712
f 1437/1683/1642 1433/1679/1638 1431/1677/1636
f 1437/1683/1642 1431/1677/1636 1436/1682/1641
f 1452/1971/1932 1449/1700/1659 1433/1699/1658
f 1452/1971/1932 1433/1699/1658 1437/1972/1932
f 1270/1471/1432 1505/1778/1736 1271/1472/1433
f 1505/1778/1736 1506/1779/1737 1271/1472/1433
f 1505/1778/1736 1270/1471/1432 1491/1758/1716
f 1270/1471/1432 1272/1473/1434 1491/1758/1716
f 1409/1647/1606 1488/1755/1713 1272/1473/1434
f 1488/1755/1713 1491/1758/1716 1272/1473/1434
f 1411/1651/1610 1434/1680/1639 1488/1753/1711
f 1411/1651/1610 1488/1753/1711 1409/1650/1609
f 1434/1680/1639 1411/1651/1610 1439/1685/1644
f 1434/1680/1639 1439/1685/1644 1435/1681/1640
f 1454/1709/1667 1451/1703/1662 1435/1705/1664
f 1454/1709/1667 1435/1705/1664 1439/1710/1668
f 1262/1463/1424 1269/1470/1431 1267/1468/1429
f 1269/1470/1431 1268/1469/1430 1267/1468/1429
f 1273/1474/1435 1269/1470/1431 1262/1463/1424
f 1273/1474/1435 1262/1463/1424 1264/1465/1426
f 1414/1657/1616 1408/1646/1605 1264/1465/1426
f 1408/1646/1605 1273/1474/1435 1264/1465/1426
f 1415/1655/1614 1410/1649/1608 1408/1648/1607
f 1415/1655/1614 1408/1648/1607 1414/1654/1613
f 1441/1687/1646 1438/1684/1643 1410/1649/1608
f 1441/1687/1646 1410/1649/1608 1415/1655/1614
f 1456/1713/1671 1453/1708/1666 1441/1714/1672
f 1453/1708/1666 1438/1707/1665 1441/1714/1672
f 1279/1483/1444 1263/1464/1425 1280/1484/1445
f 1263/1464/1425 1266/1467/1428 1280/1484/1445
f 1263/1464/1425 1279/1483/1444 1265/1466/1427
f 1279/1483/1444 1281/1485/1446 1265/1466/1427
f 1417/1659/1618 1412/1656/1615 1281/1485/1446
f 1412/1656/1615 1265/1466/1427 1281/1485/1446
f 1419/1663/1622 1413/1653/1612 1412/1652/1611
f 1419/1663/1622 1412/1652/1611 1417/1662/1621
f 1413/1653/1612 1419/1663/1622 1442/1688/1647
f 1413/1653/1612 1442/1688/1647 1440/1686/1645
f 1458/1717/1675 1455/1712/1670 1442/1718/1676
f 1455/1712/1670 1440/1711/1669 1442/1718/1676
f 1274/1475/1436 1278/1482/1443 1276/1480/1441
f 1278/1482/1443 1277/1481/1442 1276/1480/1441
f 1282/1486/1447 1278/1482/1443 1274/1475/1436
f 1282/1486/1447 1274/1475/1436 1275/1477/1438
f 1421/1667/1626 1416/1658/1617 1275/1477/1438
f 1416/1658/1617 1282/1486/1447 1275/1477/1438
f 1420/1664/1623 1418/1661/1620 1416/1660/1619
f 1420/1664/1623 1416/1660/1619 1421/1665/1624
f 1444/1690/1649 1443/1689/1648 1420/1664/1623
f 1443/1689/1648 1418/1661/1620 1420/1664/1623
f 1459/1719/1677 1457/1716/1674 1444/1720/1678
f 1457/1716/1674 1443/1715/1673 1444/1720/1678
f 1546/1821/1779 1256/1973/1933 1255/1974/1934
f 1546/1821/1779 1255/1974/1934 1545/1820/1778
f 1256/1973/1933 1546/1821/1779 1497/1766/1724
f 1256/1973/1933 1497/1766/1724 1257/1975/1935
f 1496/1765/1723 1258/1976/1936 1497/1766/1724
f 1258/1976/1936 1257/1975/1935 1497/1766/1724
f 1422/1668/1627 1259/1458/1420 1496/1768/1726
f 1259/1458/1420 1258/1459/1421 1496/1768/1726
f 1260/1460/1422 1259/1458/1420 1422/1668/1627
f 1260/1460/1422 1422/1668/1627 1424/1670/1629
f 1446/1694/1653 1261/1462/1423 1260/1461/1423
f 1446/1694/1653 1260/1461/1423 1424/1693/1652
f 1128/1824/1782 1545/1820/1778 1255/1974/1934
f 1547/1822/1780 1543/1818/1776 1545/1820/1778
f 1543/1818/1776 1547/1822/1780 1542/1817/1775
f 1510/1783/1741 1541/1816/1774 1542/1817/1775
f 1510/1783/1741 1509/1782/1740 1541/1816/1774
f 1511/1784/1742 1508/1781/1739 1509/1782/1740
f 1508/1781/1739 1511/1784/1742 1507/1780/1738
f 1287/1491/1452 1506/1779/1737 1507/1780/1738
f 1287/1491/1452 1271/1472/1433 1506/1779/1737
f 1283/1487/1448 1268/1469/1430 1271/1472/1433
f 1268/1469/1430 1283/1487/1448 1267/1468/1429
f 1284/1488/1449 1266/1467/1428 1267/1468/1429
f 1284/1488/1449 1280/1484/1445 1266/1467/1428
f 1289/1493/1454 1277/1481/1442 1280/1484/1445
f 1277/1481/1442 1289/1493/1454 1276/1480/1441
f 824/1494/1455 809/1479/1440 1276/1480/1441
f 876/1024/986 875/1023/985 854/1002/964
f 876/1024/986 854/1002/964 853/1001/963
f 883/1031/993 876/1024/986 863/1011/973
f 876/1024/986 853/1001/963 863/1011/973
f 884/1032/994 883/1031/993 863/1011/973
f 884/1032/994 863/1011/973 864/1012/974
f 1338/1553/1514 884/1554/1515 1320/1533/1494
f 884/1554/1515 864/1534/1495 1320/1533/1494
f 1332/1546/1507 1338/1553/1514 1320/1533/1494
f 1332/1546/1507 1320/1533/1494 1313/1523/1484
f 1314/1524/1485 1329/1543/1504 1332/1546/1507
f 1314/1524/1485 1332/1546/1507 1313/1523/1484
f 850/998/960 852/1000/962 849/997/959
f 852/1000/962 851/999/961 849/997/959
f 861/1009/971 852/1000/962 859/1007/969
f 852/1000/962 850/998/960 859/1007/969
f 860/1008/970 862/1010/972 861/1009/971
f 860/1008/970 861/1009/971 859/1007/969
f 860/1530/1491 1318/1529/1490 1319/1532/1493
f 860/1530/1491 1319/1532/1493 862/1531/1492
f 840/988/950 839/987/949 847/995/957
f 839/987/949 848/996/958 847/995/957
f 857/1005/967 848/996/958 846/994/956
f 848/996/958 839/987/949 846/994/956
f 846/994/956 845/993/955 857/1005/967
f 845/993/955 858/1006/968 857/1005/967
f 1306/1516/1477 1317/1528/1489 845/1515/1476
f 1317/1528/1489 858/1527/1488 845/1515/1476
f 1307/1517/1478 1317/1528/1489 1306/1516/1477
f 1307/1517/1478 1306/1516/1477 1302/1510/1471
f 1301/1509/1470 1308/1518/1479 1302/1510/1471
f 1308/1518/1479 1307/1517/1478 1302/1510/1471
f 875/1023/985 855/1003/965 854/1002/964
f 869/1017/979 855/1003/965 875/1023/985
f 851/999/961 856/1004/966 849/997/959
f 851/999/961 855/1003/965 856/1004/966
f 847/995/957 841/989/951 840/988/950
f 856/1004/966 841/989/951 847/995/957
f 1325/1539/1500 1330/1544/1505 1329/1543/1504
f 1315/1525/1486 1329/1543/1504 1314/1524/1485
f 1316/1526/1487 1309/1519/1480 1308/1518/1479
f 1303/1511/1472 1308/1518/1479 1301/1509/1470
f 1310/1520/1481 1309/1519/1480 1311/1521/1482
f 1309/1519/1480 1312/1522/1483 1311/1521/1482
f 1320/1533/1494 1319/1532/1493 1313/1523/1484
f 1319/1532/1493 1311/1521/1482 1313/1523/1484
f 1314/1524/1485 1312/1522/1483 1315/1525/1486
f 1316/1526/1487 1312/1522/1483 1309/1519/1480
