v 3.0222 0.5493 0.0167
v 2.8842 1.0655 0.0167
v 3.04 0.5524 0.0676
v 2.9012 1.0717 0.0676
v 3.0872 0.017 0.0676
v 3.04 0.5524 0.8887
v 3.0872 0.017 0.8887
v 3.0691 0.017 0.0167
v 2.6581 1.5496 0.0167
v 2.3519 1.9875 0.0167
v 2.3657 1.9992 0.0676
v 2.6738 1.5587 0.0676
v 2.9012 1.0717 0.8887
v 2.6738 1.5587 0.8887
v 1.9738 2.3651 0.0167
v 1.5363 2.6719 0.0167
v 1.5454 2.6876 0.0676
v 1.9854 2.379 0.0676
v 2.3657 1.9992 0.8887
v 1.9854 2.379 0.8888
v 1.0519 2.8974 0.0167
v 0.5358 3.036 0.0167
v 0.539 3.0539 0.0676
v 1.0581 2.9144 0.0676
v 1.5454 2.6876 0.8888
v 1.0581 2.9144 0.8888
v 0.0035 3.0822 0.0167
v -0.5288 3.036 0.0167
v -0.532 3.0539 0.0676
v 0.0035 3.1003 0.0676
v 0.539 3.0539 0.8888
v 0.0035 3.1003 0.8888
v -1.0449 2.8974 0.0167
v -1.5293 2.6719 0.0167
v -1.0511 2.9144 0.0676
v -1.5384 2.6876 0.0676
v -0.532 3.0539 0.8888
v -1.0511 2.9144 0.8888
v -1.9668 2.3651 0.0167
v -2.3449 1.9875 0.0167
v -1.9785 2.379 0.0676
v -2.3588 1.9992 0.0676
v -1.5384 2.6876 0.8888
v -1.9785 2.379 0.8888
v -2.6511 1.5496 0.0167
v -2.8772 1.0655 0.0167
v -2.6668 1.5587 0.0676
v -2.8942 1.0717 0.0676
v -2.3588 1.9992 0.8887
v -2.6668 1.5587 0.8887
v -3.0152 0.5493 0.0167
v -3.0621 0.017 0.0167
v -3.033 0.5524 0.0676
v -3.0802 0.017 0.0676
v -2.8942 1.0717 0.8887
v -3.033 0.5524 0.8887
v -3.0152 -0.5153 0.0167
v -2.8772 -1.0315 0.0167
v -3.033 -0.5184 0.0676
v -2.8942 -1.0377 0.0676
v -3.0802 0.017 0.8887
v -3.033 -0.5184 0.8888
v -2.6511 -1.5156 0.0167
v -2.3449 -1.9535 0.0167
v -2.3588 -1.9652 0.0676
v -2.6668 -1.5247 0.0676
v -2.8942 -1.0377 0.8888
v -2.6668 -1.5247 0.8888
v -1.9668 -2.3311 0.0167
v -1.5293 -2.6379 0.0167
v -1.5384 -2.6536 0.0676
v -1.9785 -2.345 0.0676
v -2.3588 -1.9652 0.8888
v -1.9785 -2.345 0.8888
v -1.0449 -2.8634 0.0167
v -0.5288 -3.002 0.0167
v -1.0511 -2.8804 0.0676
v -0.532 -3.0199 0.0676
v -1.5384 -2.6536 0.8887
v -1.0511 -2.8804 0.8887
v 0.0035 -3.0482 0.0167
v 0.5358 -3.002 0.0167
v 0.539 -3.0199 0.0676
v 0.0035 -3.0664 0.0676
v -0.532 -3.0199 0.8887
v 0.0035 -3.0664 0.8887
v 1.0519 -2.8634 0.0167
v 1.5363 -2.6379 0.0167
v 1.5453 -2.6536 0.0676
v 1.0581 -2.8804 0.0676
v 0.539 -3.0199 0.8887
v 1.0581 -2.8804 0.8887
v 1.9738 -2.3311 0.0167
v 2.3519 -1.9535 0.0167
v 1.9854 -2.345 0.0676
v 2.3657 -1.9652 0.0676
v 1.5453 -2.6536 0.8887
v 1.9854 -2.345 0.8888
v 2.6581 -1.5156 0.0167
v 2.8842 -1.0315 0.0167
v 2.9012 -1.0377 0.0676
v 2.6738 -1.5247 0.0676
v 2.3657 -1.9652 0.8888
v 2.6738 -1.5247 0.8888
v 3.0222 -0.5153 0.0167
v 3.04 -0.5184 0.0676
v 2.9012 -1.0377 0.8888
v 3.04 -0.5184 0.8888
v 3.0194 0.5488 0.951
v 2.8815 1.0645 0.951
v 2.9803 0.5419 0.997
v 2.8443 1.051 0.997
v 2.7571 1.0192 1.0645
v 2.8889 0.5258 1.0645
v 3.0266 0.017 0.997
v 2.9338 0.017 1.0645
v 3.0663 0.017 0.951
v 2.6556 1.5482 0.951
v 2.3497 1.9857 0.951
v 2.3193 1.9602 0.997
v 2.6213 1.5284 0.997
v 2.5409 1.482 1.0645
v 2.2482 1.9005 1.0645
v 1.972 2.3629 0.951
v 1.5349 2.6694 0.951
v 1.9465 2.3325 0.997
v 1.5151 2.6351 0.997
v 1.4686 2.5547 1.0645
v 1.8868 2.2614 1.0645
v 1.0509 2.8947 0.951
v 0.5353 3.0332 0.951
v 0.5284 2.9942 0.997
v 1.0373 2.8575 0.997
v 1.0056 2.7702 1.0645
v 0.5123 2.9027 1.0645
v 0.0035 3.0794 0.951
v -0.5284 3.0332 0.951
v 0.0035 3.0398 0.997
v -0.5215 2.9942 0.997
v 0.0035 2.9469 1.0645
v -0.5053 2.9027 1.0645
v -1.0439 2.8947 0.951
v -1.5279 2.6694 0.951
v -1.0304 2.8575 0.997
v -1.5081 2.6351 0.997
v -1.4616 2.5547 1.0645
v -0.9986 2.7702 1.0645
v -1.965 2.3629 0.951
v -2.3427 1.9857 0.951
v -2.3123 1.9602 0.997
v -1.9395 2.3325 0.997
v -2.2412 1.9005 1.0645
v -1.8798 2.2614 1.0645
v -2.6486 1.5482 0.951
v -2.8746 1.0645 0.951
v -2.8373 1.051 0.997
v -2.6143 1.5284 0.997
v -2.5339 1.482 1.0645
v -2.7501 1.0192 1.0645
v -3.0124 0.5488 0.951
v -3.0593 0.017 0.951
v -3.0196 0.017 0.997
v -2.9733 0.5419 0.997
v -2.9268 0.017 1.0645
v -2.8819 0.5258 1.0645
v -3.0124 -0.5148 0.951
v -2.8746 -1.0305 0.951
v -2.8373 -1.017 0.997
v -2.9733 -0.5079 0.997
v -2.8819 -0.4918 1.0645
v -2.7501 -0.9852 1.0645
v -2.6486 -1.5142 0.951
v -2.3427 -1.9517 0.951
v -2.6143 -1.4944 0.997
v -2.3123 -1.9262 0.997
v -2.2412 -1.8666 1.0645
v -2.5339 -1.448 1.0645
v -1.965 -2.3289 0.951
v -1.5279 -2.6354 0.951
v -1.9395 -2.2986 0.997
v -1.5081 -2.6011 0.997
v -1.4616 -2.5207 1.0645
v -1.8798 -2.2275 1.0645
v -1.0439 -2.8607 0.951
v -0.5284 -2.9992 0.951
v -0.5215 -2.9602 0.997
v -1.0304 -2.8235 0.997
v -0.5053 -2.8688 1.0645
v -0.9986 -2.7363 1.0645
v 0.0035 -3.0454 0.951
v 0.5353 -2.9992 0.951
v 0.5284 -2.9602 0.997
v 0.0035 -3.0058 0.997
v 0.5123 -2.8688 1.0645
v 0.0035 -2.9129 1.0645
v 1.0509 -2.8607 0.951
v 1.5349 -2.6354 0.951
v 1.5151 -2.6011 0.997
v 1.0373 -2.8235 0.997
v 1.4686 -2.5207 1.0645
v 1.0056 -2.7363 1.0645
v 1.972 -2.3289 0.951
v 2.3497 -1.9517 0.951
v 2.3193 -1.9262 0.997
v 1.9465 -2.2986 0.997
v 1.8868 -2.2275 1.0645
v 2.2482 -1.8666 1.0645
v 2.6556 -1.5142 0.951
v 2.8815 -1.0305 0.951
v 2.8443 -1.017 0.997
v 2.6213 -1.4944 0.997
v 2.5409 -1.448 1.0645
v 2.7571 -0.9852 1.0645
v 3.0194 -0.5148 0.951
v 2.9803 -0.5079 0.997
v 2.8889 -0.4918 1.0645
v 2.9009 0.017 1.1021
v 2.8566 0.5201 1.1021
v 2.8508 0.519 1.3552
v 2.895 0.017 1.3552
v 2.7206 1.0059 1.3552
v 2.7262 1.008 1.1021
v 2.5125 1.4655 1.1021
v 2.5073 1.4626 1.3552
v 2.2185 1.8756 1.3552
v 2.2231 1.8794 1.1021
v 1.8619 2.2318 1.3552
v 1.8657 2.2363 1.1021
v 1.4492 2.5211 1.3552
v 1.4522 2.5263 1.1021
v 0.9923 2.7338 1.3552
v 0.9944 2.7394 1.1021
v 0.5056 2.8646 1.3552
v 0.5066 2.8704 1.1021
v 0.0035 2.9141 1.1021
v 0.0035 2.9082 1.3552
v -0.4986 2.8646 1.3552
v -0.4996 2.8704 1.1021
v -0.9874 2.7394 1.1021
v -0.9854 2.7338 1.3552
v -1.4423 2.5211 1.3552
v -1.4452 2.5263 1.1021
v -1.8587 2.2363 1.1021
v -1.8549 2.2318 1.3552
v -2.2115 1.8756 1.3552
v -2.2161 1.8794 1.1021
v -2.5055 1.4655 1.1021
v -2.5004 1.4626 1.3552
v -2.7137 1.0059 1.3552
v -2.7192 1.008 1.1021
v -2.8496 0.5201 1.1021
v -2.8438 0.519 1.3552
v -2.888 0.017 1.3552
v -2.894 0.017 1.1021
v -2.8438 -0.4851 1.3552
v -2.8496 -0.4861 1.1021
v -2.7137 -0.972 1.3552
v -2.7192 -0.974 1.1021
v -2.5055 -1.4316 1.1021
v -2.5004 -1.4286 1.3552
v -2.2115 -1.8417 1.3552
v -2.2161 -1.8455 1.1021
v -1.8587 -2.2023 1.1021
v -1.8549 -2.1978 1.3552
v -1.4423 -2.4872 1.3552
v -1.4452 -2.4923 1.1021
v -0.9854 -2.6998 1.3552
v -0.9874 -2.7054 1.1021
v -0.4986 -2.8306 1.3552
v -0.4996 -2.8365 1.1021
v 0.0035 -2.8801 1.1021
v 0.0035 -2.8742 1.3552
v 0.5056 -2.8306 1.3552
v 0.5066 -2.8365 1.1021
v 0.9944 -2.7054 1.1021
v 0.9923 -2.6999 1.3552
v 1.4492 -2.4872 1.3552
v 1.4522 -2.4923 1.1021
v 1.8657 -2.2023 1.1021
v 1.8619 -2.1978 1.3552
v 2.2185 -1.8417 1.3552
v 2.2231 -1.8455 1.1021
v 2.5073 -1.4286 1.3552
v 2.5125 -1.4316 1.1021
v 2.7206 -0.972 1.3552
v 2.7262 -0.974 1.1021
v 2.8508 -0.4851 1.3552
v 2.8566 -0.4861 1.1021
v 2.7348 1.0111 1.3923
v 2.8656 0.5216 1.3923
v 2.9526 0.537 1.5217
v 2.8178 1.0413 1.5217
v 2.9101 0.017 1.3923
v 2.9984 0.017 1.5217
v 2.5204 1.4701 1.3923
v 2.23 1.8853 1.3923
v 2.2978 1.9421 1.5217
v 2.5969 1.5143 1.5217
v 1.4568 2.5341 1.3923
v 1.8716 2.2433 1.3923
v 1.9284 2.311 1.5217
v 1.501 2.6107 1.5217
v 0.9975 2.7479 1.3923
v 0.5082 2.8794 1.3923
v 1.0277 2.831 1.5217
v 0.5236 2.9664 1.5217
v -0.5012 2.8794 1.3923
v 0.0035 2.9232 1.3923
v 0.0035 3.0116 1.5217
v -0.5166 2.9664 1.5217
v -1.4498 2.5341 1.3923
v -0.9905 2.7479 1.3923
v -1.0207 2.831 1.5217
v -1.494 2.6107 1.5217
v -1.8646 2.2433 1.3923
v -2.2231 1.8853 1.3923
v -2.2908 1.9421 1.5217
v -1.9214 2.311 1.5217
v -2.5134 1.4701 1.3923
v -2.7278 1.0111 1.3923
v -2.5899 1.5143 1.5217
v -2.8108 1.0413 1.5217
v -2.8586 0.5216 1.3923
v -2.9031 0.017 1.3923
v -2.9456 0.537 1.5217
v -2.9915 0.017 1.5217
v -2.7278 -0.9771 1.3923
v -2.8586 -0.4877 1.3923
v -2.9456 -0.503 1.5217
v -2.8108 -1.0073 1.5217
v -2.5134 -1.4361 1.3923
v -2.2231 -1.8513 1.3923
v -2.5899 -1.4803 1.5217
v -2.2908 -1.9081 1.5217
v -1.4498 -2.5002 1.3923
v -1.8646 -2.2093 1.3923
v -1.9214 -2.277 1.5217
v -1.494 -2.5767 1.5217
v -0.9905 -2.714 1.3923
v -0.5012 -2.8454 1.3923
v -0.5166 -2.9325 1.5217
v -1.0207 -2.797 1.5217
v 0.0035 -2.8892 1.3923
v 0.5082 -2.8454 1.3923
v 0.5236 -2.9325 1.5217
v 0.0035 -2.9776 1.5217
v 1.4568 -2.5002 1.3923
v 0.9975 -2.714 1.3923
v 1.0277 -2.797 1.5217
v 1.501 -2.5767 1.5217
v 1.8716 -2.2093 1.3923
v 2.23 -1.8513 1.3923
v 1.9284 -2.277 1.5217
v 2.2978 -1.9081 1.5217
v 2.7348 -0.9771 1.3923
v 2.5204 -1.4361 1.3923
v 2.8178 -1.0073 1.5217
v 2.5969 -1.4803 1.5217
v 2.8656 -0.4877 1.3923
v 2.9526 -0.503 1.5217
v 3.014 0.5478 1.6981
v 2.8764 1.0626 1.6981
v 2.8738 1.0617 2.0177
v 3.0112 0.5473 2.0177
v 2.7638 1.0217 2.3595
v 2.896 0.527 2.3595
v 2.9409 0.017 2.3595
v 3.058 0.017 2.0177
v 3.0608 0.017 1.6981
v 2.6509 1.5454 1.6981
v 2.3455 1.9822 1.6981
v 2.3434 1.9804 2.0177
v 2.6484 1.544 2.0177
v 2.2537 1.9051 2.3595
v 2.5471 1.4855 2.3595
v 1.9684 2.3587 1.6981
v 1.5321 2.6647 1.6981
v 1.5307 2.6622 2.0177
v 1.9666 2.3566 2.0177
v 1.4722 2.5609 2.3595
v 1.8914 2.267 2.3595
v 1.049 2.8895 1.6981
v 0.5344 3.0278 1.6981
v 0.5339 3.0251 2.0177
v 1.0481 2.8869 2.0177
v 0.5136 2.9098 2.3595
v 1.008 2.777 2.3595
v 0.0035 3.0739 1.6981
v -0.5274 3.0278 1.6981
v -0.5269 3.0251 2.0177
v 0.0035 3.0711 2.0177
v -0.5066 2.9098 2.3595
v 0.0035 2.9541 2.3595
v -1.042 2.8895 1.6981
v -1.5252 2.6647 1.6981
v -1.0411 2.8869 2.0177
v -1.5237 2.6622 2.0177
v -1.4652 2.5609 2.3595
v -1.0011 2.777 2.3595
v -1.9615 2.3587 1.6981
v -2.3385 1.9822 1.6981
v -2.3364 1.9804 2.0177
v -1.9597 2.3566 2.0177
v -2.2467 1.9051 2.3595
v -1.8844 2.267 2.3595
v -2.6439 1.5454 1.6981
v -2.8694 1.0626 1.6981
v -2.8668 1.0617 2.0177
v -2.6414 1.544 2.0177
v -2.7568 1.0217 2.3595
v -2.5401 1.4855 2.3595
v -3.007 0.5478 1.6981
v -3.0538 0.017 1.6981
v -3.051 0.017 2.0177
v -3.0042 0.5473 2.0177
v -2.934 0.017 2.3595
v -2.889 0.527 2.3595
v -3.007 -0.5138 1.6981
v -2.8694 -1.0287 1.6981
v -2.8668 -1.0277 2.0177
v -3.0042 -0.5134 2.0177
v -2.7568 -0.9877 2.3595
v -2.889 -0.493 2.3595
v -2.6439 -1.5115 1.6981
v -2.3385 -1.9482 1.6981
v -2.3364 -1.9464 2.0177
v -2.6414 -1.5101 2.0177
v -2.2467 -1.8712 2.3595
v -2.5401 -1.4516 2.3595
v -1.9615 -2.3247 1.6981
v -1.5252 -2.6307 1.6981
v -1.5237 -2.6283 2.0177
v -1.9597 -2.3226 2.0177
v -1.4652 -2.5269 2.3595
v -1.8844 -2.233 2.3595
v -1.042 -2.8556 1.6981
v -0.5274 -2.9938 1.6981
v -1.0411 -2.8529 2.0177
v -0.5269 -2.9911 2.0177
v -0.5066 -2.8758 2.3595
v -1.0011 -2.743 2.3595
v 0.0035 -3.0399 1.6981
v 0.5344 -2.9938 1.6981
v 0.5339 -2.9911 2.0177
v 0.0035 -3.0371 2.0177
v 0.5136 -2.8758 2.3595
v 0.0035 -2.9201 2.3595
v 1.049 -2.8556 1.6981
v 1.5321 -2.6307 1.6981
v 1.5307 -2.6283 2.0177
v 1.0481 -2.8529 2.0177
v 1.4722 -2.5269 2.3595
v 1.008 -2.743 2.3595
v 1.9684 -2.3247 1.6981
v 2.3455 -1.9482 1.6981
v 2.3434 -1.9464 2.0177
v 1.9666 -2.3226 2.0177
v 2.2537 -1.8712 2.3595
v 1.8914 -2.233 2.3595
v 2.6509 -1.5115 1.6981
v 2.8764 -1.0287 1.6981
v 2.8738 -1.0277 2.0177
v 2.6484 -1.5101 2.0177
v 2.7638 -0.9877 2.3595
v 2.5471 -1.4516 2.3595
v 3.014 -0.5138 1.6981
v 3.0112 -0.5134 2.0177
v 2.896 -0.493 2.3595
v 2.6631 0.4859 2.6021
v 2.5416 0.9408 2.6021
v 2.2756 0.844 2.8109
v 2.3844 0.4368 2.8109
v 2.4214 0.017 2.8109
v 2.7045 0.017 2.6021
v 2.0726 1.7531 2.6021
v 2.3423 1.3673 2.6021
v 1.8557 1.5712 2.8109
v 2.0972 1.2258 2.8109
v 1.7394 2.0858 2.6021
v 1.354 2.3561 2.6021
v 1.2125 2.111 2.8109
v 1.5575 1.869 2.8109
v 0.4725 2.6769 2.6021
v 0.9272 2.5548 2.6021
v 0.4234 2.3982 2.8109
v 0.8304 2.2888 2.8109
v 0.0035 2.7176 2.6021
v -0.4655 2.6769 2.6021
v -0.4164 2.3982 2.8109
v 0.0035 2.4346 2.8109
v -0.9202 2.5548 2.6021
v -1.347 2.3561 2.6021
v -1.2055 2.111 2.8109
v -0.8234 2.2888 2.8109
v -2.0656 1.7531 2.6021
v -1.7325 2.0858 2.6021
v -1.8487 1.5712 2.8109
v -1.5505 1.869 2.8109
v -2.3354 1.3673 2.6021
v -2.5346 0.9408 2.6021
v -2.2686 0.844 2.8109
v -2.0902 1.2258 2.8109
v -2.6975 0.017 2.6021
v -2.6561 0.4859 2.6021
v -2.4144 0.017 2.8109
v -2.3774 0.4368 2.8109
v -2.6561 -0.452 2.6021
v -2.5346 -0.9068 2.6021
v -2.2686 -0.81 2.8109
v -2.3774 -0.4028 2.8109
v -2.3354 -1.3333 2.6021
v -2.0656 -1.7192 2.6021
v -1.8487 -1.5372 2.8109
v -2.0903 -1.1918 2.8109
v -1.7325 -2.0518 2.6021
v -1.347 -2.3221 2.6021
v -1.2055 -2.077 2.8109
v -1.5505 -1.835 2.8109
v -0.4655 -2.6429 2.6021
v -0.9202 -2.5208 2.6021
v -0.4164 -2.3642 2.8109
v -0.8234 -2.2548 2.8109
v 0.0035 -2.6837 2.6021
v 0.4725 -2.6429 2.6021
v 0.4234 -2.3642 2.8109
v 0.0035 -2.4007 2.8109
v 1.354 -2.3221 2.6021
v 0.9272 -2.5208 2.6021
v 1.2125 -2.077 2.8109
v 0.8304 -2.2548 2.8109
v 2.0726 -1.7192 2.6021
v 1.7394 -2.0518 2.6021
v 1.8557 -1.5372 2.8109
v 1.5575 -1.835 2.8109
v 2.5416 -0.9068 2.6021
v 2.3423 -1.3333 2.6021
v 2.2756 -0.81 2.8109
v 2.0972 -1.1918 2.8109
v 2.6631 -0.452 2.6021
v 2.3844 -0.4028 2.8109
v 1.8646 0.3451 3.7483
v 1.7795 0.6634 3.7483
v 1.8375 0.3404 3.7815
v 1.7537 0.654 3.7815
v 1.6731 0.6247 3.806
v 1.7531 0.3255 3.806
v 1.7803 0.017 3.806
v 1.866 0.017 3.7815
v 1.8935 0.017 3.7483
v 1.6401 0.9619 3.7483
v 1.4513 1.2319 3.7483
v 1.4303 1.2142 3.7815
v 1.6163 0.9481 3.7815
v 1.3646 1.1591 3.806
v 1.542 0.9053 3.806
v 1.2183 1.4647 3.7483
v 0.9485 1.6538 3.7483
v 0.9348 1.63 3.7815
v 1.2006 1.4436 3.7815
v 0.8919 1.5557 3.806
v 1.1454 1.3779 3.806
v 0.6498 1.7928 3.7483
v 0.3317 1.8783 3.7483
v 0.3269 1.8512 3.7815
v 0.6404 1.767 3.7815
v 0.312 1.7668 3.806
v 0.6111 1.6864 3.806
v 0.0035 1.9068 3.7483
v -0.3247 1.8783 3.7483
v -0.3199 1.8512 3.7815
v 0.0035 1.8793 3.7815
v -0.305 1.7668 3.806
v 0.0035 1.7935 3.806
v -0.6429 1.7928 3.7483
v -0.9415 1.6538 3.7483
v -0.9278 1.63 3.7815
v -0.6335 1.767 3.7815
v -0.8849 1.5557 3.806
v -0.6041 1.6864 3.806
v -1.2113 1.4647 3.7483
v -1.4444 1.2319 3.7483
v -1.4233 1.2142 3.7815
v -1.1936 1.4436 3.7815
v -1.3576 1.1591 3.806
v -1.1385 1.3779 3.806
v -1.6332 0.9619 3.7483
v -1.7726 0.6634 3.7483
v -1.6093 0.9481 3.7815
v -1.7467 0.654 3.7815
v -1.6661 0.6247 3.806
v -1.5351 0.9053 3.806
v -1.8576 0.3451 3.7483
v -1.8865 0.017 3.7483
v -1.8591 0.017 3.7815
v -1.8305 0.3404 3.7815
v -1.7733 0.017 3.806
v -1.7461 0.3255 3.806
v -1.8576 -0.3112 3.7483
v -1.7726 -0.6294 3.7483
v -1.8305 -0.3064 3.7815
v -1.7467 -0.62 3.7815
v -1.6661 -0.5907 3.806
v -1.7461 -0.2915 3.806
v -1.6332 -0.9279 3.7483
v -1.4444 -1.1979 3.7483
v -1.4233 -1.1802 3.7815
v -1.6093 -0.9142 3.7815
v -1.3576 -1.1251 3.806
v -1.5351 -0.8713 3.806
v -1.2113 -1.4307 3.7483
v -0.9415 -1.6198 3.7483
v -1.1936 -1.4096 3.7815
v -0.9278 -1.596 3.7815
v -0.8849 -1.5217 3.806
v -1.1385 -1.3439 3.806
v -0.6429 -1.7589 3.7483
v -0.3247 -1.8443 3.7483
v -0.6335 -1.733 3.7815
v -0.3199 -1.8173 3.7815
v -0.305 -1.7328 3.806
v -0.6041 -1.6524 3.806
v 0.0035 -1.8728 3.7483
v 0.3317 -1.8443 3.7483
v 0.3269 -1.8173 3.7815
v 0.0035 -1.8453 3.7815
v 0.312 -1.7328 3.806
v 0.0035 -1.7596 3.806
v 0.6498 -1.7589 3.7483
v 0.9485 -1.6198 3.7483
v 0.9348 -1.596 3.7815
v 0.6404 -1.733 3.7815
v 0.8919 -1.5217 3.806
v 0.6111 -1.6524 3.806
v 1.2182 -1.4307 3.7483
v 1.4513 -1.1979 3.7483
v 1.4303 -1.1802 3.7815
v 1.2006 -1.4096 3.7815
v 1.3646 -1.1251 3.806
v 1.1454 -1.3439 3.806
v 1.6401 -0.9279 3.7483
v 1.7795 -0.6295 3.7483
v 1.6163 -0.9142 3.7815
v 1.7537 -0.62 3.7815
v 1.6731 -0.5907 3.806
v 1.542 -0.8713 3.806
v 1.8646 -0.3112 3.7483
v 1.8375 -0.3064 3.7815
v 1.7531 -0.2915 3.806
v 1.6775 0.3122 3.8422
v 1.601 0.5984 3.8422
v 1.5096 0.5652 3.9852
v 1.5817 0.2953 3.9852
v 1.6063 0.017 3.9852
v 1.7035 0.017 3.8422
v 1.3058 1.1098 3.8422
v 1.4756 0.8669 3.8422
v 1.2313 1.0472 3.9852
v 1.3914 0.8183 3.9852
v 1.0961 1.3192 3.8422
v 0.8535 1.4893 3.8422
v 0.8049 1.405 3.9852
v 1.0336 1.2446 3.9852
v 0.5849 1.6143 3.8422
v 0.2987 1.6912 3.8422
v 0.2818 1.5954 3.9852
v 0.5516 1.5229 3.9852
v 0.0035 1.7168 3.8422
v -0.2917 1.6912 3.8422
v -0.2748 1.5954 3.9852
v 0.0035 1.6196 3.9852
v -0.5779 1.6143 3.8422
v -0.8465 1.4893 3.8422
v -0.7979 1.405 3.9852
v -0.5446 1.5229 3.9852
v -1.2988 1.1098 3.8422
v -1.0892 1.3192 3.8422
v -1.2243 1.0472 3.9852
v -1.0266 1.2446 3.9852
v -1.594 0.5984 3.8422
v -1.4686 0.8669 3.8422
v -1.5026 0.5652 3.9852
v -1.3844 0.8183 3.9852
v -1.6705 0.3122 3.8422
v -1.6966 0.017 3.8422
v -1.5993 0.017 3.9852
v -1.5747 0.2953 3.9852
v -1.6705 -0.2782 3.8422
v -1.594 -0.5645 3.8422
v -1.5026 -0.5312 3.9852
v -1.5747 -0.2613 3.9852
v -1.2988 -1.0758 3.8422
v -1.4686 -0.8329 3.8422
v -1.2243 -1.0132 3.9852
v -1.3844 -0.7843 3.9852
v -0.8465 -1.4553 3.8422
v -1.0892 -1.2852 3.8422
v -0.7979 -1.3711 3.9852
v -1.0266 -1.2107 3.9852
v -0.2917 -1.6572 3.8422
v -0.5779 -1.5803 3.8422
v -0.2748 -1.5614 3.9852
v -0.5446 -1.4889 3.9852
v 0.0035 -1.6829 3.8422
v 0.2987 -1.6572 3.8422
v 0.2818 -1.5614 3.9852
v 0.0035 -1.5856 3.9852
v 0.8535 -1.4553 3.8422
v 0.5849 -1.5803 3.8422
v 0.8049 -1.3711 3.9852
v 0.5516 -1.4889 3.9852
v 1.0961 -1.2852 3.8422
v 1.3058 -1.0758 3.8422
v 1.2313 -1.0132 3.9852
v 1.0336 -1.2107 3.9852
v 1.4756 -0.8329 3.8422
v 1.601 -0.5645 3.8422
v 1.5096 -0.5312 3.9852
v 1.3914 -0.7843 3.9852
v 1.6775 -0.2782 3.8422
v 1.5817 -0.2613 3.9852
v 1.0637 0.3011 5.8856
v 1.0969 -0.0787 5.8856
v 1.1267 -0.0813 5.4262
v 1.0926 0.3088 5.4262
v 1.2162 -0.0891 4.8579
v 1.1793 0.3321 4.8579
v 0.9026 0.6465 5.8856
v 0.9271 0.6637 5.4262
v 1.0007 0.7152 4.8579
v 0.633 0.9161 5.8856
v 0.6502 0.9406 5.4262
v 0.7017 1.0142 4.8579
v 0.2876 1.0772 5.8856
v 0.2953 1.1061 5.4262
v 0.3185 1.1928 4.8579
v -0.0922 1.1104 5.8856
v -0.0948 1.1402 5.4262
v -0.1026 1.2297 4.8579
v -0.4604 1.0117 5.8856
v -0.473 1.0389 5.4262
v -0.511 1.1202 4.8579
v -0.7726 0.7931 5.8856
v -0.7938 0.8143 5.4262
v -0.8573 0.8778 4.8579
v -0.9913 0.4808 5.8856
v -1.0184 0.4935 5.4262
v -1.0998 0.5314 4.8579
v -1.0899 0.1126 5.8856
v -1.1197 0.1152 5.4262
v -1.2092 0.1231 4.8579
v -1.0567 -0.2671 5.8856
v -1.0856 -0.2748 5.4262
v -1.1724 -0.2981 4.8579
v -0.8956 -0.6126 5.8856
v -0.9201 -0.6297 5.4262
v -0.9937 -0.6813 4.8579
v -0.6261 -0.8821 5.8856
v -0.6432 -0.9066 5.4262
v -0.6947 -0.9802 4.8579
v -0.2806 -1.0432 5.8856
v -0.2883 -1.0721 5.4262
v -0.3116 -1.1589 4.8579
v 0.0992 -1.0764 5.8856
v 0.1018 -1.1062 5.4262
v 0.1096 -1.1957 4.8579
v 0.4674 -0.9778 5.8856
v 0.48 -1.0049 5.4262
v 0.518 -1.0863 4.8579
v 0.7796 -0.7591 5.8856
v 0.8008 -0.7803 5.4262
v 0.8643 -0.8438 4.8579
v 0.9982 -0.4469 5.8856
v 1.0254 -0.4595 5.4262
v 1.1068 -0.4975 4.8579
v 1.1623 -0.0844 6.116
v 1.1271 0.3181 6.116
v 1.6629 -0.1282 6.1907
v 1.6125 0.4481 6.1907
v 1.1075 -0.0796 6.0989
v 1.0739 0.3038 6.0989
v 1.368 0.9724 6.1907
v 0.9564 0.6842 6.116
v 0.9113 0.6526 6.0989
v 0.9589 1.3815 6.1907
v 0.6707 0.9699 6.116
v 0.6391 0.9248 6.0989
v 0.3046 1.1406 6.116
v 0.4346 1.626 6.1907
v 0.2903 1.0874 6.0989
v -0.0979 1.1758 6.116
v -0.1417 1.6764 6.1907
v -0.0931 1.121 6.0989
v -0.4881 1.0712 6.116
v -0.7005 1.5267 6.1907
v -0.4649 1.0214 6.0989
v -1.1744 1.1948 6.1907
v -0.819 0.8395 6.116
v -0.7801 0.8006 6.0989
v -1.5062 0.721 6.1907
v -1.0508 0.5086 6.116
v -1.0009 0.4853 6.0989
v -1.6559 0.1622 6.1907
v -1.1553 0.1184 6.116
v -1.1005 0.1136 6.0989
v -1.1201 -0.2841 6.116
v -1.6055 -0.4142 6.1907
v -1.067 -0.2698 6.0989
v -0.9494 -0.6502 6.116
v -1.361 -0.9385 6.1907
v -0.9043 -0.6187 6.0989
v -0.9519 -1.3475 6.1907
v -0.6637 -0.9359 6.116
v -0.6321 -0.8908 6.0989
v -0.2976 -1.1066 6.116
v -0.4276 -1.592 6.1907
v -0.2833 -1.0535 6.0989
v 0.1049 -1.1418 6.116
v 0.1487 -1.6424 6.1907
v 0.1001 -1.087 6.0989
v 0.4951 -1.0373 6.116
v 0.7075 -1.4927 6.1907
v 0.4718 -0.9874 6.0989
v 1.1814 -1.1609 6.1907
v 0.826 -0.8055 6.116
v 0.7871 -0.7666 6.0989
v 1.0577 -0.4746 6.116
v 1.5132 -0.687 6.1907
v 1.0079 -0.4514 6.0989
v 1.8028 0.6719 3.3565
v 1.8889 0.3494 3.3565
v 1.9182 0.017 3.3565
v 1.6615 0.9742 3.3565
v 1.4703 1.2478 3.3565
v 0.9609 1.6752 3.3565
v 1.2341 1.4836 3.3565
v 0.6583 1.816 3.3565
v 0.336 1.9026 3.3565
v -0.329 1.9026 3.3565
v 0.0035 1.9315 3.3565
v -0.9539 1.6752 3.3565
v -0.6513 1.816 3.3565
v -1.2271 1.4836 3.3565
v -1.4633 1.2478 3.3565
v -1.7958 0.6719 3.3565
v -1.6545 0.9742 3.3565
v -1.9113 0.017 3.3565
v -1.882 0.3494 3.3565
v -1.7958 -0.6379 3.3565
v -1.882 -0.3155 3.3565
v -1.4633 -1.2138 3.3565
v -1.6545 -0.9403 3.3565
v -1.2271 -1.4496 3.3565
v -0.9539 -1.6412 3.3565
v -0.6513 -1.7821 3.3565
v -0.329 -1.8687 3.3565
v 0.336 -1.8687 3.3565
v 0.0035 -1.8975 3.3565
v 0.9609 -1.6412 3.3565
v 0.6583 -1.7821 3.3565
v 1.2341 -1.4496 3.3565
v 1.4703 -1.2138 3.3565
v 1.6615 -0.9403 3.3565
v 1.8028 -0.6379 3.3565
v 1.8889 -0.3155 3.3565
v 1.3296 0.4996 4.3507
v 1.3931 0.262 4.3507
v 1.4147 0.017 4.3507
v 1.0845 0.9241 4.3507
v 1.2255 0.7225 4.3507
v 0.7091 1.2391 4.3507
v 0.9105 1.0979 4.3507
v 0.2485 1.4068 4.3507
v 0.4861 1.3429 4.3507
v -0.2416 1.4068 4.3507
v 0.0035 1.428 4.3507
v -0.7021 1.2391 4.3507
v -0.4791 1.3429 4.3507
v -1.0776 0.9241 4.3507
v -0.9035 1.0979 4.3507
v -1.3226 0.4996 4.3507
v -1.2185 0.7225 4.3507
v -1.4077 0.017 4.3507
v -1.3861 0.262 4.3507
v -1.3226 -0.4657 4.3507
v -1.3861 -0.228 4.3507
v -1.0776 -0.8901 4.3507
v -1.2185 -0.6885 4.3507
v -0.7021 -1.2052 4.3507
v -0.9035 -1.0639 4.3507
v -0.2416 -1.3728 4.3507
v -0.4791 -1.309 4.3507
v 0.2485 -1.3728 4.3507
v 0.0035 -1.3941 4.3507
v 0.7091 -1.2052 4.3507
v 0.4861 -1.309 4.3507
v 1.0845 -0.8901 4.3507
v 0.9105 -1.0639 4.3507
v 1.3296 -0.4657 4.3507
v 1.2255 -0.6885 4.3507
v 1.3931 -0.228 4.3507
v 1.7988 -0.1401 6.2783
v 1.7442 0.4834 6.2783
v 1.9214 -0.1508 6.5393
v 1.8631 0.5153 6.5393
v 1.7479 -0.1356 6.2204
v 1.6949 0.4702 6.2204
v 1.4797 1.0506 6.2783
v 1.5805 1.1213 6.5393
v 1.4379 1.0214 6.2204
v 1.1078 1.594 6.5393
v 1.0371 1.4932 6.2783
v 1.0078 1.4514 6.2204
v 0.4699 1.7577 6.2783
v 0.5018 1.8766 6.5393
v 0.4567 1.7084 6.2204
v -0.1536 1.8122 6.2783
v -0.1643 1.9349 6.5393
v -0.1491 1.7614 6.2204
v -0.8102 1.7618 6.5393
v -0.7581 1.6502 6.2783
v -0.7365 1.604 6.2204
v -1.2708 1.2913 6.2783
v -1.3579 1.3783 6.5393
v -1.2347 1.2552 6.2204
v -1.6298 0.7786 6.2783
v -1.7414 0.8306 6.5393
v -1.5835 0.757 6.2204
v -1.9144 0.1848 6.5393
v -1.7918 0.174 6.2783
v -1.7409 0.1696 6.2204
v -1.7372 -0.4494 6.2783
v -1.8561 -0.4813 6.5393
v -1.6879 -0.4362 6.2204
v -1.5736 -1.0873 6.5393
v -1.4727 -1.0167 6.2783
v -1.4309 -0.9874 6.2204
v -1.1008 -1.5601 6.5393
v -1.0301 -1.4592 6.2783
v -1.0009 -1.4174 6.2204
v -0.4629 -1.7237 6.2783
v -0.4948 -1.8426 6.5393
v -0.4497 -1.6744 6.2204
v 0.1713 -1.9009 6.5393
v 0.1606 -1.7783 6.2783
v 0.1561 -1.7274 6.2204
v 0.8171 -1.7279 6.5393
v 0.7651 -1.6163 6.2783
v 0.7435 -1.57 6.2204
v 1.3648 -1.3443 6.5393
v 1.2778 -1.2573 6.2783
v 1.2417 -1.2212 6.2204
v 1.6368 -0.7446 6.2783
v 1.7483 -0.7966 6.5393
v 1.5905 -0.723 6.2204
v 1.0881 -0.0779 6.066
v 1.0551 0.2988 6.066
v 0.8953 0.6415 6.066
v 0.628 0.9088 6.066
v 0.2853 1.0686 6.066
v -0.0914 1.1016 6.066
v -0.4566 1.0037 6.066
v -0.7664 0.7868 6.066
v -0.9832 0.4771 6.066
v -1.0811 0.1119 6.066
v -1.0481 -0.2648 6.066
v -0.8883 -0.6075 6.066
v -0.621 -0.8749 6.066
v -0.2783 -1.0347 6.066
v 0.0984 -1.0676 6.066
v 0.4636 -0.9697 6.066
v 0.7733 -0.7529 6.066
v 0.9902 -0.4431 6.066
v 2.0203 0.7511 3.0518
v 2.1169 0.3896 3.0518
v 2.1498 0.017 3.0518
v 1.6476 1.3966 3.0518
v 1.862 1.09 3.0518
v 1.0766 1.8757 3.0518
v 1.3829 1.6609 3.0518
v 0.3762 2.1307 3.0518
v 0.7375 2.0336 3.0518
v -0.3692 2.1307 3.0518
v 0.0035 2.163 3.0518
v -1.0697 1.8757 3.0518
v -0.7305 2.0336 3.0518
v -1.6407 1.3966 3.0518
v -1.376 1.6609 3.0518
v -2.0134 0.7511 3.0518
v -1.855 1.09 3.0518
v -2.1428 0.017 3.0518
v -2.1099 0.3896 3.0518
v -2.0134 -0.7171 3.0518
v -2.1099 -0.3557 3.0518
v -1.6407 -1.3626 3.0518
v -1.855 -1.056 3.0518
v -1.0697 -1.8418 3.0518
v -1.376 -1.627 3.0518
v -0.3692 -2.0967 3.0518
v -0.7305 -1.9996 3.0518
v 0.3762 -2.0967 3.0518
v 0.0035 -2.1291 3.0518
v 1.0766 -1.8418 3.0518
v 0.7375 -1.9996 3.0518
v 1.6476 -1.3626 3.0518
v 1.3829 -1.627 3.0518
v 2.0203 -0.7171 3.0518
v 1.862 -1.056 3.0518
v 2.1169 -0.3557 3.0518
v 1.852 -0.1447 6.6342
v 1.7958 0.4972 6.6342
v 1.1263 0.3178 6.8579
v 1.1615 -0.0843 6.8579
v 1.9194 -0.1506 6.5957
v 1.8612 0.5148 6.5957
v 1.5234 1.0813 6.6342
v 0.9557 0.6837 6.8579
v 1.5789 1.1201 6.5957
v 1.0678 1.537 6.6342
v 0.6702 0.9692 6.8579
v 1.1066 1.5924 6.5957
v 0.4837 1.8093 6.6342
v 0.3043 1.1398 6.8579
v 0.5013 1.8747 6.5957
v -0.1582 1.8655 6.6342
v -0.0978 1.1749 6.8579
v -0.1641 1.9329 6.5957
v -0.7807 1.6987 6.6342
v -0.4878 1.0705 6.8579
v -0.8093 1.76 6.5957
v -1.3086 1.329 6.6342
v -0.8184 0.8389 6.8579
v -1.3564 1.3769 6.5957
v -1.6782 0.8012 6.6342
v -1.05 0.5082 6.8579
v -1.7396 0.8298 6.5957
v -1.845 0.1787 6.6342
v -1.1545 0.1183 6.8579
v -1.9124 0.1846 6.5957
v -1.7888 -0.4633 6.6342
v -1.1193 -0.2839 6.8579
v -1.8542 -0.4808 6.5957
v -1.5165 -1.0473 6.6342
v -0.9487 -0.6497 6.8579
v -1.5719 -1.0861 6.5957
v -1.0608 -1.503 6.6342
v -0.6632 -0.9352 6.8579
v -1.0996 -1.5584 6.5957
v -0.4768 -1.7753 6.6342
v -0.2974 -1.1058 6.8579
v -0.4943 -1.8407 6.5957
v 0.1652 -1.8315 6.6342
v 0.1048 -1.141 6.8579
v 0.1711 -1.8989 6.5957
v 0.7877 -1.6647 6.6342
v 0.4947 -1.0365 6.8579
v 0.8163 -1.7261 6.5957
v 1.3156 -1.2951 6.6342
v 0.8254 -0.8049 6.8579
v 1.3634 -1.3429 6.5957
v 1.6852 -0.7672 6.6342
v 1.057 -0.4743 6.8579
v 1.7465 -0.7958 6.5957
v 1.1237 0.3172 7.1078
v 1.1588 -0.0841 7.1078
v 1.0771 -0.0769 6.9429
v 1.0445 0.2959 6.9429
v 0.9535 0.6822 7.1078
v 0.8863 0.6351 6.9429
v 0.6687 0.967 7.1078
v 0.6216 0.8998 6.9429
v 0.3036 1.1372 7.1078
v 0.2824 1.058 6.9429
v -0.0976 1.1723 7.1078
v -0.0904 1.0906 6.9429
v -0.4866 1.0681 7.1078
v -0.452 0.9937 6.9429
v -0.8166 0.837 7.1078
v -0.7586 0.779 6.9429
v -1.0476 0.5071 7.1078
v -0.9733 0.4724 6.9429
v -1.1518 0.1181 7.1078
v -1.0701 0.1109 6.9429
v -1.1167 -0.2832 7.1078
v -1.0375 -0.262 6.9429
v -0.9465 -0.6482 7.1078
v -0.8793 -0.6012 6.9429
v -0.6617 -0.933 7.1078
v -0.6147 -0.8658 6.9429
v -0.2967 -1.1032 7.1078
v -0.2754 -1.024 6.9429
v 0.1046 -1.1383 7.1078
v 0.0974 -1.0566 6.9429
v 0.4936 -1.0341 7.1078
v 0.459 -0.9598 6.9429
v 0.8235 -0.8031 7.1078
v 0.7656 -0.7451 6.9429
v 1.0546 -0.4731 7.1078
v 0.9802 -0.4385 6.9429
v 1.7265 0.4787 8.0694
v 1.7805 -0.1385 8.0694
v 1.3614 0.3808 7.4418
v 1.4039 -0.1055 7.4418
v 1.4647 1.0401 8.0694
v 1.155 0.8233 7.4418
v 1.0266 1.4782 8.0694
v 0.8098 1.1685 7.4418
v 0.4652 1.74 8.0694
v 0.3673 1.3749 7.4418
v -0.152 1.794 8.0694
v -0.119 1.4174 7.4418
v -0.7504 1.6337 8.0694
v -0.5906 1.2911 7.4418
v -1.2579 1.2783 8.0694
v -0.9905 1.011 7.4418
v -1.6132 0.7708 8.0694
v -1.2706 0.6111 7.4418
v -1.7735 0.1724 8.0694
v -1.3969 0.1395 7.4418
v -1.7195 -0.4447 8.0694
v -1.3544 -0.3469 7.4418
v -1.4577 -1.0062 8.0694
v -1.1481 -0.7893 7.4418
v -1.0196 -1.4442 8.0694
v -0.8028 -1.1346 7.4418
v -0.4582 -1.7061 8.0694
v -0.3603 -1.3409 7.4418
v 0.159 -1.76 8.0694
v 0.126 -1.3834 7.4418
v 0.7574 -1.5997 8.0694
v 0.5976 -1.2571 7.4418
v 1.2648 -1.2444 8.0694
v 0.9975 -0.977 7.4418
v 1.6202 -0.7369 8.0694
v 1.2776 -0.5771 7.4418
v 2.0388 -0.1611 9.2254
v 1.9905 -0.1568 8.6806
v 1.9301 0.5332 8.6806
v 1.977 0.5458 9.2254
v 1.6771 1.1889 9.2254
v 1.6373 1.161 8.6806
v 1.1475 1.6508 8.6806
v 1.1753 1.6906 9.2254
v 0.5323 1.9905 9.2254
v 0.5197 1.9436 8.6806
v -0.1746 2.0523 9.2254
v -0.1704 2.0039 8.6806
v -0.8395 1.8247 8.6806
v -0.86 1.8687 9.2254
v -1.4412 1.4617 9.2254
v -1.4069 1.4273 8.6806
v -1.8042 0.8599 8.6806
v -1.8482 0.8804 9.2254
v -2.0318 0.195 9.2254
v -1.9835 0.1908 8.6806
v -1.9231 -0.4993 8.6806
v -1.97 -0.5118 9.2254
v -1.6701 -1.1549 9.2254
v -1.6303 -1.1271 8.6806
v -1.1684 -1.6566 9.2254
v -1.1405 -1.6169 8.6806
v -0.5127 -1.9096 8.6806
v -0.5253 -1.9565 9.2254
v 0.1773 -1.97 8.6806
v 0.1816 -2.0183 9.2254
v 0.8669 -1.8347 9.2254
v 0.8464 -1.7907 8.6806
v 1.4139 -1.3934 8.6806
v 1.4482 -1.4277 9.2254
v 1.8112 -0.8259 8.6806
v 1.8552 -0.8465 9.2254
v 1.4721 0.4105 10.5223
v 1.5182 -0.1155 10.5223
v 1.7548 -0.1362 10.1805
v 1.7016 0.472 10.1805
v 1.249 0.8891 10.5223
v 1.4436 1.0253 10.1805
v 0.8756 1.2625 10.5223
v 1.0118 1.4571 10.1805
v 0.397 1.4856 10.5223
v 0.4585 1.7151 10.1805
v -0.129 1.5316 10.5223
v -0.1497 1.7683 10.1805
v -0.6391 1.395 10.5223
v -0.7395 1.6103 10.1805
v -1.0716 1.0921 10.5223
v -1.2396 1.2601 10.1805
v -1.3745 0.6595 10.5223
v -1.5898 0.7599 10.1805
v -1.5112 0.1495 10.5223
v -1.7478 0.1702 10.1805
v -1.4651 -0.3765 10.5223
v -1.6946 -0.438 10.1805
v -1.242 -0.8551 10.5223
v -1.4366 -0.9914 10.1805
v -0.8686 -1.2285 10.5223
v -1.0049 -1.4231 10.1805
v -0.39 -1.4517 10.5223
v -0.4515 -1.6811 10.1805
v 0.136 -1.4977 10.5223
v 0.1567 -1.7344 10.1805
v 0.6461 -1.361 10.5223
v 0.7465 -1.5763 10.1805
v 1.0786 -1.0581 10.5223
v 1.2466 -1.2261 10.1805
v 1.3815 -0.6256 10.5223
v 1.5968 -0.726 10.1805
v 0.0035 0.017 11.1356
v 0.4215 -0.0196 11.0799
v 0.4088 0.1256 11.0799
v 0.8395 -0.0562 10.9833
v 1.2123 -0.0888 10.7859
v 0.8141 0.2342 10.9833
v 1.1756 0.3311 10.7859
v 0.3472 0.2577 11.0799
v 0.6909 0.4983 10.9833
v 0.9975 0.713 10.7859
v 0.2442 0.3607 11.0799
v 0.4848 0.7044 10.9833
v 0.6995 1.011 10.7859
v 0.1121 0.4223 11.0799
v 0.3175 1.1891 10.7859
v 0.2207 0.8276 10.9833
v -0.0331 0.435 11.0799
v -0.1023 1.2258 10.7859
v -0.0697 0.853 10.9833
v -0.1738 0.3973 11.0799
v -0.3512 0.7776 10.9833
v -0.5093 1.1167 10.7859
v -0.2932 0.3137 11.0799
v -0.5899 0.6104 10.9833
v -0.8545 0.875 10.7859
v -0.3768 0.1943 11.0799
v -1.0963 0.5298 10.7859
v -0.7571 0.3716 10.9833
v -0.4145 0.0536 11.0799
v -1.2053 0.1227 10.7859
v -0.8325 0.0901 10.9833
v -0.4018 -0.0916 11.0799
v -1.1686 -0.2971 10.7859
v -0.8071 -0.2002 10.9833
v -0.3402 -0.2237 11.0799
v -0.9905 -0.679 10.7859
v -0.6839 -0.4644 10.9833
v -0.2372 -0.3267 11.0799
v -0.4779 -0.6705 10.9833
v -0.6925 -0.977 10.7859
v -0.1051 -0.3883 11.0799
v -0.2137 -0.7936 10.9833
v -0.3106 -1.1551 10.7859
v 0.0401 -0.401 11.0799
v 0.1093 -1.1918 10.7859
v 0.0766 -0.819 10.9833
v 0.1808 -0.3633 11.0799
v 0.5163 -1.0828 10.7859
v 0.3582 -0.7436 10.9833
v 0.3002 -0.2797 11.0799
v 0.8615 -0.841 10.7859
v 0.5969 -0.5764 10.9833
v 0.3838 -0.1603 11.0799
v 0.7641 -0.3377 10.9833
v 1.1032 -0.4958 10.7859
v 1.8923 0.5231 9.7423
v 1.9515 -0.1534 9.7423
v 1.6053 1.1386 9.7423
v 1.1251 1.6188 9.7423
v 0.5096 1.9058 9.7423
v -0.167 1.965 9.7423
v -0.8229 1.7892 9.7423
v -1.3793 1.3997 9.7423
v -1.7688 0.8434 9.7423
v -1.9445 0.1874 9.7423
v -1.8854 -0.4891 9.7423
v -1.5983 -1.1046 9.7423
v -1.1181 -1.5849 9.7423
v -0.5026 -1.8719 9.7423
v 0.1739 -1.931 9.7423
v 0.8299 -1.7553 9.7423
v 1.3862 -1.3657 9.7423
v 1.7758 -0.8094 9.7423
v 2.9971 0.5448 0
v 3.0436 0.017 0
v 2.8603 1.0568 0
v 2.636 1.5369 0
v 2.3324 1.9711 0
v 1.9574 2.3456 0
v 1.5236 2.6498 0
v 1.0432 2.8734 0
v 0.5314 3.0109 0
v 0.0035 3.0568 0
v -0.5244 3.0109 0
v -1.0362 2.8734 0
v -1.5166 2.6498 0
v -1.9504 2.3456 0
v -2.3254 1.9711 0
v -2.629 1.5369 0
v -2.8533 1.0568 0
v -2.9901 0.5448 0
v -3.0366 0.017 0
v -2.9901 -0.5109 0
v -2.8533 -1.0228 0
v -2.629 -1.5029 0
v -2.3254 -1.9372 0
v -1.9504 -2.3116 0
v -1.5166 -2.6159 0
v -1.0362 -2.8395 0
v -0.5244 -2.977 0
v 0.0035 -3.0228 0
v 0.5314 -2.977 0
v 1.0432 -2.8395 0
v 1.5236 -2.6159 0
v 1.9574 -2.3116 0
v 2.3324 -1.9372 0
v 2.636 -1.5029 0
v 2.8603 -1.0228 0
v 2.9971 -0.5109 0
vn 0.8336 -0.5325 -0.147
vn 0.7954 -0.5324 -0.2895
vn 0.9846 -0.0204 -0.1736
vn 0.9395 -0.0203 -0.3419
vn 0.9998 -0.0203 0
vn 0.9845 0.0232 -0.1736
vn 0.9997 0.0232 0
vn 0.8465 -0.5324 0
vn 0.733 -0.5325 -0.4232
vn 0.6484 -0.5324 -0.5441
vn 0.7659 -0.0203 -0.6426
vn 0.8658 -0.0204 -0.4999
vn 0.9394 0.0232 -0.3419
vn 0.8658 0.0232 -0.4999
vn 0.5441 -0.5325 -0.6484
vn 0.4232 -0.5324 -0.7331
vn 0.4999 -0.0203 -0.8658
vn 0.6427 -0.0204 -0.7658
vn 0.7658 0.0232 -0.6426
vn 0.6426 0.0232 -0.7658
vn 0.2895 -0.5325 -0.7954
vn 0.147 -0.5324 -0.8336
vn 0.1736 -0.0203 -0.9846
vn 0.342 -0.0204 -0.9395
vn 0.4999 0.0232 -0.8658
vn 0.3419 0.0232 -0.9394
vn -0.0733 -0.5311 -0.8441
vn -0.147 -0.5324 -0.8336
vn -0.1736 -0.0203 -0.9846
vn -0.0865 -0.0203 -0.996
vn 0.1736 0.0232 -0.9845
vn 0.0865 -0.0203 -0.996
vn 0.0865 0.0232 -0.996
vn 0.0733 -0.5311 -0.8441
vn -0.2895 -0.5325 -0.7954
vn -0.4232 -0.5324 -0.7331
vn -0.3419 -0.0204 -0.9395
vn -0.4999 -0.0203 -0.8659
vn -0.1736 0.0232 -0.9845
vn -0.3419 0.0232 -0.9394
vn -0.5441 -0.5325 -0.6484
vn -0.6484 -0.5324 -0.5441
vn -0.6426 -0.0204 -0.7659
vn -0.7659 -0.0203 -0.6427
vn -0.4999 0.0232 -0.8658
vn -0.6426 0.0232 -0.7658
vn -0.733 -0.5325 -0.4232
vn -0.7954 -0.5324 -0.2895
vn -0.8658 -0.0204 -0.4999
vn -0.9395 -0.0203 -0.342
vn -0.7658 0.0232 -0.6426
vn -0.8658 0.0232 -0.4999
vn -0.8336 -0.5325 -0.147
vn -0.8465 -0.5324 0
vn -0.9846 -0.0203 -0.1736
vn -0.9998 -0.0203 0
vn -0.9394 0.0232 -0.3419
vn -0.9845 0.0232 -0.1736
vn -0.8336 -0.5325 0.147
vn -0.7954 -0.5324 0.2895
vn -0.9846 -0.0203 0.1737
vn -0.9395 -0.0203 0.3419
vn -0.9997 0.0232 0
vn -0.9845 0.0232 0.1736
vn -0.733 -0.5325 0.4232
vn -0.6484 -0.5324 0.5441
vn -0.7659 -0.0203 0.6426
vn -0.8659 -0.0203 0.4999
vn -0.9394 0.0232 0.3419
vn -0.8658 0.0232 0.4999
vn -0.5441 -0.5325 0.6484
vn -0.4232 -0.5324 0.7331
vn -0.4999 -0.0203 0.8658
vn -0.6427 -0.0204 0.7659
vn -0.7658 0.0232 0.6426
vn -0.6426 0.0232 0.7658
vn -0.2895 -0.5325 0.7954
vn -0.147 -0.5324 0.8336
vn -0.342 -0.0204 0.9395
vn -0.1736 -0.0203 0.9846
vn -0.4999 0.0232 0.8658
vn -0.3419 0.0232 0.9394
vn 0 -0.5325 0.8464
vn 0.147 -0.5324 0.8336
vn 0.1736 -0.0203 0.9846
vn 0 -0.0203 0.9998
vn -0.1736 0.0232 0.9845
vn 0 0.0232 0.9997
vn 0.2895 -0.5325 0.7954
vn 0.4232 -0.5324 0.7331
vn 0.4999 -0.0203 0.8659
vn 0.3419 -0.0203 0.9395
vn 0.1736 0.0232 0.9845
vn 0.3419 0.0232 0.9394
vn 0.5441 -0.5325 0.6484
vn 0.6484 -0.5324 0.5441
vn 0.6426 -0.0203 0.7659
vn 0.7659 -0.0203 0.6427
vn 0.4999 0.0232 0.8658
vn 0.6426 0.0232 0.7658
vn 0.733 -0.5325 0.4232
vn 0.7954 -0.5324 0.2895
vn 0.9395 -0.0203 0.342
vn 0.8658 -0.0204 0.4999
vn 0.7658 0.0232 0.6426
vn 0.8658 0.0232 0.4999
vn 0.8336 -0.5325 0.147
vn 0.9846 -0.0204 0.1736
vn 0.9394 0.0232 0.3419
vn 0.9845 0.0232 0.1736
vn 0.8624 0.4829 -0.1521
vn 0.8229 0.4829 -0.2995
vn 0.6449 0.7557 -0.1137
vn 0.6154 0.7557 -0.224
vn 0.5995 0.7701 -0.2182
vn 0.6283 0.77 -0.1108
vn 0.6549 0.7557 0
vn 0.6379 0.7701 0
vn 0.8757 0.4829 0
vn 0.7583 0.4829 -0.4378
vn 0.6708 0.4829 -0.5629
vn 0.5017 0.7558 -0.4209
vn 0.5671 0.7558 -0.3274
vn 0.5525 0.77 -0.319
vn 0.4887 0.7701 -0.41
vn 0.5629 0.4829 -0.6708
vn 0.4378 0.4829 -0.7584
vn 0.4209 0.7558 -0.5016
vn 0.3275 0.7557 -0.5672
vn 0.319 0.7701 -0.5525
vn 0.4101 0.77 -0.4887
vn 0.2995 0.4829 -0.8229
vn 0.1521 0.4828 -0.8624
vn 0.1137 0.7557 -0.6449
vn 0.224 0.7558 -0.6154
vn 0.2182 0.77 -0.5995
vn 0.1108 0.7701 -0.6282
vn -0.0758 0.4815 -0.8731
vn -0.1521 0.4829 -0.8624
vn -0.0568 0.7545 -0.6538
vn -0.1137 0.7557 -0.6449
vn -0.0553 0.7689 -0.637
vn -0.1108 0.7701 -0.6282
vn 0.0568 0.7545 -0.6538
vn 0.0553 0.7688 -0.6371
vn 0.0758 0.4815 -0.8731
vn -0.2995 0.4829 -0.8229
vn -0.4379 0.4829 -0.7584
vn -0.224 0.7558 -0.6154
vn -0.3274 0.7558 -0.5671
vn -0.319 0.7701 -0.5525
vn -0.2182 0.77 -0.5995
vn -0.5629 0.4829 -0.6708
vn -0.6708 0.4829 -0.5629
vn -0.5017 0.7557 -0.421
vn -0.4209 0.7558 -0.5017
vn -0.4887 0.7701 -0.41
vn -0.4101 0.77 -0.4887
vn -0.7583 0.4829 -0.4378
vn -0.8229 0.4829 -0.2995
vn -0.6154 0.7557 -0.224
vn -0.5671 0.7557 -0.3274
vn -0.5525 0.77 -0.319
vn -0.5995 0.7701 -0.2182
vn -0.8624 0.4829 -0.1521
vn -0.8757 0.4828 0
vn -0.6549 0.7557 0
vn -0.6449 0.7557 -0.1137
vn -0.6379 0.7701 0
vn -0.6283 0.77 -0.1108
vn -0.8624 0.4829 0.1521
vn -0.8229 0.4829 0.2995
vn -0.6154 0.7557 0.224
vn -0.6449 0.7557 0.1137
vn -0.6283 0.77 0.1108
vn -0.5995 0.7701 0.2182
vn -0.7583 0.4829 0.4378
vn -0.6708 0.4829 0.5629
vn -0.5671 0.7557 0.3274
vn -0.5017 0.7557 0.4209
vn -0.4887 0.7701 0.4101
vn -0.5525 0.77 0.319
vn -0.5629 0.4829 0.6708
vn -0.4378 0.4829 0.7584
vn -0.4209 0.7558 0.5016
vn -0.3275 0.7557 0.5672
vn -0.319 0.7701 0.5525
vn -0.4101 0.77 0.4887
vn -0.2995 0.4829 0.8229
vn -0.1521 0.4829 0.8624
vn -0.1137 0.7557 0.6449
vn -0.224 0.7558 0.6154
vn -0.1108 0.7701 0.6282
vn -0.2182 0.77 0.5995
vn 0 0.4829 0.8757
vn 0.1521 0.4829 0.8624
vn 0.1137 0.7557 0.6449
vn 0 0.7557 0.6549
vn 0.1108 0.7701 0.6282
vn 0 0.77 0.638
vn 0.2995 0.4829 0.8229
vn 0.4378 0.4829 0.7584
vn 0.3274 0.7557 0.5671
vn 0.224 0.7557 0.6154
vn 0.319 0.7701 0.5525
vn 0.2182 0.77 0.5995
vn 0.5629 0.4829 0.6708
vn 0.6708 0.4829 0.5629
vn 0.5017 0.7557 0.4209
vn 0.4209 0.7558 0.5017
vn 0.4101 0.77 0.4887
vn 0.4887 0.7701 0.41
vn 0.7583 0.4829 0.4378
vn 0.8229 0.4829 0.2995
vn 0.6154 0.7557 0.224
vn 0.5671 0.7557 0.3274
vn 0.5525 0.77 0.319
vn 0.5995 0.7701 0.2182
vn 0.8624 0.4829 0.1521
vn 0.6449 0.7557 0.1137
vn 0.6283 0.77 0.1108
vn 0.9907 0.1363 0
vn 0.9756 0.1362 -0.1721
vn 0.9843 -0.0324 -0.1736
vn 0.9995 -0.0324 0
vn 0.9392 -0.0324 -0.3418
vn 0.9309 0.1363 -0.3388
vn 0.858 0.1362 -0.4953
vn 0.8656 -0.0324 -0.4997
vn 0.7657 -0.0324 -0.6424
vn 0.7589 0.1363 -0.6368
vn 0.6425 -0.0324 -0.7656
vn 0.6368 0.1362 -0.7589
vn 0.4997 -0.0324 -0.8656
vn 0.4953 0.1363 -0.8579
vn 0.3418 -0.0324 -0.9392
vn 0.3389 0.1362 -0.9309
vn 0.1735 -0.0324 -0.9843
vn 0.172 0.1363 -0.9756
vn 0.0858 0.1357 -0.987
vn 0.0864 -0.0322 -0.9957
vn -0.1735 -0.0324 -0.9843
vn -0.172 0.1363 -0.9756
vn -0.3389 0.1362 -0.9309
vn -0.3418 -0.0324 -0.9392
vn -0.4997 -0.0324 -0.8656
vn -0.4953 0.1363 -0.8579
vn -0.6368 0.1362 -0.7589
vn -0.6424 -0.0324 -0.7656
vn -0.7656 -0.0324 -0.6425
vn -0.7589 0.1363 -0.6368
vn -0.858 0.1362 -0.4953
vn -0.8656 -0.0324 -0.4997
vn -0.9392 -0.0324 -0.3419
vn -0.9309 0.1363 -0.3388
vn -0.9756 0.1362 -0.172
vn -0.9843 -0.0324 -0.1736
vn -0.9995 -0.0324 0
vn -0.9907 0.1363 0
vn -0.9843 -0.0324 0.1736
vn -0.9756 0.1362 0.1721
vn -0.9392 -0.0324 0.3418
vn -0.9309 0.1363 0.3388
vn -0.8579 0.1362 0.4954
vn -0.8656 -0.0324 0.4997
vn -0.7656 -0.0324 0.6425
vn -0.7589 0.1363 0.6368
vn -0.6368 0.1362 0.7589
vn -0.6425 -0.0324 0.7656
vn -0.4998 -0.0324 0.8656
vn -0.4953 0.1363 0.8579
vn -0.3418 -0.0324 0.9392
vn -0.3388 0.1362 0.9309
vn -0.1736 -0.0324 0.9843
vn -0.172 0.1363 0.9756
vn 0 0.1362 0.9907
vn 0 -0.0324 0.9995
vn 0.1735 -0.0324 0.9843
vn 0.172 0.1363 0.9756
vn 0.3389 0.1362 0.9309
vn 0.3418 -0.0324 0.9392
vn 0.4997 -0.0324 0.8656
vn 0.4953 0.1363 0.8579
vn 0.6367 0.1362 0.759
vn 0.6424 -0.0324 0.7656
vn 0.7657 -0.0324 0.6424
vn 0.7589 0.1363 0.6368
vn 0.8656 -0.0324 0.4997
vn 0.858 0.1362 0.4953
vn 0.9392 -0.0324 0.3418
vn 0.9309 0.1363 0.3388
vn 0.9843 -0.0324 0.1736
vn 0.9756 0.1362 0.1721
vn 0.7971 -0.5296 -0.2901
vn 0.8354 -0.5295 -0.1473
vn 0.8854 -0.4378 -0.1561
vn 0.8449 -0.4378 -0.3075
vn 0.8482 -0.5296 0
vn 0.8991 -0.4378 0
vn 0.7346 -0.5295 -0.4241
vn 0.6498 -0.5296 -0.5452
vn 0.6887 -0.4378 -0.5779
vn 0.7786 -0.4378 -0.4495
vn 0.4241 -0.5296 -0.7346
vn 0.5453 -0.5295 -0.6498
vn 0.5779 -0.4378 -0.6887
vn 0.4495 -0.4378 -0.7786
vn 0.2901 -0.5295 -0.7971
vn 0.1473 -0.5296 -0.8354
vn 0.3075 -0.4378 -0.8449
vn 0.1561 -0.4378 -0.8854
vn -0.0864 -0.0322 -0.9957
vn -0.1473 -0.5296 -0.8354
vn -0.0734 -0.5281 -0.846
vn -0.0778 -0.4364 -0.8964
vn -0.1561 -0.4378 -0.8854
vn 0.0734 -0.5281 -0.846
vn 0.0778 -0.4364 -0.8964
vn -0.4241 -0.5296 -0.7346
vn -0.2901 -0.5295 -0.7971
vn -0.3075 -0.4378 -0.8449
vn -0.4495 -0.4378 -0.7786
vn -0.5453 -0.5295 -0.6498
vn -0.6498 -0.5296 -0.5452
vn -0.6887 -0.4378 -0.5779
vn -0.5779 -0.4378 -0.6887
vn -0.7347 -0.5295 -0.4242
vn -0.7971 -0.5296 -0.2901
vn -0.7786 -0.4378 -0.4495
vn -0.8449 -0.4378 -0.3075
vn -0.8354 -0.5295 -0.1473
vn -0.8482 -0.5296 0
vn -0.8854 -0.4378 -0.1561
vn -0.8991 -0.4378 0
vn -0.7971 -0.5296 0.2901
vn -0.8354 -0.5295 0.1473
vn -0.8854 -0.4378 0.1561
vn -0.8449 -0.4378 0.3075
vn -0.7347 -0.5295 0.4242
vn -0.6498 -0.5296 0.5452
vn -0.7786 -0.4378 0.4495
vn -0.6887 -0.4378 0.5779
vn -0.4241 -0.5296 0.7346
vn -0.5453 -0.5295 0.6498
vn -0.5779 -0.4378 0.6887
vn -0.4495 -0.4378 0.7786
vn -0.2901 -0.5295 0.7971
vn -0.1473 -0.5296 0.8354
vn -0.1561 -0.4378 0.8854
vn -0.3075 -0.4378 0.8449
vn 0 -0.5295 0.8483
vn 0.1473 -0.5296 0.8354
vn 0.1561 -0.4378 0.8854
vn 0 -0.4378 0.8991
vn 0.4241 -0.5296 0.7346
vn 0.2901 -0.5295 0.7971
vn 0.3075 -0.4378 0.8449
vn 0.4495 -0.4378 0.7786
vn 0.5453 -0.5295 0.6498
vn 0.6498 -0.5296 0.5452
vn 0.5779 -0.4378 0.6887
vn 0.6887 -0.4378 0.5779
vn 0.7971 -0.5296 0.2901
vn 0.7346 -0.5295 0.4241
vn 0.8449 -0.4378 0.3075
vn 0.7786 -0.4378 0.4495
vn 0.8354 -0.5295 0.1473
vn 0.8854 -0.4378 0.1561
vn 0.9781 -0.1169 -0.1725
vn 0.9333 -0.1169 -0.3397
vn 0.9252 0.1752 -0.3367
vn 0.9696 0.1752 -0.171
vn 0.8104 0.5062 -0.295
vn 0.8493 0.5062 -0.1498
vn 0.8624 0.5062 0
vn 0.9845 0.1751 0
vn 0.9931 -0.1169 0
vn 0.8601 -0.1169 -0.4966
vn 0.7608 -0.1169 -0.6384
vn 0.7542 0.1752 -0.6328
vn 0.8526 0.1752 -0.4923
vn 0.6607 0.5062 -0.5544
vn 0.7468 0.5063 -0.4312
vn 0.6384 -0.1169 -0.7608
vn 0.4966 -0.1169 -0.8601
vn 0.4923 0.1752 -0.8526
vn 0.6328 0.1752 -0.7542
vn 0.4312 0.5062 -0.7469
vn 0.5543 0.5063 -0.6606
vn 0.3397 -0.1169 -0.9332
vn 0.1725 -0.1169 -0.9781
vn 0.171 0.1752 -0.9696
vn 0.3367 0.1751 -0.9252
vn 0.1498 0.5062 -0.8493
vn 0.295 0.5062 -0.8104
vn -0.0859 -0.1164 -0.9895
vn -0.1725 -0.1169 -0.9781
vn -0.171 0.1752 -0.9696
vn -0.0852 0.1745 -0.981
vn -0.1498 0.5062 -0.8493
vn -0.0747 0.5049 -0.86
vn 0.0747 0.5049 -0.86
vn 0.0852 0.1745 -0.981
vn 0.0859 -0.1164 -0.9895
vn -0.3397 -0.1169 -0.9333
vn -0.4966 -0.1169 -0.8601
vn -0.3367 0.1752 -0.9252
vn -0.4923 0.1752 -0.8526
vn -0.4312 0.5062 -0.7469
vn -0.295 0.5062 -0.8104
vn -0.6384 -0.1169 -0.7608
vn -0.7608 -0.1169 -0.6384
vn -0.7542 0.1752 -0.6329
vn -0.6328 0.1752 -0.7542
vn -0.6607 0.5062 -0.5544
vn -0.5543 0.5063 -0.6606
vn -0.8601 -0.1169 -0.4966
vn -0.9333 -0.1169 -0.3397
vn -0.9252 0.1752 -0.3367
vn -0.8526 0.1752 -0.4923
vn -0.8104 0.5062 -0.295
vn -0.7469 0.5062 -0.4312
vn -0.9781 -0.1169 -0.1725
vn -0.9931 -0.1169 0
vn -0.9845 0.1751 0
vn -0.9696 0.1752 -0.171
vn -0.8624 0.5062 0
vn -0.8493 0.5062 -0.1498
vn -0.9781 -0.1169 0.1725
vn -0.9333 -0.1169 0.3397
vn -0.9252 0.1752 0.3367
vn -0.9696 0.1752 0.171
vn -0.8104 0.5062 0.295
vn -0.8493 0.5062 0.1498
vn -0.8601 -0.1169 0.4966
vn -0.7608 -0.1169 0.6384
vn -0.7542 0.1752 0.6328
vn -0.8526 0.1751 0.4923
vn -0.6607 0.5062 0.5544
vn -0.7469 0.5062 0.4312
vn -0.6384 -0.1169 0.7608
vn -0.4966 -0.1169 0.8601
vn -0.4923 0.1752 0.8526
vn -0.6329 0.1752 0.7542
vn -0.4312 0.5062 0.7469
vn -0.5543 0.5062 0.6606
vn -0.3397 -0.1169 0.9333
vn -0.1725 -0.1169 0.9781
vn -0.3367 0.1752 0.9252
vn -0.171 0.1752 0.9696
vn -0.1498 0.5062 0.8493
vn -0.295 0.5062 0.8104
vn 0 -0.1169 0.9931
vn 0.1725 -0.1169 0.9781
vn 0.171 0.1752 0.9696
vn 0 0.1752 0.9845
vn 0.1498 0.5062 0.8493
vn 0 0.5062 0.8624
vn 0.3397 -0.1169 0.9333
vn 0.4966 -0.1169 0.8601
vn 0.4923 0.1752 0.8526
vn 0.3367 0.1752 0.9252
vn 0.4312 0.5062 0.7469
vn 0.295 0.5062 0.8104
vn 0.6384 -0.1169 0.7608
vn 0.7608 -0.1169 0.6384
vn 0.7542 0.1752 0.6328
vn 0.6328 0.1752 0.7542
vn 0.6606 0.5062 0.5544
vn 0.5543 0.5062 0.6606
vn 0.8601 -0.1169 0.4966
vn 0.9333 -0.1169 0.3397
vn 0.9252 0.1752 0.3367
vn 0.8526 0.1752 0.4923
vn 0.8104 0.5062 0.295
vn 0.7469 0.5062 0.4312
vn 0.9781 -0.1169 0.1725
vn 0.9696 0.1751 0.171
vn 0.8493 0.5062 0.1498
vn 0.6514 0.75 -0.1149
vn 0.6215 0.75 -0.2262
vn 0.5885 0.7796 -0.2142
vn 0.6168 0.7796 -0.1088
vn 0.6263 0.7796 0
vn 0.6614 0.75 0
vn 0.5066 0.7501 -0.4251
vn 0.5728 0.75 -0.3307
vn 0.4797 0.7796 -0.4025
vn 0.5424 0.7796 -0.3132
vn 0.4252 0.75 -0.5067
vn 0.3307 0.75 -0.5728
vn 0.3131 0.7796 -0.5423
vn 0.4026 0.7795 -0.4798
vn 0.1148 0.75 -0.6513
vn 0.2262 0.75 -0.6215
vn 0.1087 0.7796 -0.6167
vn 0.2142 0.7796 -0.5885
vn -0.0573 0.7488 -0.6603
vn -0.1148 0.75 -0.6513
vn -0.1088 0.7796 -0.6168
vn -0.0543 0.7784 -0.6254
vn 0.0543 0.7784 -0.6254
vn 0.0573 0.7488 -0.6603
vn -0.2262 0.75 -0.6215
vn -0.3307 0.75 -0.5728
vn -0.3131 0.7797 -0.5423
vn -0.2142 0.7795 -0.5886
vn -0.5067 0.75 -0.4251
vn -0.4252 0.75 -0.5067
vn -0.4798 0.7796 -0.4026
vn -0.4026 0.7796 -0.4798
vn -0.5728 0.75 -0.3307
vn -0.6215 0.75 -0.2262
vn -0.5885 0.7796 -0.2142
vn -0.5424 0.7796 -0.3132
vn -0.6614 0.75 0
vn -0.6513 0.7501 -0.1148
vn -0.6263 0.7796 0
vn -0.6168 0.7795 -0.1088
vn -0.6514 0.75 0.1149
vn -0.6215 0.75 0.2262
vn -0.5885 0.7796 0.2142
vn -0.6168 0.7796 0.1088
vn -0.5728 0.75 0.3307
vn -0.5067 0.75 0.4251
vn -0.4797 0.7796 0.4025
vn -0.5425 0.7795 0.3132
vn -0.4251 0.75 0.5067
vn -0.3307 0.7501 0.5728
vn -0.3131 0.7796 0.5423
vn -0.4026 0.7795 0.4798
vn -0.1149 0.75 0.6513
vn -0.2262 0.75 0.6215
vn -0.1087 0.7796 0.6167
vn -0.2142 0.7795 0.5886
vn 0 0.75 0.6614
vn 0.1148 0.75 0.6513
vn 0.1087 0.7796 0.6167
vn 0 0.7795 0.6263
vn 0.3307 0.75 0.5728
vn 0.2262 0.75 0.6215
vn 0.3131 0.7796 0.5424
vn 0.2142 0.7795 0.5886
vn 0.5067 0.75 0.4251
vn 0.4252 0.75 0.5067
vn 0.4797 0.7796 0.4025
vn 0.4026 0.7795 0.4798
vn 0.6215 0.75 0.2262
vn 0.5728 0.75 0.3307
vn 0.5885 0.7796 0.2142
vn 0.5425 0.7795 0.3132
vn 0.6514 0.75 0.1149
vn 0.6168 0.7795 0.1088
vn 0.9778 0.1191 -0.1724
vn 0.933 0.1191 -0.3396
vn 0.4614 0.8835 -0.0813
vn 0.4404 0.8834 -0.1603
vn 0.3239 0.9387 -0.1179
vn 0.3395 0.9387 -0.0599
vn 0.3447 0.9387 0
vn 0.4687 0.8834 0
vn 0.9929 0.1191 0
vn 0.8599 0.1191 -0.4964
vn 0.7606 0.1191 -0.6382
vn 0.359 0.8834 -0.3013
vn 0.4057 0.8835 -0.2342
vn 0.264 0.9387 -0.2215
vn 0.2986 0.9387 -0.1724
vn 0.6382 0.1191 -0.7606
vn 0.4964 0.1191 -0.8599
vn 0.2343 0.8834 -0.4059
vn 0.3012 0.8835 -0.3589
vn 0.1723 0.9387 -0.2985
vn 0.2216 0.9387 -0.2641
vn 0.3396 0.1191 -0.933
vn 0.1724 0.1191 -0.9778
vn 0.0814 0.8834 -0.4615
vn 0.1602 0.8835 -0.4402
vn 0.0598 0.9387 -0.3394
vn 0.1179 0.9387 -0.324
vn -0.0845 0.1187 -0.9893
vn -0.1724 0.1191 -0.9778
vn -0.0814 0.8834 -0.4615
vn -0.0406 0.8827 -0.4681
vn -0.0598 0.9387 -0.3394
vn -0.0299 0.9383 -0.3446
vn 0.0299 0.9383 -0.3446
vn 0.0406 0.8827 -0.4681
vn 0.0859 0.1187 -0.9892
vn -0.3396 0.1191 -0.933
vn -0.4965 0.1191 -0.8598
vn -0.2343 0.8834 -0.4059
vn -0.1602 0.8835 -0.4402
vn -0.1723 0.9387 -0.2985
vn -0.1179 0.9387 -0.324
vn -0.6382 0.1191 -0.7606
vn -0.7606 0.1191 -0.6382
vn -0.359 0.8834 -0.3013
vn -0.3011 0.8835 -0.3589
vn -0.264 0.9387 -0.2215
vn -0.2216 0.9387 -0.2641
vn -0.8599 0.1191 -0.4964
vn -0.933 0.1191 -0.3396
vn -0.4057 0.8835 -0.2343
vn -0.4404 0.8834 -0.1603
vn -0.3239 0.9387 -0.1179
vn -0.2986 0.9387 -0.1724
vn -0.9778 0.1191 -0.1724
vn -0.9929 0.1191 0
vn -0.4687 0.8834 0
vn -0.4614 0.8835 -0.0813
vn -0.3447 0.9387 0
vn -0.3395 0.9387 -0.0599
vn -0.9778 0.1191 0.1724
vn -0.933 0.1191 0.3395
vn -0.4614 0.8835 0.0813
vn -0.4404 0.8834 0.1603
vn -0.3239 0.9387 0.1179
vn -0.3395 0.9387 0.0599
vn -0.8599 0.1191 0.4964
vn -0.7606 0.1191 0.6382
vn -0.359 0.8834 0.3013
vn -0.4057 0.8835 0.2342
vn -0.264 0.9387 0.2215
vn -0.2986 0.9387 0.1724
vn -0.6382 0.1191 0.7606
vn -0.4963 0.1191 0.8599
vn -0.3012 0.8835 0.3589
vn -0.2343 0.8834 0.4059
vn -0.1723 0.9387 0.2985
vn -0.2216 0.9387 0.2641
vn -0.3396 0.1191 0.933
vn -0.1724 0.1191 0.9778
vn -0.1603 0.8835 0.4402
vn -0.0814 0.8834 0.4615
vn -0.0598 0.9387 0.3394
vn -0.1179 0.9387 0.324
vn 0 0.1191 0.9929
vn 0.1724 0.1191 0.9778
vn 0.0814 0.8834 0.4615
vn 0 0.8835 0.4685
vn 0.0598 0.9387 0.3394
vn 0 0.9387 0.3447
vn 0.3396 0.1191 0.933
vn 0.4965 0.1191 0.8598
vn 0.2343 0.8834 0.4059
vn 0.1602 0.8835 0.4402
vn 0.1723 0.9387 0.2985
vn 0.1179 0.9387 0.324
vn 0.6382 0.1191 0.7606
vn 0.7606 0.1191 0.6382
vn 0.359 0.8834 0.3013
vn 0.3011 0.8835 0.3589
vn 0.264 0.9387 0.2215
vn 0.2216 0.9387 0.2641
vn 0.8599 0.1191 0.4964
vn 0.933 0.1191 0.3396
vn 0.4057 0.8835 0.2343
vn 0.4404 0.8834 0.1603
vn 0.3239 0.9387 0.1179
vn 0.2986 0.9387 0.1724
vn 0.9778 0.1191 0.1724
vn 0.4614 0.8835 0.0814
vn 0.3395 0.9387 0.0599
vn 0.6954 0.7081 -0.1226
vn 0.6634 0.7083 -0.2414
vn 0.8154 0.4971 -0.2968
vn 0.8545 0.4971 -0.1507
vn 0.8677 0.4971 0
vn 0.7059 0.7083 0
vn 0.5408 0.7083 -0.4538
vn 0.6115 0.7081 -0.353
vn 0.6647 0.4971 -0.5577
vn 0.7515 0.4971 -0.4339
vn 0.4539 0.7081 -0.5409
vn 0.353 0.7083 -0.6114
vn 0.4338 0.4971 -0.7514
vn 0.5578 0.4971 -0.6647
vn 0.2415 0.7081 -0.6635
vn 0.1226 0.7083 -0.6952
vn 0.1507 0.4972 -0.8545
vn 0.2968 0.4971 -0.8154
vn -0.0612 0.7068 -0.7048
vn -0.1226 0.7083 -0.6952
vn -0.1507 0.4971 -0.8545
vn -0.0751 0.4957 -0.8652
vn 0.0751 0.4957 -0.8652
vn 0.0612 0.7068 -0.7048
vn -0.2415 0.7081 -0.6635
vn -0.353 0.7083 -0.6114
vn -0.4338 0.4971 -0.7514
vn -0.2968 0.4971 -0.8154
vn -0.5408 0.7083 -0.4538
vn -0.4539 0.7081 -0.5409
vn -0.6647 0.4971 -0.5577
vn -0.5578 0.4971 -0.6647
vn -0.6634 0.7083 -0.2414
vn -0.6115 0.7081 -0.353
vn -0.8154 0.4971 -0.2968
vn -0.7515 0.4971 -0.4339
vn -0.6954 0.7081 -0.1226
vn -0.7059 0.7083 0
vn -0.8677 0.4971 0
vn -0.8545 0.4971 -0.1507
vn -0.6954 0.7081 0.1226
vn -0.6634 0.7083 0.2414
vn -0.8154 0.4971 0.2968
vn -0.8545 0.4971 0.1507
vn -0.5408 0.7083 0.4538
vn -0.6115 0.7081 0.353
vn -0.6647 0.4971 0.5577
vn -0.7515 0.4971 0.4339
vn -0.353 0.7083 0.6114
vn -0.4539 0.7081 0.5409
vn -0.4338 0.4971 0.7514
vn -0.5578 0.4971 0.6647
vn -0.1226 0.7083 0.6952
vn -0.2415 0.7081 0.6635
vn -0.1507 0.4971 0.8545
vn -0.2968 0.4971 0.8154
vn 0 0.7081 0.7061
vn 0.1226 0.7083 0.6952
vn 0.1507 0.4971 0.8545
vn 0 0.4971 0.8677
vn 0.353 0.7083 0.6114
vn 0.2415 0.7081 0.6635
vn 0.4338 0.4971 0.7514
vn 0.2968 0.4971 0.8154
vn 0.4539 0.7081 0.5409
vn 0.5408 0.7083 0.4538
vn 0.6647 0.4972 0.5577
vn 0.5578 0.4971 0.6647
vn 0.6115 0.7081 0.353
vn 0.6634 0.7083 0.2415
vn 0.8153 0.4972 0.2968
vn 0.7515 0.4971 0.4339
vn 0.6954 0.7081 0.1226
vn 0.8545 0.4971 0.1507
vn 0.9641 0.0606 -0.2583
vn 0.9944 0.0606 0.087
vn 0.9893 0.1175 0.0865
vn 0.9592 0.1174 -0.257
vn 0.9634 0.2547 0.0842
vn 0.9341 0.2547 -0.2504
vn 0.8176 0.0606 -0.5725
vn 0.8135 0.1175 -0.5696
vn 0.7921 0.2547 -0.5547
vn 0.5725 0.0606 -0.8176
vn 0.5696 0.1174 -0.8135
vn 0.5546 0.2547 -0.7922
vn 0.2583 0.0606 -0.9642
vn 0.257 0.1175 -0.9592
vn 0.2502 0.2547 -0.9341
vn 0.087 0.0597 -0.9944
vn 0.0869 0.1157 -0.9895
vn 0.0843 0.2488 -0.9649
vn -0.4218 0.0606 -0.9046
vn -0.2583 0.0597 -0.9642
vn -0.4197 0.1174 -0.9
vn -0.2571 0.1157 -0.9594
vn -0.2432 0.2535 -0.9363
vn -0.4088 0.2547 -0.8764
vn -0.7058 0.0606 -0.7058
vn -0.7022 0.1175 -0.7022
vn -0.6839 0.2547 -0.6837
vn -0.9046 0.0606 -0.4218
vn -0.9 0.1175 -0.4197
vn -0.8765 0.2547 -0.4086
vn -0.9944 0.0606 -0.087
vn -0.9893 0.1174 -0.0865
vn -0.9634 0.2547 -0.0842
vn -0.9641 0.0606 0.2584
vn -0.9592 0.1174 0.257
vn -0.9341 0.2547 0.2504
vn -0.8176 0.0606 0.5725
vn -0.8135 0.1175 0.5696
vn -0.7921 0.2547 0.5547
vn -0.5725 0.0606 0.8176
vn -0.5696 0.1174 0.8135
vn -0.5546 0.2547 0.7922
vn -0.2583 0.0606 0.9642
vn -0.257 0.1174 0.9592
vn -0.2502 0.2547 0.9341
vn 0.087 0.0606 0.9944
vn 0.0866 0.1174 0.9893
vn 0.0844 0.2547 0.9633
vn 0.4219 0.0606 0.9046
vn 0.4197 0.1175 0.9
vn 0.4088 0.2547 0.8764
vn 0.7058 0.0606 0.7058
vn 0.7022 0.1175 0.7022
vn 0.6839 0.2547 0.6837
vn 0.9046 0.0606 0.4218
vn 0.9 0.1175 0.4197
vn 0.8765 0.2547 0.4086
vn 0.1567 -0.9875 0.0137
vn 0.152 -0.9875 -0.0407
vn 0.1851 -0.9826 0.0162
vn 0.1795 -0.9826 -0.0481
vn 0.5262 -0.8491 0.046
vn 0.5103 -0.8491 -0.1367
vn 0.1522 -0.9826 -0.1066
vn 0.1289 -0.9875 -0.0902
vn 0.4327 -0.8491 -0.303
vn 0.1066 -0.9826 -0.1522
vn 0.0902 -0.9875 -0.1289
vn 0.303 -0.8491 -0.4327
vn 0.0407 -0.9875 -0.152
vn 0.0481 -0.9826 -0.1795
vn 0.1367 -0.8491 -0.5103
vn 0.0139 -0.9872 -0.1591
vn 0.0164 -0.982 -0.1879
vn 0.0465 -0.8454 -0.532
vn -0.0488 -0.982 -0.1822
vn -0.0413 -0.9872 -0.1542
vn -0.0665 -0.9875 -0.1426
vn -0.0785 -0.9826 -0.1684
vn -0.1382 -0.8454 -0.5159
vn -0.2233 -0.8491 -0.4788
vn -0.1314 -0.9826 -0.1314
vn -0.1113 -0.9875 -0.1112
vn -0.3735 -0.8491 -0.3735
vn -0.1684 -0.9826 -0.0785
vn -0.1426 -0.9875 -0.0665
vn -0.4788 -0.8491 -0.2232
vn -0.1851 -0.9826 -0.0162
vn -0.1567 -0.9875 -0.0137
vn -0.5262 -0.8491 -0.046
vn -0.152 -0.9875 0.0407
vn -0.1795 -0.9826 0.0481
vn -0.5103 -0.8491 0.1367
vn -0.1289 -0.9875 0.0902
vn -0.1522 -0.9826 0.1066
vn -0.4327 -0.8491 0.303
vn -0.1066 -0.9826 0.1522
vn -0.0902 -0.9875 0.1289
vn -0.303 -0.8491 0.4327
vn -0.0407 -0.9875 0.152
vn -0.0481 -0.9826 0.1795
vn -0.1367 -0.8491 0.5103
vn 0.0137 -0.9875 0.1567
vn 0.0162 -0.9826 0.1851
vn 0.0461 -0.8491 0.5262
vn 0.0665 -0.9875 0.1426
vn 0.0785 -0.9826 0.1684
vn 0.2233 -0.8491 0.4787
vn 0.1314 -0.9826 0.1314
vn 0.1113 -0.9875 0.1112
vn 0.3735 -0.8491 0.3735
vn 0.1426 -0.9875 0.0665
vn 0.1684 -0.9826 0.0785
vn 0.4788 -0.8491 0.2232
vn 0.8768 0.3597 -0.3191
vn 0.9189 0.3596 -0.162
vn 0.9331 0.3597 0
vn 0.8081 0.3595 -0.4666
vn 0.7148 0.3597 -0.5998
vn 0.4665 0.3597 -0.8081
vn 0.5998 0.3596 -0.7148
vn 0.3191 0.3596 -0.8768
vn 0.162 0.3597 -0.9189
vn -0.162 0.3597 -0.9189
vn -0.0807 0.3584 -0.9301
vn 0.0816 0.3584 -0.93
vn -0.4665 0.3597 -0.8081
vn -0.3191 0.3596 -0.8769
vn -0.5998 0.3596 -0.7148
vn -0.7148 0.3597 -0.5998
vn -0.8768 0.3597 -0.3191
vn -0.8081 0.3596 -0.4666
vn -0.9331 0.3597 0
vn -0.9189 0.3596 -0.162
vn -0.8768 0.3597 0.3191
vn -0.919 0.3595 0.162
vn -0.7148 0.3597 0.5998
vn -0.8081 0.3595 0.4666
vn -0.5998 0.3596 0.7148
vn -0.4665 0.3597 0.8081
vn -0.3191 0.3596 0.8768
vn -0.162 0.3597 0.9189
vn 0.162 0.3597 0.9189
vn 0 0.3596 0.9331
vn 0.4665 0.3597 0.8081
vn 0.3191 0.3596 0.8768
vn 0.5998 0.3596 0.7148
vn 0.7148 0.3597 0.5998
vn 0.8081 0.3596 0.4666
vn 0.8768 0.3597 0.3191
vn 0.9189 0.3596 0.162
vn -0.0857 0.1357 -0.987
vn -0.0865 0.0232 -0.996
vn 0.8462 0.4153 -0.3339
vn 0.8998 0.4152 -0.134
vn 0.9094 0.4153 -0.0243
vn 0.681 0.4153 -0.6032
vn 0.7997 0.4152 -0.4337
vn 0.4336 0.4153 -0.7997
vn 0.6031 0.4152 -0.6811
vn 0.134 0.4153 -0.8998
vn 0.3338 0.4152 -0.8463
vn -0.1818 0.4153 -0.8913
vn -0.0783 0.4246 -0.902
vn 0.0792 0.4083 -0.9094
vn -0.4757 0.4153 -0.7754
vn -0.2883 0.4152 -0.8629
vn -0.7122 0.4153 -0.5659
vn -0.566 0.4152 -0.7122
vn -0.8628 0.4153 -0.2882
vn -0.7755 0.4152 -0.4757
vn -0.9094 0.4153 0.0243
vn -0.8914 0.4152 -0.1818
vn -0.8462 0.4153 0.3339
vn -0.8998 0.4152 0.134
vn -0.681 0.4153 0.6031
vn -0.7997 0.4152 0.4337
vn -0.4336 0.4153 0.7997
vn -0.6031 0.4152 0.6811
vn -0.134 0.4153 0.8998
vn -0.3338 0.4152 0.8463
vn 0.1818 0.4153 0.8913
vn -0.0242 0.4152 0.9094
vn 0.4757 0.4153 0.7754
vn 0.2883 0.4152 0.8629
vn 0.7122 0.4153 0.5659
vn 0.566 0.4152 0.7122
vn 0.8628 0.4153 0.2882
vn 0.7754 0.4152 0.4757
vn 0.8914 0.4152 0.1818
vn 0.8779 -0.4727 0.0768
vn 0.8512 -0.4727 -0.2281
vn 0.9325 -0.3517 0.0816
vn 0.9042 -0.3517 -0.2423
vn 0.5623 -0.8254 0.0492
vn 0.5453 -0.8254 -0.1461
vn 0.7219 -0.4727 -0.5055
vn 0.7668 -0.3517 -0.5369
vn 0.4624 -0.8254 -0.3238
vn 0.5369 -0.3517 -0.7668
vn 0.5054 -0.4727 -0.7219
vn 0.3238 -0.8254 -0.4624
vn 0.2281 -0.4727 -0.8512
vn 0.2423 -0.3517 -0.9042
vn 0.1461 -0.8254 -0.5453
vn 0.0771 -0.4671 -0.8809
vn 0.0817 -0.347 -0.9343
vn 0.0497 -0.8214 -0.5682
vn -0.2427 -0.347 -0.9059
vn -0.2289 -0.4671 -0.8541
vn -0.3956 -0.3517 -0.8484
vn -0.3724 -0.4727 -0.7987
vn -0.1476 -0.8214 -0.5509
vn -0.2386 -0.8254 -0.5116
vn -0.6231 -0.4727 -0.6231
vn -0.6619 -0.3517 -0.6619
vn -0.3992 -0.8254 -0.3992
vn -0.7987 -0.4727 -0.3724
vn -0.8484 -0.3517 -0.3956
vn -0.5116 -0.8254 -0.2386
vn -0.9325 -0.3517 -0.0816
vn -0.8779 -0.4727 -0.0768
vn -0.5623 -0.8254 -0.0492
vn -0.8512 -0.4727 0.2281
vn -0.9042 -0.3517 0.2423
vn -0.5453 -0.8254 0.1461
vn -0.7668 -0.3517 0.5369
vn -0.7219 -0.4727 0.5055
vn -0.4624 -0.8254 0.3238
vn -0.5369 -0.3517 0.7668
vn -0.5054 -0.4727 0.7219
vn -0.3238 -0.8254 0.4624
vn -0.2281 -0.4727 0.8512
vn -0.2423 -0.3517 0.9042
vn -0.1461 -0.8254 0.5453
vn 0.0816 -0.3517 0.9325
vn 0.0768 -0.4727 0.8779
vn 0.0492 -0.8254 0.5623
vn 0.3956 -0.3517 0.8484
vn 0.3724 -0.4727 0.7987
vn 0.2386 -0.8254 0.5116
vn 0.6619 -0.3517 0.6619
vn 0.6231 -0.4727 0.6231
vn 0.3992 -0.8254 0.3992
vn 0.7987 -0.4727 0.3724
vn 0.8484 -0.3517 0.3956
vn 0.5116 -0.8254 0.2386
vn 0.8576 -0.5089 0.075
vn 0.8315 -0.5089 -0.2228
vn 0.995 0.049 0.087
vn 0.9648 0.049 -0.2585
vn 0.7052 -0.5089 -0.4938
vn 0.8182 0.049 -0.5729
vn 0.4938 -0.5089 -0.7052
vn 0.5729 0.049 -0.8182
vn 0.2228 -0.5089 -0.8315
vn 0.2585 0.049 -0.9648
vn 0.0753 -0.5031 -0.8609
vn 0.0871 0.0482 -0.995
vn -0.2237 -0.5031 -0.8348
vn -0.3638 -0.5089 -0.7802
vn -0.2585 0.0482 -0.9648
vn -0.4221 0.049 -0.9052
vn -0.6087 -0.5089 -0.6087
vn -0.7063 0.049 -0.7063
vn -0.7802 -0.5089 -0.3638
vn -0.9052 0.049 -0.4221
vn -0.8576 -0.5089 -0.075
vn -0.995 0.049 -0.087
vn -0.8315 -0.5089 0.2228
vn -0.9648 0.049 0.2585
vn -0.7052 -0.5089 0.4938
vn -0.8182 0.049 0.5729
vn -0.4938 -0.5089 0.7052
vn -0.5729 0.049 0.8182
vn -0.2228 -0.5089 0.8315
vn -0.2585 0.049 0.9648
vn 0.075 -0.5089 0.8576
vn 0.0871 0.049 0.995
vn 0.3638 -0.5089 0.7802
vn 0.4221 0.049 0.9052
vn 0.6087 -0.5089 0.6087
vn 0.7063 0.049 0.7063
vn 0.7802 -0.5089 0.3638
vn 0.9052 0.049 0.4221
vn 0.6847 0.6849 -0.2492
vn 0.7176 0.6848 -0.1265
vn 0.7286 0.6849 0
vn 0.5582 0.6849 -0.4684
vn 0.6311 0.6848 -0.3644
vn 0.3643 0.6849 -0.631
vn 0.4684 0.6848 -0.5582
vn 0.1265 0.6849 -0.7176
vn 0.2492 0.6848 -0.6848
vn -0.1265 0.6848 -0.7176
vn -0.0631 0.6834 -0.7273
vn 0.0631 0.6834 -0.7273
vn -0.3643 0.6849 -0.631
vn -0.2492 0.6848 -0.6848
vn -0.5582 0.6849 -0.4684
vn -0.4684 0.6848 -0.5583
vn -0.6847 0.6849 -0.2492
vn -0.6311 0.6848 -0.3644
vn -0.7287 0.6849 0
vn -0.7177 0.6848 -0.1265
vn -0.6847 0.6849 0.2492
vn -0.7176 0.6848 0.1265
vn -0.5582 0.6849 0.4684
vn -0.6311 0.6848 0.3644
vn -0.3643 0.6849 0.631
vn -0.4684 0.6848 0.5582
vn -0.1265 0.6849 0.7176
vn -0.2492 0.6848 0.6848
vn 0.1265 0.6849 0.7176
vn 0 0.6848 0.7287
vn 0.3643 0.6849 0.631
vn 0.2492 0.6848 0.6848
vn 0.5582 0.6849 0.4684
vn 0.4684 0.6848 0.5582
vn 0.6847 0.6849 0.2492
vn 0.6311 0.6848 0.3644
vn 0.7176 0.6848 0.1265
vn 0.3331 0.9425 0.0291
vn 0.3229 0.9425 -0.0865
vn 0.3356 0.9377 -0.0899
vn 0.3462 0.9377 0.0303
vn 0.8226 0.5641 0.072
vn 0.7976 0.5641 -0.2137
vn 0.2739 0.9425 -0.1918
vn 0.2846 0.9377 -0.1993
vn 0.6764 0.5641 -0.4736
vn 0.1918 0.9425 -0.2739
vn 0.1993 0.9377 -0.2846
vn 0.4736 0.5641 -0.6764
vn 0.0865 0.9425 -0.3229
vn 0.0899 0.9377 -0.3356
vn 0.2137 0.5641 -0.7976
vn 0.0295 0.9408 -0.3376
vn 0.0307 0.9359 -0.3509
vn 0.0723 0.5582 -0.8266
vn -0.0877 0.9408 -0.3274
vn -0.1413 0.9425 -0.303
vn -0.1469 0.9377 -0.3149
vn -0.0912 0.9359 -0.3402
vn -0.2148 0.5582 -0.8014
vn -0.349 0.5641 -0.7484
vn -0.2364 0.9425 -0.2364
vn -0.2457 0.9377 -0.2457
vn -0.5839 0.5641 -0.5839
vn -0.303 0.9425 -0.1413
vn -0.3149 0.9377 -0.1469
vn -0.7484 0.5641 -0.349
vn -0.3331 0.9425 -0.0291
vn -0.3462 0.9377 -0.0303
vn -0.8226 0.5641 -0.072
vn -0.3229 0.9425 0.0865
vn -0.3356 0.9377 0.0899
vn -0.7976 0.5641 0.2137
vn -0.2739 0.9425 0.1918
vn -0.2846 0.9377 0.1993
vn -0.6764 0.5641 0.4736
vn -0.1918 0.9425 0.2739
vn -0.1993 0.9377 0.2846
vn -0.4736 0.5641 0.6764
vn -0.0865 0.9425 0.3229
vn -0.0899 0.9377 0.3356
vn -0.2137 0.5641 0.7976
vn 0.0291 0.9425 0.3331
vn 0.0303 0.9377 0.3462
vn 0.072 0.5641 0.8226
vn 0.1413 0.9425 0.303
vn 0.1469 0.9377 0.3149
vn 0.349 0.5641 0.7484
vn 0.2364 0.9425 0.2364
vn 0.2457 0.9377 0.2457
vn 0.5839 0.5641 0.5839
vn 0.303 0.9425 0.1413
vn 0.3149 0.9377 0.1469
vn 0.7484 0.5641 0.349
vn 0.8023 -0.5568 -0.215
vn 0.8275 -0.5568 0.0724
vn 0.8919 -0.4455 0.078
vn 0.8648 -0.4455 -0.2317
vn 0.7061 0.7054 0.0618
vn 0.6846 0.7054 -0.1834
vn 0.6804 -0.5568 -0.4764
vn 0.7334 -0.4455 -0.5135
vn 0.5806 0.7054 -0.4065
vn 0.4764 -0.5568 -0.6804
vn 0.5135 -0.4455 -0.7334
vn 0.4065 0.7054 -0.5806
vn 0.215 -0.5568 -0.8023
vn 0.2317 -0.4455 -0.8648
vn 0.1834 0.7055 -0.6846
vn 0.0727 -0.5509 -0.8314
vn 0.0783 -0.44 -0.8946
vn 0.0622 0.7 -0.7114
vn -0.351 -0.5568 -0.7528
vn -0.216 -0.5509 -0.8061
vn -0.2324 -0.44 -0.8674
vn -0.3784 -0.4455 -0.8114
vn -0.1848 0.7 -0.6898
vn -0.2995 0.7055 -0.6424
vn -0.5874 -0.5568 -0.5873
vn -0.6331 -0.4455 -0.6331
vn -0.5012 0.7054 -0.5012
vn -0.7528 -0.5568 -0.351
vn -0.8114 -0.4455 -0.3784
vn -0.6424 0.7054 -0.2995
vn -0.8275 -0.5568 -0.0724
vn -0.8919 -0.4455 -0.078
vn -0.7061 0.7054 -0.0618
vn -0.8023 -0.5568 0.215
vn -0.8648 -0.4455 0.2317
vn -0.6846 0.7054 0.1834
vn -0.6804 -0.5568 0.4764
vn -0.7334 -0.4455 0.5135
vn -0.5806 0.7054 0.4065
vn -0.4764 -0.5568 0.6804
vn -0.5135 -0.4455 0.7334
vn -0.4065 0.7054 0.5806
vn -0.215 -0.5568 0.8023
vn -0.2317 -0.4455 0.8648
vn -0.1834 0.7054 0.6846
vn 0.0724 -0.5568 0.8275
vn 0.078 -0.4455 0.8919
vn 0.0618 0.7054 0.7061
vn 0.351 -0.5568 0.7528
vn 0.3784 -0.4455 0.8114
vn 0.2995 0.7054 0.6424
vn 0.5874 -0.5568 0.5873
vn 0.6331 -0.4455 0.6331
vn 0.5012 0.7054 0.5012
vn 0.7528 -0.5568 0.351
vn 0.8114 -0.4455 0.3784
vn 0.6424 0.7054 0.2995
vn 0.8781 -0.4166 -0.2353
vn 0.9056 -0.4167 0.0792
vn 0.8139 -0.5386 -0.2181
vn 0.8394 -0.5386 0.0734
vn 0.7447 -0.4166 -0.5214
vn 0.6902 -0.5386 -0.4833
vn 0.5214 -0.4167 -0.7447
vn 0.4833 -0.5386 -0.6902
vn 0.2353 -0.4167 -0.8781
vn 0.2181 -0.5386 -0.8139
vn 0.0794 -0.4115 -0.908
vn 0.0738 -0.5327 -0.8431
vn -0.3842 -0.4166 -0.8239
vn -0.2359 -0.4115 -0.8804
vn -0.3561 -0.5386 -0.7636
vn -0.219 -0.5328 -0.8174
vn -0.6428 -0.4167 -0.6428
vn -0.5958 -0.5386 -0.5958
vn -0.8239 -0.4166 -0.3842
vn -0.7636 -0.5386 -0.3561
vn -0.9056 -0.4166 -0.0792
vn -0.8394 -0.5386 -0.0734
vn -0.8781 -0.4167 0.2353
vn -0.8139 -0.5386 0.2181
vn -0.7446 -0.4167 0.5214
vn -0.6902 -0.5386 0.4833
vn -0.5214 -0.4167 0.7447
vn -0.4833 -0.5386 0.6902
vn -0.2353 -0.4167 0.8781
vn -0.2181 -0.5386 0.8139
vn 0.0792 -0.4166 0.9056
vn 0.0734 -0.5386 0.8394
vn 0.3842 -0.4166 0.8239
vn 0.3561 -0.5386 0.7636
vn 0.6428 -0.4166 0.6428
vn 0.5958 -0.5386 0.5958
vn 0.8239 -0.4167 0.3842
vn 0.7636 -0.5386 0.3561
vn 0.9956 0.0356 0.0871
vn 0.9735 -0.2122 0.0852
vn 0.9439 -0.2122 -0.2529
vn 0.9653 0.0356 -0.2587
vn 0.8186 0.0356 -0.5732
vn 0.8005 -0.2122 -0.5605
vn 0.5605 -0.2122 -0.8005
vn 0.5732 0.0356 -0.8186
vn 0.2586 0.0356 -0.9653
vn 0.2529 -0.2122 -0.9439
vn 0.0871 0.035 -0.9956
vn 0.0852 -0.2091 -0.9742
vn -0.2587 0.035 -0.9653
vn -0.2531 -0.2091 -0.9446
vn -0.413 -0.2122 -0.8857
vn -0.4224 0.0356 -0.9057
vn -0.7067 0.0356 -0.7067
vn -0.691 -0.2122 -0.691
vn -0.8857 -0.2122 -0.413
vn -0.9057 0.0356 -0.4223
vn -0.9956 0.0356 -0.0871
vn -0.9735 -0.2122 -0.0852
vn -0.9439 -0.2122 0.2529
vn -0.9653 0.0357 0.2587
vn -0.8186 0.0356 0.5732
vn -0.8005 -0.2122 0.5605
vn -0.5732 0.0356 0.8186
vn -0.5605 -0.2122 0.8005
vn -0.2529 -0.2122 0.9439
vn -0.2586 0.0356 0.9653
vn 0.0852 -0.2122 0.9735
vn 0.0871 0.0356 0.9956
vn 0.4224 0.0356 0.9057
vn 0.413 -0.2122 0.8857
vn 0.691 -0.2122 0.691
vn 0.7067 0.0356 0.7067
vn 0.8857 -0.2122 0.413
vn 0.9057 0.0356 0.4223
vn 0.7314 0.6532 -0.196
vn 0.7543 0.6532 0.066
vn 0.8752 0.4777 0.0766
vn 0.8486 0.4778 -0.2274
vn 0.6203 0.6532 -0.4343
vn 0.7196 0.4777 -0.5039
vn 0.4343 0.6532 -0.6203
vn 0.5039 0.4778 -0.7196
vn 0.196 0.6532 -0.7314
vn 0.2274 0.4778 -0.8486
vn 0.0664 0.6474 -0.7592
vn 0.0768 0.4721 -0.8782
vn -0.32 0.6532 -0.6863
vn -0.1973 0.6474 -0.7362
vn -0.2282 0.4721 -0.8515
vn -0.3713 0.4778 -0.7962
vn -0.5354 0.6532 -0.5354
vn -0.6212 0.4778 -0.6212
vn -0.6863 0.6532 -0.32
vn -0.7962 0.4777 -0.3713
vn -0.7543 0.6532 -0.066
vn -0.8751 0.4778 -0.0766
vn -0.7314 0.6532 0.196
vn -0.8486 0.4778 0.2274
vn -0.6203 0.6532 0.4343
vn -0.7196 0.4778 0.5039
vn -0.4343 0.6532 0.6203
vn -0.5039 0.4778 0.7196
vn -0.196 0.6532 0.7314
vn -0.2274 0.4778 0.8486
vn 0.066 0.6532 0.7543
vn 0.0766 0.4778 0.8751
vn 0.32 0.6532 0.6863
vn 0.3713 0.4778 0.7962
vn 0.5354 0.6532 0.5354
vn 0.6212 0.4778 0.6212
vn 0.6863 0.6532 0.32
vn 0.7962 0.4777 0.3713
vn 0 1 0
vn 0.2044 0.9787 0.0179
vn 0.1982 0.9787 -0.0531
vn 0.3866 0.9216 0.0338
vn 0.5687 0.821 0.0498
vn 0.3749 0.9216 -0.1004
vn 0.5514 0.821 -0.1478
vn 0.168 0.9787 -0.1177
vn 0.3179 0.9216 -0.2226
vn 0.4676 0.821 -0.3274
vn 0.1177 0.9787 -0.168
vn 0.2226 0.9216 -0.3179
vn 0.3274 0.821 -0.4676
vn 0.0531 0.9787 -0.1982
vn 0.1478 0.821 -0.5514
vn 0.1004 0.9216 -0.3749
vn -0.0179 0.9787 -0.2044
vn -0.0498 0.821 -0.5687
vn -0.0338 0.9216 -0.3866
vn -0.0867 0.9787 -0.1859
vn -0.164 0.9216 -0.3517
vn -0.2413 0.821 -0.5174
vn -0.1451 0.9787 -0.1451
vn -0.2744 0.9216 -0.2744
vn -0.4037 0.821 -0.4037
vn -0.1859 0.9787 -0.0867
vn -0.5174 0.821 -0.2413
vn -0.3517 0.9216 -0.164
vn -0.2044 0.9787 -0.0179
vn -0.5687 0.821 -0.0498
vn -0.3866 0.9216 -0.0338
vn -0.1982 0.9787 0.0531
vn -0.5514 0.821 0.1478
vn -0.3749 0.9216 0.1004
vn -0.168 0.9787 0.1177
vn -0.4676 0.821 0.3274
vn -0.3179 0.9216 0.2226
vn -0.1177 0.9787 0.168
vn -0.2226 0.9216 0.3179
vn -0.3274 0.821 0.4676
vn -0.0531 0.9787 0.1982
vn -0.1004 0.9216 0.3749
vn -0.1478 0.821 0.5514
vn 0.0179 0.9787 0.2044
vn 0.0498 0.821 0.5687
vn 0.0338 0.9216 0.3866
vn 0.0867 0.9787 0.1859
vn 0.2413 0.821 0.5174
vn 0.164 0.9216 0.3517
vn 0.1451 0.9787 0.1451
vn 0.4037 0.821 0.4037
vn 0.2744 0.9216 0.2744
vn 0.1859 0.9787 0.0867
vn 0.3517 0.9216 0.164
vn 0.5174 0.821 0.2413
vn 0.928 0.2775 -0.2487
vn 0.9571 0.2775 0.0837
vn 0.787 0.2775 -0.5511
vn 0.551 0.2775 -0.787
vn 0.2486 0.2775 -0.928
vn 0.0838 0.2736 -0.9582
vn -0.249 0.2736 -0.9291
vn -0.406 0.2775 -0.8707
vn -0.6793 0.2775 -0.6793
vn -0.8707 0.2775 -0.406
vn -0.9571 0.2775 -0.0837
vn -0.928 0.2775 0.2487
vn -0.787 0.2775 0.5511
vn -0.551 0.2775 0.787
vn -0.2487 0.2775 0.928
vn 0.0837 0.2775 0.9571
vn 0.406 0.2775 0.8707
vn 0.6793 0.2775 0.6793
vn 0.8707 0.2775 0.406
vn 0.5411 -0.8355 -0.0954
vn 0.5494 -0.8356 0
vn 0.5163 -0.8356 -0.1879
vn 0.4758 -0.8355 -0.2747
vn 0.4209 -0.8355 -0.3532
vn 0.3532 -0.8355 -0.4209
vn 0.2747 -0.8356 -0.4758
vn 0.1879 -0.8355 -0.5163
vn 0.0954 -0.8356 -0.5411
vn 0.0476 -0.8346 -0.5488
vn -0.0954 -0.8356 -0.5411
vn -0.0476 -0.8346 -0.5488
vn -0.1879 -0.8355 -0.5163
vn -0.2747 -0.8356 -0.4758
vn -0.3532 -0.8355 -0.4209
vn -0.4209 -0.8356 -0.3532
vn -0.4758 -0.8355 -0.2747
vn -0.5163 -0.8356 -0.1879
vn -0.5411 -0.8355 -0.0954
vn -0.5494 -0.8356 0
vn -0.5411 -0.8355 0.0954
vn -0.5163 -0.8356 0.1879
vn -0.4758 -0.8355 0.2747
vn -0.4209 -0.8356 0.3532
vn -0.3532 -0.8355 0.4209
vn -0.2747 -0.8356 0.4758
vn -0.1879 -0.8355 0.5163
vn -0.0954 -0.8356 0.5411
vn 0 -0.8355 0.5495
vn 0.0954 -0.8355 0.5411
vn 0.1879 -0.8355 0.5163
vn 0.2747 -0.8356 0.4758
vn 0.3532 -0.8355 0.4209
vn 0.4209 -0.8355 0.3532
vn 0.4758 -0.8355 0.2747
vn 0.5163 -0.8355 0.1879
vn 0.5411 -0.8355 0.0954
vn 0 -1 0
vt 0.676 0.0104
vt 0.7129 0.0104
vt 0.6765 0.0136
vt 0.7128 0.0139
vt 0.6463 0.015
vt 0.6773 0.0635
vt 0.6467 0.0625
vt 0.6463 0.0121
vt 0.7508 0.0143
vt 0.7879 0.0218
vt 0.7871 0.0252
vt 0.7502 0.0178
vt 0.7094 0.066
vt 0.7423 0.0706
vt 0.8237 0.0317
vt 0.8581 0.0433
vt 0.8569 0.0465
vt 0.8226 0.035
vt 0.7752 0.0775
vt 0.8078 0.0863
vt 0.8914 0.0557
vt 0.924 0.0685
vt 0.9228 0.0716
vt 0.8902 0.0588
vt 0.84 0.0968
vt 0.8718 0.1085
vt 0.0108 0.581
vt 0.0183 0.5478
vt 0.0215 0.5485
vt 0.014 0.5818
vt 0.9036 0.121
vt 0.9553 0.0844
vt 0.9358 0.1342
vt 0.9565 0.0813
vt 0.0259 0.5148
vt 0.0339 0.4817
vt 0.029 0.5155
vt 0.0371 0.4825
vt 0.0718 0.5598
vt 0.0788 0.5273
vt 0.0428 0.4487
vt 0.0528 0.4157
vt 0.0459 0.4496
vt 0.056 0.4167
vt 0.0864 0.4954
vt 0.0948 0.4639
vt 0.0644 0.3828
vt 0.0776 0.3502
vt 0.0675 0.384
vt 0.0807 0.3515
vt 0.1044 0.433
vt 0.1153 0.4025
vt 0.0928 0.318
vt 0.1099 0.2865
vt 0.0958 0.3195
vt 0.1129 0.2883
vt 0.1278 0.3726
vt 0.1419 0.3433
vt 0.1291 0.256
vt 0.1502 0.2266
vt 0.1319 0.2579
vt 0.153 0.2287
vt 0.1577 0.3148
vt 0.1752 0.2872
vt 0.1733 0.1985
vt 0.1982 0.1719
vt 0.2006 0.1744
vt 0.1759 0.2008
vt 0.1944 0.2607
vt 0.2153 0.2354
vt 0.2247 0.147
vt 0.2526 0.1238
vt 0.2547 0.1266
vt 0.2269 0.1496
vt 0.2378 0.2115
vt 0.2617 0.189
vt 0.282 0.1023
vt 0.3129 0.0826
vt 0.284 0.1052
vt 0.3147 0.0856
vt 0.287 0.1681
vt 0.3136 0.1488
vt 0.3452 0.065
vt 0.3788 0.0498
vt 0.3801 0.0531
vt 0.3468 0.0682
vt 0.3414 0.1312
vt 0.3704 0.1155
vt 0.4133 0.0372
vt 0.4482 0.0274
vt 0.449 0.0307
vt 0.4143 0.0405
vt 0.4003 0.1018
vt 0.4309 0.0902
vt 0.4832 0.0202
vt 0.5178 0.0154
vt 0.4838 0.0235
vt 0.5182 0.0187
vt 0.4621 0.0808
vt 0.4934 0.0736
vt 0.5516 0.0129
vt 0.5843 0.0121
vt 0.5843 0.0151
vt 0.5518 0.0161
vt 0.5247 0.0684
vt 0.5557 0.065
vt 0.6157 0.012
vt 0.6157 0.015
vt 0.5863 0.0631
vt 0.6166 0.0624
vt 0.6772 0.0672
vt 0.7091 0.0698
vt 0.6771 0.0709
vt 0.7088 0.0736
vt 0.708 0.081
vt 0.6769 0.0782
vt 0.6467 0.0698
vt 0.6466 0.0769
vt 0.6467 0.0662
vt 0.7417 0.0744
vt 0.7744 0.0813
vt 0.7735 0.0851
vt 0.7411 0.0783
vt 0.7398 0.0858
vt 0.7717 0.0926
vt 0.8067 0.0901
vt 0.8387 0.1005
vt 0.8056 0.0939
vt 0.8374 0.1043
vt 0.8349 0.1116
vt 0.8034 0.1013
vt 0.8704 0.1122
vt 0.9021 0.1248
vt 0.9005 0.1285
vt 0.869 0.1159
vt 0.8662 0.1232
vt 0.8974 0.1358
vt 0.069 0.5939
vt 0.0757 0.5606
vt 0.0731 0.5945
vt 0.0795 0.5614
vt 0.0809 0.5955
vt 0.0872 0.5628
vt 0.9323 0.1419
vt 0.9287 0.1491
vt 0.9341 0.1381
vt 0.0826 0.5281
vt 0.0901 0.4963
vt 0.0864 0.529
vt 0.0938 0.4972
vt 0.1011 0.4991
vt 0.0938 0.5306
vt 0.0984 0.465
vt 0.108 0.4342
vt 0.1116 0.4354
vt 0.1021 0.4661
vt 0.1186 0.4378
vt 0.1093 0.4681
vt 0.1189 0.4039
vt 0.1312 0.3742
vt 0.1347 0.3757
vt 0.1224 0.4053
vt 0.1293 0.408
vt 0.1415 0.3788
vt 0.1453 0.3451
vt 0.161 0.3168
vt 0.1643 0.3187
vt 0.1487 0.3468
vt 0.1707 0.3226
vt 0.1553 0.3503
vt 0.1784 0.2894
vt 0.1975 0.2631
vt 0.2005 0.2654
vt 0.1816 0.2916
vt 0.1878 0.2958
vt 0.2065 0.2701
vt 0.2182 0.238
vt 0.2405 0.2142
vt 0.2211 0.2405
vt 0.2432 0.217
vt 0.2486 0.2223
vt 0.2268 0.2455
vt 0.2643 0.1919
vt 0.2894 0.1712
vt 0.2668 0.1948
vt 0.2917 0.1742
vt 0.2964 0.1802
vt 0.2718 0.2005
vt 0.3158 0.152
vt 0.3434 0.1345
vt 0.3453 0.1379
vt 0.3179 0.1552
vt 0.3491 0.1444
vt 0.3222 0.1614
vt 0.3721 0.1189
vt 0.4018 0.1053
vt 0.4032 0.1089
vt 0.3738 0.1224
vt 0.4062 0.1158
vt 0.3772 0.1291
vt 0.4322 0.0939
vt 0.4631 0.0845
vt 0.4641 0.0882
vt 0.4334 0.0975
vt 0.466 0.0953
vt 0.4358 0.1046
vt 0.4942 0.0773
vt 0.5252 0.072
vt 0.5258 0.0757
vt 0.4949 0.081
vt 0.4964 0.0882
vt 0.5268 0.0829
vt 0.5561 0.0686
vt 0.5865 0.0667
vt 0.5867 0.0703
vt 0.5564 0.0722
vt 0.5571 0.0793
vt 0.5871 0.0773
vt 0.6167 0.066
vt 0.6167 0.0695
vt 0.6169 0.0766
vt 0.6466 0.0798
vt 0.6767 0.0812
vt 0.6759 0.0963
vt 0.6464 0.0947
vt 0.706 0.0995
vt 0.7077 0.0841
vt 0.7393 0.0889
vt 0.7366 0.1044
vt 0.7673 0.1112
vt 0.771 0.0957
vt 0.7979 0.1198
vt 0.8025 0.1044
vt 0.8284 0.1301
vt 0.8338 0.1147
vt 0.8589 0.1418
vt 0.865 0.1263
vt 0.8897 0.1546
vt 0.8962 0.1389
vt 0.9272 0.1521
vt 0.9207 0.1678
vt 0.1067 0.5666
vt 0.0904 0.5635
vt 0.097 0.5313
vt 0.1128 0.5346
vt 0.1196 0.5036
vt 0.1042 0.4998
vt 0.1123 0.469
vt 0.1274 0.4733
vt 0.1364 0.4437
vt 0.1216 0.4388
vt 0.1322 0.4091
vt 0.1467 0.4147
vt 0.1585 0.3865
vt 0.1443 0.3801
vt 0.158 0.3517
vt 0.1718 0.3589
vt 0.1867 0.3322
vt 0.1734 0.3242
vt 0.2032 0.3063
vt 0.1903 0.2975
vt 0.2213 0.2816
vt 0.2089 0.272
vt 0.2291 0.2476
vt 0.2408 0.2579
vt 0.2618 0.2356
vt 0.2508 0.2245
vt 0.2739 0.2028
vt 0.2842 0.2146
vt 0.3079 0.195
vt 0.2983 0.1826
vt 0.3327 0.177
vt 0.3239 0.164
vt 0.3587 0.1606
vt 0.3507 0.1471
vt 0.3786 0.1319
vt 0.3856 0.1459
vt 0.4135 0.1331
vt 0.4074 0.1187
vt 0.4369 0.1075
vt 0.442 0.1222
vt 0.471 0.1132
vt 0.4668 0.0983
vt 0.4971 0.0911
vt 0.5003 0.1061
vt 0.5296 0.1008
vt 0.5273 0.0859
vt 0.5589 0.0972
vt 0.5574 0.0823
vt 0.5881 0.0951
vt 0.5873 0.0803
vt 0.6172 0.0943
vt 0.6169 0.0795
vt 0.7057 0.1019
vt 0.6758 0.0987
vt 0.6751 0.1082
vt 0.7046 0.1115
vt 0.6463 0.0971
vt 0.6461 0.1064
vt 0.7361 0.1068
vt 0.7667 0.1136
vt 0.7643 0.1233
vt 0.7344 0.1165
vt 0.8275 0.1325
vt 0.7972 0.1222
vt 0.7942 0.1319
vt 0.824 0.1421
vt 0.858 0.1442
vt 0.8886 0.157
vt 0.854 0.1539
vt 0.8844 0.167
vt 0.1006 0.5992
vt 0.1093 0.5671
vt 0.1032 0.5998
vt 0.114 0.6024
vt 0.1197 0.569
vt 0.9197 0.1703
vt 0.9159 0.1809
vt 0.122 0.5041
vt 0.1153 0.5351
vt 0.1254 0.5371
vt 0.1318 0.5064
vt 0.1298 0.4739
vt 0.1387 0.4444
vt 0.148 0.4475
vt 0.1393 0.4766
vt 0.149 0.4156
vt 0.1607 0.3874
vt 0.1581 0.4191
vt 0.1696 0.3915
vt 0.174 0.36
vt 0.1888 0.3334
vt 0.1826 0.3645
vt 0.1971 0.3384
vt 0.2232 0.2831
vt 0.2052 0.3077
vt 0.2132 0.3132
vt 0.2309 0.2891
vt 0.2426 0.2596
vt 0.2636 0.2373
vt 0.2499 0.266
vt 0.2705 0.2442
vt 0.3094 0.197
vt 0.2858 0.2164
vt 0.2923 0.2237
vt 0.3153 0.2047
vt 0.3341 0.179
vt 0.3599 0.1627
vt 0.3649 0.1711
vt 0.3396 0.1871
vt 0.3867 0.1481
vt 0.4144 0.1353
vt 0.4182 0.1443
vt 0.3911 0.1568
vt 0.4716 0.1155
vt 0.4428 0.1245
vt 0.446 0.1336
vt 0.4743 0.1248
vt 0.5008 0.1084
vt 0.53 0.1031
vt 0.5028 0.1178
vt 0.5315 0.1125
vt 0.5883 0.0974
vt 0.5592 0.0995
vt 0.5888 0.1068
vt 0.5602 0.1089
vt 0.6173 0.0966
vt 0.6174 0.106
vt 0.6744 0.1184
vt 0.7032 0.1218
vt 0.7009 0.1388
vt 0.673 0.1353
vt 0.6982 0.1573
vt 0.6713 0.1537
vt 0.6446 0.1516
vt 0.6453 0.1333
vt 0.6459 0.1165
vt 0.7324 0.1268
vt 0.7617 0.1336
vt 0.7572 0.1508
vt 0.729 0.1439
vt 0.7521 0.1694
vt 0.7251 0.1625
vt 0.7909 0.1422
vt 0.8202 0.1525
vt 0.8136 0.1697
vt 0.7854 0.1593
vt 0.806 0.1883
vt 0.7791 0.178
vt 0.8496 0.1644
vt 0.8796 0.1777
vt 0.871 0.1958
vt 0.842 0.1818
vt 0.8606 0.2151
vt 0.8331 0.2006
vt 0.1262 0.6048
vt 0.1311 0.5709
vt 0.1506 0.5736
vt 0.1474 0.6074
vt 0.1721 0.5754
vt 0.1712 0.6084
vt 0.8892 0.2327
vt 0.9016 0.212
vt 0.9111 0.1925
vt 0.1363 0.5392
vt 0.1423 0.5088
vt 0.1547 0.5423
vt 0.16 0.5125
vt 0.1794 0.5163
vt 0.175 0.5451
vt 0.1495 0.4793
vt 0.158 0.4507
vt 0.1746 0.4561
vt 0.1666 0.4839
vt 0.1928 0.4618
vt 0.1854 0.4886
vt 0.1678 0.4229
vt 0.179 0.3957
vt 0.1948 0.4028
vt 0.184 0.4291
vt 0.2119 0.4105
vt 0.2017 0.4357
vt 0.1918 0.3693
vt 0.206 0.3437
vt 0.2208 0.3526
vt 0.2071 0.3773
vt 0.2369 0.3623
vt 0.2237 0.3859
vt 0.2218 0.3191
vt 0.239 0.2955
vt 0.2526 0.3061
vt 0.236 0.3288
vt 0.2674 0.3176
vt 0.2514 0.3395
vt 0.2577 0.2729
vt 0.2778 0.2516
vt 0.29 0.2638
vt 0.2706 0.2844
vt 0.3032 0.2771
vt 0.2847 0.2968
vt 0.2991 0.2316
vt 0.3217 0.2129
vt 0.3323 0.2266
vt 0.3105 0.2445
vt 0.3437 0.2414
vt 0.3229 0.2586
vt 0.3454 0.1957
vt 0.3701 0.1801
vt 0.3551 0.21
vt 0.3789 0.195
vt 0.3884 0.2111
vt 0.3656 0.2256
vt 0.3958 0.1661
vt 0.4223 0.1539
vt 0.4291 0.1697
vt 0.4036 0.1815
vt 0.4365 0.1868
vt 0.4121 0.1982
vt 0.4494 0.1434
vt 0.4771 0.1347
vt 0.4818 0.1511
vt 0.4552 0.1595
vt 0.487 0.1689
vt 0.4615 0.1771
vt 0.505 0.1277
vt 0.5331 0.1225
vt 0.5359 0.1391
vt 0.5088 0.1443
vt 0.539 0.1572
vt 0.5129 0.1623
vt 0.5613 0.1189
vt 0.5894 0.1167
vt 0.5905 0.1334
vt 0.5632 0.1355
vt 0.5916 0.1516
vt 0.5653 0.1537
vt 0.6176 0.116
vt 0.6178 0.1327
vt 0.6181 0.1509
vt 0.6695 0.1721
vt 0.6953 0.1758
vt 0.6918 0.1966
vt 0.6673 0.193
vt 0.6428 0.1908
vt 0.6438 0.17
vt 0.7468 0.1878
vt 0.721 0.181
vt 0.7406 0.2085
vt 0.7162 0.2018
vt 0.7725 0.1964
vt 0.7982 0.2067
vt 0.7888 0.2271
vt 0.7649 0.2169
vt 0.8493 0.2338
vt 0.8237 0.219
vt 0.8358 0.2538
vt 0.8126 0.2393
vt 0.1945 0.6069
vt 0.1935 0.5762
vt 0.2172 0.5759
vt 0.2194 0.6036
vt 0.8583 0.2712
vt 0.875 0.2518
vt 0.1952 0.5473
vt 0.1988 0.5197
vt 0.2206 0.523
vt 0.2178 0.549
vt 0.2109 0.4673
vt 0.2041 0.4931
vt 0.2314 0.4734
vt 0.2252 0.4978
vt 0.2193 0.4423
vt 0.2291 0.418
vt 0.2484 0.4265
vt 0.2392 0.4496
vt 0.2528 0.3718
vt 0.2403 0.3945
vt 0.2709 0.3826
vt 0.259 0.4042
vt 0.2668 0.35
vt 0.282 0.3291
vt 0.2986 0.342
vt 0.2841 0.3619
vt 0.2986 0.3091
vt 0.3163 0.2903
vt 0.3311 0.3052
vt 0.3143 0.3231
vt 0.3352 0.2726
vt 0.3551 0.2562
vt 0.368 0.2728
vt 0.3491 0.2884
vt 0.3979 0.2272
vt 0.3761 0.241
vt 0.4086 0.2453
vt 0.3879 0.2584
vt 0.4205 0.2148
vt 0.4439 0.2039
vt 0.4523 0.2231
vt 0.4301 0.2335
vt 0.4923 0.1866
vt 0.4678 0.1945
vt 0.4982 0.2066
vt 0.475 0.2141
vt 0.5421 0.1753
vt 0.5171 0.1802
vt 0.5457 0.1957
vt 0.5218 0.2005
vt 0.5928 0.1698
vt 0.5674 0.1719
vt 0.594 0.1905
vt 0.5698 0.1924
vt 0.6182 0.1692
vt 0.6184 0.19
vt 0.6589 0.2634
vt 0.6789 0.2667
vt 0.6585 0.266
vt 0.6784 0.2693
vt 0.6774 0.2749
vt 0.6578 0.2716
vt 0.6381 0.2696
vt 0.6385 0.264
vt 0.6386 0.2613
vt 0.6988 0.2713
vt 0.7184 0.2772
vt 0.7175 0.2798
vt 0.6981 0.2739
vt 0.7157 0.2851
vt 0.6967 0.2793
vt 0.7375 0.2845
vt 0.7561 0.2931
vt 0.7548 0.2955
vt 0.7365 0.2869
vt 0.7523 0.3005
vt 0.7343 0.2921
vt 0.7739 0.3032
vt 0.7909 0.3149
vt 0.7893 0.3171
vt 0.7725 0.3055
vt 0.7858 0.3215
vt 0.7695 0.3103
vt 0.2936 0.5926
vt 0.2913 0.5721
vt 0.2939 0.5719
vt 0.2963 0.5921
vt 0.2994 0.5715
vt 0.3018 0.5907
vt 0.8009 0.3345
vt 0.8052 0.3305
vt 0.8072 0.3285
vt 0.291 0.5519
vt 0.2924 0.5319
vt 0.2951 0.5322
vt 0.2936 0.552
vt 0.3006 0.5328
vt 0.2991 0.5521
vt 0.2955 0.5121
vt 0.3001 0.4925
vt 0.3027 0.4932
vt 0.2981 0.5126
vt 0.308 0.4947
vt 0.3036 0.5136
vt 0.3061 0.4733
vt 0.3134 0.4546
vt 0.3086 0.4742
vt 0.3158 0.4556
vt 0.3209 0.4578
vt 0.3138 0.476
vt 0.3219 0.4364
vt 0.3316 0.4187
vt 0.3339 0.4201
vt 0.3243 0.4376
vt 0.3387 0.4229
vt 0.3292 0.4401
vt 0.3424 0.4018
vt 0.3543 0.3855
vt 0.3446 0.4033
vt 0.3564 0.3871
vt 0.3608 0.3906
vt 0.3492 0.4064
vt 0.3671 0.37
vt 0.381 0.3553
vt 0.3829 0.3572
vt 0.3691 0.3717
vt 0.3868 0.3612
vt 0.3733 0.3755
vt 0.3957 0.3416
vt 0.4113 0.3287
vt 0.3975 0.3436
vt 0.4129 0.3308
vt 0.4163 0.3353
vt 0.4012 0.3478
vt 0.4276 0.3169
vt 0.4447 0.3061
vt 0.4291 0.3191
vt 0.446 0.3084
vt 0.4489 0.3132
vt 0.4323 0.3238
vt 0.4624 0.2964
vt 0.4806 0.2879
vt 0.4817 0.2903
vt 0.4636 0.2988
vt 0.4839 0.2954
vt 0.4661 0.3038
vt 0.4994 0.2804
vt 0.5186 0.2741
vt 0.5193 0.2767
vt 0.5003 0.2829
vt 0.5209 0.282
vt 0.5022 0.2882
vt 0.5381 0.269
vt 0.5579 0.2651
vt 0.5584 0.2677
vt 0.5387 0.2716
vt 0.5594 0.2732
vt 0.54 0.2771
vt 0.578 0.2623
vt 0.5981 0.2608
vt 0.5783 0.265
vt 0.5983 0.2634
vt 0.5986 0.269
vt 0.5789 0.2706
vt 0.6184 0.2604
vt 0.6184 0.2631
vt 0.6183 0.2687
vt 0.6571 0.277
vt 0.6763 0.2802
vt 0.6741 0.2915
vt 0.6556 0.2884
vt 0.637 0.2864
vt 0.6377 0.275
vt 0.7139 0.2903
vt 0.6953 0.2847
vt 0.7103 0.3011
vt 0.6924 0.2957
vt 0.7321 0.2972
vt 0.7498 0.3054
vt 0.7446 0.3155
vt 0.7277 0.3077
vt 0.7666 0.3149
vt 0.7824 0.3258
vt 0.7756 0.3346
vt 0.7606 0.3245
vt 0.307 0.5895
vt 0.3047 0.571
vt 0.3156 0.5703
vt 0.3174 0.5874
vt 0.7892 0.3459
vt 0.7969 0.3382
vt 0.3045 0.5523
vt 0.3059 0.5334
vt 0.3169 0.5347
vt 0.3155 0.5526
vt 0.3132 0.4961
vt 0.3088 0.5146
vt 0.3241 0.4991
vt 0.3198 0.5168
vt 0.3259 0.46
vt 0.3189 0.4778
vt 0.3363 0.4644
vt 0.3296 0.4816
vt 0.3341 0.4426
vt 0.3433 0.4257
vt 0.3531 0.4315
vt 0.3441 0.4477
vt 0.3537 0.4095
vt 0.365 0.3939
vt 0.374 0.4009
vt 0.3631 0.4159
vt 0.3906 0.365
vt 0.3774 0.3791
vt 0.3987 0.3731
vt 0.3859 0.3866
vt 0.4197 0.3396
vt 0.4048 0.3519
vt 0.4266 0.3486
vt 0.4123 0.3604
vt 0.4517 0.3179
vt 0.4353 0.3283
vt 0.4575 0.3278
vt 0.4417 0.3377
vt 0.4686 0.3087
vt 0.4861 0.3004
vt 0.4907 0.3109
vt 0.4738 0.3188
vt 0.5225 0.2873
vt 0.5041 0.2933
vt 0.5258 0.2982
vt 0.508 0.304
vt 0.5413 0.2824
vt 0.5603 0.2786
vt 0.5622 0.2899
vt 0.5439 0.2935
vt 0.5795 0.276
vt 0.5989 0.2745
vt 0.5994 0.2859
vt 0.5808 0.2874
vt 0.6183 0.2742
vt 0.6182 0.2856
vt 0.6444 0.4215
vt 0.6219 0.419
vt 0.6233 0.3906
vt 0.6486 0.3931
vt 0.6249 0.3519
vt 0.6544 0.3548
vt 0.6668 0.426
vt 0.6736 0.3982
vt 0.6832 0.361
vt 0.6887 0.4324
vt 0.6977 0.4055
vt 0.7107 0.3702
vt 0.71 0.4404
vt 0.7206 0.4147
vt 0.7361 0.3818
vt 0.7305 0.4495
vt 0.7419 0.425
vt 0.7588 0.3951
vt 0.4379 0.565
vt 0.4328 0.5865
vt 0.4115 0.5581
vt 0.407 0.5809
vt 0.3736 0.5763
vt 0.3767 0.5506
vt 0.4441 0.5439
vt 0.418 0.5349
vt 0.3829 0.5238
vt 0.452 0.5233
vt 0.4267 0.5121
vt 0.3924 0.4971
vt 0.4617 0.5037
vt 0.4378 0.49
vt 0.4051 0.4713
vt 0.4731 0.4855
vt 0.4511 0.4694
vt 0.4209 0.4469
vt 0.4864 0.4691
vt 0.4668 0.4507
vt 0.4395 0.4247
vt 0.5016 0.4549
vt 0.4846 0.4341
vt 0.4608 0.4049
vt 0.5186 0.4428
vt 0.5044 0.42
vt 0.4845 0.388
vt 0.5371 0.4331
vt 0.526 0.4084
vt 0.5101 0.3741
vt 0.557 0.4258
vt 0.549 0.3997
vt 0.5374 0.3634
vt 0.5779 0.421
vt 0.5731 0.3938
vt 0.5659 0.3562
vt 0.5996 0.4188
vt 0.598 0.3908
vt 0.5952 0.3523
vt 0.9745 0.7991
vt 0.9697 0.8326
vt 0.9376 0.794
vt 0.9338 0.8288
vt 0.9752 0.7991
vt 0.9744 0.833
vt 0.9299 0.8638
vt 0.9663 0.8675
vt 0.9709 0.868
vt 0.9255 0.8998
vt 0.9631 0.9027
vt 0.9677 0.9031
vt 0.9612 0.9382
vt 0.9212 0.9386
vt 0.9658 0.9381
vt 0.9638 0.9735
vt 0.9201 0.9839
vt 0.9681 0.9724
vt 0.9277 0.2982
vt 0.9726 0.3104
vt 0.9686 0.3468
vt 0.9272 0.3449
vt 0.977 0.3119
vt 0.9734 0.3471
vt 0.9302 0.3853
vt 0.9694 0.3837
vt 0.9741 0.3835
vt 0.9334 0.4232
vt 0.9717 0.4205
vt 0.9764 0.4202
vt 0.9363 0.4601
vt 0.9744 0.4574
vt 0.9791 0.4571
vt 0.9769 0.4945
vt 0.9388 0.4968
vt 0.9816 0.4942
vt 0.9791 0.5317
vt 0.9408 0.5336
vt 0.9838 0.5315
vt 0.9424 0.5707
vt 0.981 0.5692
vt 0.9856 0.569
vt 0.9825 0.6071
vt 0.9436 0.6079
vt 0.9871 0.6069
vt 0.9833 0.6454
vt 0.9441 0.6454
vt 0.9879 0.6453
vt 0.9832 0.684
vt 0.9439 0.683
vt 0.9878 0.6841
vt 0.9428 0.7206
vt 0.9818 0.7229
vt 0.9862 0.7232
vt 0.9785 0.7617
vt 0.9406 0.7578
vt 0.983 0.7623
vt 0.6836 0.2421
vt 0.662 0.2386
vt 0.6402 0.2364
vt 0.7051 0.247
vt 0.7263 0.2533
vt 0.7677 0.2704
vt 0.7472 0.2611
vt 0.7874 0.2814
vt 0.8063 0.2941
vt 0.2661 0.5734
vt 0.2682 0.5954
vt 0.8239 0.3084
vt 0.2676 0.529
vt 0.2659 0.5511
vt 0.2711 0.5073
vt 0.2762 0.486
vt 0.2906 0.4448
vt 0.2827 0.4651
vt 0.3103 0.4061
vt 0.2998 0.4251
vt 0.3347 0.3702
vt 0.3219 0.3878
vt 0.3635 0.3377
vt 0.3486 0.3535
vt 0.3793 0.3229
vt 0.3961 0.3091
vt 0.4137 0.2964
vt 0.432 0.2847
vt 0.4706 0.2651
vt 0.451 0.2743
vt 0.5114 0.2503
vt 0.4908 0.2571
vt 0.5324 0.2449
vt 0.5536 0.2406
vt 0.5751 0.2377
vt 0.5967 0.236
vt 0.6185 0.2356
vt 0.0842 0.596
vt 0.065 0.5931
vt 0.6687 0.319
vt 0.6519 0.3163
vt 0.635 0.3145
vt 0.7014 0.3276
vt 0.6853 0.3228
vt 0.7323 0.3399
vt 0.7172 0.3333
vt 0.7601 0.3558
vt 0.7467 0.3475
vt 0.3411 0.5692
vt 0.3418 0.584
vt 0.7725 0.3647
vt 0.3433 0.5381
vt 0.3417 0.5538
vt 0.3503 0.5065
vt 0.3463 0.5223
vt 0.3616 0.4754
vt 0.3554 0.4908
vt 0.3769 0.4458
vt 0.3688 0.4604
vt 0.3959 0.4181
vt 0.386 0.4317
vt 0.4183 0.3929
vt 0.4067 0.4052
vt 0.4437 0.3708
vt 0.4307 0.3814
vt 0.4717 0.3519
vt 0.4574 0.3609
vt 0.5019 0.3366
vt 0.4865 0.3438
vt 0.5338 0.3251
vt 0.5177 0.3304
vt 0.5669 0.3176
vt 0.5502 0.3209
vt 0.6008 0.314
vt 0.5838 0.3153
vt 0.6179 0.3138
vt 0.9273 0.7929
vt 0.9236 0.8276
vt 0.9115 0.7912
vt 0.9081 0.8258
vt 0.932 0.7934
vt 0.9283 0.8281
vt 0.9196 0.8625
vt 0.904 0.8605
vt 0.9243 0.8631
vt 0.8988 0.8961
vt 0.915 0.8985
vt 0.9197 0.8991
vt 0.9097 0.9375
vt 0.8916 0.9346
vt 0.9149 0.9381
vt 0.9047 0.9845
vt 0.8799 0.9816
vt 0.9118 0.9845
vt 0.8863 0.2988
vt 0.9121 0.2969
vt 0.8964 0.3478
vt 0.9153 0.3456
vt 0.9193 0.2971
vt 0.9207 0.3452
vt 0.9192 0.3863
vt 0.9022 0.3882
vt 0.9242 0.3858
vt 0.9227 0.4241
vt 0.9063 0.4257
vt 0.9276 0.4237
vt 0.9095 0.4621
vt 0.9257 0.4609
vt 0.9305 0.4605
vt 0.9281 0.4975
vt 0.9119 0.4985
vt 0.933 0.4972
vt 0.9138 0.5349
vt 0.9301 0.5342
vt 0.935 0.5339
vt 0.9153 0.5716
vt 0.9317 0.571
vt 0.9365 0.5709
vt 0.9328 0.6081
vt 0.9163 0.6084
vt 0.9377 0.608
vt 0.9168 0.6454
vt 0.9334 0.6454
vt 0.9382 0.6454
vt 0.9166 0.6824
vt 0.9331 0.6828
vt 0.938 0.6829
vt 0.9157 0.7192
vt 0.9321 0.7201
vt 0.9369 0.7203
vt 0.93 0.7569
vt 0.914 0.7556
vt 0.9348 0.7573
vt 0.9783 0.7994
vt 0.9774 0.8331
vt 0.6212 0.4294
vt 0.6427 0.4319
vt 0.974 0.8683
vt 0.6642 0.4364
vt 0.9706 0.9033
vt 0.6853 0.4426
vt 0.9688 0.9381
vt 0.706 0.4503
vt 0.9716 0.9718
vt 0.7262 0.4591
vt 0.9803 0.3125
vt 0.9764 0.3472
vt 0.4429 0.5888
vt 0.4479 0.5677
vt 0.9771 0.3833
vt 0.4539 0.5472
vt 0.9795 0.42
vt 0.4614 0.5273
vt 0.9821 0.4569
vt 0.4705 0.5086
vt 0.9846 0.494
vt 0.4812 0.4912
vt 0.9868 0.5313
vt 0.4936 0.4757
vt 0.9887 0.5689
vt 0.5077 0.4623
vt 0.9902 0.6069
vt 0.5236 0.4511
vt 0.991 0.6453
vt 0.541 0.4421
vt 0.9908 0.6842
vt 0.5598 0.4353
vt 0.9894 0.7234
vt 0.5795 0.4309
vt 0.986 0.7627
vt 0.6001 0.429
vt 0.688 0.2184
vt 0.6648 0.2148
vt 0.6416 0.2125
vt 0.7339 0.23
vt 0.711 0.2234
vt 0.7788 0.2481
vt 0.7565 0.2382
vt 0.8216 0.2736
vt 0.8006 0.2598
vt 0.241 0.5748
vt 0.2435 0.5996
vt 0.8413 0.2896
vt 0.2433 0.5261
vt 0.2411 0.5502
vt 0.2529 0.4795
vt 0.2473 0.5025
vt 0.2686 0.4353
vt 0.26 0.4571
vt 0.2897 0.3938
vt 0.2785 0.4142
vt 0.3158 0.3555
vt 0.3022 0.3742
vt 0.3466 0.3207
vt 0.3307 0.3376
vt 0.3814 0.2901
vt 0.3635 0.3049
vt 0.4198 0.2641
vt 0.4002 0.2765
vt 0.461 0.2432
vt 0.4401 0.253
vt 0.5045 0.2275
vt 0.4825 0.2347
vt 0.5495 0.2171
vt 0.5268 0.2216
vt 0.5953 0.2122
vt 0.5723 0.214
vt 0.6185 0.2117
vt 0.9038 0.7904
vt 0.9006 0.8249
vt 0.8536 0.8193
vt 0.8561 0.7862
vt 0.9083 0.7908
vt 0.905 0.8255
vt 0.8964 0.8593
vt 0.8496 0.8517
vt 0.9009 0.86
vt 0.891 0.8946
vt 0.8436 0.8835
vt 0.8955 0.8955
vt 0.8831 0.9327
vt 0.8345 0.9146
vt 0.8881 0.9338
vt 0.8688 0.9774
vt 0.8204 0.9441
vt 0.8749 0.9802
vt 0.8748 0.3027
vt 0.8876 0.3494
vt 0.8363 0.3661
vt 0.8231 0.3348
vt 0.8812 0.3
vt 0.8927 0.3485
vt 0.8941 0.3894
vt 0.8441 0.3991
vt 0.8988 0.3887
vt 0.8984 0.4266
vt 0.8491 0.4329
vt 0.903 0.426
vt 0.9016 0.4629
vt 0.8523 0.4673
vt 0.9062 0.4624
vt 0.904 0.4991
vt 0.8545 0.5022
vt 0.9086 0.4987
vt 0.9059 0.5354
vt 0.856 0.5377
vt 0.9105 0.5351
vt 0.9073 0.5719
vt 0.8572 0.5735
vt 0.912 0.5717
vt 0.9083 0.6086
vt 0.858 0.6095
vt 0.913 0.6085
vt 0.9088 0.6454
vt 0.8585 0.6456
vt 0.9135 0.6454
vt 0.9087 0.6823
vt 0.8587 0.6815
vt 0.9133 0.6823
vt 0.9078 0.7189
vt 0.8583 0.7171
vt 0.9124 0.7191
vt 0.9062 0.7551
vt 0.8576 0.7521
vt 0.9107 0.7554
vt 0.5382 0.6439
vt 0.5082 0.645
vt 0.5079 0.6328
vt 0.5412 0.6312
vt 0.8462 0.7856
vt 0.8438 0.8184
vt 0.581 0.6339
vt 0.5714 0.6262
vt 0.84 0.8502
vt 0.608 0.6283
vt 0.6027 0.6159
vt 0.8342 0.8812
vt 0.6366 0.621
vt 0.6308 0.6089
vt 0.8255 0.9112
vt 0.6632 0.6086
vt 0.6559 0.5973
vt 0.8122 0.9389
vt 0.1264 0.6359
vt 0.0996 0.6237
vt 0.1068 0.6124
vt 0.132 0.6239
vt 0.8146 0.3397
vt 0.8268 0.3691
vt 0.156 0.6432
vt 0.1598 0.6308
vt 0.8344 0.401
vt 0.1868 0.6473
vt 0.1893 0.6349
vt 0.8391 0.4341
vt 0.2183 0.6498
vt 0.2199 0.6374
vt 0.8422 0.4681
vt 0.2501 0.6513
vt 0.2511 0.6389
vt 0.8443 0.5028
vt 0.2822 0.6522
vt 0.2828 0.6399
vt 0.8458 0.5381
vt 0.3145 0.6525
vt 0.3147 0.6402
vt 0.8468 0.5738
vt 0.3469 0.6524
vt 0.3468 0.6401
vt 0.8477 0.6097
vt 0.3793 0.6517
vt 0.379 0.6395
vt 0.8482 0.6457
vt 0.4117 0.6506
vt 0.4112 0.6383
vt 0.8483 0.6815
vt 0.4441 0.6489
vt 0.4434 0.6367
vt 0.8481 0.7169
vt 0.4764 0.647
vt 0.4756 0.6348
vt 0.8474 0.7518
vt 0.5653 0.7206
vt 0.5268 0.7264
vt 0.5496 0.67
vt 0.5145 0.674
vt 0.6036 0.7131
vt 0.5836 0.6606
vt 0.6435 0.7065
vt 0.6197 0.6574
vt 0.6835 0.6968
vt 0.6529 0.648
vt 0.7215 0.6826
vt 0.6835 0.6329
vt 0.0798 0.7118
vt 0.0421 0.6979
vt 0.1104 0.6628
vt 0.0798 0.6489
vt 0.1198 0.7208
vt 0.144 0.6712
vt 0.1596 0.7271
vt 0.1783 0.6761
vt 0.1985 0.7317
vt 0.2125 0.6791
vt 0.2362 0.7348
vt 0.2463 0.6809
vt 0.2731 0.7367
vt 0.2799 0.6819
vt 0.3093 0.7377
vt 0.3133 0.6823
vt 0.3452 0.7379
vt 0.3467 0.6822
vt 0.3809 0.7373
vt 0.38 0.6815
vt 0.4167 0.7358
vt 0.4133 0.6802
vt 0.4527 0.7335
vt 0.4468 0.6785
vt 0.4893 0.7305
vt 0.4804 0.6764
vt 0.5391 0.817
vt 0.5347 0.7749
vt 0.5749 0.7685
vt 0.5799 0.81
vt 0.6219 0.8021
vt 0.6161 0.7608
vt 0.6589 0.7532
vt 0.6654 0.7946
vt 0.7105 0.7879
vt 0.7026 0.7448
vt 0.7559 0.7824
vt 0.7451 0.7351
vt 0.0089 0.7977
vt 0.0177 0.7499
vt 0.0619 0.7599
vt 0.0542 0.8026
vt 0.0993 0.809
vt 0.1058 0.7678
vt 0.1486 0.7744
vt 0.1431 0.8155
vt 0.1855 0.8215
vt 0.1899 0.7799
vt 0.2299 0.784
vt 0.2265 0.8263
vt 0.2664 0.8298
vt 0.2688 0.7868
vt 0.3055 0.8319
vt 0.3068 0.7884
vt 0.3443 0.7889
vt 0.3441 0.8327
vt 0.3817 0.7884
vt 0.3825 0.8322
vt 0.421 0.8303
vt 0.4191 0.7867
vt 0.4569 0.7838
vt 0.4597 0.8271
vt 0.4953 0.78
vt 0.499 0.8226
vt 0.5843 0.9166
vt 0.5451 0.9239
vt 0.5434 0.8938
vt 0.5833 0.8864
vt 0.6231 0.9088
vt 0.6236 0.8784
vt 0.6616 0.9017
vt 0.6645 0.871
vt 0.6998 0.8975
vt 0.7063 0.8664
vt 0.7372 0.9
vt 0.7478 0.8683
vt 0.0677 0.9123
vt 0.03 0.9162
vt 0.0188 0.8843
vt 0.0604 0.8815
vt 0.1063 0.9157
vt 0.1023 0.885
vt 0.1452 0.9215
vt 0.1436 0.8911
vt 0.1846 0.9276
vt 0.1843 0.8975
vt 0.2244 0.933
vt 0.2247 0.903
vt 0.2644 0.9372
vt 0.2649 0.9072
vt 0.3047 0.9401
vt 0.3049 0.91
vt 0.345 0.9414
vt 0.3447 0.9112
vt 0.3853 0.941
vt 0.3845 0.9108
vt 0.4256 0.9389
vt 0.4242 0.9088
vt 0.4657 0.9353
vt 0.4638 0.9052
vt 0.5056 0.9302
vt 0.5035 0.9001
vt 0.1024 0.1058
vt 0.1259 0.1255
vt 0.1178 0.1324
vt 0.1494 0.1452
vt 0.1728 0.1651
vt 0.1331 0.1589
vt 0.1483 0.1855
vt 0.1078 0.136
vt 0.1131 0.1662
vt 0.1183 0.1964
vt 0.0971 0.136
vt 0.0919 0.1662
vt 0.0864 0.1963
vt 0.0871 0.1324
vt 0.0564 0.1854
vt 0.0719 0.1589
vt 0.079 0.1256
vt 0.032 0.1648
vt 0.0556 0.1453
vt 0.0737 0.1163
vt 0.0449 0.1269
vt 0.0161 0.1372
vt 0.0718 0.1059
vt 0.0412 0.1059
vt 0.0106 0.1057
vt 0.0737 0.0954
vt 0.0162 0.0743
vt 0.0449 0.085
vt 0.079 0.0862
vt 0.0322 0.0467
vt 0.0555 0.0665
vt 0.0871 0.0793
vt 0.0567 0.0262
vt 0.0718 0.0528
vt 0.0971 0.0757
vt 0.0867 0.0153
vt 0.0918 0.0456
vt 0.1077 0.0757
vt 0.1131 0.0456
vt 0.1186 0.0154
vt 0.1177 0.0793
vt 0.1331 0.0528
vt 0.1485 0.0264
vt 0.1259 0.0862
vt 0.1729 0.047
vt 0.1494 0.0665
vt 0.1312 0.0954
vt 0.1889 0.0746
vt 0.16 0.0849
vt 0.1331 0.1059
vt 0.1944 0.1061
vt 0.1637 0.1059
vt 0.1313 0.1163
vt 0.1601 0.1268
vt 0.1888 0.1375
vt 0.5823 0.8501
vt 0.5416 0.8574
vt 0.6238 0.8421
vt 0.6665 0.8346
vt 0.7108 0.8292
vt 0.7562 0.8285
vt 0.0106 0.8438
vt 0.0544 0.8443
vt 0.0987 0.8488
vt 0.1419 0.8551
vt 0.184 0.8613
vt 0.225 0.8666
vt 0.2653 0.8706
vt 0.3051 0.8732
vt 0.3444 0.8742
vt 0.3835 0.8738
vt 0.4227 0.8718
vt 0.4619 0.8683
vt 0.5015 0.8634
vt 0.5474 0.95
vt 0.5863 0.9432
vt 0.624 0.9362
vt 0.6603 0.9301
vt 0.6946 0.9265
vt 0.7263 0.9289
vt 0.0425 0.9439
vt 0.0743 0.9407
vt 0.109 0.9434
vt 0.1456 0.9484
vt 0.1838 0.9539
vt 0.2232 0.9589
vt 0.2633 0.9628
vt 0.3039 0.9656
vt 0.3449 0.9669
vt 0.3859 0.9665
vt 0.4268 0.9645
vt 0.4675 0.9609
vt 0.5077 0.956
vt 0.6757 0.0097
vt 0.6462 0.0098
vt 0.713 0.0076
vt 0.7512 0.0116
vt 0.7885 0.0191
vt 0.8245 0.0291
vt 0.859 0.0408
vt 0.8923 0.0533
vt 0.925 0.0661
vt 0.9573 0.0788
vt 0.0159 0.5473
vt 0.0084 0.5802
vt 0.0234 0.5142
vt 0.0314 0.4811
vt 0.0403 0.448
vt 0.0504 0.4149
vt 0.0619 0.3819
vt 0.0752 0.3491
vt 0.0904 0.3168
vt 0.1077 0.2852
vt 0.1269 0.2545
vt 0.1481 0.2249
vt 0.1713 0.1967
vt 0.1963 0.17
vt 0.2229 0.145
vt 0.251 0.1217
vt 0.2805 0.1001
vt 0.3115 0.0803
vt 0.344 0.0626
vt 0.3778 0.0473
vt 0.4124 0.0347
vt 0.4476 0.0248
vt 0.4828 0.0176
vt 0.5175 0.0129
vt 0.5515 0.0105
vt 0.5842 0.0097
vt 0.6157 0.0097
vt 0.6339 0.5831
vt 0.6235 0.5917
vt 0.6425 0.5727
vt 0.6119 0.5984
vt 0.5992 0.603
vt 0.5859 0.6054
vt 0.5725 0.6054
vt 0.5592 0.603
vt 0.5466 0.5984
vt 0.5349 0.5917
vt 0.5246 0.583
vt 0.5159 0.5727
vt 0.5092 0.561
vt 0.5046 0.5484
vt 0.5022 0.5351
vt 0.5022 0.5216
vt 0.5046 0.5084
vt 0.5092 0.4957
vt 0.516 0.484
vt 0.5246 0.4737
vt 0.5349 0.4651
vt 0.5466 0.4583
vt 0.5593 0.4537
vt 0.5725 0.4514
vt 0.586 0.4514
vt 0.5993 0.4537
vt 0.6119 0.4584
vt 0.6236 0.4651
vt 0.6339 0.4738
vt 0.6426 0.4841
vt 0.6493 0.4957
vt 0.6539 0.5084
vt 0.6562 0.5217
vt 0.6562 0.5351
vt 0.6539 0.5484
vt 0.6493 0.5611
f 1/1/1 2/2/2 3/3/3
f 2/2/2 4/4/4 3/3/3
f 5/5/5 3/3/3 6/6/6
f 5/5/5 6/6/6 7/7/7
f 5/5/5 8/8/8 3/3/3
f 8/8/8 1/1/1 3/3/3
f 9/9/9 10/10/10 11/11/11
f 9/9/9 11/11/11 12/12/12
f 13/13/13 4/4/4 12/12/12
f 13/13/13 12/12/12 14/14/14
f 4/4/4 2/2/2 12/12/12
f 2/2/2 9/9/9 12/12/12
f 15/15/15 16/16/16 17/17/17
f 15/15/15 17/17/17 18/18/18
f 19/19/19 11/11/11 18/18/18
f 19/19/19 18/18/18 20/20/20
f 11/11/11 10/10/10 15/15/15
f 11/11/11 15/15/15 18/18/18
f 21/21/21 22/22/22 23/23/23
f 21/21/21 23/23/23 24/24/24
f 25/25/25 17/17/17 24/24/24
f 25/25/25 24/24/24 26/26/26
f 17/17/17 16/16/16 21/21/21
f 17/17/17 21/21/21 24/24/24
f 27/27/27 28/28/28 29/29/29
f 27/27/27 29/29/29 30/30/30
f 31/31/31 23/23/23 30/32/32
f 31/31/31 30/32/32 32/33/33
f 23/23/23 22/22/22 27/34/34
f 23/23/23 27/34/34 30/32/32
f 33/35/35 34/36/36 35/37/37
f 34/36/36 36/38/38 35/37/37
f 37/39/39 29/29/29 35/37/37
f 37/39/39 35/37/37 38/40/40
f 29/29/29 28/28/28 33/35/35
f 29/29/29 33/35/35 35/37/37
f 39/41/41 40/42/42 41/43/43
f 40/42/42 42/44/44 41/43/43
f 43/45/45 36/38/38 41/43/43
f 43/45/45 41/43/43 44/46/46
f 36/38/38 34/36/36 41/43/43
f 34/36/36 39/41/41 41/43/43
f 45/47/47 46/48/48 47/49/49
f 46/48/48 48/50/50 47/49/49
f 49/51/51 42/44/44 47/49/49
f 49/51/51 47/49/49 50/52/52
f 42/44/44 40/42/42 47/49/49
f 40/42/42 45/47/47 47/49/49
f 51/53/53 52/54/54 53/55/55
f 52/54/54 54/56/56 53/55/55
f 55/57/57 48/50/50 53/55/55
f 55/57/57 53/55/55 56/58/58
f 48/50/50 46/48/48 53/55/55
f 46/48/48 51/53/53 53/55/55
f 57/59/59 58/60/60 59/61/61
f 58/60/60 60/62/62 59/61/61
f 61/63/63 54/56/56 59/61/61
f 61/63/63 59/61/61 62/64/64
f 54/56/56 52/54/54 59/61/61
f 52/54/54 57/59/59 59/61/61
f 63/65/65 64/66/66 65/67/67
f 63/65/65 65/67/67 66/68/68
f 67/69/69 60/62/62 66/68/68
f 67/69/69 66/68/68 68/70/70
f 60/62/62 58/60/60 66/68/68
f 58/60/60 63/65/65 66/68/68
f 69/71/71 70/72/72 71/73/73
f 69/71/71 71/73/73 72/74/74
f 73/75/75 65/67/67 72/74/74
f 73/75/75 72/74/74 74/76/76
f 65/67/67 64/66/66 72/74/74
f 64/66/66 69/71/71 72/74/74
f 75/77/77 76/78/78 77/79/79
f 76/78/78 78/80/80 77/79/79
f 79/81/81 71/73/73 77/79/79
f 79/81/81 77/79/79 80/82/82
f 71/73/73 70/72/72 75/77/77
f 71/73/73 75/77/77 77/79/79
f 81/83/83 82/84/84 83/85/85
f 81/83/83 83/85/85 84/86/86
f 85/87/87 78/80/80 84/86/86
f 85/87/87 84/86/86 86/88/88
f 78/80/80 76/78/78 81/83/83
f 78/80/80 81/83/83 84/86/86
f 87/89/89 88/90/90 89/91/91
f 87/89/89 89/91/91 90/92/92
f 91/93/93 83/85/85 90/92/92
f 91/93/93 90/92/92 92/94/94
f 83/85/85 82/84/84 90/92/92
f 82/84/84 87/89/89 90/92/92
f 93/95/95 94/96/96 95/97/97
f 94/96/96 96/98/98 95/97/97
f 97/99/99 89/91/91 95/97/97
f 97/99/99 95/97/97 98/100/100
f 89/91/91 88/90/90 95/97/97
f 88/90/90 93/95/95 95/97/97
f 99/101/101 100/102/102 101/103/103
f 99/101/101 101/103/103 102/104/104
f 103/105/105 96/98/98 102/104/104
f 103/105/105 102/104/104 104/106/106
f 96/98/98 94/96/96 99/101/101
f 96/98/98 99/101/101 102/104/104
f 105/107/107 8/8/8 106/108/108
f 8/8/8 5/5/5 106/108/108
f 107/109/109 101/103/103 106/108/108
f 107/109/109 106/108/108 108/110/110
f 101/103/103 100/102/102 106/108/108
f 100/102/102 105/107/107 106/108/108
f 109/111/111 110/112/112 111/113/113
f 110/112/112 112/114/114 111/113/113
f 111/113/113 112/114/114 113/115/115
f 111/113/113 113/115/115 114/116/116
f 115/117/117 111/113/113 116/118/118
f 111/113/113 114/116/116 116/118/118
f 115/117/117 117/119/119 109/111/111
f 115/117/117 109/111/111 111/113/113
f 118/120/120 119/121/121 120/122/122
f 118/120/120 120/122/122 121/123/123
f 121/123/123 120/122/122 122/124/124
f 120/122/122 123/125/125 122/124/124
f 112/114/114 121/123/123 113/115/115
f 121/123/123 122/124/124 113/115/115
f 112/114/114 110/112/112 121/123/123
f 110/112/112 118/120/120 121/123/123
f 124/126/126 125/127/127 126/128/128
f 125/127/127 127/129/129 126/128/128
f 126/128/128 127/129/129 128/130/130
f 126/128/128 128/130/130 129/131/131
f 120/122/122 126/128/128 129/131/131
f 120/122/122 129/131/131 123/125/125
f 120/122/122 119/121/121 126/128/128
f 119/121/121 124/126/126 126/128/128
f 130/132/132 131/133/133 132/134/134
f 130/132/132 132/134/134 133/135/135
f 133/135/135 132/134/134 134/136/136
f 132/134/134 135/137/137 134/136/136
f 127/129/129 133/135/135 128/130/130
f 133/135/135 134/136/136 128/130/130
f 127/129/129 125/127/127 133/135/135
f 125/127/127 130/132/132 133/135/135
f 136/138/138 137/139/139 138/140/140
f 137/139/139 139/141/141 138/140/140
f 138/140/140 139/141/141 140/142/142
f 139/141/141 141/143/143 140/142/142
f 132/134/134 138/144/144 140/145/145
f 132/134/134 140/145/145 135/137/137
f 132/134/134 131/133/133 136/146/146
f 132/134/134 136/146/146 138/144/144
f 142/147/147 143/148/148 144/149/149
f 143/148/148 145/150/150 144/149/149
f 144/149/149 145/150/150 146/151/151
f 144/149/149 146/151/151 147/152/152
f 139/141/141 144/149/149 141/143/143
f 144/149/149 147/152/152 141/143/143
f 139/141/141 137/139/139 144/149/149
f 137/139/139 142/147/147 144/149/149
f 148/153/153 149/154/154 150/155/155
f 148/153/153 150/155/155 151/156/156
f 151/156/156 150/155/155 152/157/157
f 151/156/156 152/157/157 153/158/158
f 145/150/150 151/156/156 146/151/151
f 151/156/156 153/158/158 146/151/151
f 145/150/150 143/148/148 148/153/153
f 145/150/150 148/153/153 151/156/156
f 154/159/159 155/160/160 156/161/161
f 154/159/159 156/161/161 157/162/162
f 157/162/162 156/161/161 158/163/163
f 156/161/161 159/164/164 158/163/163
f 150/155/155 157/162/162 152/157/157
f 157/162/162 158/163/163 152/157/157
f 150/155/155 149/154/154 154/159/159
f 150/155/155 154/159/159 157/162/162
f 160/165/165 161/166/166 162/167/167
f 160/165/165 162/167/167 163/168/168
f 163/168/168 162/167/167 164/169/169
f 163/168/168 164/169/169 165/170/170
f 156/161/161 163/168/168 165/170/170
f 156/161/161 165/170/170 159/164/164
f 156/161/161 155/160/160 160/165/165
f 156/161/161 160/165/165 163/168/168
f 166/171/171 167/172/172 168/173/173
f 166/171/171 168/173/173 169/174/174
f 169/174/174 168/173/173 170/175/175
f 168/173/173 171/176/176 170/175/175
f 162/167/167 169/174/174 164/169/169
f 169/174/174 170/175/175 164/169/169
f 162/167/167 161/166/166 169/174/174
f 161/166/166 166/171/171 169/174/174
f 172/177/177 173/178/178 174/179/179
f 173/178/178 175/180/180 174/179/179
f 174/179/179 175/180/180 176/181/181
f 174/179/179 176/181/181 177/182/182
f 168/173/173 174/179/179 177/182/182
f 168/173/173 177/182/182 171/176/176
f 168/173/173 167/172/172 174/179/179
f 167/172/172 172/177/177 174/179/179
f 178/183/183 179/184/184 180/185/185
f 179/184/184 181/186/186 180/185/185
f 180/185/185 181/186/186 182/187/187
f 180/185/185 182/187/187 183/188/188
f 175/180/180 180/185/185 176/181/181
f 180/185/185 183/188/188 176/181/181
f 175/180/180 173/178/178 180/185/185
f 173/178/178 178/183/183 180/185/185
f 184/189/189 185/190/190 186/191/191
f 184/189/189 186/191/191 187/192/192
f 187/192/192 186/191/191 188/193/193
f 187/192/192 188/193/193 189/194/194
f 181/186/186 187/192/192 182/187/187
f 187/192/192 189/194/194 182/187/187
f 181/186/186 179/184/184 184/189/189
f 181/186/186 184/189/189 187/192/192
f 190/195/195 191/196/196 192/197/197
f 190/195/195 192/197/197 193/198/198
f 193/198/198 192/197/197 194/199/199
f 193/198/198 194/199/199 195/200/200
f 186/191/191 193/198/198 188/193/193
f 193/198/198 195/200/200 188/193/193
f 186/191/191 185/190/190 193/198/198
f 185/190/190 190/195/195 193/198/198
f 196/201/201 197/202/202 198/203/203
f 196/201/201 198/203/203 199/204/204
f 199/204/204 198/203/203 200/205/205
f 199/204/204 200/205/205 201/206/206
f 192/197/197 199/204/204 201/206/206
f 192/197/197 201/206/206 194/199/199
f 192/197/197 191/196/196 196/201/201
f 192/197/197 196/201/201 199/204/204
f 202/207/207 203/208/208 204/209/209
f 202/207/207 204/209/209 205/210/210
f 205/210/210 204/209/209 206/211/211
f 204/209/209 207/212/212 206/211/211
f 198/203/203 205/210/210 200/205/205
f 205/210/210 206/211/211 200/205/205
f 198/203/203 197/202/202 202/207/207
f 198/203/203 202/207/207 205/210/210
f 208/213/213 209/214/214 210/215/215
f 208/213/213 210/215/215 211/216/216
f 211/216/216 210/215/215 212/217/217
f 210/215/215 213/218/218 212/217/217
f 204/209/209 211/216/216 212/217/217
f 204/209/209 212/217/217 207/212/212
f 204/209/209 203/208/208 211/216/216
f 203/208/208 208/213/213 211/216/216
f 214/219/219 117/119/119 215/220/220
f 117/119/119 115/117/117 215/220/220
f 215/220/220 115/117/117 116/118/118
f 215/220/220 116/118/118 216/221/221
f 210/215/215 215/220/220 216/221/221
f 210/215/215 216/221/221 213/218/218
f 210/215/215 209/214/214 214/219/219
f 210/215/215 214/219/219 215/220/220
f 217/222/222 218/223/223 219/224/224
f 217/222/222 219/224/224 220/225/225
f 221/226/226 222/227/227 223/228/228
f 221/226/226 223/228/228 224/229/229
f 225/230/230 226/231/231 227/232/232
f 226/231/231 228/233/233 227/232/232
f 229/234/234 230/235/235 231/236/236
f 230/235/235 232/237/237 231/236/236
f 233/238/238 234/239/239 235/240/240
f 233/238/238 235/240/240 236/241/241
f 237/242/242 238/243/243 239/244/244
f 237/242/242 239/244/244 240/245/245
f 241/246/246 242/247/247 243/248/248
f 241/246/246 243/248/248 244/249/249
f 245/250/250 246/251/251 247/252/252
f 245/250/250 247/252/252 248/253/253
f 249/254/254 250/255/255 251/256/256
f 249/254/254 251/256/256 252/257/257
f 253/258/258 254/259/259 255/260/260
f 254/259/259 256/261/261 255/260/260
f 257/262/262 258/263/263 259/264/264
f 257/262/262 259/264/264 260/265/265
f 261/266/266 262/267/267 263/268/268
f 261/266/266 263/268/268 264/269/269
f 265/270/270 266/271/271 267/272/272
f 266/271/271 268/273/273 267/272/272
f 269/274/274 270/275/275 271/276/276
f 269/274/274 271/276/276 272/277/277
f 273/278/278 274/279/279 275/280/280
f 273/278/278 275/280/280 276/281/281
f 277/282/282 278/283/283 279/284/284
f 277/282/282 279/284/284 280/285/285
f 281/286/286 282/287/287 283/288/288
f 282/287/287 284/289/289 283/288/288
f 285/290/290 286/291/291 287/292/292
f 286/291/291 288/293/293 287/292/292
f 219/224/224 221/226/226 289/294/294
f 219/224/224 289/294/294 290/295/295
f 290/295/295 289/294/294 291/296/296
f 289/294/294 292/297/297 291/296/296
f 293/298/298 290/295/295 291/296/296
f 293/298/298 291/296/296 294/299/299
f 293/298/298 220/225/225 219/224/224
f 293/298/298 219/224/224 290/295/295
f 224/229/229 225/230/230 295/300/300
f 225/230/230 296/301/301 295/300/300
f 295/300/300 296/301/301 297/302/302
f 295/300/300 297/302/302 298/303/303
f 289/294/294 295/300/300 298/303/303
f 289/294/294 298/303/303 292/297/297
f 289/294/294 221/226/226 224/229/229
f 289/294/294 224/229/229 295/300/300
f 227/232/232 229/234/234 299/304/304
f 227/232/232 299/304/304 300/305/305
f 300/305/305 299/304/304 301/306/306
f 299/304/304 302/307/307 301/306/306
f 296/301/301 300/305/305 297/302/302
f 300/305/305 301/306/306 297/302/302
f 296/301/301 225/230/230 300/305/305
f 225/230/230 227/232/232 300/305/305
f 231/236/236 233/238/238 303/308/308
f 233/238/238 304/309/309 303/308/308
f 303/308/308 304/309/309 305/310/310
f 304/309/309 306/311/311 305/310/310
f 299/304/304 303/308/308 305/310/310
f 299/304/304 305/310/310 302/307/307
f 299/304/304 229/234/234 303/308/308
f 229/234/234 231/236/236 303/308/308
f 236/312/312 237/242/242 307/313/313
f 236/312/312 307/313/313 308/314/314
f 308/314/314 307/313/313 309/315/315
f 307/313/313 310/316/316 309/315/315
f 304/309/309 308/317/317 306/311/311
f 308/317/317 309/318/318 306/311/311
f 304/309/309 233/238/238 236/241/241
f 304/309/309 236/241/241 308/317/317
f 240/245/245 241/246/246 311/319/319
f 240/245/245 311/319/319 312/320/320
f 312/320/320 311/319/319 313/321/321
f 311/319/319 314/322/322 313/321/321
f 307/313/313 312/320/320 313/321/321
f 307/313/313 313/321/321 310/316/316
f 307/313/313 237/242/242 312/320/320
f 237/242/242 240/245/245 312/320/320
f 244/249/249 245/250/250 315/323/323
f 245/250/250 316/324/324 315/323/323
f 315/323/323 316/324/324 317/325/325
f 315/323/323 317/325/325 318/326/326
f 311/319/319 315/323/323 318/326/326
f 311/319/319 318/326/326 314/322/322
f 311/319/319 241/246/246 244/249/249
f 311/319/319 244/249/249 315/323/323
f 248/253/253 249/254/254 319/327/327
f 249/254/254 320/328/328 319/327/327
f 319/327/327 320/328/328 321/329/329
f 320/328/328 322/330/330 321/329/329
f 316/324/324 319/327/327 317/325/325
f 319/327/327 321/329/329 317/325/325
f 316/324/324 245/250/250 319/327/327
f 245/250/250 248/253/253 319/327/327
f 252/257/257 253/258/258 323/331/331
f 253/258/258 324/332/332 323/331/331
f 323/331/331 324/332/332 325/333/333
f 324/332/332 326/334/334 325/333/333
f 320/328/328 323/331/331 325/333/333
f 320/328/328 325/333/333 322/330/330
f 320/328/328 249/254/254 252/257/257
f 320/328/328 252/257/257 323/331/331
f 255/260/260 257/262/262 327/335/335
f 255/260/260 327/335/335 328/336/336
f 328/336/336 327/335/335 329/337/337
f 327/335/335 330/338/338 329/337/337
f 324/332/332 328/336/336 329/337/337
f 324/332/332 329/337/337 326/334/334
f 324/332/332 253/258/258 328/336/336
f 253/258/258 255/260/260 328/336/336
f 260/265/265 261/266/266 331/339/339
f 261/266/266 332/340/340 331/339/339
f 331/339/339 332/340/340 333/341/341
f 332/340/340 334/342/342 333/341/341
f 327/335/335 331/339/339 333/341/341
f 327/335/335 333/341/341 330/338/338
f 327/335/335 257/262/262 260/265/265
f 327/335/335 260/265/265 331/339/339
f 264/269/269 265/270/270 335/343/343
f 264/269/269 335/343/343 336/344/344
f 336/344/344 335/343/343 337/345/345
f 335/343/343 338/346/346 337/345/345
f 332/340/340 336/344/344 337/345/345
f 332/340/340 337/345/345 334/342/342
f 332/340/340 261/266/266 336/344/344
f 261/266/266 264/269/269 336/344/344
f 267/272/272 269/274/274 339/347/347
f 269/274/274 340/348/348 339/347/347
f 339/347/347 340/348/348 341/349/349
f 339/347/347 341/349/349 342/350/350
f 335/343/343 339/347/347 338/346/346
f 339/347/347 342/350/350 338/346/346
f 335/343/343 265/270/270 339/347/347
f 265/270/270 267/272/272 339/347/347
f 272/277/277 273/278/278 343/351/351
f 273/278/278 344/352/352 343/351/351
f 343/351/351 344/352/352 345/353/353
f 343/351/351 345/353/353 346/354/354
f 340/348/348 343/351/351 341/349/349
f 343/351/351 346/354/354 341/349/349
f 340/348/348 269/274/274 343/351/351
f 269/274/274 272/277/277 343/351/351
f 276/281/281 277/282/282 347/355/355
f 276/281/281 347/355/355 348/356/356
f 348/356/356 347/355/355 349/357/357
f 347/355/355 350/358/358 349/357/357
f 344/352/352 348/356/356 345/353/353
f 348/356/356 349/357/357 345/353/353
f 344/352/352 273/278/278 348/356/356
f 273/278/278 276/281/281 348/356/356
f 280/285/285 281/286/286 351/359/359
f 281/286/286 352/360/360 351/359/359
f 351/359/359 352/360/360 353/361/361
f 352/360/360 354/362/362 353/361/361
f 347/355/355 351/359/359 350/358/358
f 351/359/359 353/361/361 350/358/358
f 347/355/355 277/282/282 351/359/359
f 277/282/282 280/285/285 351/359/359
f 283/288/288 285/290/290 355/363/363
f 283/288/288 355/363/363 356/364/364
f 356/364/364 355/363/363 357/365/365
f 356/364/364 357/365/365 358/366/366
f 352/360/360 356/364/364 358/366/366
f 352/360/360 358/366/366 354/362/362
f 352/360/360 281/286/286 283/288/288
f 352/360/360 283/288/288 356/364/364
f 287/292/292 220/225/225 293/298/298
f 287/292/292 293/298/298 359/367/367
f 359/367/367 293/298/298 294/299/299
f 359/367/367 294/299/299 360/368/368
f 355/363/363 359/367/367 357/365/365
f 359/367/367 360/368/368 357/365/365
f 355/363/363 285/290/290 359/367/367
f 285/290/290 287/292/292 359/367/367
f 361/369/369 362/370/370 363/371/371
f 361/369/369 363/371/371 364/372/372
f 363/371/371 365/373/373 366/374/374
f 363/371/371 366/374/374 364/372/372
f 366/374/374 367/375/375 364/372/372
f 367/375/375 368/376/376 364/372/372
f 368/376/376 369/377/377 364/372/372
f 369/377/377 361/369/369 364/372/372
f 370/378/378 371/379/379 372/380/380
f 370/378/378 372/380/380 373/381/381
f 372/380/380 374/382/382 375/383/383
f 372/380/380 375/383/383 373/381/381
f 375/383/383 365/373/373 363/371/371
f 375/383/383 363/371/371 373/381/381
f 363/371/371 362/370/370 370/378/378
f 363/371/371 370/378/378 373/381/381
f 376/384/384 377/385/385 378/386/386
f 376/384/384 378/386/386 379/387/387
f 378/386/386 380/388/388 379/387/387
f 380/388/388 381/389/389 379/387/387
f 381/389/389 374/382/382 379/387/387
f 374/382/382 372/380/380 379/387/387
f 372/380/380 371/379/379 376/384/384
f 372/380/380 376/384/384 379/387/387
f 382/390/390 383/391/391 384/392/392
f 382/390/390 384/392/392 385/393/393
f 384/392/392 386/394/394 387/395/395
f 384/392/392 387/395/395 385/393/393
f 387/395/395 380/388/388 385/393/393
f 380/388/388 378/386/386 385/393/393
f 378/386/386 377/385/385 385/393/393
f 377/385/385 382/390/390 385/393/393
f 388/396/396 389/397/397 390/398/398
f 388/396/396 390/398/398 391/399/399
f 390/398/398 392/400/400 393/401/401
f 390/398/398 393/401/401 391/399/399
f 393/402/402 386/394/394 384/392/392
f 393/402/402 384/392/392 391/403/403
f 384/392/392 383/391/391 391/403/403
f 383/391/391 388/404/404 391/403/403
f 394/405/405 395/406/406 396/407/407
f 395/406/406 397/408/408 396/407/407
f 397/408/408 398/409/409 396/407/407
f 398/409/409 399/410/410 396/407/407
f 399/410/410 392/400/400 390/398/398
f 399/410/410 390/398/398 396/407/407
f 390/398/398 389/397/397 394/405/405
f 390/398/398 394/405/405 396/407/407
f 400/411/411 401/412/412 402/413/413
f 400/411/411 402/413/413 403/414/414
f 402/413/413 404/415/415 405/416/416
f 402/413/413 405/416/416 403/414/414
f 405/416/416 398/409/409 403/414/414
f 398/409/409 397/408/408 403/414/414
f 397/408/408 395/406/406 403/414/414
f 395/406/406 400/411/411 403/414/414
f 406/417/417 407/418/418 408/419/419
f 406/417/417 408/419/419 409/420/420
f 408/419/419 410/421/421 411/422/422
f 408/419/419 411/422/422 409/420/420
f 411/422/422 404/415/415 402/413/413
f 411/422/422 402/413/413 409/420/420
f 402/413/413 401/412/412 406/417/417
f 402/413/413 406/417/417 409/420/420
f 412/423/423 413/424/424 414/425/425
f 412/423/423 414/425/425 415/426/426
f 414/425/425 416/427/427 415/426/426
f 416/427/427 417/428/428 415/426/426
f 417/428/428 410/421/421 408/419/419
f 417/428/428 408/419/419 415/426/426
f 408/419/419 407/418/418 412/423/423
f 408/419/419 412/423/423 415/426/426
f 418/429/429 419/430/430 420/431/431
f 418/429/429 420/431/431 421/432/432
f 420/431/431 422/433/433 421/432/432
f 422/433/433 423/434/434 421/432/432
f 423/434/434 416/427/427 421/432/432
f 416/427/427 414/425/425 421/432/432
f 414/425/425 413/424/424 421/432/432
f 413/424/424 418/429/429 421/432/432
f 424/435/435 425/436/436 426/437/437
f 424/435/435 426/437/437 427/438/438
f 426/437/437 428/439/439 429/440/440
f 426/437/437 429/440/440 427/438/438
f 429/440/440 422/433/433 420/431/431
f 429/440/440 420/431/431 427/438/438
f 420/431/431 419/430/430 424/435/435
f 420/431/431 424/435/435 427/438/438
f 430/441/441 431/442/442 432/443/443
f 430/441/441 432/443/443 433/444/444
f 432/443/443 434/445/445 433/444/444
f 434/445/445 435/446/446 433/444/444
f 435/446/446 428/439/439 426/437/437
f 435/446/446 426/437/437 433/444/444
f 426/437/437 425/436/436 430/441/441
f 426/437/437 430/441/441 433/444/444
f 436/447/447 437/448/448 438/449/449
f 437/448/448 439/450/450 438/449/449
f 439/450/450 440/451/451 441/452/452
f 439/450/450 441/452/452 438/449/449
f 441/452/452 434/445/445 438/449/449
f 434/445/445 432/443/443 438/449/449
f 432/443/443 431/442/442 436/447/447
f 432/443/443 436/447/447 438/449/449
f 442/453/453 443/454/454 444/455/455
f 442/453/453 444/455/455 445/456/456
f 444/455/455 446/457/457 445/456/456
f 446/457/457 447/458/458 445/456/456
f 447/458/458 440/451/451 439/450/450
f 447/458/458 439/450/450 445/456/456
f 439/450/450 437/448/448 445/456/456
f 437/448/448 442/453/453 445/456/456
f 448/459/459 449/460/460 450/461/461
f 448/459/459 450/461/461 451/462/462
f 450/461/461 452/463/463 453/464/464
f 450/461/461 453/464/464 451/462/462
f 453/464/464 446/457/457 444/455/455
f 453/464/464 444/455/455 451/462/462
f 444/455/455 443/454/454 448/459/459
f 444/455/455 448/459/459 451/462/462
f 454/465/465 455/466/466 456/467/467
f 454/465/465 456/467/467 457/468/468
f 456/467/467 458/469/469 457/468/468
f 458/469/469 459/470/470 457/468/468
f 459/470/470 452/463/463 457/468/468
f 452/463/463 450/461/461 457/468/468
f 450/461/461 449/460/460 457/468/468
f 449/460/460 454/465/465 457/468/468
f 460/471/471 461/472/472 462/473/473
f 460/471/471 462/473/473 463/474/474
f 462/473/473 464/475/475 463/474/474
f 464/475/475 465/476/476 463/474/474
f 465/476/476 458/469/469 456/467/467
f 465/476/476 456/467/467 463/474/474
f 456/467/467 455/466/466 460/471/471
f 456/467/467 460/471/471 463/474/474
f 466/477/477 369/377/377 467/478/478
f 369/377/377 368/376/376 467/478/478
f 368/376/376 367/375/375 467/478/478
f 367/375/375 468/479/479 467/478/478
f 468/479/479 464/475/475 467/478/478
f 464/475/475 462/473/473 467/478/478
f 462/473/473 461/472/472 466/477/477
f 462/473/473 466/477/477 467/478/478
f 366/374/374 365/373/373 469/480/480
f 365/373/373 470/481/481 469/480/480
f 470/481/481 471/482/482 472/483/483
f 470/481/481 472/483/483 469/480/480
f 472/483/483 473/484/484 469/480/480
f 473/484/484 474/485/485 469/480/480
f 474/485/485 367/375/375 469/480/480
f 367/375/375 366/374/374 469/480/480
f 375/383/383 374/382/382 475/486/486
f 375/383/383 475/486/486 476/487/487
f 475/486/486 477/488/488 478/489/489
f 475/486/486 478/489/489 476/487/487
f 478/489/489 471/482/482 470/481/481
f 478/489/489 470/481/481 476/487/487
f 470/481/481 365/373/373 476/487/487
f 365/373/373 375/383/383 476/487/487
f 381/389/389 380/388/388 479/490/490
f 380/388/388 480/491/491 479/490/490
f 480/491/491 481/492/492 482/493/493
f 480/491/491 482/493/493 479/490/490
f 482/493/493 477/488/488 475/486/486
f 482/493/493 475/486/486 479/490/490
f 475/486/486 374/382/382 381/389/389
f 475/486/486 381/389/389 479/490/490
f 387/395/395 386/394/394 483/494/494
f 387/395/395 483/494/494 484/495/495
f 483/494/494 485/496/496 486/497/497
f 483/494/494 486/497/497 484/495/495
f 486/497/497 481/492/492 480/491/491
f 486/497/497 480/491/491 484/495/495
f 480/491/491 380/388/388 484/495/495
f 380/388/388 387/395/395 484/495/495
f 393/401/401 392/400/400 487/498/498
f 392/400/400 488/499/499 487/498/498
f 488/499/499 489/500/500 487/498/498
f 489/500/500 490/501/501 487/498/498
f 490/502/502 485/496/496 487/503/503
f 485/496/496 483/494/494 487/503/503
f 483/494/494 386/394/394 487/503/503
f 386/394/394 393/402/402 487/503/503
f 399/410/410 398/409/409 491/504/504
f 398/409/409 492/505/505 491/504/504
f 492/505/505 493/506/506 494/507/507
f 492/505/505 494/507/507 491/504/504
f 494/507/507 489/500/500 488/499/499
f 494/507/507 488/499/499 491/504/504
f 488/499/499 392/400/400 399/410/410
f 488/499/499 399/410/410 491/504/504
f 405/416/416 404/415/415 495/508/508
f 405/416/416 495/508/508 496/509/509
f 495/508/508 497/510/510 498/511/511
f 495/508/508 498/511/511 496/509/509
f 498/511/511 493/506/506 492/505/505
f 498/511/511 492/505/505 496/509/509
f 492/505/505 398/409/409 405/416/416
f 492/505/505 405/416/416 496/509/509
f 411/422/422 410/421/421 499/512/512
f 410/421/421 500/513/513 499/512/512
f 500/513/513 501/514/514 502/515/515
f 500/513/513 502/515/515 499/512/512
f 502/515/515 497/510/510 495/508/508
f 502/515/515 495/508/508 499/512/512
f 495/508/508 404/415/415 499/512/512
f 404/415/415 411/422/422 499/512/512
f 417/428/428 416/427/427 503/516/516
f 417/428/428 503/516/516 504/517/517
f 503/516/516 505/518/518 506/519/519
f 503/516/516 506/519/519 504/517/517
f 506/519/519 501/514/514 500/513/513
f 506/519/519 500/513/513 504/517/517
f 500/513/513 410/421/421 504/517/517
f 410/421/421 417/428/428 504/517/517
f 423/434/434 422/433/433 507/520/520
f 422/433/433 508/521/521 507/520/520
f 508/521/521 509/522/522 507/520/520
f 509/522/522 510/523/523 507/520/520
f 510/523/523 505/518/518 503/516/516
f 510/523/523 503/516/516 507/520/520
f 503/516/516 416/427/427 507/520/520
f 416/427/427 423/434/434 507/520/520
f 429/440/440 428/439/439 511/524/524
f 428/439/439 512/525/525 511/524/524
f 512/525/525 513/526/526 514/527/527
f 512/525/525 514/527/527 511/524/524
f 514/527/527 509/522/522 508/521/521
f 514/527/527 508/521/521 511/524/524
f 508/521/521 422/433/433 429/440/440
f 508/521/521 429/440/440 511/524/524
f 435/446/446 434/445/445 515/528/528
f 434/445/445 516/529/529 515/528/528
f 516/529/529 517/530/530 515/528/528
f 517/530/530 518/531/531 515/528/528
f 518/531/531 513/526/526 515/528/528
f 513/526/526 512/525/525 515/528/528
f 512/525/525 428/439/439 515/528/528
f 428/439/439 435/446/446 515/528/528
f 441/452/452 440/451/451 519/532/532
f 441/452/452 519/532/532 520/533/533
f 519/532/532 521/534/534 522/535/535
f 519/532/532 522/535/535 520/533/533
f 522/535/535 517/530/530 516/529/529
f 522/535/535 516/529/529 520/533/533
f 516/529/529 434/445/445 520/533/533
f 434/445/445 441/452/452 520/533/533
f 447/458/458 446/457/457 523/536/536
f 446/457/457 524/537/537 523/536/536
f 524/537/537 525/538/538 523/536/536
f 525/538/538 526/539/539 523/536/536
f 526/539/539 521/534/534 523/536/536
f 521/534/534 519/532/532 523/536/536
f 519/532/532 440/451/451 447/458/458
f 519/532/532 447/458/458 523/536/536
f 453/464/464 452/463/463 527/540/540
f 453/464/464 527/540/540 528/541/541
f 527/540/540 529/542/542 528/541/541
f 529/542/542 530/543/543 528/541/541
f 530/543/543 525/538/538 528/541/541
f 525/538/538 524/537/537 528/541/541
f 524/537/537 446/457/457 528/541/541
f 446/457/457 453/464/464 528/541/541
f 459/470/470 458/469/469 531/544/544
f 459/470/470 531/544/544 532/545/545
f 531/544/544 533/546/546 534/547/547
f 531/544/544 534/547/547 532/545/545
f 534/547/547 529/542/542 532/545/545
f 529/542/542 527/540/540 532/545/545
f 527/540/540 452/463/463 459/470/470
f 527/540/540 459/470/470 532/545/545
f 465/476/476 464/475/475 535/548/548
f 465/476/476 535/548/548 536/549/549
f 535/548/548 537/550/550 538/551/551
f 535/548/548 538/551/551 536/549/549
f 538/551/551 533/546/546 531/544/544
f 538/551/551 531/544/544 536/549/549
f 531/544/544 458/469/469 465/476/476
f 531/544/544 465/476/476 536/549/549
f 468/479/479 367/375/375 539/552/552
f 367/375/375 474/485/485 539/552/552
f 474/485/485 473/484/484 539/552/552
f 473/484/484 540/553/553 539/552/552
f 540/553/553 537/550/550 535/548/548
f 540/553/553 535/548/548 539/552/552
f 535/548/548 464/475/475 539/552/552
f 464/475/475 468/479/479 539/552/552
f 541/554/554 542/555/555 543/556/556
f 542/555/555 544/557/557 543/556/556
f 544/557/557 545/558/558 543/556/556
f 545/558/558 546/559/559 543/556/556
f 546/559/559 547/560/560 548/561/561
f 546/559/559 548/561/561 543/556/556
f 548/561/561 549/562/562 541/554/554
f 548/561/561 541/554/554 543/556/556
f 550/563/563 551/564/564 552/565/565
f 550/563/563 552/565/565 553/566/566
f 552/565/565 554/567/567 555/568/568
f 552/565/565 555/568/568 553/566/566
f 555/568/568 545/558/558 544/557/557
f 555/568/568 544/557/557 553/566/566
f 544/557/557 542/555/555 550/563/563
f 544/557/557 550/563/563 553/566/566
f 556/569/569 557/570/570 558/571/571
f 556/569/569 558/571/571 559/572/572
f 558/571/571 560/573/573 561/574/574
f 558/571/571 561/574/574 559/572/572
f 561/574/574 554/567/567 552/565/565
f 561/574/574 552/565/565 559/572/572
f 552/565/565 551/564/564 556/569/569
f 552/565/565 556/569/569 559/572/572
f 562/575/575 563/576/576 564/577/577
f 562/575/575 564/577/577 565/578/578
f 564/577/577 566/579/579 565/578/578
f 566/579/579 567/580/580 565/578/578
f 567/580/580 560/573/573 558/571/571
f 567/580/580 558/571/571 565/578/578
f 558/571/571 557/570/570 562/575/575
f 558/571/571 562/575/575 565/578/578
f 568/581/581 569/582/582 570/583/583
f 568/581/581 570/583/583 571/584/584
f 570/583/583 572/585/585 571/584/584
f 572/585/585 573/586/586 571/584/584
f 573/587/587 566/579/579 571/588/588
f 566/579/579 564/577/577 571/588/588
f 564/577/577 563/576/576 568/589/589
f 564/577/577 568/589/589 571/588/588
f 574/590/590 575/591/591 576/592/592
f 574/590/590 576/592/592 577/593/593
f 576/592/592 578/594/594 577/593/593
f 578/594/594 579/595/595 577/593/593
f 579/595/595 572/585/585 577/593/593
f 572/585/585 570/583/583 577/593/593
f 570/583/583 569/582/582 577/593/593
f 569/582/582 574/590/590 577/593/593
f 580/596/596 581/597/597 582/598/598
f 580/596/596 582/598/598 583/599/599
f 582/598/598 584/600/600 585/601/601
f 582/598/598 585/601/601 583/599/599
f 585/601/601 578/594/594 583/599/599
f 578/594/594 576/592/592 583/599/599
f 576/592/592 575/591/591 580/596/596
f 576/592/592 580/596/596 583/599/599
f 586/602/602 587/603/603 588/604/604
f 587/603/603 589/605/605 588/604/604
f 589/605/605 590/606/606 588/604/604
f 590/606/606 591/607/607 588/604/604
f 591/607/607 584/600/600 582/598/598
f 591/607/607 582/598/598 588/604/604
f 582/598/598 581/597/597 586/602/602
f 582/598/598 586/602/602 588/604/604
f 592/608/608 593/609/609 594/610/610
f 592/608/608 594/610/610 595/611/611
f 594/610/610 596/612/612 595/611/611
f 596/612/612 597/613/613 595/611/611
f 597/613/613 590/606/606 595/611/611
f 590/606/606 589/605/605 595/611/611
f 589/605/605 587/603/603 595/611/611
f 587/603/603 592/608/608 595/611/611
f 598/614/614 599/615/615 600/616/616
f 599/615/615 601/617/617 600/616/616
f 601/617/617 602/618/618 600/616/616
f 602/618/618 603/619/619 600/616/616
f 603/619/619 596/612/612 600/616/616
f 596/612/612 594/610/610 600/616/616
f 594/610/610 593/609/609 598/614/614
f 594/610/610 598/614/614 600/616/616
f 604/620/620 605/621/621 606/622/622
f 604/620/620 606/622/622 607/623/623
f 606/622/622 608/624/624 607/623/623
f 608/624/624 609/625/625 607/623/623
f 609/625/625 602/618/618 607/623/623
f 602/618/618 601/617/617 607/623/623
f 601/617/617 599/615/615 607/623/623
f 599/615/615 604/620/620 607/623/623
f 610/626/626 611/627/627 612/628/628
f 611/627/627 613/629/629 612/628/628
f 613/629/629 614/630/630 615/631/631
f 613/629/629 615/631/631 612/628/628
f 615/631/631 608/624/624 612/628/628
f 608/624/624 606/622/622 612/628/628
f 606/622/622 605/621/621 612/628/628
f 605/621/621 610/626/626 612/628/628
f 616/632/632 617/633/633 618/634/634
f 617/633/633 619/635/635 618/634/634
f 619/635/635 620/636/636 621/637/637
f 619/635/635 621/637/637 618/634/634
f 621/637/637 614/630/630 613/629/629
f 621/637/637 613/629/629 618/634/634
f 613/629/629 611/627/627 618/634/634
f 611/627/627 616/632/632 618/634/634
f 622/638/638 623/639/639 624/640/640
f 622/638/638 624/640/640 625/641/641
f 624/640/640 626/642/642 627/643/643
f 624/640/640 627/643/643 625/641/641
f 627/643/643 620/636/636 619/635/635
f 627/643/643 619/635/635 625/641/641
f 619/635/635 617/633/633 622/638/638
f 619/635/635 622/638/638 625/641/641
f 628/644/644 629/645/645 630/646/646
f 628/644/644 630/646/646 631/647/647
f 630/646/646 632/648/648 631/647/647
f 632/648/648 633/649/649 631/647/647
f 633/649/649 626/642/642 624/640/640
f 633/649/649 624/640/640 631/647/647
f 624/640/640 623/639/639 628/644/644
f 624/640/640 628/644/644 631/647/647
f 634/650/650 635/651/651 636/652/652
f 634/650/650 636/652/652 637/653/653
f 636/652/652 638/654/654 639/655/655
f 636/652/652 639/655/655 637/653/653
f 639/655/655 632/648/648 630/646/646
f 639/655/655 630/646/646 637/653/653
f 630/646/646 629/645/645 634/650/650
f 630/646/646 634/650/650 637/653/653
f 640/656/656 641/657/657 642/658/658
f 641/657/657 643/659/659 642/658/658
f 643/659/659 644/660/660 642/658/658
f 644/660/660 645/661/661 642/658/658
f 645/661/661 638/654/654 642/658/658
f 638/654/654 636/652/652 642/658/658
f 636/652/652 635/651/651 642/658/658
f 635/651/651 640/656/656 642/658/658
f 646/662/662 549/562/562 548/561/561
f 646/662/662 548/561/561 647/663/663
f 548/561/561 547/560/560 648/664/664
f 548/561/561 648/664/664 647/663/663
f 648/664/664 644/660/660 643/659/659
f 648/664/664 643/659/659 647/663/663
f 643/659/659 641/657/657 646/662/662
f 643/659/659 646/662/662 647/663/663
f 546/559/559 545/558/558 649/665/665
f 545/558/558 650/666/666 649/665/665
f 650/666/666 651/667/667 652/668/668
f 650/666/666 652/668/668 649/665/665
f 652/668/668 653/669/669 649/665/665
f 653/669/669 654/670/670 649/665/665
f 654/670/670 547/560/560 546/559/559
f 654/670/670 546/559/559 649/665/665
f 555/568/568 554/567/567 655/671/671
f 555/568/568 655/671/671 656/672/672
f 655/671/671 657/673/673 656/672/672
f 657/673/673 658/674/674 656/672/672
f 658/674/674 651/667/667 650/666/666
f 658/674/674 650/666/666 656/672/672
f 650/666/666 545/558/558 555/568/568
f 650/666/666 555/568/568 656/672/672
f 561/574/574 560/573/573 659/675/675
f 560/573/573 660/676/676 659/675/675
f 660/676/676 661/677/677 659/675/675
f 661/677/677 662/678/678 659/675/675
f 662/678/678 657/673/673 659/675/675
f 657/673/673 655/671/671 659/675/675
f 655/671/671 554/567/567 659/675/675
f 554/567/567 561/574/574 659/675/675
f 567/580/580 566/579/579 663/679/679
f 566/579/579 664/680/680 663/679/679
f 664/680/680 665/681/681 666/682/682
f 664/680/680 666/682/682 663/679/679
f 666/682/682 661/677/677 663/679/679
f 661/677/677 660/676/676 663/679/679
f 660/676/676 560/573/573 567/580/580
f 660/676/676 567/580/580 663/679/679
f 573/586/586 572/585/585 667/683/683
f 572/585/585 668/684/684 667/683/683
f 668/684/684 669/685/685 670/686/686
f 668/684/684 670/686/686 667/683/683
f 670/687/687 665/681/681 664/680/680
f 670/687/687 664/680/680 667/688/688
f 664/680/680 566/579/579 667/688/688
f 566/579/579 573/587/587 667/688/688
f 579/595/595 578/594/594 671/689/689
f 578/594/594 672/690/690 671/689/689
f 672/690/690 673/691/691 671/689/689
f 673/691/691 674/692/692 671/689/689
f 674/692/692 669/685/685 668/684/684
f 674/692/692 668/684/684 671/689/689
f 668/684/684 572/585/585 671/689/689
f 572/585/585 579/595/595 671/689/689
f 585/601/601 584/600/600 675/693/693
f 585/601/601 675/693/693 676/694/694
f 675/693/693 677/695/695 678/696/696
f 675/693/693 678/696/696 676/694/694
f 678/696/696 673/691/691 676/694/694
f 673/691/691 672/690/690 676/694/694
f 672/690/690 578/594/594 676/694/694
f 578/594/594 585/601/601 676/694/694
f 591/607/607 590/606/606 679/697/697
f 591/607/607 679/697/697 680/698/698
f 679/697/697 681/699/699 682/700/700
f 679/697/697 682/700/700 680/698/698
f 682/700/700 677/695/695 675/693/693
f 682/700/700 675/693/693 680/698/698
f 675/693/693 584/600/600 591/607/607
f 675/693/693 591/607/607 680/698/698
f 597/613/613 596/612/612 683/701/701
f 596/612/612 684/702/702 683/701/701
f 684/702/702 685/703/703 683/701/701
f 685/703/703 686/704/704 683/701/701
f 686/704/704 681/699/699 679/697/697
f 686/704/704 679/697/697 683/701/701
f 679/697/697 590/606/606 683/701/701
f 590/606/606 597/613/613 683/701/701
f 603/619/619 602/618/618 687/705/705
f 602/618/618 688/706/706 687/705/705
f 688/706/706 689/707/707 687/705/705
f 689/707/707 690/708/708 687/705/705
f 690/708/708 685/703/703 687/705/705
f 685/703/703 684/702/702 687/705/705
f 684/702/702 596/612/612 687/705/705
f 596/612/612 603/619/619 687/705/705
f 609/625/625 608/624/624 691/709/709
f 609/625/625 691/709/709 692/710/710
f 691/709/709 693/711/711 694/712/712
f 691/709/709 694/712/712 692/710/710
f 694/712/712 689/707/707 688/706/706
f 694/712/712 688/706/706 692/710/710
f 688/706/706 602/618/618 609/625/625
f 688/706/706 609/625/625 692/710/710
f 615/631/631 614/630/630 695/713/713
f 615/631/631 695/713/713 696/714/714
f 695/713/713 697/715/715 698/716/716
f 695/713/713 698/716/716 696/714/714
f 698/716/716 693/711/711 696/714/714
f 693/711/711 691/709/709 696/714/714
f 691/709/709 608/624/624 615/631/631
f 691/709/709 615/631/631 696/714/714
f 621/637/637 620/636/636 699/717/717
f 621/637/637 699/717/717 700/718/718
f 699/717/717 701/719/719 702/720/720
f 699/717/717 702/720/720 700/718/718
f 702/720/720 697/715/715 700/718/718
f 697/715/715 695/713/713 700/718/718
f 695/713/713 614/630/630 621/637/637
f 695/713/713 621/637/637 700/718/718
f 627/643/643 626/642/642 703/721/721
f 626/642/642 704/722/722 703/721/721
f 704/722/722 705/723/723 703/721/721
f 705/723/723 706/724/724 703/721/721
f 706/724/724 701/719/719 703/721/721
f 701/719/719 699/717/717 703/721/721
f 699/717/717 620/636/636 703/721/721
f 620/636/636 627/643/643 703/721/721
f 633/649/649 632/648/648 707/725/725
f 633/649/649 707/725/725 708/726/726
f 707/725/725 709/727/727 708/726/726
f 709/727/727 710/728/728 708/726/726
f 710/728/728 705/723/723 704/722/722
f 710/728/728 704/722/722 708/726/726
f 704/722/722 626/642/642 633/649/649
f 704/722/722 633/649/649 708/726/726
f 639/655/655 638/654/654 711/729/729
f 638/654/654 712/730/730 711/729/729
f 712/730/730 713/731/731 711/729/729
f 713/731/731 714/732/732 711/729/729
f 714/732/732 709/727/727 711/729/729
f 709/727/727 707/725/725 711/729/729
f 707/725/725 632/648/648 711/729/729
f 632/648/648 639/655/655 711/729/729
f 645/661/661 644/660/660 715/733/733
f 644/660/660 716/734/734 715/733/733
f 716/734/734 717/735/735 715/733/733
f 717/735/735 718/736/736 715/733/733
f 718/736/736 713/731/731 715/733/733
f 713/731/731 712/730/730 715/733/733
f 712/730/730 638/654/654 715/733/733
f 638/654/654 645/661/661 715/733/733
f 648/664/664 547/560/560 654/670/670
f 648/664/664 654/670/670 719/737/737
f 654/670/670 653/669/669 719/737/737
f 653/669/669 720/738/738 719/737/737
f 720/738/738 717/735/735 719/737/737
f 717/735/735 716/734/734 719/737/737
f 716/734/734 644/660/660 719/737/737
f 644/660/660 648/664/664 719/737/737
f 721/739/739 722/740/740 723/741/741
f 721/739/739 723/741/741 724/742/742
f 723/741/741 725/743/743 726/744/744
f 723/741/741 726/744/744 724/742/742
f 727/745/745 721/739/739 728/746/746
f 721/739/739 724/742/742 728/746/746
f 724/742/742 726/744/744 729/747/747
f 724/742/742 729/747/747 728/746/746
f 730/748/748 727/745/745 731/749/749
f 727/745/745 728/746/746 731/749/749
f 728/746/746 729/747/747 731/749/749
f 729/747/747 732/750/750 731/749/749
f 733/751/751 730/748/748 731/749/749
f 733/751/751 731/749/749 734/752/752
f 731/749/749 732/750/750 735/753/753
f 731/749/749 735/753/753 734/752/752
f 736/754/754 733/751/751 734/752/752
f 736/754/754 734/752/752 737/755/755
f 734/752/752 735/753/753 738/756/756
f 734/752/752 738/756/756 737/755/755
f 739/757/757 736/758/758 740/759/759
f 736/758/758 737/760/760 740/759/759
f 737/760/760 738/761/761 740/759/759
f 738/761/761 741/762/762 740/759/759
f 742/763/763 739/757/757 740/759/759
f 742/763/763 740/759/759 743/764/764
f 740/759/759 741/762/762 744/765/765
f 740/759/759 744/765/765 743/764/764
f 745/766/766 742/763/763 743/764/764
f 745/766/766 743/764/764 746/767/767
f 743/764/764 744/765/765 747/768/768
f 743/764/764 747/768/768 746/767/767
f 748/769/769 745/766/766 749/770/770
f 745/766/766 746/767/767 749/770/770
f 746/767/767 747/768/768 749/770/770
f 747/768/768 750/771/771 749/770/770
f 751/772/772 748/769/769 752/773/773
f 748/769/769 749/770/770 752/773/773
f 749/770/770 750/771/771 752/773/773
f 750/771/771 753/774/774 752/773/773
f 754/775/775 751/772/772 752/773/773
f 754/775/775 752/773/773 755/776/776
f 752/773/773 753/774/774 756/777/777
f 752/773/773 756/777/777 755/776/776
f 757/778/778 754/775/775 758/779/779
f 754/775/775 755/776/776 758/779/779
f 755/776/776 756/777/777 759/780/780
f 755/776/776 759/780/780 758/779/779
f 760/781/781 757/778/778 758/779/779
f 760/781/781 758/779/779 761/782/782
f 758/779/779 759/780/780 762/783/783
f 758/779/779 762/783/783 761/782/782
f 763/784/784 760/781/781 761/782/782
f 763/784/784 761/782/782 764/785/785
f 761/782/782 762/783/783 764/785/785
f 762/783/783 765/786/786 764/785/785
f 766/787/787 763/784/784 767/788/788
f 763/784/784 764/785/785 767/788/788
f 764/785/785 765/786/786 767/788/788
f 765/786/786 768/789/789 767/788/788
f 769/790/790 766/787/787 767/788/788
f 769/790/790 767/788/788 770/791/791
f 767/788/788 768/789/789 771/792/792
f 767/788/788 771/792/792 770/791/791
f 772/793/793 769/790/790 773/794/794
f 769/790/790 770/791/791 773/794/794
f 770/791/791 771/792/792 773/794/794
f 771/792/792 774/795/795 773/794/794
f 722/740/740 772/793/793 773/794/794
f 722/740/740 773/794/794 723/741/741
f 773/794/794 774/795/795 725/743/743
f 773/794/794 725/743/743 723/741/741
f 775/796/796 776/797/797 777/798/798
f 776/797/797 778/799/799 777/798/798
f 775/796/796 779/800/800 780/801/801
f 775/796/796 780/801/801 776/797/797
f 778/799/799 776/797/797 781/802/802
f 776/797/797 782/803/803 781/802/802
f 776/797/797 780/801/801 782/803/803
f 780/801/801 783/804/804 782/803/803
f 781/802/802 782/803/803 784/805/805
f 782/803/803 785/806/806 784/805/805
f 782/803/803 783/804/804 785/806/806
f 783/804/804 786/807/807 785/806/806
f 784/805/805 785/806/806 787/808/808
f 784/805/805 787/808/808 788/809/809
f 785/806/806 786/807/807 789/810/810
f 785/806/806 789/810/810 787/808/808
f 788/809/809 787/808/808 790/811/811
f 788/809/809 790/811/811 791/812/812
f 787/808/808 789/810/810 790/811/811
f 789/810/810 792/813/813 790/811/811
f 791/814/814 790/815/815 793/816/816
f 791/814/814 793/816/816 794/817/817
f 790/815/815 792/818/818 793/816/816
f 792/818/818 795/819/819 793/816/816
f 794/817/817 793/816/816 796/820/820
f 793/816/816 797/821/821 796/820/820
f 793/816/816 795/819/819 798/822/822
f 793/816/816 798/822/822 797/821/821
f 796/820/820 797/821/821 799/823/823
f 797/821/821 800/824/824 799/823/823
f 797/821/821 798/822/822 800/824/824
f 798/822/822 801/825/825 800/824/824
f 799/823/823 800/824/824 802/826/826
f 800/824/824 803/827/827 802/826/826
f 800/824/824 801/825/825 804/828/828
f 800/824/824 804/828/828 803/827/827
f 802/826/826 803/827/827 805/829/829
f 802/826/826 805/829/829 806/830/830
f 803/827/827 804/828/828 807/831/831
f 803/827/827 807/831/831 805/829/829
f 806/830/830 805/829/829 808/832/832
f 806/830/830 808/832/832 809/833/833
f 805/829/829 807/831/831 808/832/832
f 807/831/831 810/834/834 808/832/832
f 809/833/833 808/832/832 811/835/835
f 808/832/832 812/836/836 811/835/835
f 808/832/832 810/834/834 813/837/837
f 808/832/832 813/837/837 812/836/836
f 811/835/835 812/836/836 814/838/838
f 811/835/835 814/838/838 815/839/839
f 812/836/836 813/837/837 814/838/838
f 813/837/837 816/840/840 814/838/838
f 815/839/839 814/838/838 817/841/841
f 815/839/839 817/841/841 818/842/842
f 814/838/838 816/840/840 819/843/843
f 814/838/838 819/843/843 817/841/841
f 818/842/842 817/841/841 820/844/844
f 818/842/842 820/844/844 821/845/845
f 817/841/841 819/843/843 820/844/844
f 819/843/843 822/846/846 820/844/844
f 821/845/845 820/844/844 823/847/847
f 820/844/844 824/848/848 823/847/847
f 820/844/844 822/846/846 825/849/849
f 820/844/844 825/849/849 824/848/848
f 823/847/847 824/848/848 826/850/850
f 823/847/847 826/850/850 827/851/851
f 824/848/848 825/849/849 826/850/850
f 825/849/849 828/852/852 826/850/850
f 827/851/851 826/850/850 777/798/798
f 826/850/850 775/796/796 777/798/798
f 826/850/850 828/852/852 775/796/796
f 828/852/852 779/800/800 775/796/796
f 542/555/555 541/554/554 829/853/853
f 541/554/554 830/854/854 829/853/853
f 831/855/855 830/854/854 549/562/562
f 830/854/854 541/554/554 549/562/562
f 551/564/564 550/563/563 832/856/856
f 551/564/564 832/856/856 833/857/857
f 542/555/555 829/853/853 550/563/563
f 829/853/853 832/856/856 550/563/563
f 557/570/570 556/569/569 834/858/858
f 556/569/569 835/859/859 834/858/858
f 551/564/564 833/857/857 835/859/859
f 551/564/564 835/859/859 556/569/569
f 563/576/576 562/575/575 836/860/860
f 563/576/576 836/860/860 837/861/861
f 557/570/570 834/858/858 836/860/860
f 557/570/570 836/860/860 562/575/575
f 569/582/582 568/581/581 838/862/862
f 568/581/581 839/863/863 838/862/862
f 563/576/576 837/861/861 568/589/589
f 837/861/861 839/864/864 568/589/589
f 575/591/591 574/590/590 840/865/865
f 574/590/590 841/866/866 840/865/865
f 569/582/582 838/862/862 841/866/866
f 569/582/582 841/866/866 574/590/590
f 581/597/597 580/596/596 842/867/867
f 581/597/597 842/867/867 843/868/868
f 575/591/591 840/865/865 580/596/596
f 840/865/865 842/867/867 580/596/596
f 587/603/603 586/602/602 844/869/869
f 586/602/602 845/870/870 844/869/869
f 581/597/597 843/868/868 845/870/870
f 581/597/597 845/870/870 586/602/602
f 593/609/609 592/608/608 846/871/871
f 592/608/608 847/872/872 846/871/871
f 587/603/603 844/869/869 592/608/608
f 844/869/869 847/872/872 592/608/608
f 599/615/615 598/614/614 848/873/873
f 598/614/614 849/874/874 848/873/873
f 593/609/609 846/871/871 598/614/614
f 846/871/871 849/874/874 598/614/614
f 605/621/621 604/620/620 850/875/875
f 604/620/620 851/876/876 850/875/875
f 599/615/615 848/873/873 604/620/620
f 848/873/873 851/876/876 604/620/620
f 611/627/627 610/626/626 852/877/877
f 611/627/627 852/877/877 853/878/878
f 605/621/621 850/875/875 852/877/877
f 605/621/621 852/877/877 610/626/626
f 617/633/633 616/632/632 854/879/879
f 617/633/633 854/879/879 855/880/880
f 611/627/627 853/878/878 854/879/879
f 611/627/627 854/879/879 616/632/632
f 623/639/639 622/638/638 856/881/881
f 622/638/638 857/882/882 856/881/881
f 617/633/633 855/880/880 622/638/638
f 855/880/880 857/882/882 622/638/638
f 629/645/645 628/644/644 858/883/883
f 628/644/644 859/884/884 858/883/883
f 623/639/639 856/881/881 859/884/884
f 623/639/639 859/884/884 628/644/644
f 635/651/651 634/650/650 860/885/885
f 635/651/651 860/885/885 861/886/886
f 629/645/645 858/883/883 634/650/650
f 858/883/883 860/885/885 634/650/650
f 641/657/657 640/656/656 862/887/887
f 641/657/657 862/887/887 863/888/888
f 635/651/651 861/886/886 862/887/887
f 635/651/651 862/887/887 640/656/656
f 831/855/855 549/562/562 864/889/889
f 549/562/562 646/662/662 864/889/889
f 641/657/657 863/888/888 864/889/889
f 641/657/657 864/889/889 646/662/662
f 221/226/226 219/224/224 218/223/223
f 221/226/226 218/223/223 222/227/227
f 225/230/230 224/229/229 226/231/231
f 224/229/229 223/228/228 226/231/231
f 229/234/234 227/232/232 230/235/235
f 227/232/232 228/233/233 230/235/235
f 233/238/238 231/236/236 232/237/237
f 233/238/238 232/237/237 234/239/239
f 237/242/242 236/312/312 238/243/243
f 236/312/312 235/890/890 238/243/243
f 241/246/246 240/245/245 239/244/244
f 241/246/246 239/244/244 242/247/247
f 245/250/250 244/249/249 246/251/251
f 244/249/249 243/248/248 246/251/251
f 249/254/254 248/253/253 247/252/252
f 249/254/254 247/252/252 250/255/255
f 253/258/258 252/257/257 254/259/259
f 252/257/257 251/256/256 254/259/259
f 257/262/262 255/260/260 256/261/261
f 257/262/262 256/261/261 258/263/263
f 261/266/266 260/265/265 259/264/264
f 261/266/266 259/264/264 262/267/267
f 265/270/270 264/269/269 263/268/268
f 265/270/270 263/268/268 266/271/271
f 269/274/274 267/272/272 270/275/275
f 267/272/272 268/273/273 270/275/275
f 273/278/278 272/277/277 271/276/276
f 273/278/278 271/276/276 274/279/279
f 277/282/282 276/281/281 275/280/280
f 277/282/282 275/280/280 278/283/283
f 281/286/286 280/285/285 279/284/284
f 281/286/286 279/284/284 282/287/287
f 285/290/290 283/288/288 286/291/291
f 283/288/288 284/289/289 286/291/291
f 217/222/222 220/225/225 287/292/292
f 217/222/222 287/292/292 288/293/293
f 13/13/13 110/112/112 109/111/111
f 13/13/13 109/111/111 6/6/6
f 109/111/111 117/119/119 7/7/7
f 109/111/111 7/7/7 6/6/6
f 13/13/13 6/6/6 3/3/3
f 13/13/13 3/3/3 4/4/4
f 19/19/19 119/121/121 118/120/120
f 19/19/19 118/120/120 14/14/14
f 118/120/120 110/112/112 14/14/14
f 110/112/112 13/13/13 14/14/14
f 19/19/19 14/14/14 12/12/12
f 19/19/19 12/12/12 11/11/11
f 25/25/25 125/127/127 124/126/126
f 25/25/25 124/126/126 20/20/20
f 124/126/126 119/121/121 19/19/19
f 124/126/126 19/19/19 20/20/20
f 25/25/25 20/20/20 18/18/18
f 25/25/25 18/18/18 17/17/17
f 31/31/31 131/133/133 130/132/132
f 31/31/31 130/132/132 26/26/26
f 130/132/132 125/127/127 25/25/25
f 130/132/132 25/25/25 26/26/26
f 31/31/31 26/26/26 24/24/24
f 31/31/31 24/24/24 23/23/23
f 37/39/39 137/139/139 32/891/891
f 137/139/139 136/138/138 32/891/891
f 136/146/146 131/133/133 32/33/33
f 131/133/133 31/31/31 32/33/33
f 37/39/39 32/891/891 30/30/30
f 37/39/39 30/30/30 29/29/29
f 43/45/45 143/148/148 142/147/147
f 43/45/45 142/147/147 38/40/40
f 142/147/147 137/139/139 37/39/39
f 142/147/147 37/39/39 38/40/40
f 43/45/45 38/40/40 35/37/37
f 43/45/45 35/37/37 36/38/38
f 49/51/51 149/154/154 148/153/153
f 49/51/51 148/153/153 44/46/46
f 148/153/153 143/148/148 44/46/46
f 143/148/148 43/45/45 44/46/46
f 49/51/51 44/46/46 41/43/43
f 49/51/51 41/43/43 42/44/44
f 55/57/57 155/160/160 50/52/52
f 155/160/160 154/159/159 50/52/52
f 154/159/159 149/154/154 49/51/51
f 154/159/159 49/51/51 50/52/52
f 55/57/57 50/52/52 47/49/49
f 55/57/57 47/49/49 48/50/50
f 61/63/63 161/166/166 160/165/165
f 61/63/63 160/165/165 56/58/58
f 160/165/165 155/160/160 55/57/57
f 160/165/165 55/57/57 56/58/58
f 61/63/63 56/58/58 53/55/55
f 61/63/63 53/55/55 54/56/56
f 67/69/69 167/172/172 166/171/171
f 67/69/69 166/171/171 62/64/64
f 166/171/171 161/166/166 61/63/63
f 166/171/171 61/63/63 62/64/64
f 67/69/69 62/64/64 59/61/61
f 67/69/69 59/61/61 60/62/62
f 73/75/75 173/178/178 68/70/70
f 173/178/178 172/177/177 68/70/70
f 172/177/177 167/172/172 68/70/70
f 167/172/172 67/69/69 68/70/70
f 73/75/75 68/70/70 66/68/68
f 73/75/75 66/68/68 65/67/67
f 79/81/81 179/184/184 178/183/183
f 79/81/81 178/183/183 74/76/76
f 178/183/183 173/178/178 74/76/76
f 173/178/178 73/75/75 74/76/76
f 79/81/81 74/76/76 72/74/74
f 79/81/81 72/74/74 71/73/73
f 85/87/87 185/190/190 80/82/82
f 185/190/190 184/189/189 80/82/82
f 184/189/189 179/184/184 79/81/81
f 184/189/189 79/81/81 80/82/82
f 85/87/87 80/82/82 77/79/79
f 85/87/87 77/79/79 78/80/80
f 91/93/93 191/196/196 86/88/88
f 191/196/196 190/195/195 86/88/88
f 190/195/195 185/190/190 86/88/88
f 185/190/190 85/87/87 86/88/88
f 91/93/93 86/88/88 84/86/86
f 91/93/93 84/86/86 83/85/85
f 97/99/99 197/202/202 196/201/201
f 97/99/99 196/201/201 92/94/94
f 196/201/201 191/196/196 92/94/94
f 191/196/196 91/93/93 92/94/94
f 97/99/99 92/94/94 90/92/92
f 97/99/99 90/92/92 89/91/91
f 103/105/105 203/208/208 202/207/207
f 103/105/105 202/207/207 98/100/100
f 202/207/207 197/202/202 97/99/99
f 202/207/207 97/99/99 98/100/100
f 103/105/105 98/100/100 95/97/97
f 103/105/105 95/97/97 96/98/98
f 107/109/109 209/214/214 208/213/213
f 107/109/109 208/213/213 104/106/106
f 208/213/213 203/208/208 103/105/105
f 208/213/213 103/105/105 104/106/106
f 107/109/109 104/106/106 102/104/104
f 107/109/109 102/104/104 101/103/103
f 7/7/7 117/119/119 214/219/219
f 7/7/7 214/219/219 108/110/110
f 214/219/219 209/214/214 108/110/110
f 209/214/214 107/109/109 108/110/110
f 5/5/5 7/7/7 108/110/110
f 5/5/5 108/110/110 106/108/108
f 113/115/115 222/227/227 218/223/223
f 113/115/115 218/223/223 114/116/116
f 218/223/223 217/222/222 116/118/118
f 218/223/223 116/118/118 114/116/116
f 123/125/125 226/231/231 122/124/124
f 226/231/231 223/228/228 122/124/124
f 223/228/228 222/227/227 113/115/115
f 223/228/228 113/115/115 122/124/124
f 128/130/130 230/235/235 129/131/131
f 230/235/235 228/233/233 129/131/131
f 228/233/233 226/231/231 129/131/131
f 226/231/231 123/125/125 129/131/131
f 135/137/137 234/239/239 134/136/136
f 234/239/239 232/237/237 134/136/136
f 232/237/237 230/235/235 128/130/130
f 232/237/237 128/130/130 134/136/136
f 141/143/143 238/243/243 140/142/142
f 238/243/243 235/890/890 140/142/142
f 235/240/240 234/239/239 140/145/145
f 234/239/239 135/137/137 140/145/145
f 146/151/151 242/247/247 239/244/244
f 146/151/151 239/244/244 147/152/152
f 239/244/244 238/243/243 147/152/152
f 238/243/243 141/143/143 147/152/152
f 152/157/157 246/251/251 243/248/248
f 152/157/157 243/248/248 153/158/158
f 243/248/248 242/247/247 146/151/151
f 243/248/248 146/151/151 153/158/158
f 159/164/164 250/255/255 247/252/252
f 159/164/164 247/252/252 158/163/163
f 247/252/252 246/251/251 158/163/163
f 246/251/251 152/157/157 158/163/163
f 164/169/169 254/259/259 165/170/170
f 254/259/259 251/256/256 165/170/170
f 251/256/256 250/255/255 159/164/164
f 251/256/256 159/164/164 165/170/170
f 171/176/176 258/263/263 170/175/175
f 258/263/263 256/261/261 170/175/175
f 256/261/261 254/259/259 170/175/175
f 254/259/259 164/169/169 170/175/175
f 176/181/181 262/267/267 177/182/182
f 262/267/267 259/264/264 177/182/182
f 259/264/264 258/263/263 171/176/176
f 259/264/264 171/176/176 177/182/182
f 182/187/187 266/271/271 263/268/268
f 182/187/187 263/268/268 183/188/188
f 263/268/268 262/267/267 176/181/181
f 263/268/268 176/181/181 183/188/188
f 188/193/193 270/275/275 189/194/194
f 270/275/275 268/273/273 189/194/194
f 268/273/273 266/271/271 182/187/187
f 268/273/273 182/187/187 189/194/194
f 194/199/199 274/279/279 271/276/276
f 194/199/199 271/276/276 195/200/200
f 271/276/276 270/275/275 188/193/193
f 271/276/276 188/193/193 195/200/200
f 200/205/205 278/283/283 275/280/280
f 200/205/205 275/280/280 201/206/206
f 275/280/280 274/279/279 194/199/199
f 275/280/280 194/199/199 201/206/206
f 207/212/212 282/287/287 279/284/284
f 207/212/212 279/284/284 206/211/211
f 279/284/284 278/283/283 200/205/205
f 279/284/284 200/205/205 206/211/211
f 213/218/218 286/291/291 212/217/217
f 286/291/291 284/289/289 212/217/217
f 284/289/289 282/287/287 212/217/217
f 282/287/287 207/212/212 212/217/217
f 116/118/118 217/222/222 288/293/293
f 116/118/118 288/293/293 216/221/221
f 288/293/293 286/291/291 213/218/218
f 288/293/293 213/218/218 216/221/221
f 865/892/892 726/744/744 866/893/893
f 726/744/744 725/743/743 866/893/893
f 725/743/743 867/894/894 866/893/893
f 867/894/894 653/669/669 652/668/668
f 867/894/894 652/668/668 866/893/893
f 652/668/668 651/667/667 865/892/892
f 652/668/668 865/892/892 866/893/893
f 868/895/895 729/747/747 869/896/896
f 729/747/747 726/744/744 869/896/896
f 726/744/744 865/892/892 869/896/896
f 865/892/892 651/667/667 658/674/674
f 865/892/892 658/674/674 869/896/896
f 658/674/674 657/673/673 868/895/895
f 658/674/674 868/895/895 869/896/896
f 870/897/897 732/750/750 871/898/898
f 732/750/750 729/747/747 871/898/898
f 729/747/747 868/895/895 871/898/898
f 868/895/895 657/673/673 662/678/678
f 868/895/895 662/678/678 871/898/898
f 662/678/678 661/677/677 870/897/897
f 662/678/678 870/897/897 871/898/898
f 872/899/899 735/753/753 873/900/900
f 735/753/753 732/750/750 873/900/900
f 732/750/750 870/897/897 873/900/900
f 870/897/897 661/677/677 666/682/682
f 870/897/897 666/682/682 873/900/900
f 666/682/682 665/681/681 872/899/899
f 666/682/682 872/899/899 873/900/900
f 874/901/901 738/761/761 875/902/902
f 738/756/756 735/753/753 875/903/903
f 735/753/753 872/899/899 875/903/903
f 872/899/899 665/681/681 670/687/687
f 872/899/899 670/687/687 875/903/903
f 670/686/686 669/685/685 874/901/901
f 670/686/686 874/901/901 875/902/902
f 876/904/904 741/762/762 877/905/905
f 741/762/762 738/761/761 877/905/905
f 738/761/761 874/901/901 877/905/905
f 874/901/901 669/685/685 674/692/692
f 874/901/901 674/692/692 877/905/905
f 674/692/692 673/691/691 876/904/904
f 674/692/692 876/904/904 877/905/905
f 878/906/906 744/765/765 879/907/907
f 744/765/765 741/762/762 879/907/907
f 741/762/762 876/904/904 879/907/907
f 876/904/904 673/691/691 678/696/696
f 876/904/904 678/696/696 879/907/907
f 678/696/696 677/695/695 878/906/906
f 678/696/696 878/906/906 879/907/907
f 880/908/908 747/768/768 881/909/909
f 747/768/768 744/765/765 881/909/909
f 744/765/765 878/906/906 881/909/909
f 878/906/906 677/695/695 682/700/700
f 878/906/906 682/700/700 881/909/909
f 682/700/700 681/699/699 880/908/908
f 682/700/700 880/908/908 881/909/909
f 882/910/910 750/771/771 883/911/911
f 750/771/771 747/768/768 883/911/911
f 747/768/768 880/908/908 883/911/911
f 880/908/908 681/699/699 686/704/704
f 880/908/908 686/704/704 883/911/911
f 686/704/704 685/703/703 882/910/910
f 686/704/704 882/910/910 883/911/911
f 884/912/912 753/774/774 885/913/913
f 753/774/774 750/771/771 885/913/913
f 750/771/771 882/910/910 885/913/913
f 882/910/910 685/703/703 690/708/708
f 882/910/910 690/708/708 885/913/913
f 690/708/708 689/707/707 884/912/912
f 690/708/708 884/912/912 885/913/913
f 886/914/914 756/777/777 887/915/915
f 756/777/777 753/774/774 887/915/915
f 753/774/774 884/912/912 887/915/915
f 884/912/912 689/707/707 694/712/712
f 884/912/912 694/712/712 887/915/915
f 694/712/712 693/711/711 886/914/914
f 694/712/712 886/914/914 887/915/915
f 888/916/916 759/780/780 889/917/917
f 759/780/780 756/777/777 889/917/917
f 756/777/777 886/914/914 889/917/917
f 886/914/914 693/711/711 889/917/917
f 693/711/711 698/716/716 889/917/917
f 698/716/716 697/715/715 889/917/917
f 697/715/715 888/916/916 889/917/917
f 890/918/918 762/783/783 891/919/919
f 762/783/783 759/780/780 891/919/919
f 759/780/780 888/916/916 891/919/919
f 888/916/916 697/715/715 891/919/919
f 697/715/715 702/720/720 891/919/919
f 702/720/720 701/719/719 890/918/918
f 702/720/720 890/918/918 891/919/919
f 892/920/920 765/786/786 893/921/921
f 765/786/786 762/783/783 893/921/921
f 762/783/783 890/918/918 893/921/921
f 890/918/918 701/719/719 706/724/724
f 890/918/918 706/724/724 893/921/921
f 706/724/724 705/723/723 892/920/920
f 706/724/724 892/920/920 893/921/921
f 894/922/922 768/789/789 895/923/923
f 768/789/789 765/786/786 895/923/923
f 765/786/786 892/920/920 895/923/923
f 892/920/920 705/723/723 710/728/728
f 892/920/920 710/728/728 895/923/923
f 710/728/728 709/727/727 895/923/923
f 709/727/727 894/922/922 895/923/923
f 896/924/924 771/792/792 897/925/925
f 771/792/792 768/789/789 897/925/925
f 768/789/789 894/922/922 897/925/925
f 894/922/922 709/727/727 897/925/925
f 709/727/727 714/732/732 897/925/925
f 714/732/732 713/731/731 897/925/925
f 713/731/731 896/924/924 897/925/925
f 898/926/926 774/795/795 899/927/927
f 774/795/795 771/792/792 899/927/927
f 771/792/792 896/924/924 899/927/927
f 896/924/924 713/731/731 718/736/736
f 896/924/924 718/736/736 899/927/927
f 718/736/736 717/735/735 898/926/926
f 718/736/736 898/926/926 899/927/927
f 867/894/894 725/743/743 900/928/928
f 725/743/743 774/795/795 900/928/928
f 774/795/795 898/926/926 900/928/928
f 898/926/926 717/735/735 720/738/738
f 898/926/926 720/738/738 900/928/928
f 720/738/738 653/669/669 867/894/894
f 720/738/738 867/894/894 900/928/928
f 901/929/929 902/930/930 903/931/931
f 902/930/930 904/932/932 903/931/931
f 901/929/929 905/933/933 902/930/930
f 905/933/933 906/934/934 902/930/930
f 904/932/932 902/930/930 907/935/935
f 904/932/932 907/935/935 908/936/936
f 902/930/930 906/934/934 907/935/935
f 906/934/934 909/937/937 907/935/935
f 908/936/936 907/935/935 910/938/938
f 907/935/935 911/939/939 910/938/938
f 907/935/935 909/937/937 912/940/940
f 907/935/935 912/940/940 911/939/939
f 910/938/938 911/939/939 913/941/941
f 910/938/938 913/941/941 914/942/942
f 911/939/939 912/940/940 913/941/941
f 912/940/940 915/943/943 913/941/941
f 914/942/942 913/941/941 916/944/944
f 914/942/942 916/944/944 917/945/945
f 913/941/941 915/943/943 916/944/944
f 915/943/943 918/946/946 916/944/944
f 917/947/947 916/948/948 919/949/949
f 916/948/948 920/950/950 919/949/949
f 916/948/948 918/951/951 921/952/952
f 916/948/948 921/952/952 920/950/950
f 919/949/949 920/950/950 922/953/953
f 919/949/949 922/953/953 923/954/954
f 920/950/950 921/952/952 924/955/955
f 920/950/950 924/955/955 922/953/953
f 923/954/954 922/953/953 925/956/956
f 923/954/954 925/956/956 926/957/957
f 922/953/953 924/955/955 927/958/958
f 922/953/953 927/958/958 925/956/956
f 926/957/957 925/956/956 928/959/959
f 925/956/956 929/960/960 928/959/959
f 925/956/956 927/958/958 929/960/960
f 927/958/958 930/961/961 929/960/960
f 928/959/959 929/960/960 931/962/962
f 928/959/959 931/962/962 932/963/963
f 929/960/960 930/961/961 931/962/962
f 930/961/961 933/964/964 931/962/962
f 932/963/963 931/962/962 934/965/965
f 931/962/962 935/966/966 934/965/965
f 931/962/962 933/964/964 936/967/967
f 931/962/962 936/967/967 935/966/966
f 934/965/965 935/966/966 937/968/968
f 935/966/966 938/969/969 937/968/968
f 935/966/966 936/967/967 939/970/970
f 935/966/966 939/970/970 938/969/969
f 937/968/968 938/969/969 940/971/971
f 937/968/968 940/971/971 941/972/972
f 938/969/969 939/970/970 940/971/971
f 939/970/970 942/973/973 940/971/971
f 941/972/972 940/971/971 943/974/974
f 940/971/971 944/975/975 943/974/974
f 940/971/971 942/973/973 945/976/976
f 940/971/971 945/976/976 944/975/975
f 943/974/974 944/975/975 946/977/977
f 944/975/975 947/978/978 946/977/977
f 944/975/975 945/976/976 947/978/978
f 945/976/976 948/979/979 947/978/978
f 946/977/977 947/978/978 949/980/980
f 947/978/978 950/981/981 949/980/980
f 947/978/978 948/979/979 951/982/982
f 947/978/978 951/982/982 950/981/981
f 949/980/980 950/981/981 952/983/983
f 949/980/980 952/983/983 953/984/984
f 950/981/981 951/982/982 952/983/983
f 951/982/982 954/985/985 952/983/983
f 953/984/984 952/983/983 903/931/931
f 952/983/983 901/929/929 903/931/931
f 952/983/983 954/985/985 901/929/929
f 954/985/985 905/933/933 901/929/929
f 780/801/801 779/800/800 955/986/986
f 780/801/801 955/986/986 956/987/987
f 955/988/988 722/740/740 956/989/989
f 722/740/740 721/739/739 956/989/989
f 783/804/804 780/801/801 957/990/990
f 780/801/801 956/987/987 957/990/990
f 956/989/989 721/739/739 957/991/991
f 721/739/739 727/745/745 957/991/991
f 786/807/807 783/804/804 958/992/992
f 783/804/804 957/990/990 958/992/992
f 957/991/991 727/745/745 958/993/993
f 727/745/745 730/748/748 958/993/993
f 789/810/810 786/807/807 958/992/992
f 789/810/810 958/992/992 959/994/994
f 958/993/993 730/748/748 733/751/751
f 958/993/993 733/751/751 959/995/995
f 792/813/813 789/810/810 960/996/996
f 789/810/810 959/994/994 960/996/996
f 959/995/995 733/751/751 960/997/997
f 733/751/751 736/754/754 960/997/997
f 795/819/819 792/818/818 960/998/998
f 795/819/819 960/998/998 961/999/999
f 960/1000/1000 736/758/758 739/757/757
f 960/1000/1000 739/757/757 961/1001/1001
f 798/822/822 795/819/819 961/999/999
f 798/822/822 961/999/999 962/1002/1002
f 961/1001/1001 739/757/757 742/763/763
f 961/1001/1001 742/763/763 962/1003/1003
f 801/825/825 798/822/822 963/1004/1004
f 798/822/822 962/1002/1002 963/1004/1004
f 962/1003/1003 742/763/763 745/766/766
f 962/1003/1003 745/766/766 963/1005/1005
f 804/828/828 801/825/825 963/1004/1004
f 804/828/828 963/1004/1004 964/1006/1006
f 963/1005/1005 745/766/766 964/1007/1007
f 745/766/766 748/769/769 964/1007/1007
f 807/831/831 804/828/828 965/1008/1008
f 804/828/828 964/1006/1006 965/1008/1008
f 964/1007/1007 748/769/769 965/1009/1009
f 748/769/769 751/772/772 965/1009/1009
f 810/834/834 807/831/831 965/1008/1008
f 810/834/834 965/1008/1008 966/1010/1010
f 965/1009/1009 751/772/772 754/775/775
f 965/1009/1009 754/775/775 966/1011/1011
f 813/837/837 810/834/834 966/1010/1010
f 813/837/837 966/1010/1010 967/1012/1012
f 966/1011/1011 754/775/775 757/778/778
f 966/1011/1011 757/778/778 967/1013/1013
f 816/840/840 813/837/837 967/1012/1012
f 816/840/840 967/1012/1012 968/1014/1014
f 967/1013/1013 757/778/778 968/1015/1015
f 757/778/778 760/781/781 968/1015/1015
f 819/843/843 816/840/840 968/1014/1014
f 819/843/843 968/1014/1014 969/1016/1016
f 968/1015/1015 760/781/781 763/784/784
f 968/1015/1015 763/784/784 969/1017/1017
f 822/846/846 819/843/843 970/1018/1018
f 819/843/843 969/1016/1016 970/1018/1018
f 969/1017/1017 763/784/784 970/1019/1019
f 763/784/784 766/787/787 970/1019/1019
f 825/849/849 822/846/846 971/1020/1020
f 822/846/846 970/1018/1018 971/1020/1020
f 970/1019/1019 766/787/787 971/1021/1021
f 766/787/787 769/790/790 971/1021/1021
f 828/852/852 825/849/849 971/1020/1020
f 828/852/852 971/1020/1020 972/1022/1022
f 971/1021/1021 769/790/790 972/1023/1023
f 769/790/790 772/793/793 972/1023/1023
f 779/800/800 828/852/852 955/986/986
f 828/852/852 972/1022/1022 955/986/986
f 972/1023/1023 772/793/793 722/740/740
f 972/1023/1023 722/740/740 955/988/988
f 973/1024/1024 829/853/853 974/1025/1025
f 829/853/853 830/854/854 974/1025/1025
f 830/854/854 831/855/855 974/1025/1025
f 831/855/855 975/1026/1026 974/1025/1025
f 975/1026/1026 473/484/484 974/1025/1025
f 473/484/484 472/483/483 974/1025/1025
f 472/483/483 471/482/482 973/1024/1024
f 472/483/483 973/1024/1024 974/1025/1025
f 976/1027/1027 833/857/857 832/856/856
f 976/1027/1027 832/856/856 977/1028/1028
f 832/856/856 829/853/853 977/1028/1028
f 829/853/853 973/1024/1024 977/1028/1028
f 973/1024/1024 471/482/482 478/489/489
f 973/1024/1024 478/489/489 977/1028/1028
f 478/489/489 477/488/488 976/1027/1027
f 478/489/489 976/1027/1027 977/1028/1028
f 978/1029/1029 834/858/858 979/1030/1030
f 834/858/858 835/859/859 979/1030/1030
f 835/859/859 833/857/857 979/1030/1030
f 833/857/857 976/1027/1027 979/1030/1030
f 976/1027/1027 477/488/488 979/1030/1030
f 477/488/488 482/493/493 979/1030/1030
f 482/493/493 481/492/492 979/1030/1030
f 481/492/492 978/1029/1029 979/1030/1030
f 980/1031/1031 837/861/861 836/860/860
f 980/1031/1031 836/860/860 981/1032/1032
f 836/860/860 834/858/858 978/1029/1029
f 836/860/860 978/1029/1029 981/1032/1032
f 978/1029/1029 481/492/492 486/497/497
f 978/1029/1029 486/497/497 981/1032/1032
f 486/497/497 485/496/496 980/1031/1031
f 486/497/497 980/1031/1031 981/1032/1032
f 982/1033/1033 838/862/862 983/1034/1034
f 838/862/862 839/863/863 983/1034/1034
f 839/864/864 837/861/861 983/1035/1035
f 837/861/861 980/1031/1031 983/1035/1035
f 980/1031/1031 485/496/496 983/1035/1035
f 485/496/496 490/502/502 983/1035/1035
f 490/501/501 489/500/500 982/1033/1033
f 490/501/501 982/1033/1033 983/1034/1034
f 984/1036/1036 840/865/865 985/1037/1037
f 840/865/865 841/866/866 985/1037/1037
f 841/866/866 838/862/862 982/1033/1033
f 841/866/866 982/1033/1033 985/1037/1037
f 982/1033/1033 489/500/500 494/507/507
f 982/1033/1033 494/507/507 985/1037/1037
f 494/507/507 493/506/506 984/1036/1036
f 494/507/507 984/1036/1036 985/1037/1037
f 986/1038/1038 843/868/868 987/1039/1039
f 843/868/868 842/867/867 987/1039/1039
f 842/867/867 840/865/865 987/1039/1039
f 840/865/865 984/1036/1036 987/1039/1039
f 984/1036/1036 493/506/506 498/511/511
f 984/1036/1036 498/511/511 987/1039/1039
f 498/511/511 497/510/510 987/1039/1039
f 497/510/510 986/1038/1038 987/1039/1039
f 988/1040/1040 844/869/869 845/870/870
f 988/1040/1040 845/870/870 989/1041/1041
f 845/870/870 843/868/868 986/1038/1038
f 845/870/870 986/1038/1038 989/1041/1041
f 986/1038/1038 497/510/510 502/515/515
f 986/1038/1038 502/515/515 989/1041/1041
f 502/515/515 501/514/514 988/1040/1040
f 502/515/515 988/1040/1040 989/1041/1041
f 990/1042/1042 846/871/871 991/1043/1043
f 846/871/871 847/872/872 991/1043/1043
f 847/872/872 844/869/869 988/1040/1040
f 847/872/872 988/1040/1040 991/1043/1043
f 988/1040/1040 501/514/514 506/519/519
f 988/1040/1040 506/519/519 991/1043/1043
f 506/519/519 505/518/518 990/1042/1042
f 506/519/519 990/1042/1042 991/1043/1043
f 992/1044/1044 848/873/873 993/1045/1045
f 848/873/873 849/874/874 993/1045/1045
f 849/874/874 846/871/871 993/1045/1045
f 846/871/871 990/1042/1042 993/1045/1045
f 990/1042/1042 505/518/518 993/1045/1045
f 505/518/518 510/523/523 993/1045/1045
f 510/523/523 509/522/522 992/1044/1044
f 510/523/523 992/1044/1044 993/1045/1045
f 994/1046/1046 850/875/875 995/1047/1047
f 850/875/875 851/876/876 995/1047/1047
f 851/876/876 848/873/873 992/1044/1044
f 851/876/876 992/1044/1044 995/1047/1047
f 992/1044/1044 509/522/522 514/527/527
f 992/1044/1044 514/527/527 995/1047/1047
f 514/527/527 513/526/526 994/1046/1046
f 514/527/527 994/1046/1046 995/1047/1047
f 996/1048/1048 853/878/878 852/877/877
f 996/1048/1048 852/877/877 997/1049/1049
f 852/877/877 850/875/875 997/1049/1049
f 850/875/875 994/1046/1046 997/1049/1049
f 994/1046/1046 513/526/526 997/1049/1049
f 513/526/526 518/531/531 997/1049/1049
f 518/531/531 517/530/530 997/1049/1049
f 517/530/530 996/1048/1048 997/1049/1049
f 998/1050/1050 855/880/880 999/1051/1051
f 855/880/880 854/879/879 999/1051/1051
f 854/879/879 853/878/878 999/1051/1051
f 853/878/878 996/1048/1048 999/1051/1051
f 996/1048/1048 517/530/530 999/1051/1051
f 517/530/530 522/535/535 999/1051/1051
f 522/535/535 521/534/534 999/1051/1051
f 521/534/534 998/1050/1050 999/1051/1051
f 1000/1052/1052 856/881/881 1001/1053/1053
f 856/881/881 857/882/882 1001/1053/1053
f 857/882/882 855/880/880 1001/1053/1053
f 855/880/880 998/1050/1050 1001/1053/1053
f 998/1050/1050 521/534/534 1001/1053/1053
f 521/534/534 526/539/539 1001/1053/1053
f 526/539/539 525/538/538 1000/1052/1052
f 526/539/539 1000/1052/1052 1001/1053/1053
f 1002/1054/1054 858/883/883 859/884/884
f 1002/1054/1054 859/884/884 1003/1055/1055
f 859/884/884 856/881/881 1003/1055/1055
f 856/881/881 1000/1052/1052 1003/1055/1055
f 1000/1052/1052 525/538/538 530/543/543
f 1000/1052/1052 530/543/543 1003/1055/1055
f 530/543/543 529/542/542 1003/1055/1055
f 529/542/542 1002/1054/1054 1003/1055/1055
f 1004/1056/1056 861/886/886 1005/1057/1057
f 861/886/886 860/885/885 1005/1057/1057
f 860/885/885 858/883/883 1002/1054/1054
f 860/885/885 1002/1054/1054 1005/1057/1057
f 1002/1054/1054 529/542/542 1005/1057/1057
f 529/542/542 534/547/547 1005/1057/1057
f 534/547/547 533/546/546 1005/1057/1057
f 533/546/546 1004/1056/1056 1005/1057/1057
f 1006/1058/1058 863/888/888 862/887/887
f 1006/1058/1058 862/887/887 1007/1059/1059
f 862/887/887 861/886/886 1007/1059/1059
f 861/886/886 1004/1056/1056 1007/1059/1059
f 1004/1056/1056 533/546/546 1007/1059/1059
f 533/546/546 538/551/551 1007/1059/1059
f 538/551/551 537/550/550 1006/1058/1058
f 538/551/551 1006/1058/1058 1007/1059/1059
f 975/1026/1026 831/855/855 1008/1060/1060
f 831/855/855 864/889/889 1008/1060/1060
f 864/889/889 863/888/888 1006/1058/1058
f 864/889/889 1006/1058/1058 1008/1060/1060
f 1006/1058/1058 537/550/550 540/553/553
f 1006/1058/1058 540/553/553 1008/1060/1060
f 540/553/553 473/484/484 1008/1060/1060
f 473/484/484 975/1026/1026 1008/1060/1060
f 1009/1061/1061 1010/1062/1062 1011/1063/1063
f 1009/1061/1061 1011/1063/1063 1012/1064/1064
f 1009/1061/1061 1013/1065/1065 1010/1062/1062
f 1013/1065/1065 1014/1066/1066 1010/1062/1062
f 1010/1062/1062 1015/1067/1067 1011/1063/1063
f 1015/1067/1067 1016/1068/1068 1011/1063/1063
f 1010/1062/1062 1014/1066/1066 1017/1069/1069
f 1010/1062/1062 1017/1069/1069 1015/1067/1067
f 1015/1067/1067 1018/1070/1070 1019/1071/1071
f 1015/1067/1067 1019/1071/1071 1016/1068/1068
f 1015/1067/1067 1017/1069/1069 1020/1072/1072
f 1015/1067/1067 1020/1072/1072 1018/1070/1070
f 1018/1070/1070 1021/1073/1073 1019/1071/1071
f 1021/1073/1073 1022/1074/1074 1019/1071/1071
f 1018/1070/1070 1020/1072/1072 1023/1075/1075
f 1018/1070/1070 1023/1075/1075 1021/1073/1073
f 1021/1073/1073 1024/1076/1076 1022/1074/1074
f 1024/1076/1076 1025/1077/1077 1022/1074/1074
f 1021/1073/1073 1023/1075/1075 1024/1076/1076
f 1023/1075/1075 1026/1078/1078 1024/1076/1076
f 1024/1079/1079 1027/1080/1080 1028/1081/1081
f 1024/1079/1079 1028/1081/1081 1025/1082/1082
f 1024/1079/1079 1026/1083/1083 1027/1080/1080
f 1026/1083/1083 1029/1084/1084 1027/1080/1080
f 1027/1080/1080 1030/1085/1085 1028/1081/1081
f 1030/1085/1085 1031/1086/1086 1028/1081/1081
f 1027/1080/1080 1029/1084/1084 1032/1087/1087
f 1027/1080/1080 1032/1087/1087 1030/1085/1085
f 1030/1085/1085 1033/1088/1088 1031/1086/1086
f 1033/1088/1088 1034/1089/1089 1031/1086/1086
f 1030/1085/1085 1032/1087/1087 1033/1088/1088
f 1032/1087/1087 1035/1090/1090 1033/1088/1088
f 1033/1088/1088 1036/1091/1091 1034/1089/1089
f 1036/1091/1091 1037/1092/1092 1034/1089/1089
f 1033/1088/1088 1035/1090/1090 1038/1093/1093
f 1033/1088/1088 1038/1093/1093 1036/1091/1091
f 1036/1091/1091 1039/1094/1094 1037/1092/1092
f 1039/1094/1094 1040/1095/1095 1037/1092/1092
f 1036/1091/1091 1038/1093/1093 1039/1094/1094
f 1038/1093/1093 1041/1096/1096 1039/1094/1094
f 1039/1094/1094 1042/1097/1097 1043/1098/1098
f 1039/1094/1094 1043/1098/1098 1040/1095/1095
f 1039/1094/1094 1041/1096/1096 1044/1099/1099
f 1039/1094/1094 1044/1099/1099 1042/1097/1097
f 1042/1097/1097 1045/1100/1100 1046/1101/1101
f 1042/1097/1097 1046/1101/1101 1043/1098/1098
f 1042/1097/1097 1044/1099/1099 1045/1100/1100
f 1044/1099/1099 1047/1102/1102 1045/1100/1100
f 1045/1100/1100 1048/1103/1103 1049/1104/1104
f 1045/1100/1100 1049/1104/1104 1046/1101/1101
f 1045/1100/1100 1047/1102/1102 1050/1105/1105
f 1045/1100/1100 1050/1105/1105 1048/1103/1103
f 1048/1103/1103 1051/1106/1106 1049/1104/1104
f 1051/1106/1106 1052/1107/1107 1049/1104/1104
f 1048/1103/1103 1050/1105/1105 1051/1106/1106
f 1050/1105/1105 1053/1108/1108 1051/1106/1106
f 1051/1106/1106 1054/1109/1109 1052/1107/1107
f 1054/1109/1109 1055/1110/1110 1052/1107/1107
f 1051/1106/1106 1053/1108/1108 1056/1111/1111
f 1051/1106/1106 1056/1111/1111 1054/1109/1109
f 1054/1109/1109 1057/1112/1112 1055/1110/1110
f 1057/1112/1112 1058/1113/1113 1055/1110/1110
f 1054/1109/1109 1056/1111/1111 1057/1112/1112
f 1056/1111/1111 1059/1114/1114 1057/1112/1112
f 1057/1112/1112 1060/1115/1115 1061/1116/1116
f 1057/1112/1112 1061/1116/1116 1058/1113/1113
f 1057/1112/1112 1059/1114/1114 1062/1117/1117
f 1057/1112/1112 1062/1117/1117 1060/1115/1115
f 1060/1115/1115 1009/1061/1061 1012/1064/1064
f 1060/1115/1115 1012/1064/1064 1061/1116/1116
f 1060/1115/1115 1062/1117/1117 1013/1065/1065
f 1060/1115/1115 1013/1065/1065 1009/1061/1061
f 1063/1118/1118 1064/1119/1119 1065/1120/1120
f 1063/1118/1118 1065/1120/1120 1066/1121/1121
f 1065/1122/1122 1012/1064/1064 1011/1063/1063
f 1065/1122/1122 1011/1063/1063 1066/1123/1123
f 1067/1124/1124 1063/1118/1118 1066/1121/1121
f 1067/1124/1124 1066/1121/1121 1068/1125/1125
f 1066/1123/1123 1011/1063/1063 1068/1126/1126
f 1011/1063/1063 1016/1068/1068 1068/1126/1126
f 1069/1127/1127 1067/1124/1124 1070/1128/1128
f 1067/1124/1124 1068/1125/1125 1070/1128/1128
f 1068/1126/1126 1016/1068/1068 1019/1071/1071
f 1068/1126/1126 1019/1071/1071 1070/1129/1129
f 1071/1130/1130 1069/1127/1127 1072/1131/1131
f 1069/1127/1127 1070/1128/1128 1072/1131/1131
f 1070/1129/1129 1019/1071/1071 1072/1132/1132
f 1019/1071/1071 1022/1074/1074 1072/1132/1132
f 1073/1133/1133 1071/1130/1130 1072/1131/1131
f 1073/1133/1133 1072/1131/1131 1074/1134/1134
f 1072/1132/1132 1022/1074/1074 1025/1077/1077
f 1072/1132/1132 1025/1077/1077 1074/1135/1135
f 1075/1136/1136 1073/1137/1137 1074/1138/1138
f 1075/1136/1136 1074/1138/1138 1076/1139/1139
f 1074/1140/1140 1025/1082/1082 1076/1141/1141
f 1025/1082/1082 1028/1081/1081 1076/1141/1141
f 1077/1142/1142 1075/1136/1136 1078/1143/1143
f 1075/1136/1136 1076/1139/1139 1078/1143/1143
f 1076/1141/1141 1028/1081/1081 1078/1144/1144
f 1028/1081/1081 1031/1086/1086 1078/1144/1144
f 1079/1145/1145 1077/1142/1142 1080/1146/1146
f 1077/1142/1142 1078/1143/1143 1080/1146/1146
f 1078/1144/1144 1031/1086/1086 1034/1089/1089
f 1078/1144/1144 1034/1089/1089 1080/1147/1147
f 1081/1148/1148 1079/1145/1145 1082/1149/1149
f 1079/1145/1145 1080/1146/1146 1082/1149/1149
f 1080/1147/1147 1034/1089/1089 1082/1150/1150
f 1034/1089/1089 1037/1092/1092 1082/1150/1150
f 1083/1151/1151 1081/1148/1148 1082/1149/1149
f 1083/1151/1151 1082/1149/1149 1084/1152/1152
f 1082/1150/1150 1037/1092/1092 1084/1153/1153
f 1037/1092/1092 1040/1095/1095 1084/1153/1153
f 1085/1154/1154 1083/1151/1151 1084/1152/1152
f 1085/1154/1154 1084/1152/1152 1086/1155/1155
f 1084/1153/1153 1040/1095/1095 1043/1098/1098
f 1084/1153/1153 1043/1098/1098 1086/1156/1156
f 1087/1157/1157 1085/1154/1154 1086/1155/1155
f 1087/1157/1157 1086/1155/1155 1088/1158/1158
f 1086/1156/1156 1043/1098/1098 1046/1101/1101
f 1086/1156/1156 1046/1101/1101 1088/1159/1159
f 1089/1160/1160 1087/1157/1157 1090/1161/1161
f 1087/1157/1157 1088/1158/1158 1090/1161/1161
f 1088/1159/1159 1046/1101/1101 1090/1162/1162
f 1046/1101/1101 1049/1104/1104 1090/1162/1162
f 1091/1163/1163 1089/1160/1160 1092/1164/1164
f 1089/1160/1160 1090/1161/1161 1092/1164/1164
f 1090/1162/1162 1049/1104/1104 1092/1165/1165
f 1049/1104/1104 1052/1107/1107 1092/1165/1165
f 1093/1166/1166 1091/1163/1163 1092/1164/1164
f 1093/1166/1166 1092/1164/1164 1094/1167/1167
f 1092/1165/1165 1052/1107/1107 1055/1110/1110
f 1092/1165/1165 1055/1110/1110 1094/1168/1168
f 1095/1169/1169 1093/1166/1166 1096/1170/1170
f 1093/1166/1166 1094/1167/1167 1096/1170/1170
f 1094/1168/1168 1055/1110/1110 1096/1171/1171
f 1055/1110/1110 1058/1113/1113 1096/1171/1171
f 1097/1172/1172 1095/1169/1169 1098/1173/1173
f 1095/1169/1169 1096/1170/1170 1098/1173/1173
f 1096/1171/1171 1058/1113/1113 1061/1116/1116
f 1096/1171/1171 1061/1116/1116 1098/1174/1174
f 1064/1119/1119 1097/1172/1172 1065/1120/1120
f 1097/1172/1172 1098/1173/1173 1065/1120/1120
f 1098/1174/1174 1061/1116/1116 1065/1122/1122
f 1061/1116/1116 1012/1064/1064 1065/1122/1122
f 1099/1175/1175 1100/1176/1176 1101/1177/1177
f 1100/1176/1176 1102/1178/1178 1101/1177/1177
f 1102/1178/1178 1064/1119/1119 1063/1118/1118
f 1102/1178/1178 1063/1118/1118 1101/1177/1177
f 1103/1179/1179 1099/1175/1175 1101/1177/1177
f 1103/1179/1179 1101/1177/1177 1104/1180/1180
f 1101/1177/1177 1063/1118/1118 1067/1124/1124
f 1101/1177/1177 1067/1124/1124 1104/1180/1180
f 1105/1181/1181 1103/1179/1179 1106/1182/1182
f 1103/1179/1179 1104/1180/1180 1106/1182/1182
f 1104/1180/1180 1067/1124/1124 1106/1182/1182
f 1067/1124/1124 1069/1127/1127 1106/1182/1182
f 1107/1183/1183 1105/1181/1181 1108/1184/1184
f 1105/1181/1181 1106/1182/1182 1108/1184/1184
f 1106/1182/1182 1069/1127/1127 1071/1130/1130
f 1106/1182/1182 1071/1130/1130 1108/1184/1184
f 1109/1185/1185 1107/1183/1183 1108/1184/1184
f 1109/1185/1185 1108/1184/1184 1110/1186/1186
f 1108/1184/1184 1071/1130/1130 1073/1133/1133
f 1108/1184/1184 1073/1133/1133 1110/1186/1186
f 1111/1187/1187 1109/1188/1188 1112/1189/1189
f 1109/1188/1188 1110/1190/1190 1112/1189/1189
f 1110/1190/1190 1073/1137/1137 1075/1136/1136
f 1110/1190/1190 1075/1136/1136 1112/1189/1189
f 1113/1191/1191 1111/1187/1187 1112/1189/1189
f 1113/1191/1191 1112/1189/1189 1114/1192/1192
f 1112/1189/1189 1075/1136/1136 1114/1192/1192
f 1075/1136/1136 1077/1142/1142 1114/1192/1192
f 1115/1193/1193 1113/1191/1191 1114/1192/1192
f 1115/1193/1193 1114/1192/1192 1116/1194/1194
f 1114/1192/1192 1077/1142/1142 1116/1194/1194
f 1077/1142/1142 1079/1145/1145 1116/1194/1194
f 1117/1195/1195 1115/1193/1193 1118/1196/1196
f 1115/1193/1193 1116/1194/1194 1118/1196/1196
f 1116/1194/1194 1079/1145/1145 1118/1196/1196
f 1079/1145/1145 1081/1148/1148 1118/1196/1196
f 1119/1197/1197 1117/1195/1195 1118/1196/1196
f 1119/1197/1197 1118/1196/1196 1120/1198/1198
f 1118/1196/1196 1081/1148/1148 1083/1151/1151
f 1118/1196/1196 1083/1151/1151 1120/1198/1198
f 1121/1199/1199 1119/1197/1197 1122/1200/1200
f 1119/1197/1197 1120/1198/1198 1122/1200/1200
f 1120/1198/1198 1083/1151/1151 1122/1200/1200
f 1083/1151/1151 1085/1154/1154 1122/1200/1200
f 1123/1201/1201 1121/1199/1199 1122/1200/1200
f 1123/1201/1201 1122/1200/1200 1124/1202/1202
f 1122/1200/1200 1085/1154/1154 1087/1157/1157
f 1122/1200/1200 1087/1157/1157 1124/1202/1202
f 1125/1203/1203 1123/1201/1201 1126/1204/1204
f 1123/1201/1201 1124/1202/1202 1126/1204/1204
f 1124/1202/1202 1087/1157/1157 1089/1160/1160
f 1124/1202/1202 1089/1160/1160 1126/1204/1204
f 1127/1205/1205 1125/1203/1203 1128/1206/1206
f 1125/1203/1203 1126/1204/1204 1128/1206/1206
f 1126/1204/1204 1089/1160/1160 1091/1163/1163
f 1126/1204/1204 1091/1163/1163 1128/1206/1206
f 1129/1207/1207 1127/1205/1205 1130/1208/1208
f 1127/1205/1205 1128/1206/1206 1130/1208/1208
f 1128/1206/1206 1091/1163/1163 1130/1208/1208
f 1091/1163/1163 1093/1166/1166 1130/1208/1208
f 1131/1209/1209 1129/1207/1207 1130/1208/1208
f 1131/1209/1209 1130/1208/1208 1132/1210/1210
f 1130/1208/1208 1093/1166/1166 1132/1210/1210
f 1093/1166/1166 1095/1169/1169 1132/1210/1210
f 1133/1211/1211 1131/1209/1209 1134/1212/1212
f 1131/1209/1209 1132/1210/1210 1134/1212/1212
f 1132/1210/1210 1095/1169/1169 1097/1172/1172
f 1132/1210/1210 1097/1172/1172 1134/1212/1212
f 1100/1176/1176 1133/1211/1211 1102/1178/1178
f 1133/1211/1211 1134/1212/1212 1102/1178/1178
f 1134/1212/1212 1097/1172/1172 1064/1119/1119
f 1134/1212/1212 1064/1119/1119 1102/1178/1178
f 1135/1213/1213 1136/1214/1214 1137/1215/1215
f 1135/1213/1213 1137/1215/1215 1138/1216/1216
f 1138/1216/1216 1137/1215/1215 1139/1217/1217
f 1137/1215/1215 1140/1218/1218 1139/1217/1217
f 1139/1217/1217 1140/1218/1218 1141/1219/1219
f 1139/1217/1217 1141/1219/1219 1142/1220/1220
f 1142/1220/1220 1141/1219/1219 1143/1221/1221
f 1141/1219/1219 1144/1222/1222 1143/1221/1221
f 1143/1221/1221 1144/1222/1222 1145/1223/1223
f 1144/1222/1222 1146/1224/1224 1145/1223/1223
f 1145/1225/1225 1146/1226/1226 1147/1227/1227
f 1145/1225/1225 1147/1227/1227 1148/1228/1228
f 1148/1228/1228 1147/1227/1227 1149/1229/1229
f 1147/1227/1227 1150/1230/1230 1149/1229/1229
f 1149/1229/1229 1150/1230/1230 1151/1231/1231
f 1149/1229/1229 1151/1231/1231 1152/1232/1232
f 1152/1232/1232 1151/1231/1231 1153/1233/1233
f 1151/1231/1231 1154/1234/1234 1153/1233/1233
f 1153/1233/1233 1154/1234/1234 1155/1235/1235
f 1153/1233/1233 1155/1235/1235 1156/1236/1236
f 1156/1236/1236 1155/1235/1235 1157/1237/1237
f 1155/1235/1235 1158/1238/1238 1157/1237/1237
f 1157/1237/1237 1158/1238/1238 1159/1239/1239
f 1158/1238/1238 1160/1240/1240 1159/1239/1239
f 1159/1239/1239 1160/1240/1240 1161/1241/1241
f 1159/1239/1239 1161/1241/1241 1162/1242/1242
f 1162/1242/1242 1161/1241/1241 1163/1243/1243
f 1162/1242/1242 1163/1243/1243 1164/1244/1244
f 1164/1244/1244 1163/1243/1243 1165/1245/1245
f 1163/1243/1243 1166/1246/1246 1165/1245/1245
f 1165/1245/1245 1166/1246/1246 1167/1247/1247
f 1165/1245/1245 1167/1247/1247 1168/1248/1248
f 1168/1248/1248 1167/1247/1247 1169/1249/1249
f 1168/1248/1248 1169/1249/1249 1170/1250/1250
f 1170/1250/1250 1169/1249/1249 1136/1214/1214
f 1170/1250/1250 1136/1214/1214 1135/1213/1213
f 1171/1251/1251 1172/1252/1252 1173/1253/1253
f 1171/1251/1251 1173/1253/1253 1174/1254/1254
f 1175/1255/1255 1171/1251/1251 1176/1256/1256
f 1171/1251/1251 1174/1254/1254 1176/1256/1256
f 1177/1257/1257 1175/1255/1255 1176/1256/1256
f 1177/1257/1257 1176/1256/1256 1178/1258/1258
f 1179/1259/1259 1177/1257/1257 1180/1260/1260
f 1177/1257/1257 1178/1258/1258 1180/1260/1260
f 1181/1261/1261 1179/1259/1259 1180/1260/1260
f 1181/1261/1261 1180/1260/1260 1182/1262/1262
f 1183/1263/1263 1181/1264/1264 1182/1265/1265
f 1183/1263/1263 1182/1265/1265 1184/1266/1266
f 1185/1267/1267 1183/1263/1263 1186/1268/1268
f 1183/1263/1263 1184/1266/1266 1186/1268/1268
f 1187/1269/1269 1185/1267/1267 1186/1268/1268
f 1187/1269/1269 1186/1268/1268 1188/1270/1270
f 1189/1271/1271 1187/1269/1269 1190/1272/1272
f 1187/1269/1269 1188/1270/1270 1190/1272/1272
f 1191/1273/1273 1189/1271/1271 1192/1274/1274
f 1189/1271/1271 1190/1272/1272 1192/1274/1274
f 1193/1275/1275 1191/1273/1273 1194/1276/1276
f 1191/1273/1273 1192/1274/1274 1194/1276/1276
f 1195/1277/1277 1193/1275/1275 1194/1276/1276
f 1195/1277/1277 1194/1276/1276 1196/1278/1278
f 1197/1279/1279 1195/1277/1277 1196/1278/1278
f 1197/1279/1279 1196/1278/1278 1198/1280/1280
f 1199/1281/1281 1197/1279/1279 1200/1282/1282
f 1197/1279/1279 1198/1280/1280 1200/1282/1282
f 1201/1283/1283 1199/1281/1281 1202/1284/1284
f 1199/1281/1281 1200/1282/1282 1202/1284/1284
f 1203/1285/1285 1201/1283/1283 1202/1284/1284
f 1203/1285/1285 1202/1284/1284 1204/1286/1286
f 1205/1287/1287 1203/1285/1285 1206/1288/1288
f 1203/1285/1285 1204/1286/1286 1206/1288/1288
f 1172/1252/1252 1205/1287/1287 1206/1288/1288
f 1172/1252/1252 1206/1288/1288 1173/1253/1253
f 1207/1289/1289 1208/1290/1290 1209/1291/1291
f 1210/1292/1292 1211/1293/1293 1212/1294/1294
f 1211/1293/1293 1213/1295/1295 1212/1294/1294
f 1207/1289/1289 1209/1291/1291 1214/1296/1296
f 1212/1294/1294 1213/1295/1295 1215/1297/1297
f 1213/1295/1295 1216/1298/1298 1215/1297/1297
f 1207/1289/1289 1214/1296/1296 1217/1299/1299
f 1215/1297/1297 1216/1298/1298 1218/1300/1300
f 1216/1298/1298 1219/1301/1301 1218/1300/1300
f 1207/1289/1289 1217/1299/1299 1220/1302/1302
f 1218/1300/1300 1219/1301/1301 1221/1303/1303
f 1218/1300/1300 1221/1303/1303 1222/1304/1304
f 1207/1289/1289 1220/1302/1302 1223/1305/1305
f 1222/1304/1304 1221/1303/1303 1224/1306/1306
f 1222/1304/1304 1224/1306/1306 1225/1307/1307
f 1207/1289/1289 1223/1305/1305 1226/1308/1308
f 1225/1307/1307 1224/1306/1306 1227/1309/1309
f 1224/1306/1306 1228/1310/1310 1227/1309/1309
f 1207/1289/1289 1226/1308/1308 1229/1311/1311
f 1227/1309/1309 1228/1310/1310 1230/1312/1312
f 1228/1310/1310 1231/1313/1313 1230/1312/1312
f 1207/1289/1289 1229/1311/1311 1232/1314/1314
f 1230/1312/1312 1231/1313/1313 1233/1315/1315
f 1230/1312/1312 1233/1315/1315 1234/1316/1316
f 1207/1289/1289 1232/1314/1314 1235/1317/1317
f 1234/1316/1316 1233/1315/1315 1236/1318/1318
f 1234/1316/1316 1236/1318/1318 1237/1319/1319
f 1207/1289/1289 1235/1317/1317 1238/1320/1320
f 1237/1319/1319 1236/1318/1318 1239/1321/1321
f 1237/1319/1319 1239/1321/1321 1240/1322/1322
f 1207/1289/1289 1238/1320/1320 1241/1323/1323
f 1240/1322/1322 1239/1321/1321 1242/1324/1324
f 1240/1322/1322 1242/1324/1324 1243/1325/1325
f 1207/1289/1289 1241/1323/1323 1244/1326/1326
f 1243/1325/1325 1242/1324/1324 1245/1327/1327
f 1242/1324/1324 1246/1328/1328 1245/1327/1327
f 1207/1289/1289 1244/1326/1326 1247/1329/1329
f 1245/1327/1327 1246/1328/1328 1248/1330/1330
f 1246/1328/1328 1249/1331/1331 1248/1330/1330
f 1207/1289/1289 1247/1329/1329 1250/1332/1332
f 1248/1330/1330 1249/1331/1331 1251/1333/1333
f 1248/1330/1330 1251/1333/1333 1252/1334/1334
f 1207/1289/1289 1250/1332/1332 1253/1335/1335
f 1252/1334/1334 1251/1333/1333 1254/1336/1336
f 1252/1334/1334 1254/1336/1336 1255/1337/1337
f 1207/1289/1289 1253/1335/1335 1256/1338/1338
f 1255/1337/1337 1254/1336/1336 1257/1339/1339
f 1255/1337/1337 1257/1339/1339 1258/1340/1340
f 1207/1289/1289 1256/1338/1338 1259/1341/1341
f 1258/1340/1340 1257/1339/1339 1260/1342/1342
f 1257/1339/1339 1261/1343/1343 1260/1342/1342
f 1207/1289/1289 1259/1341/1341 1208/1290/1290
f 1260/1342/1342 1261/1343/1343 1211/1293/1293
f 1260/1342/1342 1211/1293/1293 1210/1292/1292
f 1174/1254/1254 1173/1253/1253 1262/1344/1344
f 1173/1253/1253 1263/1345/1345 1262/1344/1344
f 1263/1345/1345 1135/1213/1213 1262/1344/1344
f 1135/1213/1213 1138/1216/1216 1262/1344/1344
f 1176/1256/1256 1174/1254/1254 1264/1346/1346
f 1174/1254/1254 1262/1344/1344 1264/1346/1346
f 1262/1344/1344 1138/1216/1216 1139/1217/1217
f 1262/1344/1344 1139/1217/1217 1264/1346/1346
f 1178/1258/1258 1176/1256/1256 1264/1346/1346
f 1178/1258/1258 1264/1346/1346 1265/1347/1347
f 1264/1346/1346 1139/1217/1217 1265/1347/1347
f 1139/1217/1217 1142/1220/1220 1265/1347/1347
f 1180/1260/1260 1178/1258/1258 1266/1348/1348
f 1178/1258/1258 1265/1347/1347 1266/1348/1348
f 1265/1347/1347 1142/1220/1220 1266/1348/1348
f 1142/1220/1220 1143/1221/1221 1266/1348/1348
f 1182/1262/1262 1180/1260/1260 1266/1348/1348
f 1182/1262/1262 1266/1348/1348 1267/1349/1349
f 1266/1348/1348 1143/1221/1221 1145/1223/1223
f 1266/1348/1348 1145/1223/1223 1267/1349/1349
f 1184/1266/1266 1182/1265/1265 1267/1350/1350
f 1184/1266/1266 1267/1350/1350 1268/1351/1351
f 1267/1350/1350 1145/1225/1225 1268/1351/1351
f 1145/1225/1225 1148/1228/1228 1268/1351/1351
f 1186/1268/1268 1184/1266/1266 1268/1351/1351
f 1186/1268/1268 1268/1351/1351 1269/1352/1352
f 1268/1351/1351 1148/1228/1228 1149/1229/1229
f 1268/1351/1351 1149/1229/1229 1269/1352/1352
f 1188/1270/1270 1186/1268/1268 1270/1353/1353
f 1186/1268/1268 1269/1352/1352 1270/1353/1353
f 1269/1352/1352 1149/1229/1229 1152/1232/1232
f 1269/1352/1352 1152/1232/1232 1270/1353/1353
f 1190/1272/1272 1188/1270/1270 1270/1353/1353
f 1190/1272/1272 1270/1353/1353 1271/1354/1354
f 1270/1353/1353 1152/1232/1232 1271/1354/1354
f 1152/1232/1232 1153/1233/1233 1271/1354/1354
f 1192/1274/1274 1190/1272/1272 1271/1354/1354
f 1192/1274/1274 1271/1354/1354 1272/1355/1355
f 1271/1354/1354 1153/1233/1233 1156/1236/1236
f 1271/1354/1354 1156/1236/1236 1272/1355/1355
f 1194/1276/1276 1192/1274/1274 1273/1356/1356
f 1192/1274/1274 1272/1355/1355 1273/1356/1356
f 1272/1355/1355 1156/1236/1236 1273/1356/1356
f 1156/1236/1236 1157/1237/1237 1273/1356/1356
f 1196/1278/1278 1194/1276/1276 1274/1357/1357
f 1194/1276/1276 1273/1356/1356 1274/1357/1357
f 1273/1356/1356 1157/1237/1237 1159/1239/1239
f 1273/1356/1356 1159/1239/1239 1274/1357/1357
f 1198/1280/1280 1196/1278/1278 1274/1357/1357
f 1198/1280/1280 1274/1357/1357 1275/1358/1358
f 1274/1357/1357 1159/1239/1239 1162/1242/1242
f 1274/1357/1357 1162/1242/1242 1275/1358/1358
f 1200/1282/1282 1198/1280/1280 1275/1358/1358
f 1200/1282/1282 1275/1358/1358 1276/1359/1359
f 1275/1358/1358 1162/1242/1242 1164/1244/1244
f 1275/1358/1358 1164/1244/1244 1276/1359/1359
f 1202/1284/1284 1200/1282/1282 1277/1360/1360
f 1200/1282/1282 1276/1359/1359 1277/1360/1360
f 1276/1359/1359 1164/1244/1244 1277/1360/1360
f 1164/1244/1244 1165/1245/1245 1277/1360/1360
f 1204/1286/1286 1202/1284/1284 1277/1360/1360
f 1204/1286/1286 1277/1360/1360 1278/1361/1361
f 1277/1360/1360 1165/1245/1245 1168/1248/1248
f 1277/1360/1360 1168/1248/1248 1278/1361/1361
f 1206/1288/1288 1204/1286/1286 1279/1362/1362
f 1204/1286/1286 1278/1361/1361 1279/1362/1362
f 1278/1361/1361 1168/1248/1248 1279/1362/1362
f 1168/1248/1248 1170/1250/1250 1279/1362/1362
f 1173/1253/1253 1206/1288/1288 1279/1362/1362
f 1173/1253/1253 1279/1362/1362 1263/1345/1345
f 1279/1362/1362 1170/1250/1250 1135/1213/1213
f 1279/1362/1362 1135/1213/1213 1263/1345/1345
f 1137/1215/1215 1136/1214/1214 1100/1176/1176
f 1137/1215/1215 1100/1176/1176 1099/1175/1175
f 1140/1218/1218 1137/1215/1215 1103/1179/1179
f 1137/1215/1215 1099/1175/1175 1103/1179/1179
f 1141/1219/1219 1140/1218/1218 1103/1179/1179
f 1141/1219/1219 1103/1179/1179 1105/1181/1181
f 1144/1222/1222 1141/1219/1219 1107/1183/1183
f 1141/1219/1219 1105/1181/1181 1107/1183/1183
f 1146/1224/1224 1144/1222/1222 1109/1185/1185
f 1144/1222/1222 1107/1183/1183 1109/1185/1185
f 1147/1227/1227 1146/1226/1226 1109/1188/1188
f 1147/1227/1227 1109/1188/1188 1111/1187/1187
f 1150/1230/1230 1147/1227/1227 1113/1191/1191
f 1147/1227/1227 1111/1187/1187 1113/1191/1191
f 1151/1231/1231 1150/1230/1230 1113/1191/1191
f 1151/1231/1231 1113/1191/1191 1115/1193/1193
f 1154/1234/1234 1151/1231/1231 1115/1193/1193
f 1154/1234/1234 1115/1193/1193 1117/1195/1195
f 1155/1235/1235 1154/1234/1234 1117/1195/1195
f 1155/1235/1235 1117/1195/1195 1119/1197/1197
f 1158/1238/1238 1155/1235/1235 1121/1199/1199
f 1155/1235/1235 1119/1197/1197 1121/1199/1199
f 1160/1240/1240 1158/1238/1238 1123/1201/1201
f 1158/1238/1238 1121/1199/1199 1123/1201/1201
f 1161/1241/1241 1160/1240/1240 1123/1201/1201
f 1161/1241/1241 1123/1201/1201 1125/1203/1203
f 1163/1243/1243 1161/1241/1241 1125/1203/1203
f 1163/1243/1243 1125/1203/1203 1127/1205/1205
f 1166/1246/1246 1163/1243/1243 1129/1207/1207
f 1163/1243/1243 1127/1205/1205 1129/1207/1207
f 1167/1247/1247 1166/1246/1246 1131/1209/1209
f 1166/1246/1246 1129/1207/1207 1131/1209/1209
f 1169/1249/1249 1167/1247/1247 1131/1209/1209
f 1169/1249/1249 1131/1209/1209 1133/1211/1211
f 1136/1214/1214 1169/1249/1249 1133/1211/1211
f 1136/1214/1214 1133/1211/1211 1100/1176/1176
f 1211/1363/1293 1172/1252/1252 1171/1251/1251
f 1211/1363/1293 1171/1251/1251 1213/1364/1295
f 1213/1364/1295 1171/1251/1251 1216/1365/1298
f 1171/1251/1251 1175/1255/1255 1216/1365/1298
f 1216/1365/1298 1175/1255/1255 1177/1257/1257
f 1216/1365/1298 1177/1257/1257 1219/1366/1301
f 1219/1366/1301 1177/1257/1257 1221/1367/1303
f 1177/1257/1257 1179/1259/1259 1221/1367/1303
f 1221/1367/1303 1179/1259/1259 1224/1368/1306
f 1179/1259/1259 1181/1261/1261 1224/1368/1306
f 1224/1369/1306 1181/1264/1264 1183/1263/1263
f 1224/1369/1306 1183/1263/1263 1228/1370/1310
f 1228/1370/1310 1183/1263/1263 1185/1267/1267
f 1228/1370/1310 1185/1267/1267 1231/1371/1313
f 1231/1371/1313 1185/1267/1267 1233/1372/1315
f 1185/1267/1267 1187/1269/1269 1233/1372/1315
f 1233/1372/1315 1187/1269/1269 1189/1271/1271
f 1233/1372/1315 1189/1271/1271 1236/1373/1318
f 1236/1373/1318 1189/1271/1271 1239/1374/1321
f 1189/1271/1271 1191/1273/1273 1239/1374/1321
f 1239/1374/1321 1191/1273/1273 1242/1375/1324
f 1191/1273/1273 1193/1275/1275 1242/1375/1324
f 1242/1375/1324 1193/1275/1275 1195/1277/1277
f 1242/1375/1324 1195/1277/1277 1246/1376/1328
f 1246/1376/1328 1195/1277/1277 1197/1279/1279
f 1246/1376/1328 1197/1279/1279 1249/1377/1331
f 1249/1377/1331 1197/1279/1279 1251/1378/1333
f 1197/1279/1279 1199/1281/1281 1251/1378/1333
f 1251/1378/1333 1199/1281/1281 1201/1283/1283
f 1251/1378/1333 1201/1283/1283 1254/1379/1336
f 1254/1379/1336 1201/1283/1283 1203/1285/1285
f 1254/1379/1336 1203/1285/1285 1257/1380/1339
f 1257/1380/1339 1203/1285/1285 1261/1381/1343
f 1203/1285/1285 1205/1287/1287 1261/1381/1343
f 1261/1381/1343 1205/1287/1287 1172/1252/1252
f 1261/1381/1343 1172/1252/1252 1211/1363/1293
f 1014/1066/1066 1013/1065/1065 904/932/932
f 1013/1065/1065 903/931/931 904/932/932
f 1017/1069/1069 1014/1066/1066 904/932/932
f 1017/1069/1069 904/932/932 908/936/936
f 1020/1072/1072 1017/1069/1069 908/936/936
f 1020/1072/1072 908/936/936 910/938/938
f 1023/1075/1075 1020/1072/1072 914/942/942
f 1020/1072/1072 910/938/938 914/942/942
f 1026/1078/1078 1023/1075/1075 917/945/945
f 1023/1075/1075 914/942/942 917/945/945
f 1029/1084/1084 1026/1083/1083 917/947/947
f 1029/1084/1084 917/947/947 919/949/949
f 1032/1087/1087 1029/1084/1084 919/949/949
f 1032/1087/1087 919/949/949 923/954/954
f 1035/1090/1090 1032/1087/1087 923/954/954
f 1035/1090/1090 923/954/954 926/957/957
f 1038/1093/1093 1035/1090/1090 926/957/957
f 1038/1093/1093 926/957/957 928/959/959
f 1041/1096/1096 1038/1093/1093 932/963/963
f 1038/1093/1093 928/959/959 932/963/963
f 1044/1099/1099 1041/1096/1096 932/963/963
f 1044/1099/1099 932/963/963 934/965/965
f 1047/1102/1102 1044/1099/1099 937/968/968
f 1044/1099/1099 934/965/965 937/968/968
f 1050/1105/1105 1047/1102/1102 937/968/968
f 1050/1105/1105 937/968/968 941/972/972
f 1053/1108/1108 1050/1105/1105 941/972/972
f 1053/1108/1108 941/972/972 943/974/974
f 1056/1111/1111 1053/1108/1108 943/974/974
f 1056/1111/1111 943/974/974 946/977/977
f 1059/1114/1114 1056/1111/1111 946/977/977
f 1059/1114/1114 946/977/977 949/980/980
f 1062/1117/1117 1059/1114/1114 953/984/984
f 1059/1114/1114 949/980/980 953/984/984
f 1013/1065/1065 1062/1117/1117 953/984/984
f 1013/1065/1065 953/984/984 903/931/931
f 906/934/934 905/933/933 778/799/799
f 905/933/933 777/798/798 778/799/799
f 909/937/937 906/934/934 781/802/802
f 906/934/934 778/799/799 781/802/802
f 912/940/940 909/937/937 781/802/802
f 912/940/940 781/802/802 784/805/805
f 915/943/943 912/940/940 784/805/805
f 915/943/943 784/805/805 788/809/809
f 918/946/946 915/943/943 788/809/809
f 918/946/946 788/809/809 791/812/812
f 921/952/952 918/951/951 794/817/817
f 918/951/951 791/814/814 794/817/817
f 924/955/955 921/952/952 794/817/817
f 924/955/955 794/817/817 796/820/820
f 927/958/958 924/955/955 799/823/823
f 924/955/955 796/820/820 799/823/823
f 930/961/961 927/958/958 802/826/826
f 927/958/958 799/823/823 802/826/826
f 933/964/964 930/961/961 802/826/826
f 933/964/964 802/826/826 806/830/830
f 936/967/967 933/964/964 809/833/833
f 933/964/964 806/830/830 809/833/833
f 939/970/970 936/967/967 811/835/835
f 936/967/967 809/833/833 811/835/835
f 942/973/973 939/970/970 815/839/839
f 939/970/970 811/835/835 815/839/839
f 945/976/976 942/973/973 815/839/839
f 945/976/976 815/839/839 818/842/842
f 948/979/979 945/976/976 821/845/845
f 945/976/976 818/842/842 821/845/845
f 951/982/982 948/979/979 823/847/847
f 948/979/979 821/845/845 823/847/847
f 954/985/985 951/982/982 823/847/847
f 954/985/985 823/847/847 827/851/851
f 905/933/933 954/985/985 777/798/798
f 954/985/985 827/851/851 777/798/798
f 292/297/297 362/370/370 291/296/296
f 362/370/370 361/369/369 291/296/296
f 361/369/369 369/377/377 291/296/296
f 369/377/377 294/299/299 291/296/296
f 297/302/302 371/379/379 370/378/378
f 297/302/302 370/378/378 298/303/303
f 370/378/378 362/370/370 292/297/297
f 370/378/378 292/297/297 298/303/303
f 302/307/307 377/385/385 376/384/384
f 302/307/307 376/384/384 301/306/306
f 376/384/384 371/379/379 297/302/302
f 376/384/384 297/302/302 301/306/306
f 306/311/311 383/391/391 382/390/390
f 306/311/311 382/390/390 305/310/310
f 382/390/390 377/385/385 305/310/310
f 377/385/385 302/307/307 305/310/310
f 310/316/316 389/397/397 388/396/396
f 310/316/316 388/396/396 309/315/315
f 388/404/404 383/391/391 306/311/311
f 388/404/404 306/311/311 309/318/318
f 314/322/322 395/406/406 313/321/321
f 395/406/406 394/405/405 313/321/321
f 394/405/405 389/397/397 310/316/316
f 394/405/405 310/316/316 313/321/321
f 317/325/325 401/412/412 400/411/411
f 317/325/325 400/411/411 318/326/326
f 400/411/411 395/406/406 318/326/326
f 395/406/406 314/322/322 318/326/326
f 322/330/330 407/418/418 321/329/329
f 407/418/418 406/417/417 321/329/329
f 406/417/417 401/412/412 317/325/325
f 406/417/417 317/325/325 321/329/329
f 326/334/334 413/424/424 325/333/333
f 413/424/424 412/423/423 325/333/333
f 412/423/423 407/418/418 322/330/330
f 412/423/423 322/330/330 325/333/333
f 330/338/338 419/430/430 418/429/429
f 330/338/338 418/429/429 329/337/337
f 418/429/429 413/424/424 329/337/337
f 413/424/424 326/334/334 329/337/337
f 334/342/342 425/436/436 333/341/341
f 425/436/436 424/435/435 333/341/341
f 424/435/435 419/430/430 333/341/341
f 419/430/430 330/338/338 333/341/341
f 338/346/346 431/442/442 337/345/345
f 431/442/442 430/441/441 337/345/345
f 430/441/441 425/436/436 337/345/345
f 425/436/436 334/342/342 337/345/345
f 341/349/349 437/448/448 436/447/447
f 341/349/349 436/447/447 342/350/350
f 436/447/447 431/442/442 342/350/350
f 431/442/442 338/346/346 342/350/350
f 345/353/353 443/454/454 346/354/354
f 443/454/454 442/453/453 346/354/354
f 442/453/453 437/448/448 346/354/354
f 437/448/448 341/349/349 346/354/354
f 350/358/358 449/460/460 349/357/357
f 449/460/460 448/459/459 349/357/357
f 448/459/459 443/454/454 349/357/357
f 443/454/454 345/353/353 349/357/357
f 354/362/362 455/466/466 353/361/361
f 455/466/466 454/465/465 353/361/361
f 454/465/465 449/460/460 353/361/361
f 449/460/460 350/358/358 353/361/361
f 357/365/365 461/472/472 460/471/471
f 357/365/365 460/471/471 358/366/366
f 460/471/471 455/466/466 354/362/362
f 460/471/471 354/362/362 358/366/366
f 294/299/299 369/377/377 466/477/477
f 294/299/299 466/477/477 360/368/368
f 466/477/477 461/472/472 357/365/365
f 466/477/477 357/365/365 360/368/368
f 1/1/1 8/8/8 1280/1382/1363
f 8/8/8 1281/1383/1364 1280/1382/1363
f 1282/1384/1365 2/2/2 1280/1382/1363
f 2/2/2 1/1/1 1280/1382/1363
f 9/9/9 2/2/2 1283/1385/1366
f 2/2/2 1282/1384/1365 1283/1385/1366
f 1284/1386/1367 10/10/10 9/9/9
f 1284/1386/1367 9/9/9 1283/1385/1366
f 15/15/15 10/10/10 1284/1386/1367
f 15/15/15 1284/1386/1367 1285/1387/1368
f 1286/1388/1369 16/16/16 15/15/15
f 1286/1388/1369 15/15/15 1285/1387/1368
f 21/21/21 16/16/16 1286/1388/1369
f 21/21/21 1286/1388/1369 1287/1389/1370
f 1288/1390/1371 22/22/22 21/21/21
f 1288/1390/1371 21/21/21 1287/1389/1370
f 27/34/34 22/22/22 1288/1390/1371
f 27/34/34 1288/1390/1371 1289/1391/1372
f 1290/1392/1373 28/28/28 27/27/27
f 1290/1392/1373 27/27/27 1289/1393/1374
f 33/35/35 28/28/28 1290/1392/1373
f 33/35/35 1290/1392/1373 1291/1394/1375
f 1292/1395/1376 34/36/36 33/35/35
f 1292/1395/1376 33/35/35 1291/1394/1375
f 39/41/41 34/36/36 1293/1396/1377
f 34/36/36 1292/1395/1376 1293/1396/1377
f 1294/1397/1378 40/42/42 1293/1396/1377
f 40/42/42 39/41/41 1293/1396/1377
f 45/47/47 40/42/42 1295/1398/1379
f 40/42/42 1294/1397/1378 1295/1398/1379
f 1296/1399/1380 46/48/48 1295/1398/1379
f 46/48/48 45/47/47 1295/1398/1379
f 51/53/53 46/48/48 1297/1400/1381
f 46/48/48 1296/1399/1380 1297/1400/1381
f 1298/1401/1382 52/54/54 1297/1400/1381
f 52/54/54 51/53/53 1297/1400/1381
f 57/59/59 52/54/54 1299/1402/1383
f 52/54/54 1298/1401/1382 1299/1402/1383
f 1300/1403/1384 58/60/60 1299/1402/1383
f 58/60/60 57/59/59 1299/1402/1383
f 63/65/65 58/60/60 1300/1403/1384
f 63/65/65 1300/1403/1384 1301/1404/1385
f 1302/1405/1386 64/66/66 63/65/65
f 1302/1405/1386 63/65/65 1301/1404/1385
f 69/71/71 64/66/66 1302/1405/1386
f 69/71/71 1302/1405/1386 1303/1406/1387
f 1304/1407/1388 70/72/72 1303/1406/1387
f 70/72/72 69/71/71 1303/1406/1387
f 75/77/77 70/72/72 1304/1407/1388
f 75/77/77 1304/1407/1388 1305/1408/1389
f 1306/1409/1390 76/78/78 75/77/77
f 1306/1409/1390 75/77/77 1305/1408/1389
f 81/83/83 76/78/78 1306/1409/1390
f 81/83/83 1306/1409/1390 1307/1410/1391
f 1308/1411/1392 82/84/84 81/83/83
f 1308/1411/1392 81/83/83 1307/1410/1391
f 87/89/89 82/84/84 1308/1411/1392
f 87/89/89 1308/1411/1392 1309/1412/1393
f 1310/1413/1394 88/90/90 87/89/89
f 1310/1413/1394 87/89/89 1309/1412/1393
f 93/95/95 88/90/90 1311/1414/1395
f 88/90/90 1310/1413/1394 1311/1414/1395
f 1312/1415/1396 94/96/96 93/95/95
f 1312/1415/1396 93/95/95 1311/1414/1395
f 99/101/101 94/96/96 1313/1416/1397
f 94/96/96 1312/1415/1396 1313/1416/1397
f 1314/1417/1398 100/102/102 99/101/101
f 1314/1417/1398 99/101/101 1313/1416/1397
f 105/107/107 100/102/102 1314/1417/1398
f 105/107/107 1314/1417/1398 1315/1418/1399
f 1281/1383/1364 8/8/8 1315/1418/1399
f 8/8/8 105/107/107 1315/1418/1399
f 1281/1419/1400 1315/1420/1400 1280/1421/1400
f 1315/1420/1400 1314/1422/1400 1280/1421/1400
f 1314/1422/1400 1313/1423/1400 1280/1421/1400
f 1313/1423/1400 1312/1424/1400 1280/1421/1400
f 1312/1424/1400 1311/1425/1400 1280/1421/1400
f 1311/1425/1400 1310/1426/1400 1280/1421/1400
f 1310/1426/1400 1309/1427/1400 1280/1421/1400
f 1309/1427/1400 1308/1428/1400 1280/1421/1400
f 1308/1428/1400 1307/1429/1400 1280/1421/1400
f 1307/1429/1400 1306/1430/1400 1280/1421/1400
f 1306/1430/1400 1305/1431/1400 1280/1421/1400
f 1305/1431/1400 1304/1432/1400 1280/1421/1400
f 1304/1432/1400 1303/1433/1400 1280/1421/1400
f 1303/1433/1400 1302/1434/1400 1280/1421/1400
f 1302/1434/1400 1301/1435/1400 1280/1421/1400
f 1301/1435/1400 1300/1436/1400 1280/1421/1400
f 1300/1436/1400 1299/1437/1400 1280/1421/1400
f 1299/1437/1400 1298/1438/1400 1280/1421/1400
f 1298/1438/1400 1297/1439/1400 1280/1421/1400
f 1297/1439/1400 1296/1440/1400 1280/1421/1400
f 1296/1440/1400 1295/1441/1400 1280/1421/1400
f 1295/1441/1400 1294/1442/1400 1280/1421/1400
f 1294/1442/1400 1293/1443/1400 1280/1421/1400
f 1293/1443/1400 1292/1444/1400 1280/1421/1400
f 1292/1444/1400 1291/1445/1400 1280/1421/1400
f 1291/1445/1400 1290/1446/1400 1280/1421/1400
f 1290/1446/1400 1289/1447/1400 1280/1421/1400
f 1289/1447/1400 1288/1448/1400 1280/1421/1400
f 1288/1448/1400 1287/1449/1400 1280/1421/1400
f 1287/1449/1400 1286/1450/1400 1280/1421/1400
f 1286/1450/1400 1285/1451/1400 1280/1421/1400
f 1285/1451/1400 1284/1452/1400 1280/1421/1400
f 1284/1452/1400 1283/1453/1400 1280/1421/1400
f 1283/1453/1400 1282/1454/1400 1280/1421/1400
f 1214/1296/1296 1209/1291/1291 1215/1297/1297
f 1209/1291/1291 1212/1294/1294 1215/1297/1297
f 1217/1299/1299 1214/1296/1296 1218/1300/1300
f 1214/1296/1296 1215/1297/1297 1218/1300/1300
f 1220/1302/1302 1217/1299/1299 1218/1300/1300
f 1220/1302/1302 1218/1300/1300 1222/1304/1304
f 1223/1305/1305 1220/1302/1302 1225/1307/1307
f 1220/1302/1302 1222/1304/1304 1225/1307/1307
f 1226/1308/1308 1223/1305/1305 1225/1307/1307
f 1226/1308/1308 1225/1307/1307 1227/1309/1309
f 1229/1311/1311 1226/1308/1308 1230/1312/1312
f 1226/1308/1308 1227/1309/1309 1230/1312/1312
f 1232/1314/1314 1229/1311/1311 1234/1316/1316
f 1229/1311/1311 1230/1312/1312 1234/1316/1316
f 1235/1317/1317 1232/1314/1314 1234/1316/1316
f 1235/1317/1317 1234/1316/1316 1237/1319/1319
f 1238/1320/1320 1235/1317/1317 1240/1322/1322
f 1235/1317/1317 1237/1319/1319 1240/1322/1322
f 1241/1323/1323 1238/1320/1320 1240/1322/1322
f 1241/1323/1323 1240/1322/1322 1243/1325/1325
f 1244/1326/1326 1241/1323/1323 1243/1325/1325
f 1244/1326/1326 1243/1325/1325 1245/1327/1327
f 1247/1329/1329 1244/1326/1326 1248/1330/1330
f 1244/1326/1326 1245/1327/1327 1248/1330/1330
f 1250/1332/1332 1247/1329/1329 1248/1330/1330
f 1250/1332/1332 1248/1330/1330 1252/1334/1334
f 1253/1335/1335 1250/1332/1332 1255/1337/1337
f 1250/1332/1332 1252/1334/1334 1255/1337/1337
f 1256/1338/1338 1253/1335/1335 1258/1340/1340
f 1253/1335/1335 1255/1337/1337 1258/1340/1340
f 1259/1341/1341 1256/1338/1338 1258/1340/1340
f 1259/1341/1341 1258/1340/1340 1260/1342/1342
f 1208/1290/1290 1259/1341/1341 1260/1342/1342
f 1208/1290/1290 1260/1342/1342 1210/1292/1292
f 1209/1291/1291 1208/1290/1290 1212/1294/1294
f 1208/1290/1290 1210/1292/1292 1212/1294/1294
