v 4.1198 0 0
v 4.0567 0.7153 0
v 4.0379 0.712 0.9194
v 4.1007 0 0.9194
v 3.8534 1.4025 0.9194
v 3.8713 1.409 0
v 3.5674 2.0596 0
v 3.5509 2.0501 0.9194
v 3.1413 2.6359 0.9194
v 3.1559 2.6481 0
v 2.6356 3.141 0.9194
v 2.6478 3.1556 0
v 2.0503 3.5513 0.9194
v 2.0599 3.5678 0
v 1.4089 3.8709 0
v 1.4023 3.8529 0.9194
v 0.7121 4.0384 0.9194
v 0.7154 4.0572 0
v 0 4.1002 0.9194
v 0 4.1193 0
v -0.7121 4.0384 0.9194
v -0.7154 4.0572 0
v -1.4089 3.8709 0
v -1.4024 3.8529 0.9194
v -2.0503 3.5513 0.9194
v -2.0599 3.5678 0
v -2.6356 3.141 0.9194
v -2.6478 3.1556 0
v -3.1413 2.6359 0.9194
v -3.1559 2.6481 0
v -3.5509 2.0501 0.9194
v -3.5674 2.0596 0
v -3.8534 1.4025 0.9194
v -3.8713 1.409 0
v -4.0567 0.7153 0
v -4.0379 0.712 0.9194
v -4.1007 0 0.9194
v -4.1198 0 0
v -4.0379 -0.712 0.9194
v -4.0567 -0.7153 0
v -3.8534 -1.4025 0.9194
v -3.8713 -1.409 0
v -3.5674 -2.0596 0
v -3.5509 -2.0501 0.9194
v -3.1413 -2.6359 0.9194
v -3.1559 -2.6481 0
v -2.6478 -3.1556 0
v -2.6356 -3.1409 0.9194
v -2.0503 -3.5513 0.9194
v -2.0599 -3.5678 0
v -1.4089 -3.8709 0
v -1.4024 -3.8529 0.9194
v -0.7121 -4.0384 0.9194
v -0.7154 -4.0572 0
v 0 -4.1193 0
v 0 -4.1002 0.9194
v 0.7121 -4.0384 0.9194
v 0.7154 -4.0572 0
v 1.4089 -3.8709 0
v 1.4023 -3.8529 0.9194
v 2.0503 -3.5513 0.9194
v 2.0599 -3.5678 0
v 2.6356 -3.141 0.9194
v 2.6478 -3.1556 0
v 3.1413 -2.6359 0.9194
v 3.1559 -2.6481 0
v 3.5674 -2.0596 0
v 3.5509 -2.0501 0.9194
v 3.8534 -1.4025 0.9194
v 3.8713 -1.409 0
v 4.0567 -0.7153 0
v 4.0379 -0.712 0.9194
v 3.8058 0.6711 1.0655
v 3.8649 0 1.0655
v 3.6318 1.3219 1.0655
v 3.3467 1.9322 1.0655
v 2.9607 2.4843 1.0655
v 2.484 2.9604 1.0655
v 1.9325 3.3471 1.0655
v 1.3217 3.6314 1.0655
v 0.6711 3.8062 1.0655
v 0 3.8645 1.0655
v -0.6711 3.8062 1.0655
v -1.3217 3.6314 1.0655
v -1.9325 3.3471 1.0655
v -2.484 2.9604 1.0655
v -2.9607 2.4843 1.0655
v -3.3467 1.9322 1.0655
v -3.6318 1.3219 1.0655
v -3.8058 0.6711 1.0655
v -3.8649 0 1.0655
v -3.8058 -0.6711 1.0655
v -3.6319 -1.3219 1.0655
v -3.3467 -1.9322 1.0655
v -2.9607 -2.4843 1.0655
v -2.484 -2.9604 1.0655
v -1.9325 -3.3471 1.0655
v -1.3217 -3.6314 1.0655
v -0.6711 -3.8062 1.0655
v 0 -3.8645 1.0655
v 0.6711 -3.8062 1.0655
v 1.3217 -3.6314 1.0655
v 1.9325 -3.3471 1.0655
v 2.484 -2.9604 1.0655
v 2.9607 -2.4843 1.0655
v 3.3467 -1.9322 1.0655
v 3.6318 -1.3219 1.0655
v 3.8058 -0.6711 1.0655
v 3.6181 1.3169 1.2505
v 3.7914 0.6685 1.2505
v 3.8503 0 1.2505
v 2.9495 2.475 1.2505
v 3.3341 1.9249 1.2505
v 1.9252 3.3345 1.2505
v 2.4747 2.9492 1.2505
v 0.6686 3.7918 1.2505
v 1.3167 3.6177 1.2505
v -0.6686 3.7918 1.2505
v 0 3.8499 1.2505
v -1.9252 3.3345 1.2505
v -1.3167 3.6177 1.2505
v -2.9495 2.475 1.2505
v -2.4747 2.9492 1.2505
v -3.6181 1.3169 1.2505
v -3.3341 1.9249 1.2505
v -3.8503 0 1.2505
v -3.7914 0.6685 1.2505
v -3.6181 -1.3169 1.2505
v -3.7914 -0.6685 1.2505
v -2.9495 -2.475 1.2505
v -3.3341 -1.9249 1.2505
v -1.9252 -3.3345 1.2505
v -2.4747 -2.9492 1.2505
v -0.6686 -3.7918 1.2505
v -1.3167 -3.6177 1.2505
v 0.6686 -3.7918 1.2505
v 0 -3.8499 1.2505
v 1.9252 -3.3345 1.2505
v 1.3167 -3.6177 1.2505
v 2.9495 -2.475 1.2505
v 2.4747 -2.9492 1.2505
v 3.6181 -1.3169 1.2505
v 3.3341 -1.9249 1.2505
v 3.7914 -0.6685 1.2505
v 4.1924 0.7392 1.8876
v 4.0008 1.4562 1.8876
v 4.2576 0 1.8876
v 3.6868 2.1286 1.8876
v 3.2615 2.7367 1.8876
v 2.7364 3.2611 1.8876
v 2.1288 3.6872 1.8876
v 1.456 4.0004 1.8876
v 0.7393 4.1929 1.8876
v 0 4.2571 1.8876
v -0.7393 4.1929 1.8876
v -1.456 4.0004 1.8876
v -2.1288 3.6872 1.8876
v -2.7364 3.2611 1.8876
v -3.2615 2.7367 1.8876
v -3.6868 2.1286 1.8876
v -4.0008 1.4562 1.8876
v -4.1924 0.7392 1.8876
v -4.2576 0 1.8876
v -4.1924 -0.7392 1.8876
v -4.0008 -1.4562 1.8876
v -3.6868 -2.1286 1.8876
v -3.2615 -2.7367 1.8876
v -2.7364 -3.2611 1.8876
v -2.1288 -3.6872 1.8876
v -1.456 -4.0004 1.8876
v -0.7393 -4.1929 1.8876
v 0 -4.2571 1.8876
v 0.7393 -4.1929 1.8876
v 1.456 -4.0004 1.8876
v 2.1288 -3.6872 1.8876
v 2.7364 -3.2611 1.8876
v 3.2615 -2.7367 1.8876
v 3.6868 -2.1286 1.8876
v 4.0008 -1.4562 1.8876
v 4.1924 -0.7392 1.8876
v 4.0552 1.476 2.2159
v 4.2493 0.7493 2.2159
v 4.3154 0 2.2159
v 3.3058 2.7739 2.2159
v 3.7368 2.1574 2.2159
v 2.1577 3.7372 2.2159
v 2.7736 3.3054 2.2159
v 0.7494 4.2499 2.2159
v 1.4758 4.0547 2.2159
v -0.7494 4.2499 2.2159
v 0 4.3149 2.2159
v -2.1577 3.7372 2.2159
v -1.4758 4.0547 2.2159
v -3.3058 2.7739 2.2159
v -2.7736 3.3054 2.2159
v -4.0552 1.476 2.2159
v -3.7368 2.1574 2.2159
v -4.3154 0 2.2159
v -4.2493 0.7493 2.2159
v -4.0552 -1.476 2.2159
v -4.2493 -0.7493 2.2159
v -3.3058 -2.7739 2.2159
v -3.7368 -2.1574 2.2159
v -2.1577 -3.7372 2.2159
v -2.7736 -3.3054 2.2159
v -0.7494 -4.2499 2.2159
v -1.4758 -4.0547 2.2159
v 0.7494 -4.2499 2.2159
v 0 -4.3149 2.2159
v 2.1577 -3.7372 2.2159
v 1.4758 -4.0547 2.2159
v 3.3058 -2.7739 2.2159
v 2.7736 -3.3054 2.2159
v 4.0552 -1.476 2.2159
v 3.7368 -2.1574 2.2159
v 4.2493 -0.7493 2.2159
v 3.9776 1.4477 2.5701
v 4.1681 0.7349 2.5701
v 3.7549 1.3667 2.9599
v 3.9347 0.6938 2.9599
v 3.9959 0 2.9599
v 4.2329 0 2.5701
v 3.2426 2.7208 2.5701
v 3.6653 2.1162 2.5701
v 3.061 2.5685 2.9599
v 3.4601 1.9977 2.9599
v 2.1164 3.6658 2.5701
v 2.7205 3.2422 2.5701
v 1.9979 3.4605 2.9599
v 2.5682 3.0607 2.9599
v 0.735 4.1685 2.5701
v 1.4475 3.9771 2.5701
v 0.6939 3.9352 2.9599
v 1.3665 3.7545 2.9599
v -0.735 4.1685 2.5701
v 0 4.2324 2.5701
v -0.6939 3.9352 2.9599
v 0 3.9954 2.9599
v -1.4475 3.9771 2.5701
v -2.1164 3.6658 2.5701
v -1.9979 3.4605 2.9599
v -1.3665 3.7545 2.9599
v -2.7205 3.2422 2.5701
v -3.2426 2.7208 2.5701
v -3.061 2.5685 2.9599
v -2.5682 3.0607 2.9599
v -3.9776 1.4477 2.5701
v -3.6653 2.1162 2.5701
v -3.7549 1.3667 2.9599
v -3.4601 1.9977 2.9599
v -4.2329 0 2.5701
v -4.1681 0.7349 2.5701
v -3.9959 0 2.9599
v -3.9347 0.6938 2.9599
v -4.1681 -0.7349 2.5701
v -3.9776 -1.4477 2.5701
v -3.7549 -1.3667 2.9599
v -3.9347 -0.6938 2.9599
v -3.6653 -2.1162 2.5701
v -3.2426 -2.7208 2.5701
v -3.061 -2.5685 2.9599
v -3.4601 -1.9977 2.9599
v -2.7205 -3.2422 2.5701
v -2.1164 -3.6658 2.5701
v -1.9979 -3.4605 2.9599
v -2.5682 -3.0607 2.9599
v -1.4475 -3.9771 2.5701
v -0.735 -4.1685 2.5701
v -0.6939 -3.9352 2.9599
v -1.3665 -3.7545 2.9599
v 0.735 -4.1685 2.5701
v 0 -4.2324 2.5701
v 0.6939 -3.9352 2.9599
v 0 -3.9954 2.9599
v 2.1164 -3.6658 2.5701
v 1.4475 -3.9771 2.5701
v 1.9979 -3.4605 2.9599
v 1.3665 -3.7545 2.9599
v 2.7205 -3.2422 2.5701
v 3.2426 -2.7208 2.5701
v 3.061 -2.5685 2.9599
v 2.5682 -3.0607 2.9599
v 3.9776 -1.4477 2.5701
v 3.6653 -2.1162 2.5701
v 3.7549 -1.3667 2.9599
v 3.4601 -1.9977 2.9599
v 4.1681 -0.7349 2.5701
v 3.9347 -0.6938 2.9599
v 3.0138 1.0969 3.8306
v 3.1582 0.5569 3.8306
v 3.2073 0 3.8306
v 2.4569 2.0616 3.8306
v 2.7772 1.6034 3.8306
v 1.6036 2.7776 3.8306
v 2.0613 2.4566 3.8306
v 0.5569 3.1585 3.8306
v 1.0968 3.0135 3.8306
v -0.5569 3.1585 3.8306
v 0 3.2069 3.8306
v -1.6036 2.7776 3.8306
v -1.0968 3.0135 3.8306
v -2.4569 2.0616 3.8306
v -2.0613 2.4566 3.8306
v -3.0138 1.0969 3.8306
v -2.7772 1.6034 3.8306
v -3.2073 0 3.8306
v -3.1582 0.5569 3.8306
v -3.0138 -1.0969 3.8306
v -3.1582 -0.5569 3.8306
v -2.4569 -2.0616 3.8306
v -2.7772 -1.6034 3.8306
v -1.6036 -2.7776 3.8306
v -2.0613 -2.4566 3.8306
v -0.5569 -3.1585 3.8306
v -1.0968 -3.0135 3.8306
v 0.5569 -3.1585 3.8306
v 0 -3.2069 3.8306
v 1.6036 -2.7776 3.8306
v 1.0968 -3.0135 3.8306
v 2.4569 -2.0616 3.8306
v 2.0613 -2.4566 3.8306
v 3.0138 -1.0969 3.8306
v 2.7772 -1.6034 3.8306
v 3.1582 -0.5569 3.8306
v 3.0165 0 4.3976
v 2.9703 0.5238 4.3976
v 2.9726 0.5242 5.3414
v 3.0189 0 5.3414
v 2.8368 1.0325 5.3414
v 2.8346 1.0317 4.3976
v 2.6121 1.5081 4.3976
v 2.6141 1.5092 5.3414
v 2.3126 1.9405 5.3414
v 2.3108 1.939 4.3976
v 1.9388 2.3105 4.3976
v 1.9403 2.3123 5.3414
v 1.5094 2.6144 5.3414
v 1.5083 2.6124 4.3976
v 1.0324 2.8365 5.3414
v 1.0316 2.8343 4.3976
v 0.5242 2.973 5.3414
v 0.5238 2.9707 4.3976
v 0 3.0162 4.3976
v 0 3.0185 5.3414
v -0.5242 2.973 5.3414
v -0.5238 2.9707 4.3976
v -1.0316 2.8343 4.3976
v -1.0324 2.8365 5.3414
v -1.5094 2.6144 5.3414
v -1.5083 2.6124 4.3976
v -1.9388 2.3105 4.3976
v -1.9403 2.3123 5.3414
v -2.3126 1.9405 5.3414
v -2.3108 1.939 4.3976
v -2.6141 1.5092 5.3414
v -2.6121 1.5081 4.3976
v -2.8368 1.0325 5.3414
v -2.8346 1.0317 4.3976
v -2.9703 0.5238 4.3976
v -2.9726 0.5242 5.3414
v -3.0189 0 5.3414
v -3.0165 0 4.3976
v -2.9726 -0.5242 5.3414
v -2.9703 -0.5238 4.3976
v -2.8368 -1.0325 5.3414
v -2.8346 -1.0317 4.3976
v -2.6121 -1.5081 4.3976
v -2.6141 -1.5092 5.3414
v -2.3126 -1.9405 5.3414
v -2.3108 -1.939 4.3976
v -1.9388 -2.3105 4.3976
v -1.9403 -2.3123 5.3414
v -1.5094 -2.6144 5.3414
v -1.5083 -2.6124 4.3976
v -1.0324 -2.8365 5.3414
v -1.0316 -2.8343 4.3976
v -0.5242 -2.973 5.3414
v -0.5238 -2.9707 4.3976
v 0 -3.0162 4.3976
v 0 -3.0185 5.3414
v 0.5242 -2.973 5.3414
v 0.5238 -2.9707 4.3976
v 1.0316 -2.8343 4.3976
v 1.0324 -2.8365 5.3414
v 1.5094 -2.6144 5.3414
v 1.5083 -2.6124 4.3976
v 1.9388 -2.3105 4.3976
v 1.9403 -2.3123 5.3414
v 2.3126 -1.9405 5.3414
v 2.3108 -1.939 4.3976
v 2.6141 -1.5092 5.3414
v 2.6121 -1.5081 4.3976
v 2.8368 -1.0325 5.3414
v 2.8346 -1.0317 4.3976
v 2.9703 -0.5238 4.3976
v 2.9726 -0.5242 5.3414
v 2.7952 0 5.4156
v 2.7524 0.4853 5.4156
v 2.6266 0.956 5.4156
v 2.4204 1.3974 5.4156
v 2.1412 1.7967 5.4156
v 1.7965 2.141 5.4156
v 1.3976 2.4207 5.4156
v 0.9559 2.6263 5.4156
v 0.4854 2.7527 5.4156
v 0 2.7948 5.4156
v -0.4854 2.7527 5.4156
v -0.9559 2.6263 5.4156
v -1.3976 2.4207 5.4156
v -1.7965 2.141 5.4156
v -2.1412 1.7967 5.4156
v -2.4204 1.3974 5.4156
v -2.6266 0.956 5.4156
v -2.7524 0.4853 5.4156
v -2.7952 0 5.4156
v -2.7524 -0.4853 5.4156
v -2.6266 -0.956 5.4156
v -2.4204 -1.3974 5.4156
v -2.1412 -1.7967 5.4156
v -1.7965 -2.141 5.4156
v -1.3976 -2.4207 5.4156
v -0.9559 -2.6263 5.4156
v -0.4854 -2.7527 5.4156
v 0 -2.7948 5.4156
v 0.4854 -2.7527 5.4156
v 0.9559 -2.6263 5.4156
v 1.3976 -2.4207 5.4156
v 1.7965 -2.141 5.4156
v 2.1412 -1.7967 5.4156
v 2.4204 -1.3974 5.4156
v 2.6266 -0.956 5.4156
v 2.7524 -0.4853 5.4156
v 2.0644 0.7514 6.4471
v 2.1633 0.3815 6.4471
v 2.1969 0 6.4471
v 1.9024 1.0983 6.4471
v 1.6829 1.4122 6.4471
v 1.0985 1.9026 6.4471
v 1.412 1.6828 6.4471
v 0.7513 2.0642 6.4471
v 0.3815 2.1636 6.4471
v 0 2.1967 6.4471
v -0.3815 2.1636 6.4471
v -1.0985 1.9026 6.4471
v -0.7513 2.0642 6.4471
v -1.412 1.6828 6.4471
v -1.6829 1.4122 6.4471
v -2.0644 0.7514 6.4471
v -1.9024 1.0983 6.4471
v -2.1969 0 6.4471
v -2.1633 0.3815 6.4471
v -2.0644 -0.7514 6.4471
v -2.1633 -0.3814 6.4471
v -1.9024 -1.0983 6.4471
v -1.6829 -1.4122 6.4471
v -1.0985 -1.9026 6.4471
v -1.412 -1.6827 6.4471
v -0.7513 -2.0642 6.4471
v -0.3815 -2.1636 6.4471
v 0.3815 -2.1636 6.4471
v 0 -2.1967 6.4471
v 0.7513 -2.0642 6.4471
v 1.0985 -1.9026 6.4471
v 1.412 -1.6827 6.4471
v 1.6829 -1.4122 6.4471
v 2.0644 -0.7514 6.4471
v 1.9024 -1.0983 6.4471
v 2.1633 -0.3815 6.4471
v 1.2483 0.2201 9.9795
v 1.2676 0 9.9795
v 1.5758 0 8.1119
v 1.5517 0.2736 8.1119
v 1.1912 0.4336 9.9795
v 1.4808 0.539 8.1119
v 1.0977 0.6338 9.9795
v 1.3646 0.7878 8.1119
v 0.9711 0.8148 9.9795
v 1.2072 1.0129 8.1119
v 0.8147 0.971 9.9795
v 1.0128 1.207 8.1119
v 0.6338 1.0978 9.9795
v 0.7879 1.3647 8.1119
v 0.4335 1.1911 9.9795
v 0.5389 1.4806 8.1119
v 0.2201 1.2484 9.9795
v 0.2736 1.5519 8.1119
v 0 1.2675 9.9795
v 0 1.5757 8.1119
v -0.2201 1.2484 9.9795
v -0.2736 1.5519 8.1119
v -0.4335 1.1911 9.9795
v -0.5389 1.4806 8.1119
v -0.6338 1.0978 9.9795
v -0.7879 1.3647 8.1119
v -0.8147 0.971 9.9795
v -1.0128 1.207 8.1119
v -0.9711 0.8148 9.9795
v -1.2072 1.0129 8.1119
v -1.0977 0.6338 9.9795
v -1.3646 0.7878 8.1119
v -1.1912 0.4336 9.9795
v -1.4808 0.539 8.1119
v -1.2483 0.2201 9.9795
v -1.5517 0.2736 8.1119
v -1.2676 0 9.9795
v -1.5758 0 8.1119
v -1.2483 -0.2201 9.9795
v -1.5517 -0.2736 8.1119
v -1.1912 -0.4336 9.9795
v -1.4808 -0.539 8.1119
v -1.0977 -0.6338 9.9795
v -1.3646 -0.7878 8.1119
v -0.9711 -0.8148 9.9795
v -1.2072 -1.0129 8.1119
v -0.8147 -0.971 9.9795
v -1.0128 -1.207 8.1119
v -0.6338 -1.0978 9.9795
v -0.7879 -1.3647 8.1119
v -0.4335 -1.1911 9.9795
v -0.5389 -1.4806 8.1119
v -0.2201 -1.2484 9.9795
v -0.2736 -1.5519 8.1119
v 0 -1.2675 9.9795
v 0 -1.5757 8.1119
v 0.2201 -1.2484 9.9795
v 0.2736 -1.5519 8.1119
v 0.4335 -1.1911 9.9795
v 0.5389 -1.4806 8.1119
v 0.6338 -1.0978 9.9795
v 0.7879 -1.3647 8.1119
v 0.8147 -0.971 9.9795
v 1.0128 -1.207 8.1119
v 0.9711 -0.8148 9.9795
v 1.2072 -1.0129 8.1119
v 1.0977 -0.6338 9.9795
v 1.3646 -0.7878 8.1119
v 1.1912 -0.4336 9.9795
v 1.4808 -0.539 8.1119
v 1.2483 -0.2201 9.9795
v 1.5517 -0.2736 8.1119
v 1.1483 0.418 11.268
v 1.2033 0.2122 11.268
v 1.222 0 11.268
v 0.9361 0.7855 11.268
v 1.0582 0.6109 11.268
v 0.611 1.0583 11.268
v 0.7854 0.936 11.268
v 0.2122 1.2034 11.268
v 0.4179 1.1482 11.268
v -0.2122 1.2034 11.268
v 0 1.2219 11.268
v -0.611 1.0583 11.268
v -0.4179 1.1482 11.268
v -0.9361 0.7855 11.268
v -0.7854 0.936 11.268
v -1.1483 0.418 11.268
v -1.0582 0.6109 11.268
v -1.222 0 11.268
v -1.2033 0.2122 11.268
v -1.1483 -0.418 11.268
v -1.2033 -0.2122 11.268
v -0.9361 -0.7855 11.268
v -1.0582 -0.6109 11.268
v -0.611 -1.0583 11.268
v -0.7854 -0.936 11.268
v -0.2122 -1.2034 11.268
v -0.4179 -1.1482 11.268
v 0.2122 -1.2034 11.268
v 0 -1.2219 11.268
v 0.611 -1.0583 11.268
v 0.4179 -1.1482 11.268
v 0.9361 -0.7855 11.268
v 0.7854 -0.936 11.268
v 1.1483 -0.418 11.268
v 1.0582 -0.6109 11.268
v 1.2033 -0.2122 11.268
v 1.8359 0.6682 11.3415
v 1.9238 0.3392 11.3415
v 1.9537 0 11.3415
v 1.4967 1.2558 11.3415
v 1.6918 0.9768 11.3415
v 0.9769 1.692 11.3415
v 1.2557 1.4965 11.3415
v 0.3393 1.9241 11.3415
v 0.6681 1.8357 11.3415
v -0.3393 1.9241 11.3415
v 0 1.9535 11.3415
v -0.9769 1.692 11.3415
v -0.6681 1.8357 11.3415
v -1.4967 1.2558 11.3415
v -1.2557 1.4965 11.3415
v -1.8359 0.6682 11.3415
v -1.6918 0.9768 11.3415
v -1.9537 0 11.3415
v -1.9238 0.3392 11.3415
v -1.8359 -0.6682 11.3415
v -1.9238 -0.3392 11.3415
v -1.4967 -1.2558 11.3415
v -1.6918 -0.9768 11.3415
v -0.9769 -1.692 11.3415
v -1.2557 -1.4965 11.3415
v -0.3393 -1.9241 11.3415
v -0.6681 -1.8357 11.3415
v 0.3393 -1.9241 11.3415
v 0 -1.9535 11.3415
v 0.9769 -1.692 11.3415
v 0.6681 -1.8357 11.3415
v 1.4966 -1.2558 11.3415
v 1.2557 -1.4965 11.3415
v 1.8359 -0.6682 11.3415
v 1.6918 -0.9768 11.3415
v 1.9238 -0.3392 11.3415
v 2.1206 0.3739 12.146
v 2.0237 0.7366 12.146
v 2.1064 0.3714 12.3282
v 2.0101 0.7316 12.3282
v 2.1536 0 12.146
v 2.1391 0 12.3282
v 1.8649 1.0767 12.146
v 1.6498 1.3843 12.146
v 1.8523 1.0694 12.3282
v 1.6387 1.375 12.3282
v 1.3841 1.6496 12.146
v 1.0768 1.8651 12.146
v 1.3748 1.6385 12.3282
v 1.0696 1.8525 12.3282
v 0.7365 2.0235 12.146
v 0.374 2.1209 12.146
v 0.7315 2.0099 12.3282
v 0.3715 2.1066 12.3282
v 0 2.1534 12.146
v -0.374 2.1209 12.146
v 0 2.1389 12.3282
v -0.3715 2.1066 12.3282
v -0.7365 2.0235 12.146
v -1.0768 1.8651 12.146
v -0.7315 2.0099 12.3282
v -1.0696 1.8525 12.3282
v -1.3841 1.6496 12.146
v -1.6498 1.3843 12.146
v -1.3748 1.6385 12.3282
v -1.6387 1.375 12.3282
v -1.8649 1.0767 12.146
v -2.0237 0.7366 12.146
v -1.8523 1.0694 12.3282
v -2.0101 0.7316 12.3282
v -2.1206 0.3739 12.146
v -2.1536 0 12.146
v -2.1064 0.3714 12.3282
v -2.1391 0 12.3282
v -2.1206 -0.3739 12.146
v -2.0237 -0.7366 12.146
v -2.1064 -0.3714 12.3282
v -2.0101 -0.7316 12.3282
v -1.8649 -1.0767 12.146
v -1.6498 -1.3843 12.146
v -1.8523 -1.0694 12.3282
v -1.6387 -1.375 12.3282
v -1.3841 -1.6496 12.146
v -1.0768 -1.8651 12.146
v -1.3748 -1.6385 12.3282
v -1.0696 -1.8525 12.3282
v -0.7365 -2.0235 12.146
v -0.374 -2.1209 12.146
v -0.7315 -2.0099 12.3282
v -0.3715 -2.1066 12.3282
v 0 -2.1534 12.146
v 0.374 -2.1209 12.146
v 0 -2.1389 12.3282
v 0.3715 -2.1066 12.3282
v 0.7365 -2.0235 12.146
v 1.0768 -1.8651 12.146
v 0.7315 -2.0099 12.3282
v 1.0696 -1.8525 12.3282
v 1.3841 -1.6496 12.146
v 1.6498 -1.3843 12.146
v 1.3748 -1.6385 12.3282
v 1.6387 -1.375 12.3282
v 1.8649 -1.0767 12.146
v 2.0237 -0.7366 12.146
v 1.8523 -1.0694 12.3282
v 2.0101 -0.7316 12.3282
v 2.1206 -0.3739 12.146
v 2.1064 -0.3714 12.3282
v 2.1515 0.7831 12.5192
v 2.2545 0.3975 12.5192
v 2.2896 0 12.5192
v 1.7539 1.4717 12.5192
v 1.9826 1.1446 12.5192
v 1.1448 1.9828 12.5192
v 1.4715 1.7537 12.5192
v 0.3976 2.2548 12.5192
v 0.783 2.1512 12.5192
v -0.3976 2.2548 12.5192
v 0 2.2893 12.5192
v -1.1448 1.9828 12.5192
v -0.783 2.1512 12.5192
v -1.7539 1.4717 12.5192
v -1.4715 1.7537 12.5192
v -2.1515 0.7831 12.5192
v -1.9826 1.1446 12.5192
v -2.2896 0 12.5192
v -2.2545 0.3975 12.5192
v -2.1515 -0.7831 12.5192
v -2.2545 -0.3975 12.5192
v -1.7539 -1.4717 12.5192
v -1.9826 -1.1446 12.5192
v -1.1448 -1.9828 12.5192
v -1.4715 -1.7537 12.5192
v -0.3976 -2.2548 12.5192
v -0.783 -2.1512 12.5192
v 0.3976 -2.2548 12.5192
v 0 -2.2893 12.5192
v 1.1448 -1.9828 12.5192
v 0.783 -2.1512 12.5192
v 1.7539 -1.4717 12.5192
v 1.4715 -1.7537 12.5192
v 2.1515 -0.7831 12.5192
v 1.9826 -1.1446 12.5192
v 2.2545 -0.3975 12.5192
v 2.1951 0.799 12.0428
v 2.3003 0.4056 12.0428
v 2.336 0 12.0428
v 2.4924 0 11.9141
v 2.4542 0.4327 11.9141
v 2.3421 0.8524 11.9141
v 1.7895 1.5016 12.0428
v 2.0228 1.1679 12.0428
v 2.1582 1.2461 11.9141
v 1.9093 1.6021 11.9141
v 1.168 2.0231 12.0428
v 1.5014 1.7893 12.0428
v 1.6019 1.909 11.9141
v 1.2462 2.1585 11.9141
v 0.4056 2.3005 12.0428
v 0.7989 2.1949 12.0428
v 0.8523 2.3418 11.9141
v 0.4328 2.4545 11.9141
v -0.4056 2.3005 12.0428
v 0 2.3357 12.0428
v 0 2.4921 11.9141
v -0.4328 2.4545 11.9141
v -1.168 2.0231 12.0428
v -0.7989 2.1949 12.0428
v -0.8523 2.3418 11.9141
v -1.2462 2.1585 11.9141
v -1.7895 1.5016 12.0428
v -1.5014 1.7893 12.0428
v -1.6019 1.909 11.9141
v -1.9093 1.6021 11.9141
v -2.1951 0.799 12.0428
v -2.0228 1.1679 12.0428
v -2.1582 1.2461 11.9141
v -2.3421 0.8524 11.9141
v -2.336 0 12.0428
v -2.3003 0.4056 12.0428
v -2.4542 0.4327 11.9141
v -2.4924 0 11.9141
v -2.1951 -0.799 12.0428
v -2.3003 -0.4056 12.0428
v -2.4542 -0.4327 11.9141
v -2.3421 -0.8524 11.9141
v -1.7895 -1.5016 12.0428
v -2.0228 -1.1679 12.0428
v -2.1582 -1.246 11.9141
v -1.9093 -1.6021 11.9141
v -1.168 -2.0231 12.0428
v -1.5014 -1.7893 12.0428
v -1.6019 -1.909 11.9141
v -1.2462 -2.1585 11.9141
v -0.4056 -2.3005 12.0428
v -0.7989 -2.1949 12.0428
v -0.8523 -2.3418 11.9141
v -0.4328 -2.4545 11.9141
v 0.4056 -2.3005 12.0428
v 0 -2.3357 12.0428
v 0 -2.4921 11.9141
v 0.4328 -2.4545 11.9141
v 1.168 -2.0231 12.0428
v 0.7989 -2.1949 12.0428
v 0.8523 -2.3418 11.9141
v 1.2462 -2.1585 11.9141
v 1.7895 -1.5016 12.0428
v 1.5014 -1.7893 12.0428
v 1.6019 -1.909 11.9141
v 1.9093 -1.6021 11.9141
v 2.1951 -0.799 12.0428
v 2.0228 -1.1679 12.0428
v 2.1582 -1.2461 11.9141
v 2.3421 -0.8524 11.9141
v 2.3003 -0.4056 12.0428
v 2.4542 -0.4327 11.9141
v 2.1732 0.791 12.6351
v 2.1224 0.7725 12.7561
v 2.224 0.3922 12.7561
v 2.2773 0.4015 12.6351
v 2.2586 0 12.7561
v 2.3127 0 12.6351
v 1.7716 1.4866 12.6351
v 1.7302 1.4518 12.7561
v 1.9558 1.1292 12.7561
v 2.0026 1.1562 12.6351
v 1.1563 2.0029 12.6351
v 1.1293 1.956 12.7561
v 1.4516 1.73 12.7561
v 1.4864 1.7714 12.6351
v 0.4016 2.2776 12.6351
v 0.3922 2.2243 12.7561
v 0.7909 2.173 12.6351
v 0.7724 2.1221 12.7561
v -0.4016 2.2776 12.6351
v -0.3922 2.2243 12.7561
v 0 2.3124 12.6351
v 0 2.2583 12.7561
v -1.1563 2.0029 12.6351
v -1.1293 1.956 12.7561
v -0.7724 2.1221 12.7561
v -0.7909 2.173 12.6351
v -1.7716 1.4866 12.6351
v -1.7302 1.4518 12.7561
v -1.4864 1.7714 12.6351
v -1.4516 1.73 12.7561
v -2.1732 0.791 12.6351
v -2.1224 0.7725 12.7561
v -2.0026 1.1562 12.6351
v -1.9558 1.1292 12.7561
v -2.3127 0 12.6351
v -2.2586 0 12.7561
v -2.224 0.3922 12.7561
v -2.2773 0.4016 12.6351
v -2.1732 -0.791 12.6351
v -2.1224 -0.7725 12.7561
v -2.2773 -0.4015 12.6351
v -2.224 -0.3921 12.7561
v -1.7716 -1.4866 12.6351
v -1.7302 -1.4518 12.7561
v -2.0026 -1.1562 12.6351
v -1.9558 -1.1292 12.7561
v -1.1563 -2.0029 12.6351
v -1.1293 -1.956 12.7561
v -1.4864 -1.7714 12.6351
v -1.4516 -1.73 12.7561
v -0.4016 -2.2776 12.6351
v -0.3922 -2.2243 12.7561
v -0.7724 -2.1221 12.7561
v -0.7909 -2.173 12.6351
v 0.4016 -2.2776 12.6351
v 0.3922 -2.2243 12.7561
v 0 -2.3124 12.6351
v 0 -2.2583 12.7561
v 1.1563 -2.0029 12.6351
v 1.1293 -1.956 12.7561
v 0.7724 -2.1221 12.7561
v 0.7909 -2.173 12.6351
v 1.7716 -1.4866 12.6351
v 1.7302 -1.4518 12.7561
v 1.4864 -1.7714 12.6351
v 1.4516 -1.73 12.7561
v 2.1732 -0.791 12.6351
v 2.1224 -0.7725 12.7561
v 2.0026 -1.1562 12.6351
v 1.9558 -1.1292 12.7561
v 2.224 -0.3922 12.7561
v 2.2773 -0.4015 12.6351
v 1.8158 0.6609 12.9458
v 1.9028 0.3355 12.9458
v 1.9324 0 12.9458
v 1.4803 1.2421 12.9458
v 1.6733 0.9661 12.9458
v 0.9662 1.6735 12.9458
v 1.242 1.4801 12.9458
v 0.3355 1.903 12.9458
v 0.6608 1.8156 12.9458
v -0.3356 1.903 12.9458
v 0 1.9321 12.9458
v -0.9662 1.6735 12.9458
v -0.6608 1.8156 12.9458
v -1.4803 1.2421 12.9458
v -1.242 1.4801 12.9458
v -1.8158 0.6609 12.9458
v -1.6733 0.9661 12.9458
v -1.9324 0 12.9458
v -1.9028 0.3355 12.9458
v -1.8158 -0.6609 12.9458
v -1.9028 -0.3355 12.9458
v -1.4803 -1.2421 12.9458
v -1.6733 -0.9661 12.9458
v -0.9662 -1.6735 12.9458
v -1.242 -1.4801 12.9458
v -0.3356 -1.903 12.9458
v -0.6608 -1.8156 12.9458
v 0.3355 -1.903 12.9458
v 0 -1.9321 12.9458
v 0.9662 -1.6735 12.9458
v 0.6608 -1.8156 12.9458
v 1.4803 -1.2421 12.9458
v 1.242 -1.4801 12.9458
v 1.8158 -0.6609 12.9458
v 1.6733 -0.9661 12.9458
v 1.9028 -0.3355 12.9458
v 1.8449 0.3253 13.0142
v 1.7606 0.6408 13.0142
v 1.8736 0 13.0142
v 1.867 0 13.2841
v 1.8384 0.3242 13.2841
v 1.6224 0.9367 13.0142
v 1.4353 1.2043 13.0142
v 1.7544 0.6385 13.2841
v 1.6167 0.9334 13.2841
v 1.2042 1.4351 13.0142
v 0.9368 1.6226 13.0142
v 1.4302 1.2001 13.2841
v 1.1999 1.43 13.2841
v 0.6407 1.7604 13.0142
v 0.3253 1.8452 13.0142
v 0.9335 1.6169 13.2841
v 0.6385 1.7542 13.2841
v 0 1.8734 13.0142
v -0.3253 1.8452 13.0142
v 0.3242 1.8386 13.2841
v 0 1.8668 13.2841
v -0.6407 1.7604 13.0142
v -0.9368 1.6226 13.0142
v -0.3242 1.8386 13.2841
v -0.6385 1.7542 13.2841
v -1.2042 1.4351 13.0142
v -1.4353 1.2043 13.0142
v -0.9335 1.6168 13.2841
v -1.1999 1.43 13.2841
v -1.6224 0.9367 13.0142
v -1.7606 0.6408 13.0142
v -1.4302 1.2001 13.2841
v -1.6167 0.9334 13.2841
v -1.8449 0.3253 13.0142
v -1.8736 0 13.0142
v -1.7544 0.6385 13.2841
v -1.8384 0.3242 13.2841
v -1.8449 -0.3253 13.0142
v -1.7606 -0.6408 13.0142
v -1.867 0 13.2841
v -1.8384 -0.3242 13.2841
v -1.6224 -0.9367 13.0142
v -1.4353 -1.2043 13.0142
v -1.7544 -0.6385 13.2841
v -1.6167 -0.9334 13.2841
v -1.2042 -1.4351 13.0142
v -0.9368 -1.6226 13.0142
v -1.4302 -1.2001 13.2841
v -1.1999 -1.43 13.2841
v -0.6407 -1.7604 13.0142
v -0.3254 -1.8451 13.0142
v -0.9335 -1.6168 13.2841
v -0.6385 -1.7542 13.2841
v 0 -1.8734 13.0142
v 0.3253 -1.8451 13.0142
v -0.3242 -1.8386 13.2841
v 0 -1.8668 13.2841
v 0.6407 -1.7604 13.0142
v 0.9368 -1.6226 13.0142
v 0.3242 -1.8386 13.2841
v 0.6385 -1.7542 13.2841
v 1.2042 -1.4351 13.0142
v 1.4353 -1.2043 13.0142
v 0.9335 -1.6168 13.2841
v 1.1999 -1.43 13.2841
v 1.6224 -0.9367 13.0142
v 1.7606 -0.6408 13.0142
v 1.4302 -1.2001 13.2841
v 1.6167 -0.9334 13.2841
v 1.8449 -0.3253 13.0142
v 1.7544 -0.6385 13.2841
v 1.8384 -0.3242 13.2841
v 1.8608 0.6773 13.4349
v 1.95 0.3438 13.4349
v 1.9803 0 13.4349
v 1.517 1.2729 13.4349
v 1.7148 0.99 13.4349
v 0.9901 1.715 13.4349
v 1.2727 1.5168 13.4349
v 0.3439 1.9502 13.4349
v 0.6772 1.8606 13.4349
v -0.3439 1.9502 13.4349
v 0 1.98 13.4349
v -0.9901 1.715 13.4349
v -0.6772 1.8606 13.4349
v -1.517 1.2729 13.4349
v -1.2727 1.5168 13.4349
v -1.8608 0.6773 13.4349
v -1.7148 0.99 13.4349
v -1.9803 0 13.4349
v -1.95 0.3438 13.4349
v -1.8608 -0.6773 13.4349
v -1.95 -0.3438 13.4349
v -1.517 -1.2729 13.4349
v -1.7148 -0.99 13.4349
v -0.9901 -1.7149 13.4349
v -1.2727 -1.5168 13.4349
v -0.3439 -1.9502 13.4349
v -0.6772 -1.8606 13.4349
v 0.3439 -1.9502 13.4349
v 0 -1.98 13.4349
v 0.9901 -1.7149 13.4349
v 0.6772 -1.8606 13.4349
v 1.517 -1.2729 13.4349
v 1.2727 -1.5168 13.4349
v 1.8608 -0.6773 13.4349
v 1.7147 -0.99 13.4349
v 1.95 -0.3438 13.4349
v 1.6246 0.5913 13.8087
v 1.7024 0.3002 13.8087
v 1.9154 0.3377 13.6873
v 1.8278 0.6653 13.6873
v 1.9451 0 13.6873
v 1.7288 0 13.8087
v 1.3244 1.1113 13.8087
v 1.497 0.8643 13.8087
v 1.4901 1.2503 13.6873
v 1.6844 0.9725 13.6873
v 0.8644 1.4972 13.8087
v 1.1111 1.3242 13.8087
v 0.9726 1.6845 13.6873
v 1.2502 1.4899 13.6873
v 0.3002 1.7026 13.8087
v 0.5912 1.6244 13.8087
v 0.3378 1.9156 13.6873
v 0.6652 1.8276 13.6873
v -0.3002 1.7026 13.8087
v 0 1.7286 13.8087
v 0 1.9449 13.6873
v -0.3378 1.9156 13.6873
v -0.8644 1.4972 13.8087
v -0.5912 1.6244 13.8087
v -0.9726 1.6845 13.6873
v -0.6652 1.8276 13.6873
v -1.3244 1.1113 13.8087
v -1.1111 1.3242 13.8087
v -1.4901 1.2503 13.6873
v -1.2502 1.4899 13.6873
v -1.6246 0.5913 13.8087
v -1.497 0.8643 13.8087
v -1.8278 0.6653 13.6873
v -1.6844 0.9725 13.6873
v -1.7288 0 13.8087
v -1.7024 0.3002 13.8087
v -1.9451 0 13.6873
v -1.9154 0.3377 13.6873
v -1.6246 -0.5913 13.8087
v -1.7024 -0.3002 13.8087
v -1.8278 -0.6653 13.6873
v -1.9154 -0.3377 13.6873
v -1.3244 -1.1113 13.8087
v -1.497 -0.8643 13.8087
v -1.4901 -1.2503 13.6873
v -1.6844 -0.9725 13.6873
v -0.8644 -1.4972 13.8087
v -1.1111 -1.3242 13.8087
v -1.2502 -1.4899 13.6873
v -0.9726 -1.6845 13.6873
v -0.3002 -1.7026 13.8087
v -0.5912 -1.6244 13.8087
v -0.3378 -1.9156 13.6873
v -0.6652 -1.8276 13.6873
v 0.3002 -1.7026 13.8087
v 0 -1.7286 13.8087
v 0.3378 -1.9156 13.6873
v 0 -1.9449 13.6873
v 0.8644 -1.4972 13.8087
v 0.5912 -1.6244 13.8087
v 0.9726 -1.6845 13.6873
v 0.6652 -1.8276 13.6873
v 1.3244 -1.1113 13.8087
v 1.1111 -1.3242 13.8087
v 1.2502 -1.4899 13.6873
v 1.4901 -1.2503 13.6873
v 1.6246 -0.5913 13.8087
v 1.497 -0.8643 13.8087
v 1.8278 -0.6653 13.6873
v 1.6844 -0.9725 13.6873
v 1.9154 -0.3377 13.6873
v 1.7024 -0.3002 13.8087
v 2.391 0.8703 11.6786
v 2.5055 0.4418 11.6786
v 2.5445 0 11.6786
v 2.3968 0 11.4499
v 2.3601 0.4162 11.4499
v 2.2523 0.8198 11.4499
v 1.9492 1.6356 11.6786
v 2.2033 1.2721 11.6786
v 2.0755 1.1983 11.4499
v 1.8361 1.5406 11.4499
v 1.2723 2.2036 11.6786
v 1.6354 1.949 11.6786
v 1.5405 1.8358 11.4499
v 1.1984 2.0757 11.4499
v 0.4418 2.5058 11.6786
v 0.8702 2.3908 11.6786
v 0.8197 2.252 11.4499
v 0.4162 2.3604 11.4499
v -0.4418 2.5058 11.6786
v 0 2.5442 11.6786
v 0 2.3965 11.4499
v -0.4162 2.3604 11.4499
v -1.2723 2.2036 11.6786
v -0.8702 2.3908 11.6786
v -0.8197 2.252 11.4499
v -1.1984 2.0757 11.4499
v -1.9492 1.6356 11.6786
v -1.6354 1.949 11.6786
v -1.5405 1.8358 11.4499
v -1.8361 1.5406 11.4499
v -2.391 0.8703 11.6786
v -2.2033 1.2721 11.6786
v -2.0755 1.1983 11.4499
v -2.2523 0.8198 11.4499
v -2.5445 0 11.6786
v -2.5055 0.4418 11.6786
v -2.3601 0.4162 11.4499
v -2.3968 0 11.4499
v -2.391 -0.8703 11.6786
v -2.5055 -0.4418 11.6786
v -2.3601 -0.4162 11.4499
v -2.2523 -0.8198 11.4499
v -1.9492 -1.6356 11.6786
v -2.2033 -1.2721 11.6786
v -2.0755 -1.1983 11.4499
v -1.8361 -1.5406 11.4499
v -1.2723 -2.2036 11.6786
v -1.6354 -1.949 11.6786
v -1.5405 -1.8358 11.4499
v -1.1984 -2.0757 11.4499
v -0.4419 -2.5058 11.6786
v -0.8702 -2.3908 11.6786
v -0.8197 -2.252 11.4499
v -0.4162 -2.3604 11.4499
v 0.4418 -2.5058 11.6786
v 0 -2.5442 11.6786
v 0 -2.3965 11.4499
v 0.4162 -2.3604 11.4499
v 1.2723 -2.2036 11.6786
v 0.8702 -2.3908 11.6786
v 0.8197 -2.252 11.4499
v 1.1984 -2.0757 11.4499
v 1.9492 -1.6356 11.6786
v 1.6354 -1.949 11.6786
v 1.5405 -1.8358 11.4499
v 1.8361 -1.5406 11.4499
v 2.391 -0.8703 11.6786
v 2.2033 -1.2721 11.6786
v 2.0755 -1.1983 11.4499
v 2.2523 -0.8198 11.4499
v 2.5055 -0.4418 11.6786
v 2.3601 -0.4162 11.4499
v 1.8705 0.6808 13.5642
v 1.9601 0.3456 13.5642
v 1.9906 0 13.5642
v 1.5249 1.2795 13.5642
v 1.7237 0.9952 13.5642
v 0.9953 1.7239 13.5642
v 1.2794 1.5247 13.5642
v 0.3457 1.9604 13.5642
v 0.6807 1.8703 13.5642
v -0.3457 1.9604 13.5642
v 0 1.9904 13.5642
v -0.9953 1.7239 13.5642
v -0.6807 1.8703 13.5642
v -1.5249 1.2795 13.5642
v -1.2794 1.5247 13.5642
v -1.8705 0.6808 13.5642
v -1.7237 0.9952 13.5642
v -1.9906 0 13.5642
v -1.9601 0.3456 13.5642
v -1.8705 -0.6808 13.5642
v -1.9601 -0.3456 13.5642
v -1.5249 -1.2795 13.5642
v -1.7237 -0.9952 13.5642
v -0.9953 -1.7239 13.5642
v -1.2794 -1.5247 13.5642
v -0.3457 -1.9604 13.5642
v -0.6807 -1.8703 13.5642
v 0.3457 -1.9604 13.5642
v 0 -1.9904 13.5642
v 0.9953 -1.7239 13.5642
v 0.6807 -1.8703 13.5642
v 1.5249 -1.2795 13.5642
v 1.2794 -1.5247 13.5642
v 1.8705 -0.6808 13.5642
v 1.7237 -0.9952 13.5642
v 1.9601 -0.3456 13.5642
v 1.6752 0.6097 14.3398
v 1.7554 0.3095 14.3398
v 1.7827 0 14.3398
v 1.3656 1.1459 14.3398
v 1.5437 0.8913 14.3398
v 0.8914 1.5439 14.3398
v 1.1458 1.3655 14.3398
v 0.3096 1.7556 14.3398
v 0.6097 1.675 14.3398
v -0.3096 1.7556 14.3398
v 0 1.7825 14.3398
v -0.8914 1.5439 14.3398
v -0.6097 1.675 14.3398
v -1.3656 1.1459 14.3398
v -1.1458 1.3655 14.3398
v -1.6752 0.6097 14.3398
v -1.5437 0.8913 14.3398
v -1.7827 0 14.3398
v -1.7554 0.3095 14.3398
v -1.6752 -0.6097 14.3398
v -1.7554 -0.3095 14.3398
v -1.3656 -1.1459 14.3398
v -1.5437 -0.8913 14.3398
v -0.8914 -1.5439 14.3398
v -1.1458 -1.3655 14.3398
v -0.3096 -1.7556 14.3398
v -0.6097 -1.675 14.3398
v 0.3096 -1.7556 14.3398
v 0 -1.7825 14.3398
v 0.8914 -1.5439 14.3398
v 0.6097 -1.675 14.3398
v 1.3656 -1.1459 14.3398
v 1.1458 -1.3655 14.3398
v 1.6752 -0.6097 14.3398
v 1.5437 -0.8913 14.3398
v 1.7554 -0.3095 14.3398
v 2.612 0.4606 16.1485
v 2.5143 0.9203 16.1566
v 2.5983 0.4581 16.1779
v 2.5405 0.8125 16.1877
v 2.6652 0.1057 16.1877
v 1.8724 0.3301 16.7665
v 1.9224 0.0736 16.7763
v 2.6774 -0.0047 16.1566
v 2.5174 1.1512 16.325
v 2.3933 1.3818 16.3348
v 1.755 1.0132 16.9233
v 1.8299 0.8678 16.9135
v 1.7049 2.0318 16.1485
v 1.3347 2.3211 16.1566
v 1.6959 2.0211 16.1779
v 1.4241 2.2553 16.1877
v 1.9739 1.7939 16.1877
v 1.2221 1.4564 16.7665
v 1.4255 1.2918 16.7763
v 2.0541 1.7173 16.1566
v 1.1915 2.4989 16.325
v 0.9452 2.5969 16.3348
v 0.6931 1.9043 16.9233
v 0.847 1.8399 16.9135
v 0 2.6523 16.1485
v -0.4695 2.636 16.1566
v 0 2.6383 16.1779
v -0.3587 2.6431 16.1877
v 0.3588 2.6431 16.1877
v 0 1.9013 16.7665
v 0.2614 1.906 16.7763
v 0.4695 2.636 16.1566
v -0.6932 2.6803 16.325
v -0.9452 2.5969 16.3348
v -0.6931 1.9043 16.9233
v -0.5335 1.954 16.9135
v -1.7049 2.0318 16.1485
v -2.0541 1.7174 16.1566
v -1.6959 2.0211 16.1779
v -1.9738 1.794 16.1877
v -1.4242 2.2553 16.1877
v -1.2221 1.4564 16.7665
v -1.025 1.628 16.7763
v -1.3347 2.3211 16.1566
v -2.2545 1.6066 16.325
v -2.3933 1.3818 16.3348
v -1.755 1.0132 16.9233
v -1.6653 1.1529 16.9135
v -2.612 0.4606 16.1485
v -2.6774 -0.0047 16.1566
v -2.5983 0.4581 16.1779
v -2.6652 0.1056 16.1877
v -2.5406 0.8123 16.1877
v -1.8724 0.3301 16.7665
v -1.8316 0.5884 16.7763
v -2.5143 0.9202 16.1566
v -2.7597 -0.2184 16.325
v -2.7216 -0.4799 16.3348
v -1.9957 -0.3519 16.9233
v -2.0168 -0.1872 16.9135
v -2.297 -1.3261 16.1485
v -2.0478 -1.7248 16.1566
v -2.2849 -1.3192 16.1779
v -2.1092 -1.6326 16.1877
v -2.4684 -1.0108 16.1877
v -1.6465 -0.9506 16.7665
v -1.7813 -0.7266 16.7763
v -2.5176 -0.9113 16.1566
v -1.9696 -1.9447 16.325
v -1.7764 -2.117 16.3348
v -1.3026 -1.5524 16.9233
v -1.4204 -1.4433 16.9135
v -0.9071 -2.4924 16.1485
v -0.4604 -2.6376 16.1566
v -0.9024 -2.4792 16.1779
v -0.567 -2.6064 16.1877
v -1.2415 -2.3606 16.1877
v -0.6503 -1.7866 16.7665
v -0.8979 -1.7013 16.7763
v -1.343 -2.3162 16.1566
v -0.2662 -2.7557 16.325
v 0 -2.7636 16.3348
v 0 -2.0265 16.9233
v -0.1679 -2.0187 16.9135
v 0.9071 -2.4924 16.1485
v 1.3428 -2.3164 16.1566
v 0.9024 -2.4792 16.1779
v 1.2411 -2.361 16.1877
v 0.567 -2.6064 16.1877
v 0.6503 -1.7866 16.7665
v 0.4064 -1.8804 16.7763
v 0.4604 -2.6376 16.1566
v 1.5679 -2.2818 16.325
v 1.7764 -2.117 16.3348
v 1.3026 -1.5524 16.9233
v 1.1694 -1.6539 16.9135
v 2.297 -1.3261 16.1485
v 2.5176 -0.9113 16.1566
v 2.2849 -1.3192 16.1779
v 2.4684 -1.0109 16.1877
v 2.1096 -1.6322 16.1877
v 1.6465 -0.9506 16.7665
v 1.52 -1.1793 16.7763
v 2.048 -1.7246 16.1566
v 2.6678 -0.7396 16.325
v 2.7216 -0.4799 16.3348
v 1.9957 -0.3519 16.9233
v 1.959 -0.5148 16.9135
v 1.8736 -0.0042 16.8014
v 1.8307 0.3228 16.792
v 1.4138 -0.1237 16.8102
v 1.3708 0.3673 16.8102
v 1.7591 0.6449 16.8014
v 1.6074 0.928 16.8103
v 1.1625 0.814 16.8102
v 1.438 1.201 16.8014
v 1.1949 1.424 16.792
v 0.814 1.1625 16.8102
v 0.9331 1.6247 16.8014
v 0.6348 1.7442 16.8103
v 0.3673 1.3708 16.8102
v 0.3295 1.8444 16.8014
v 0 1.8589 16.792
v -0.1237 1.4138 16.8102
v -0.3295 1.8444 16.8014
v -0.6348 1.7442 16.8103
v -0.5998 1.2862 16.8102
v -0.9332 1.6247 16.8014
v -1.1949 1.424 16.792
v -1.0035 1.0035 16.8102
v -1.438 1.2011 16.8014
v -1.6074 0.928 16.8103
v -1.2862 0.5998 16.8102
v -1.7591 0.6448 16.8014
v -1.8307 0.3228 16.792
v -1.4138 0.1237 16.8102
v -1.8736 -0.0043 16.8014
v -1.8279 -0.3223 16.8103
v -1.3708 -0.3673 16.8102
v -1.7621 -0.6368 16.8014
v -1.6099 -0.9295 16.792
v -1.1625 -0.814 16.8102
v -1.4323 -1.2077 16.8014
v -1.1931 -1.4218 16.8103
v -0.814 -1.1625 16.8102
v -0.9407 -1.6203 16.8014
v -0.6358 -1.7468 16.792
v -0.3673 -1.3708 16.8102
v -0.3212 -1.8459 16.8014
v 0 -1.8561 16.8103
v 0.1237 -1.4138 16.8102
v 0.3212 -1.8459 16.8014
v 0.6358 -1.7468 16.792
v 0.5998 -1.2862 16.8102
v 0.9404 -1.6205 16.8014
v 1.1931 -1.4218 16.8103
v 1.0035 -1.0035 16.8102
v 1.4326 -1.2075 16.8014
v 1.6099 -0.9295 16.792
v 1.2862 -0.5998 16.8102
v 1.762 -0.6369 16.8014
v 1.8279 -0.3223 16.8103
v 1.2773 0.3423 17.0959
v 1.3174 -0.1152 17.0959
v 1.0833 0.7585 17.0959
v 0.7585 1.0833 17.0959
v 0.3423 1.2773 17.0959
v -0.1153 1.3174 17.0959
v -0.5589 1.1985 17.0959
v -0.9351 0.9351 17.0959
v -1.1985 0.5589 17.0959
v -1.3174 0.1153 17.0959
v -1.2773 -0.3423 17.0959
v -1.0833 -0.7585 17.0959
v -0.7585 -1.0833 17.0959
v -0.3423 -1.2773 17.0959
v 0.1153 -1.3174 17.0959
v 0.5589 -1.1985 17.0959
v 0.9351 -0.9351 17.0959
v 1.1985 -0.5589 17.0959
v 0.9409 -0.0823 17.6355
v 0.9123 0.2445 17.6355
v 0.6235 0.1671 17.8775
v 0.643 -0.0563 17.8775
v 1.0928 -0.0956 17.507
v 1.1949 -0.1045 17.386
v 1.0596 0.2839 17.507
v 1.1585 0.3104 17.386
v 0.7737 0.5417 17.6355
v 0.5287 0.3702 17.8775
v 0.9825 0.688 17.386
v 0.8986 0.6292 17.507
v 0.5417 0.7737 17.6355
v 0.3702 0.5287 17.8775
v 0.6292 0.8986 17.507
v 0.688 0.9825 17.386
v 0.2444 0.9123 17.6355
v 0.1671 0.6235 17.8775
v 0.3104 1.1586 17.386
v 0.2839 1.0596 17.507
v -0.0823 0.9409 17.6355
v -0.0563 0.643 17.8775
v -0.0956 1.0928 17.507
v -0.1045 1.1949 17.386
v -0.3992 0.856 17.6355
v -0.2728 0.585 17.8775
v -0.5069 1.0871 17.386
v -0.4636 0.9942 17.507
v -0.6679 0.6679 17.6355
v -0.4564 0.4564 17.8775
v -0.7757 0.7757 17.507
v -0.8481 0.8481 17.386
v -0.856 0.3992 17.6355
v -0.585 0.2728 17.8775
v -0.9942 0.4636 17.507
v -1.0871 0.5069 17.386
v -0.9409 0.0823 17.6355
v -0.643 0.0563 17.8775
v -1.1949 0.1045 17.386
v -1.0928 0.0956 17.507
v -0.9123 -0.2445 17.6355
v -0.6235 -0.1671 17.8775
v -1.0596 -0.2839 17.507
v -1.1585 -0.3104 17.386
v -0.7737 -0.5417 17.6355
v -0.5287 -0.3702 17.8775
v -0.8986 -0.6292 17.507
v -0.9825 -0.688 17.386
v -0.5417 -0.7737 17.6355
v -0.3702 -0.5287 17.8775
v -0.688 -0.9825 17.386
v -0.6292 -0.8986 17.507
v -0.2444 -0.9123 17.6355
v -0.1671 -0.6235 17.8775
v -0.2839 -1.0596 17.507
v -0.3104 -1.1585 17.386
v 0.0823 -0.9409 17.6355
v 0.0563 -0.643 17.8775
v 0.0956 -1.0928 17.507
v 0.1045 -1.1949 17.386
v 0.3992 -0.856 17.6355
v 0.2728 -0.585 17.8775
v 0.5069 -1.087 17.386
v 0.4636 -0.9942 17.507
v 0.6679 -0.6679 17.6355
v 0.4564 -0.4564 17.8775
v 0.8481 -0.8481 17.386
v 0.7757 -0.7757 17.507
v 0.856 -0.3992 17.6355
v 0.585 -0.2728 17.8775
v 0.9942 -0.4636 17.507
v 1.0871 -0.5069 17.386
v 2.2299 0.3932 15.6273
v 2.128 0.7745 15.6273
v 2.5937 0.4573 16.1084
v 2.4752 0.9009 16.1084
v 2.2646 0 15.6273
v 2.634 0 16.1084
v 1.9872 0 15.1477
v 1.9568 0.345 15.1477
v 1.8674 0.6797 15.1477
v 1.961 1.1322 15.6273
v 1.7348 1.4557 15.6273
v 2.0178 1.6931 16.1084
v 2.2809 1.3169 16.1084
v 1.7208 0.9935 15.1477
v 1.5223 1.2774 15.1477
v 1.4555 1.7346 15.6273
v 1.1323 1.9612 15.6273
v 1.317 2.2811 16.1084
v 1.6929 2.0175 16.1084
v 1.2772 1.5221 15.1477
v 0.9936 1.721 15.1477
v 0.7745 2.1278 15.6273
v 0.3932 2.2302 15.6273
v 0.9008 2.4749 16.1084
v 0.4574 2.594 16.1084
v 0.6796 1.8672 15.1477
v 0.3451 1.9571 15.1477
v 0 2.2643 15.6273
v -0.3932 2.2302 15.6273
v 0 2.6337 16.1084
v -0.4574 2.594 16.1084
v 0 1.987 15.1477
v -0.3451 1.9571 15.1477
v -0.7745 2.1278 15.6273
v -1.1323 1.9612 15.6273
v -0.9008 2.4749 16.1084
v -1.317 2.2811 16.1084
v -0.6796 1.8672 15.1477
v -0.9936 1.721 15.1477
v -1.4555 1.7346 15.6273
v -1.7348 1.4557 15.6273
v -1.6929 2.0175 16.1084
v -2.0178 1.6931 16.1084
v -1.2772 1.5221 15.1477
v -1.5223 1.2774 15.1477
v -1.961 1.1322 15.6273
v -2.128 0.7745 15.6273
v -2.2809 1.3169 16.1084
v -2.4752 0.9009 16.1084
v -1.7208 0.9935 15.1477
v -1.8674 0.6797 15.1477
v -2.2299 0.3932 15.6273
v -2.2646 0 15.6273
v -2.5937 0.4573 16.1084
v -2.634 0 16.1084
v -1.9568 0.345 15.1477
v -1.9872 0 15.1477
v -2.2299 -0.3932 15.6273
v -2.128 -0.7745 15.6273
v -2.4752 -0.9009 16.1084
v -2.5937 -0.4573 16.1084
v -1.9568 -0.345 15.1477
v -1.8674 -0.6797 15.1477
v -1.961 -1.1322 15.6273
v -1.7348 -1.4557 15.6273
v -2.0178 -1.6931 16.1084
v -2.2809 -1.3169 16.1084
v -1.7208 -0.9935 15.1477
v -1.5223 -1.2774 15.1477
v -1.4555 -1.7346 15.6273
v -1.1323 -1.9612 15.6273
v -1.6929 -2.0175 16.1084
v -1.317 -2.2811 16.1084
v -1.2772 -1.5221 15.1477
v -0.9936 -1.721 15.1477
v -0.7745 -2.1278 15.6273
v -0.3932 -2.2302 15.6273
v -0.4574 -2.594 16.1084
v -0.9008 -2.4749 16.1084
v -0.6796 -1.8672 15.1477
v -0.3451 -1.9571 15.1477
v 0 -2.2643 15.6273
v 0.3932 -2.2302 15.6273
v 0 -2.6337 16.1084
v 0.4574 -2.594 16.1084
v 0 -1.987 15.1477
v 0.3451 -1.9571 15.1477
v 0.7744 -2.1278 15.6273
v 1.1323 -1.9612 15.6273
v 0.9008 -2.4749 16.1084
v 1.317 -2.2811 16.1084
v 0.6796 -1.8672 15.1477
v 0.9936 -1.721 15.1477
v 1.4555 -1.7346 15.6273
v 1.7348 -1.4557 15.6273
v 2.0178 -1.6931 16.1084
v 1.6929 -2.0175 16.1084
v 1.2772 -1.5221 15.1477
v 1.5223 -1.2774 15.1477
v 1.961 -1.1322 15.6273
v 2.128 -0.7745 15.6273
v 2.2809 -1.3169 16.1084
v 2.4752 -0.9009 16.1084
v 1.7208 -0.9935 15.1477
v 1.8674 -0.6797 15.1477
v 2.2299 -0.3932 15.6273
v 2.5937 -0.4573 16.1084
v 1.9568 -0.345 15.1477
v 2.3103 1.3338 16.1522
v 2.3382 1.3499 16.193
v 2.1677 1.6301 16.199
v 2.3924 1.3813 16.2714
v 2.2457 1.6202 16.2774
v 2.4955 1.0623 16.199
v 2.526 1.1347 16.2774
v 2.0952 1.7103 16.2171
v 2.1811 1.6867 16.2956
v 1.6367 0.9449 16.8398
v 1.7577 0.7566 16.8312
v 1.6909 0.9762 16.9182
v 1.788 0.8295 16.9097
v 1.5341 1.144 16.8312
v 1.6123 1.1337 16.9097
v 1.8253 0.7037 16.8057
v 1.8475 0.7904 16.8841
v 1.8315 0.5886 16.7763
v 0.9124 2.5068 16.1522
v 0.9234 2.5371 16.193
v 0.612 2.6424 16.199
v 0.9448 2.5959 16.2714
v 0.6764 2.6856 16.2774
v 1.2297 2.4175 16.199
v 1.2081 2.492 16.2774
v 0.5046 2.6573 16.2171
v 0.5834 2.6953 16.2956
v 0.6464 1.7759 16.8398
v 0.861 1.7091 16.8312
v 0.6678 1.8347 16.9182
v 0.8389 1.7838 16.9097
v 0.439 1.8627 16.8312
v 0.5039 1.9057 16.9097
v 0.947 1.7119 16.8057
v 0.9105 1.7918 16.8841
v 1.0249 1.628 16.7763
v -0.9124 2.5068 16.1522
v -0.9234 2.5371 16.193
v -1.2298 2.4175 16.199
v -0.9448 2.5959 16.2714
v -1.2084 2.4919 16.2774
v -0.6119 2.6424 16.199
v -0.6761 2.6857 16.2774
v -1.3217 2.3599 16.2171
v -1.286 2.4396 16.2956
v -0.6464 1.7759 16.8398
v -0.4389 1.8628 16.8312
v -0.6678 1.8347 16.9182
v -0.5036 1.9059 16.9097
v -0.8611 1.7091 16.8312
v -0.8392 1.7837 16.9097
v -0.3748 1.9202 16.8057
v -0.4539 1.958 16.8841
v -0.2613 1.906 16.7763
v -2.3103 1.3338 16.1522
v -2.3382 1.3499 16.193
v -2.4958 1.0617 16.199
v -2.3924 1.3813 16.2714
v -2.5269 1.1331 16.2774
v -2.1674 1.6306 16.199
v -2.2447 1.6219 16.2774
v -2.5292 0.9587 16.2171
v -2.5526 1.0434 16.2956
v -1.6367 0.9449 16.8398
v -1.5338 1.1445 16.8312
v -1.6909 0.9762 16.9182
v -1.6114 1.1353 16.9097
v -1.7581 0.756 16.8312
v -1.7889 0.8278 16.9097
v -1.5216 1.2296 16.8057
v -1.607 1.207 16.8841
v -1.4254 1.292 16.7763
v -2.6272 -0.4632 16.1522
v -2.6589 -0.4688 16.193
v -2.5944 -0.791 16.199
v -2.7205 -0.4797 16.2714
v -2.6641 -0.7564 16.2774
v -2.7085 -0.144 16.199
v -2.7621 -0.2004 16.2774
v -2.5537 -0.8914 16.2171
v -2.626 -0.8416 16.2956
v -1.8612 -0.3282 16.8398
v -1.9106 -0.1091 16.8312
v -1.9228 -0.339 16.9182
v -1.9642 -0.166 16.9097
v -1.8327 -0.5509 16.8312
v -1.9025 -0.5158 16.9097
v -1.956 -0.0361 16.8057
v -2.0069 -0.1083 16.8841
v -1.9224 0.0735 16.7763
v -1.7148 -2.0436 16.1522
v -1.7355 -2.0682 16.193
v -1.4801 -2.2726 16.199
v -1.7757 -2.1162 16.2714
v -1.558 -2.289 16.2774
v -1.9811 -1.8522 16.199
v -1.9837 -1.9318 16.2774
v -1.3847 -2.323 16.2171
v -1.4752 -2.3289 16.2956
v -1.2148 -1.4477 16.8398
v -1.3923 -1.3127 16.8312
v -1.255 -1.4957 16.9182
v -1.3945 -1.3926 16.9097
v -1.051 -1.5991 16.8312
v -1.1293 -1.6152 16.9097
v -1.4737 -1.2862 16.8057
v -1.4632 -1.3767 16.8841
v -1.5195 -1.1797 16.7763
v 0 -2.6677 16.1522
v 0 -2.6999 16.193
v 0.329 -2.6923 16.199
v 0 -2.7625 16.2714
v 0.2839 -2.7549 16.2774
v -0.329 -2.6923 16.199
v -0.2839 -2.7549 16.2774
v 0.4351 -2.6696 16.2171
v 0.375 -2.7323 16.2956
v 0 -1.8899 16.8398
v -0.2249 -1.9005 16.8312
v 0 -1.9525 16.9182
v -0.1793 -1.9632 16.9097
v 0.2249 -1.9005 16.8312
v 0.1793 -1.9632 16.9097
v -0.3049 -1.9325 16.8057
v -0.2441 -1.9952 16.8841
v -0.4064 -1.8804 16.7763
v 1.7148 -2.0436 16.1522
v 1.7354 -2.0682 16.193
v 1.9825 -1.8511 16.199
v 1.7757 -2.1162 16.2714
v 1.988 -1.9282 16.2774
v 1.4787 -2.2738 16.199
v 1.5537 -2.2926 16.2774
v 2.0492 -1.7655 16.2171
v 2.043 -1.8524 16.2956
v 1.2148 -1.4477 16.8398
v 1.0495 -1.6003 16.8312
v 1.255 -1.4957 16.9182
v 1.1249 -1.6188 16.9097
v 1.3938 -1.3115 16.8312
v 1.3989 -1.3889 16.9097
v 1.0088 -1.6763 16.8057
v 1.096 -1.6849 16.8841
v 0.8974 -1.7017 16.7763
v 2.6272 -0.4632 16.1522
v 2.6589 -0.4688 16.193
v 2.7085 -0.1438 16.199
v 2.7205 -0.4797 16.2714
v 2.7622 -0.1996 16.2774
v 2.5943 -0.7913 16.199
v 2.6639 -0.7571 16.2774
v 2.7046 -0.0354 16.2171
v 2.7557 -0.1063 16.2956
v 1.8612 -0.3282 16.8398
v 1.8327 -0.5512 16.8312
v 1.9228 -0.339 16.9182
v 1.9023 -0.5166 16.9097
v 1.9107 -0.1089 16.8312
v 1.9643 -0.1652 16.9097
v 1.8503 -0.6354 16.8057
v 1.9227 -0.5857 16.8841
v 1.7813 -0.7267 16.7763
v 0.6509 0.1744 18.6939
v 0.6713 -0.0587 18.6939
v 0.6797 0.1821 18.5183
v 0.701 -0.0613 18.5183
v 0.552 0.3865 18.6939
v 0.5764 0.4036 18.5183
v 0.3865 0.552 18.6939
v 0.4036 0.5764 18.5183
v 0.1744 0.6509 18.6939
v 0.1821 0.6797 18.5183
v -0.0587 0.6713 18.6939
v -0.0613 0.701 18.5183
v -0.2848 0.6108 18.6939
v -0.2974 0.6377 18.5183
v -0.4765 0.4765 18.6939
v -0.4976 0.4976 18.5183
v -0.6108 0.2848 18.6939
v -0.6377 0.2974 18.5183
v -0.6713 0.0587 18.6939
v -0.701 0.0613 18.5183
v -0.6509 -0.1744 18.6939
v -0.6797 -0.1821 18.5183
v -0.552 -0.3865 18.6939
v -0.5764 -0.4036 18.5183
v -0.3865 -0.552 18.6939
v -0.4036 -0.5764 18.5183
v -0.1744 -0.6509 18.6939
v -0.1821 -0.6797 18.5183
v 0.0587 -0.6713 18.6939
v 0.0613 -0.701 18.5183
v 0.2848 -0.6108 18.6939
v 0.2974 -0.6377 18.5183
v 0.4765 -0.4765 18.6939
v 0.4976 -0.4976 18.5183
v 0.6108 -0.2848 18.6939
v 0.6377 -0.2974 18.5183
v 0.4121 0.1104 18.9348
v 0.425 -0.0372 18.9348
v 0.5647 0.1513 18.8227
v 0.5824 -0.0509 18.8227
v 0.3495 0.2447 18.9348
v 0.4789 0.3353 18.8227
v 0.2447 0.3495 18.9348
v 0.3353 0.4789 18.8227
v 0.1104 0.4121 18.9348
v 0.1513 0.5647 18.8227
v -0.0372 0.425 18.9348
v -0.051 0.5824 18.8227
v -0.1803 0.3867 18.9348
v -0.2471 0.5298 18.8227
v -0.3017 0.3017 18.9348
v -0.4134 0.4134 18.8227
v -0.3867 0.1803 18.9348
v -0.5298 0.2471 18.8227
v -0.425 0.0372 18.9348
v -0.5824 0.0509 18.8227
v -0.4121 -0.1104 18.9348
v -0.5647 -0.1513 18.8227
v -0.3495 -0.2447 18.9348
v -0.4789 -0.3353 18.8227
v -0.2447 -0.3495 18.9348
v -0.3353 -0.4789 18.8227
v -0.1104 -0.4121 18.9348
v -0.1513 -0.5647 18.8227
v 0.0372 -0.425 18.9348
v 0.051 -0.5824 18.8227
v 0.1803 -0.3867 18.9348
v 0.2471 -0.5298 18.8227
v 0.3017 -0.3017 18.9348
v 0.4134 -0.4134 18.8227
v 0.3867 -0.1803 18.9348
v 0.5298 -0.247 18.8227
v 0.2856 0.0767 18.9918
v 0.2946 -0.0256 18.9918
v 0.2421 0.1698 18.9918
v 0.1695 0.2424 18.9918
v 0.0764 0.2857 18.9918
v -0.026 0.2946 18.9918
v -0.1252 0.268 18.9918
v -0.2093 0.209 18.9918
v -0.2681 0.1248 18.9918
v -0.2946 0.0256 18.9918
v -0.2856 -0.0767 18.9918
v -0.2421 -0.1698 18.9918
v -0.1695 -0.2424 18.9918
v -0.0764 -0.2857 18.9918
v 0.026 -0.2946 18.9918
v 0.1252 -0.268 18.9918
v 0.2093 -0.209 18.9918
v 0.2681 -0.1248 18.9918
v 1.2228 0.3277 17.2552
v 1.2611 -0.1103 17.2552
v 1.037 0.7261 17.2552
v 0.7261 1.037 17.2552
v 0.3276 1.2228 17.2552
v -0.1103 1.2611 17.2552
v -0.535 1.1474 17.2552
v -0.8952 0.8952 17.2552
v -1.1474 0.535 17.2552
v -1.2611 0.1103 17.2552
v -1.2228 -0.3277 17.2552
v -1.037 -0.7261 17.2552
v -0.7261 -1.037 17.2552
v -0.3276 -1.2228 17.2552
v 0.1103 -1.2611 17.2552
v 0.535 -1.1473 17.2552
v 0.8952 -0.8952 17.2552
v 1.1474 -0.535 17.2552
v 1.6665 1.1508 16.9135
v 2.2557 1.6046 16.325
v 0.5338 1.9539 16.9135
v 0.6935 2.6802 16.325
v -0.8474 1.8398 16.9135
v -1.1919 2.4988 16.325
v -1.8311 0.8658 16.9135
v -2.5186 1.1492 16.325
v -1.9592 -0.5138 16.9135
v -2.668 -0.7387 16.325
v -1.1747 -1.6495 16.9135
v -1.5731 -2.2774 16.325
v 0.1679 -2.0187 16.9135
v 0.2662 -2.7557 16.325
v 1.4257 -1.4388 16.9135
v 1.9748 -1.9403 16.325
v 2.017 -0.1862 16.9135
v 2.7599 -0.2174 16.325
v 1.522 1.2289 16.8057
v 1.6083 1.2047 16.8841
v 2.5287 0.9594 16.2171
v 2.5513 1.0456 16.2956
v 0.3749 1.9201 16.8057
v 0.4543 1.9579 16.8841
v 1.3215 2.36 16.2171
v 1.2856 2.4397 16.2956
v -0.9471 1.7119 16.8057
v -0.9109 1.7917 16.8841
v -0.5045 2.6574 16.2171
v -0.583 2.6954 16.2956
v -1.8257 0.7029 16.8057
v -1.8488 0.7882 16.8841
v -2.0948 1.711 16.2171
v -2.1799 1.6889 16.2956
v -1.8504 -0.6351 16.8057
v -1.9229 -0.5846 16.8841
v -2.7045 -0.0358 16.2171
v -2.7555 -0.1073 16.2956
v -1.0108 -1.6746 16.8057
v -1.1018 -1.68 16.8841
v -2.0473 -1.7671 16.2171
v -2.0373 -1.8572 16.2956
v 0.3049 -1.9325 16.8057
v 0.2441 -1.9952 16.8841
v -0.4351 -2.6696 16.2171
v -0.375 -2.7323 16.2956
v 1.4756 -1.2846 16.8057
v 1.469 -1.3719 16.8841
v 1.3828 -2.3246 16.2171
v 1.4695 -2.3337 16.2956
v 1.9561 -0.0357 16.8057
v 2.007 -0.1072 16.8841
v 2.5536 -0.8917 16.2171
v 2.6258 -0.8426 16.2956
v 0 0 19.0284
v 0 0 0
vn 0.9998 0.0208 0
vn 0.9846 0.0208 -0.1736
vn 0.9609 0.219 -0.1694
vn 0.9758 0.2188 0
vn 0.9169 0.2188 -0.3337
vn 0.9395 0.0208 -0.3419
vn 0.8658 0.0208 -0.4999
vn 0.845 0.219 -0.4879
vn 0.7475 0.2188 -0.6272
vn 0.7659 0.0208 -0.6426
vn 0.6272 0.219 -0.7475
vn 0.6426 0.0208 -0.7659
vn 0.4879 0.2188 -0.845
vn 0.4999 0.0208 -0.8658
vn 0.3419 0.0208 -0.9395
vn 0.3337 0.219 -0.9169
vn 0.1694 0.2188 -0.9609
vn 0.1736 0.0208 -0.9846
vn 0 0.219 -0.9757
vn 0 0.0208 -0.9998
vn -0.1694 0.2188 -0.9609
vn -0.1736 0.0208 -0.9846
vn -0.3419 0.0208 -0.9395
vn -0.3337 0.219 -0.9169
vn -0.4879 0.2188 -0.845
vn -0.4999 0.0208 -0.8658
vn -0.6272 0.219 -0.7475
vn -0.6426 0.0208 -0.7659
vn -0.7475 0.2188 -0.6272
vn -0.7659 0.0208 -0.6426
vn -0.845 0.219 -0.4879
vn -0.8658 0.0208 -0.4999
vn -0.9169 0.2188 -0.3337
vn -0.9395 0.0208 -0.3419
vn -0.9846 0.0208 -0.1736
vn -0.9609 0.219 -0.1694
vn -0.9758 0.2188 0
vn -0.9998 0.0208 0
vn -0.9609 0.219 0.1694
vn -0.9846 0.0208 0.1736
vn -0.9169 0.2188 0.3337
vn -0.9395 0.0208 0.3419
vn -0.8658 0.0208 0.4999
vn -0.845 0.219 0.4879
vn -0.7475 0.2188 0.6272
vn -0.7659 0.0208 0.6426
vn -0.6426 0.0208 0.7659
vn -0.6272 0.219 0.7475
vn -0.4879 0.2188 0.845
vn -0.4999 0.0208 0.8658
vn -0.3419 0.0208 0.9395
vn -0.3337 0.219 0.9169
vn -0.1694 0.2188 0.9609
vn -0.1736 0.0208 0.9846
vn 0 0.0208 0.9998
vn 0 0.219 0.9757
vn 0.1694 0.2188 0.9609
vn 0.1736 0.0208 0.9846
vn 0.3419 0.0208 0.9395
vn 0.3337 0.219 0.9169
vn 0.4879 0.2188 0.845
vn 0.4999 0.0208 0.8658
vn 0.6272 0.219 0.7475
vn 0.6426 0.0208 0.7659
vn 0.7475 0.2188 0.6272
vn 0.7659 0.0208 0.6427
vn 0.8658 0.0208 0.4999
vn 0.845 0.219 0.4879
vn 0.9169 0.2188 0.3337
vn 0.9395 0.0208 0.3419
vn 0.9846 0.0208 0.1736
vn 0.9609 0.219 0.1694
vn 0.7738 0.6186 -0.1364
vn 0.7856 0.6188 0
vn 0.7382 0.6188 -0.2687
vn 0.6804 0.6186 -0.3929
vn 0.6018 0.6188 -0.5049
vn 0.505 0.6186 -0.6019
vn 0.3928 0.6188 -0.6803
vn 0.2687 0.6186 -0.7383
vn 0.1364 0.6188 -0.7737
vn 0 0.6186 -0.7857
vn -0.1364 0.6188 -0.7736
vn -0.2687 0.6186 -0.7383
vn -0.3928 0.6188 -0.6803
vn -0.505 0.6186 -0.6019
vn -0.6018 0.6188 -0.505
vn -0.6804 0.6186 -0.3929
vn -0.7382 0.6188 -0.2687
vn -0.7738 0.6186 -0.1364
vn -0.7856 0.6188 0
vn -0.7738 0.6186 0.1364
vn -0.7382 0.6188 0.2687
vn -0.6804 0.6186 0.3929
vn -0.6018 0.6188 0.5049
vn -0.505 0.6186 0.6019
vn -0.3928 0.6188 0.6803
vn -0.2687 0.6186 0.7383
vn -0.1364 0.6188 0.7736
vn 0 0.6186 0.7857
vn 0.1364 0.6188 0.7736
vn 0.2687 0.6186 0.7383
vn 0.3928 0.6188 0.6803
vn 0.505 0.6186 0.6019
vn 0.6018 0.6188 0.505
vn 0.6804 0.6186 0.3929
vn 0.7382 0.6188 0.2687
vn 0.7738 0.6186 0.1364
vn 0.8449 -0.4377 -0.3075
vn 0.8855 -0.4376 -0.1561
vn 0.8991 -0.4377 0
vn 0.6888 -0.4377 -0.5779
vn 0.7787 -0.4376 -0.4496
vn 0.4496 -0.4377 -0.7786
vn 0.578 -0.4376 -0.6888
vn 0.1561 -0.4377 -0.8854
vn 0.3075 -0.4376 -0.8449
vn -0.1561 -0.4377 -0.8854
vn 0 -0.4376 -0.8991
vn -0.4495 -0.4377 -0.7787
vn -0.3075 -0.4376 -0.8449
vn -0.6887 -0.4377 -0.5779
vn -0.578 -0.4376 -0.6888
vn -0.8449 -0.4377 -0.3075
vn -0.7787 -0.4376 -0.4496
vn -0.8991 -0.4377 0
vn -0.8855 -0.4376 -0.1561
vn -0.8449 -0.4377 0.3075
vn -0.8855 -0.4376 0.1561
vn -0.6888 -0.4377 0.5779
vn -0.7787 -0.4376 0.4496
vn -0.4496 -0.4377 0.7786
vn -0.578 -0.4376 0.6888
vn -0.1561 -0.4377 0.8854
vn -0.3075 -0.4376 0.8449
vn 0.1561 -0.4377 0.8854
vn 0 -0.4376 0.8991
vn 0.4495 -0.4377 0.7787
vn 0.3075 -0.4376 0.8449
vn 0.6887 -0.4377 0.5779
vn 0.578 -0.4376 0.6888
vn 0.8449 -0.4377 0.3075
vn 0.7787 -0.4376 0.4496
vn 0.8855 -0.4376 0.1561
vn 0.8907 -0.4266 -0.1571
vn 0.8499 -0.4266 -0.3093
vn 0.9045 -0.4266 0
vn 0.7833 -0.4266 -0.4522
vn 0.6929 -0.4266 -0.5814
vn 0.5814 -0.4266 -0.6929
vn 0.4522 -0.4266 -0.7833
vn 0.3093 -0.4266 -0.8499
vn 0.1571 -0.4266 -0.8907
vn 0 -0.4266 -0.9045
vn -0.1571 -0.4266 -0.8907
vn -0.3093 -0.4266 -0.8499
vn -0.4522 -0.4266 -0.7833
vn -0.5814 -0.4266 -0.6929
vn -0.6929 -0.4266 -0.5814
vn -0.7833 -0.4266 -0.4522
vn -0.8499 -0.4266 -0.3093
vn -0.8907 -0.4266 -0.1571
vn -0.9045 -0.4266 0
vn -0.8907 -0.4266 0.1571
vn -0.8499 -0.4266 0.3093
vn -0.7833 -0.4266 0.4522
vn -0.6929 -0.4266 0.5814
vn -0.5814 -0.4266 0.6929
vn -0.4522 -0.4266 0.7833
vn -0.3093 -0.4266 0.8499
vn -0.1571 -0.4266 0.8907
vn 0 -0.4266 0.9045
vn 0.1571 -0.4266 0.8907
vn 0.3093 -0.4266 0.8499
vn 0.4522 -0.4266 0.7833
vn 0.5814 -0.4266 0.6929
vn 0.6929 -0.4266 0.5814
vn 0.7833 -0.4266 0.4522
vn 0.8499 -0.4266 0.3093
vn 0.8907 -0.4266 0.1571
vn 0.9391 0.0357 -0.3418
vn 0.9842 0.0357 -0.1735
vn 0.9994 0.0357 0
vn 0.7656 0.0357 -0.6424
vn 0.8655 0.0356 -0.4997
vn 0.4997 0.0357 -0.8655
vn 0.6424 0.0357 -0.7656
vn 0.1735 0.0357 -0.9842
vn 0.3418 0.0356 -0.9391
vn -0.1735 0.0357 -0.9842
vn 0 0.0357 -0.9994
vn -0.4997 0.0357 -0.8655
vn -0.3418 0.0357 -0.9391
vn -0.7656 0.0357 -0.6424
vn -0.6424 0.0357 -0.7656
vn -0.9391 0.0357 -0.3418
vn -0.8655 0.0357 -0.4997
vn -0.9994 0.0357 0
vn -0.9842 0.0357 -0.1735
vn -0.9391 0.0357 0.3418
vn -0.9842 0.0357 0.1735
vn -0.7656 0.0357 0.6424
vn -0.8655 0.0357 0.4997
vn -0.4997 0.0357 0.8655
vn -0.6424 0.0357 0.7656
vn -0.1735 0.0357 0.9842
vn -0.3418 0.0357 0.9391
vn 0.1735 0.0357 0.9842
vn 0 0.0356 0.9994
vn 0.4997 0.0357 0.8655
vn 0.3418 0.0357 0.9391
vn 0.7656 0.0357 0.6424
vn 0.6424 0.0357 0.7656
vn 0.9391 0.0357 0.3418
vn 0.8655 0.0356 0.4997
vn 0.9842 0.0357 0.1735
vn 0.8658 0.3887 -0.3151
vn 0.9073 0.3888 -0.16
vn 0.7336 0.6249 -0.267
vn 0.7688 0.6249 -0.1356
vn 0.7807 0.6249 0
vn 0.9213 0.3887 0
vn 0.7058 0.3887 -0.5922
vn 0.7979 0.3888 -0.4607
vn 0.5981 0.6249 -0.5018
vn 0.6761 0.6249 -0.3903
vn 0.4607 0.3887 -0.7979
vn 0.5922 0.3888 -0.7058
vn 0.3903 0.6249 -0.6761
vn 0.5018 0.6249 -0.598
vn 0.16 0.3887 -0.9073
vn 0.3151 0.3888 -0.8658
vn 0.1356 0.6249 -0.7688
vn 0.267 0.6249 -0.7336
vn -0.16 0.3887 -0.9073
vn 0 0.3888 -0.9213
vn -0.1356 0.6249 -0.7688
vn 0 0.6249 -0.7807
vn -0.3151 0.3888 -0.8658
vn -0.4607 0.3887 -0.7979
vn -0.3903 0.6249 -0.6761
vn -0.267 0.6249 -0.7336
vn -0.5922 0.3888 -0.7058
vn -0.7058 0.3887 -0.5922
vn -0.598 0.6249 -0.5018
vn -0.5018 0.6249 -0.5981
vn -0.8658 0.3887 -0.3151
vn -0.7979 0.3888 -0.4607
vn -0.7336 0.6249 -0.267
vn -0.6761 0.6249 -0.3904
vn -0.9213 0.3887 0
vn -0.9073 0.3888 -0.16
vn -0.7807 0.6249 0
vn -0.7688 0.6249 -0.1356
vn -0.9073 0.3888 0.16
vn -0.8658 0.3887 0.3151
vn -0.7336 0.6249 0.267
vn -0.7688 0.6249 0.1356
vn -0.7979 0.3888 0.4607
vn -0.7058 0.3887 0.5922
vn -0.5981 0.6249 0.5018
vn -0.6761 0.6249 0.3904
vn -0.5922 0.3888 0.7058
vn -0.4607 0.3887 0.7979
vn -0.3904 0.6249 0.6761
vn -0.5018 0.6249 0.598
vn -0.3151 0.3888 0.8658
vn -0.16 0.3887 0.9073
vn -0.1356 0.6249 0.7688
vn -0.267 0.6249 0.7336
vn 0.16 0.3887 0.9073
vn 0 0.3888 0.9213
vn 0.1356 0.6249 0.7688
vn 0 0.6249 0.7807
vn 0.4607 0.3887 0.7979
vn 0.3151 0.3888 0.8658
vn 0.3903 0.6249 0.6761
vn 0.267 0.6249 0.7336
vn 0.5922 0.3888 0.7058
vn 0.7058 0.3887 0.5922
vn 0.598 0.6249 0.5018
vn 0.5018 0.6249 0.5981
vn 0.8658 0.3887 0.3151
vn 0.7979 0.3888 0.4607
vn 0.7336 0.6249 0.267
vn 0.6761 0.6249 0.3904
vn 0.9073 0.3888 0.16
vn 0.7688 0.6249 0.1356
vn 0.767 0.5778 -0.2792
vn 0.8039 0.5776 -0.1417
vn 0.8162 0.5778 0
vn 0.6252 0.5778 -0.5246
vn 0.7069 0.5776 -0.4081
vn 0.4081 0.5778 -0.7068
vn 0.5247 0.5776 -0.6253
vn 0.1417 0.5778 -0.8038
vn 0.2792 0.5776 -0.7671
vn -0.1417 0.5778 -0.8038
vn 0 0.5776 -0.8163
vn -0.4081 0.5778 -0.7068
vn -0.2792 0.5776 -0.7671
vn -0.6252 0.5778 -0.5246
vn -0.5247 0.5776 -0.6253
vn -0.767 0.5778 -0.2792
vn -0.7069 0.5776 -0.4082
vn -0.8162 0.5778 0
vn -0.8039 0.5776 -0.1418
vn -0.767 0.5778 0.2792
vn -0.8039 0.5776 0.1417
vn -0.6252 0.5778 0.5246
vn -0.7069 0.5776 0.4081
vn -0.4081 0.5778 0.7068
vn -0.5247 0.5776 0.6253
vn -0.1417 0.5778 0.8038
vn -0.2791 0.5776 0.7671
vn 0.1417 0.5778 0.8038
vn 0 0.5776 0.8163
vn 0.4081 0.5778 0.7068
vn 0.2792 0.5776 0.7671
vn 0.6252 0.5778 0.5246
vn 0.5247 0.5776 0.6253
vn 0.767 0.5778 0.2792
vn 0.7069 0.5776 0.4082
vn 0.8039 0.5776 0.1418
vn 0.9918 0.1275 0
vn 0.9768 0.1275 -0.1722
vn 0.9658 0.1957 -0.1703
vn 0.9807 0.1956 0
vn 0.9215 0.1956 -0.3354
vn 0.932 0.1275 -0.3392
vn 0.859 0.1275 -0.4959
vn 0.8493 0.1957 -0.4903
vn 0.7512 0.1956 -0.6304
vn 0.7598 0.1275 -0.6375
vn 0.6375 0.1275 -0.7598
vn 0.6304 0.1957 -0.7512
vn 0.4903 0.1956 -0.8493
vn 0.4959 0.1275 -0.859
vn 0.3354 0.1957 -0.9215
vn 0.3392 0.1275 -0.932
vn 0.1703 0.1956 -0.9658
vn 0.1722 0.1275 -0.9768
vn 0 0.1275 -0.9918
vn 0 0.1957 -0.9807
vn -0.1703 0.1956 -0.9658
vn -0.1722 0.1275 -0.9768
vn -0.3392 0.1275 -0.932
vn -0.3354 0.1957 -0.9215
vn -0.4903 0.1956 -0.8493
vn -0.4959 0.1275 -0.859
vn -0.6376 0.1275 -0.7598
vn -0.6303 0.1957 -0.7512
vn -0.7512 0.1956 -0.6304
vn -0.7598 0.1275 -0.6375
vn -0.8493 0.1957 -0.4904
vn -0.859 0.1275 -0.4959
vn -0.9215 0.1956 -0.3354
vn -0.932 0.1275 -0.3392
vn -0.9768 0.1275 -0.1722
vn -0.9658 0.1957 -0.1703
vn -0.9807 0.1956 0
vn -0.9918 0.1275 0
vn -0.9658 0.1957 0.1703
vn -0.9768 0.1275 0.1722
vn -0.9215 0.1956 0.3354
vn -0.932 0.1275 0.3392
vn -0.859 0.1275 0.4959
vn -0.8493 0.1957 0.4903
vn -0.7512 0.1956 0.6304
vn -0.7598 0.1275 0.6375
vn -0.6375 0.1275 0.7598
vn -0.6304 0.1957 0.7512
vn -0.4903 0.1956 0.8493
vn -0.4959 0.1275 0.859
vn -0.3354 0.1957 0.9215
vn -0.3392 0.1275 0.932
vn -0.1703 0.1956 0.9658
vn -0.1722 0.1275 0.9768
vn 0 0.1275 0.9918
vn 0 0.1957 0.9807
vn 0.1703 0.1956 0.9658
vn 0.1722 0.1275 0.9768
vn 0.3392 0.1275 0.932
vn 0.3354 0.1957 0.9215
vn 0.4903 0.1956 0.8493
vn 0.4959 0.1275 0.859
vn 0.6375 0.1275 0.7598
vn 0.6303 0.1957 0.7512
vn 0.7512 0.1956 0.6304
vn 0.7598 0.1275 0.6375
vn 0.8493 0.1957 0.4904
vn 0.859 0.1275 0.4959
vn 0.9215 0.1956 0.3354
vn 0.932 0.1275 0.3392
vn 0.9768 0.1275 0.1722
vn 0.9658 0.1957 0.1703
vn 0.7875 0.6163 0
vn 0.7757 0.6162 -0.1368
vn 0.74 0.6163 -0.2693
vn 0.6821 0.6161 -0.3938
vn 0.6033 0.6163 -0.5062
vn 0.5063 0.6161 -0.6034
vn 0.3938 0.6163 -0.682
vn 0.2694 0.6162 -0.7401
vn 0.1368 0.6163 -0.7756
vn 0 0.6162 -0.7876
vn -0.1368 0.6163 -0.7756
vn -0.2694 0.6162 -0.7401
vn -0.3938 0.6163 -0.682
vn -0.5063 0.6161 -0.6034
vn -0.6033 0.6163 -0.5062
vn -0.6821 0.6161 -0.3938
vn -0.74 0.6163 -0.2693
vn -0.7757 0.6161 -0.1368
vn -0.7875 0.6163 0
vn -0.7757 0.6162 0.1368
vn -0.74 0.6163 0.2693
vn -0.6821 0.6162 0.3938
vn -0.6033 0.6163 0.5062
vn -0.5063 0.6161 0.6034
vn -0.3938 0.6163 0.682
vn -0.2694 0.6161 0.7402
vn -0.1368 0.6163 0.7756
vn 0 0.6162 0.7876
vn 0.1368 0.6163 0.7756
vn 0.2694 0.6162 0.7401
vn 0.3938 0.6163 0.682
vn 0.5063 0.6162 0.6034
vn 0.6033 0.6163 0.5062
vn 0.6821 0.6162 0.3938
vn 0.74 0.6163 0.2693
vn 0.7757 0.6161 0.1368
vn 0.8509 0.4244 -0.3097
vn 0.8918 0.4243 -0.1572
vn 0.9055 0.4244 0
vn 0.7842 0.4243 -0.4528
vn 0.6936 0.4244 -0.582
vn 0.4527 0.4244 -0.7842
vn 0.582 0.4243 -0.6937
vn 0.3097 0.4243 -0.8509
vn 0.1572 0.4244 -0.8917
vn 0 0.4243 -0.9055
vn -0.1572 0.4244 -0.8917
vn -0.4527 0.4244 -0.7842
vn -0.3097 0.4243 -0.8509
vn -0.5821 0.4243 -0.6937
vn -0.6936 0.4244 -0.582
vn -0.8509 0.4244 -0.3097
vn -0.7842 0.4243 -0.4528
vn -0.9055 0.4244 0
vn -0.8918 0.4243 -0.1572
vn -0.8509 0.4244 0.3097
vn -0.8918 0.4243 0.1572
vn -0.7842 0.4243 0.4528
vn -0.6936 0.4244 0.582
vn -0.4527 0.4244 0.7842
vn -0.582 0.4243 0.6937
vn -0.3097 0.4243 0.8509
vn -0.1572 0.4244 0.8917
vn 0.1572 0.4244 0.8917
vn 0 0.4243 0.9055
vn 0.3097 0.4243 0.8509
vn 0.4527 0.4244 0.7842
vn 0.582 0.4243 0.6937
vn 0.6936 0.4244 0.582
vn 0.8509 0.4244 0.3097
vn 0.7842 0.4243 0.4528
vn 0.8918 0.4243 0.1572
vn 0.9782 0.1158 -0.1725
vn 0.9933 0.1158 0
vn 0.9631 0.269 0
vn 0.9485 0.2689 -0.1673
vn 0.9334 0.1158 -0.3397
vn 0.9051 0.269 -0.3294
vn 0.8602 0.1158 -0.4966
vn 0.8341 0.2689 -0.4816
vn 0.7609 0.1158 -0.6385
vn 0.7378 0.2689 -0.6191
vn 0.6385 0.1158 -0.7609
vn 0.6191 0.2689 -0.7378
vn 0.4966 0.1158 -0.8602
vn 0.4816 0.269 -0.8341
vn 0.3397 0.1158 -0.9334
vn 0.3294 0.2689 -0.9051
vn 0.1725 0.1158 -0.9782
vn 0.1672 0.269 -0.9485
vn 0 0.1158 -0.9933
vn 0 0.2689 -0.9632
vn -0.1725 0.1158 -0.9782
vn -0.1673 0.2689 -0.9485
vn -0.3397 0.1158 -0.9334
vn -0.3294 0.2689 -0.9051
vn -0.4966 0.1158 -0.8602
vn -0.4816 0.269 -0.8341
vn -0.6385 0.1157 -0.7609
vn -0.6191 0.2689 -0.7378
vn -0.7609 0.1158 -0.6385
vn -0.7378 0.269 -0.6191
vn -0.8602 0.1158 -0.4966
vn -0.8341 0.2689 -0.4816
vn -0.9334 0.1158 -0.3397
vn -0.9051 0.269 -0.3294
vn -0.9782 0.1158 -0.1725
vn -0.9485 0.2689 -0.1673
vn -0.9933 0.1158 0
vn -0.9631 0.269 0
vn -0.9782 0.1158 0.1725
vn -0.9485 0.2689 0.1673
vn -0.9334 0.1158 0.3397
vn -0.9051 0.269 0.3294
vn -0.8602 0.1158 0.4966
vn -0.8341 0.2689 0.4816
vn -0.7609 0.1158 0.6385
vn -0.7378 0.269 0.6191
vn -0.6385 0.1158 0.7609
vn -0.6191 0.2689 0.7378
vn -0.4966 0.1158 0.8602
vn -0.4816 0.269 0.8341
vn -0.3397 0.1158 0.9334
vn -0.3294 0.2689 0.9051
vn -0.1725 0.1158 0.9782
vn -0.1673 0.269 0.9485
vn 0 0.1158 0.9933
vn 0 0.2689 0.9632
vn 0.1725 0.1158 0.9782
vn 0.1673 0.2689 0.9485
vn 0.3397 0.1158 0.9334
vn 0.3294 0.2689 0.9051
vn 0.4966 0.1158 0.8602
vn 0.4816 0.269 0.8341
vn 0.6385 0.1158 0.7609
vn 0.6191 0.2689 0.7378
vn 0.7609 0.1158 0.6385
vn 0.7378 0.269 0.6191
vn 0.8602 0.1158 0.4966
vn 0.8341 0.2689 0.4816
vn 0.9334 0.1158 0.3397
vn 0.9051 0.269 0.3294
vn 0.9782 0.1158 0.1725
vn 0.9485 0.2689 0.1673
vn 0.9391 0.0354 -0.3418
vn 0.9842 0.0354 -0.1735
vn 0.9994 0.0354 0
vn 0.7656 0.0354 -0.6424
vn 0.8655 0.0354 -0.4997
vn 0.4997 0.0354 -0.8655
vn 0.6424 0.0354 -0.7656
vn 0.1735 0.0354 -0.9842
vn 0.3418 0.0354 -0.9391
vn -0.1735 0.0354 -0.9842
vn 0 0.0354 -0.9994
vn -0.4997 0.0354 -0.8655
vn -0.3418 0.0354 -0.9391
vn -0.7656 0.0354 -0.6424
vn -0.6424 0.0354 -0.7656
vn -0.9391 0.0354 -0.3418
vn -0.8655 0.0354 -0.4997
vn -0.9994 0.0354 0
vn -0.9842 0.0354 -0.1735
vn -0.9391 0.0354 0.3418
vn -0.9842 0.0354 0.1735
vn -0.7656 0.0354 0.6424
vn -0.8655 0.0354 0.4997
vn -0.4997 0.0354 0.8655
vn -0.6424 0.0354 0.7656
vn -0.1735 0.0354 0.9842
vn -0.3418 0.0354 0.9391
vn 0.1735 0.0354 0.9842
vn 0 0.0354 0.9994
vn 0.4997 0.0354 0.8655
vn 0.3418 0.0354 0.9391
vn 0.7656 0.0354 0.6424
vn 0.6424 0.0354 0.7656
vn 0.9391 0.0354 0.3418
vn 0.8655 0.0354 0.4997
vn 0.9842 0.0354 0.1735
vn 0.1573 -0.9859 -0.0573
vn 0.1649 -0.9859 -0.0291
vn 0.0985 -0.995 -0.0174
vn 0.094 -0.995 -0.0342
vn 0.1 -0.995 0
vn 0.1674 -0.9859 0
vn 0.1282 -0.9859 -0.1076
vn 0.145 -0.9859 -0.0837
vn 0.0866 -0.995 -0.05
vn 0.0766 -0.995 -0.0643
vn 0.0837 -0.9859 -0.145
vn 0.1076 -0.9859 -0.1282
vn 0.05 -0.995 -0.0866
vn 0.0643 -0.995 -0.0766
vn 0.0291 -0.9859 -0.1649
vn 0.0573 -0.9859 -0.1573
vn 0.0174 -0.995 -0.0985
vn 0.0342 -0.995 -0.094
vn -0.0291 -0.9859 -0.1649
vn 0 -0.9859 -0.1674
vn -0.0174 -0.995 -0.0985
vn 0 -0.995 -0.1
vn -0.0837 -0.9859 -0.145
vn -0.0572 -0.9859 -0.1573
vn -0.05 -0.995 -0.0866
vn -0.0342 -0.995 -0.094
vn -0.1283 -0.9859 -0.1076
vn -0.1076 -0.9859 -0.1282
vn -0.0766 -0.995 -0.0643
vn -0.0643 -0.995 -0.0766
vn -0.1573 -0.9859 -0.0573
vn -0.145 -0.9859 -0.0837
vn -0.0866 -0.995 -0.05
vn -0.094 -0.995 -0.0342
vn -0.1674 -0.9859 0
vn -0.1649 -0.9859 -0.0291
vn -0.0985 -0.995 -0.0174
vn -0.1 -0.995 0
vn -0.1573 -0.9859 0.0573
vn -0.1649 -0.9859 0.0291
vn -0.0985 -0.995 0.0174
vn -0.094 -0.995 0.0342
vn -0.1282 -0.9859 0.1076
vn -0.145 -0.9859 0.0837
vn -0.0866 -0.995 0.05
vn -0.0766 -0.995 0.0643
vn -0.0837 -0.9859 0.145
vn -0.1076 -0.9859 0.1282
vn -0.05 -0.995 0.0866
vn -0.0643 -0.995 0.0766
vn -0.0291 -0.9859 0.1649
vn -0.0573 -0.9859 0.1573
vn -0.0342 -0.995 0.094
vn -0.0174 -0.995 0.0985
vn 0.0291 -0.9859 0.1649
vn 0 -0.9859 0.1674
vn 0.0174 -0.995 0.0985
vn 0 -0.995 0.1
vn 0.0837 -0.9859 0.145
vn 0.0573 -0.9859 0.1573
vn 0.0342 -0.995 0.094
vn 0.05 -0.995 0.0866
vn 0.1283 -0.9859 0.1076
vn 0.1076 -0.9859 0.1282
vn 0.0643 -0.995 0.0766
vn 0.0766 -0.995 0.0643
vn 0.1573 -0.9859 0.0573
vn 0.145 -0.9859 0.0837
vn 0.094 -0.995 0.0342
vn 0.0866 -0.995 0.05
vn 0.0985 -0.995 0.0174
vn 0.1649 -0.9859 0.0291
vn 0.7962 0.5885 -0.1404
vn 0.7596 0.5887 -0.2765
vn 0.9214 -0.353 -0.1625
vn 0.8792 -0.3531 -0.32
vn 0.8083 0.5887 0
vn 0.9356 -0.3531 0
vn 0.7002 0.5885 -0.4043
vn 0.6192 0.5887 -0.5196
vn 0.8103 -0.353 -0.4678
vn 0.7167 -0.3531 -0.6014
vn 0.5197 0.5885 -0.6193
vn 0.4042 0.5887 -0.7001
vn 0.6014 -0.353 -0.7167
vn 0.4678 -0.3531 -0.8103
vn 0.2765 0.5885 -0.7597
vn 0.1404 0.5887 -0.7961
vn 0.32 -0.353 -0.8792
vn 0.1625 -0.3531 -0.9214
vn 0 0.5885 -0.8085
vn -0.1404 0.5887 -0.7961
vn 0 -0.353 -0.9356
vn -0.1625 -0.3531 -0.9214
vn -0.2765 0.5885 -0.7597
vn -0.4042 0.5887 -0.7001
vn -0.32 -0.353 -0.8792
vn -0.4678 -0.3531 -0.8103
vn -0.5197 0.5885 -0.6193
vn -0.6192 0.5887 -0.5196
vn -0.6014 -0.353 -0.7167
vn -0.7167 -0.3531 -0.6014
vn -0.7002 0.5885 -0.4043
vn -0.7596 0.5887 -0.2765
vn -0.8103 -0.353 -0.4678
vn -0.8792 -0.3531 -0.32
vn -0.7962 0.5885 -0.1404
vn -0.8084 0.5887 0
vn -0.9214 -0.353 -0.1625
vn -0.9356 -0.3531 0
vn -0.7962 0.5885 0.1404
vn -0.7596 0.5887 0.2765
vn -0.9214 -0.353 0.1625
vn -0.8792 -0.3531 0.32
vn -0.7002 0.5885 0.4042
vn -0.6192 0.5887 0.5196
vn -0.8103 -0.353 0.4678
vn -0.7167 -0.3531 0.6014
vn -0.5197 0.5885 0.6193
vn -0.4042 0.5887 0.7
vn -0.6014 -0.353 0.7167
vn -0.4678 -0.3531 0.8103
vn -0.2765 0.5885 0.7597
vn -0.1404 0.5887 0.7961
vn -0.32 -0.353 0.8792
vn -0.1625 -0.3531 0.9214
vn 0 0.5885 0.8085
vn 0.1404 0.5887 0.7961
vn 0 -0.353 0.9356
vn 0.1625 -0.3531 0.9214
vn 0.2765 0.5885 0.7597
vn 0.4042 0.5887 0.7001
vn 0.32 -0.353 0.8792
vn 0.4678 -0.3531 0.8103
vn 0.5197 0.5885 0.6193
vn 0.6192 0.5887 0.5196
vn 0.6014 -0.353 0.7167
vn 0.7167 -0.3531 0.6014
vn 0.7002 0.5885 0.4043
vn 0.7596 0.5887 0.2765
vn 0.8103 -0.353 0.4678
vn 0.8792 -0.3531 0.32
vn 0.7962 0.5885 0.1404
vn 0.9214 -0.353 0.1625
vn 0.8221 -0.4844 -0.2992
vn 0.8615 -0.4845 -0.1519
vn 0.8748 -0.4844 0
vn 0.6701 -0.4845 -0.5623
vn 0.7576 -0.4845 -0.4374
vn 0.4374 -0.4845 -0.7576
vn 0.5623 -0.4845 -0.6701
vn 0.1519 -0.4845 -0.8615
vn 0.2992 -0.4845 -0.822
vn -0.1519 -0.4845 -0.8615
vn 0 -0.4845 -0.8748
vn -0.4374 -0.4845 -0.7576
vn -0.2992 -0.4845 -0.822
vn -0.6702 -0.4845 -0.5623
vn -0.5623 -0.4845 -0.6701
vn -0.8221 -0.4844 -0.2992
vn -0.7576 -0.4845 -0.4374
vn -0.8748 -0.4844 0
vn -0.8615 -0.4845 -0.1519
vn -0.822 -0.4845 0.2992
vn -0.8615 -0.4845 0.1519
vn -0.6701 -0.4845 0.5623
vn -0.7576 -0.4845 0.4374
vn -0.4374 -0.4845 0.7576
vn -0.5623 -0.4845 0.6701
vn -0.1519 -0.4845 0.8615
vn -0.2992 -0.4845 0.822
vn 0.1519 -0.4845 0.8615
vn 0 -0.4845 0.8748
vn 0.4374 -0.4845 0.7576
vn 0.2992 -0.4845 0.822
vn 0.6702 -0.4844 0.5623
vn 0.5623 -0.4845 0.6701
vn 0.8221 -0.4844 0.2992
vn 0.7576 -0.4845 0.4374
vn 0.8615 -0.4845 0.1519
vn 0.5364 0.8211 -0.1952
vn 0.5621 0.8211 -0.0991
vn 0.5708 0.8211 0
vn 0.8761 0.4821 0
vn 0.8627 0.4822 -0.1521
vn 0.8233 0.4821 -0.2996
vn 0.4373 0.8211 -0.3669
vn 0.4943 0.8211 -0.2854
vn 0.7587 0.4822 -0.438
vn 0.6711 0.4821 -0.5631
vn 0.2854 0.8211 -0.4943
vn 0.3669 0.8211 -0.4372
vn 0.5631 0.4822 -0.6711
vn 0.4381 0.4821 -0.7587
vn 0.0991 0.8211 -0.5621
vn 0.1952 0.8211 -0.5363
vn 0.2996 0.4822 -0.8232
vn 0.1521 0.4821 -0.8628
vn -0.0991 0.8211 -0.5621
vn 0 0.8211 -0.5708
vn 0 0.4822 -0.876
vn -0.1521 0.4821 -0.8628
vn -0.2854 0.8211 -0.4944
vn -0.1952 0.8211 -0.5364
vn -0.2996 0.4822 -0.8232
vn -0.4381 0.4821 -0.7587
vn -0.4373 0.8211 -0.3669
vn -0.3669 0.8211 -0.4372
vn -0.5631 0.4822 -0.6711
vn -0.6711 0.4821 -0.5632
vn -0.5364 0.8211 -0.1952
vn -0.4943 0.8211 -0.2854
vn -0.7587 0.4822 -0.438
vn -0.8233 0.4821 -0.2997
vn -0.5709 0.821 0
vn -0.5622 0.8211 -0.0991
vn -0.8627 0.4822 -0.1521
vn -0.8761 0.4821 0
vn -0.5364 0.8211 0.1952
vn -0.5621 0.8211 0.0991
vn -0.8627 0.4822 0.1521
vn -0.8233 0.4821 0.2996
vn -0.4373 0.8211 0.3669
vn -0.4943 0.8211 0.2854
vn -0.7587 0.4822 0.438
vn -0.6711 0.4821 0.5631
vn -0.2854 0.8211 0.4943
vn -0.3669 0.8211 0.4372
vn -0.5631 0.4822 0.6711
vn -0.4381 0.4821 0.7587
vn -0.0991 0.8211 0.5621
vn -0.1952 0.8211 0.5363
vn -0.2996 0.4822 0.8232
vn -0.1521 0.4821 0.8628
vn 0.0991 0.8211 0.5621
vn 0 0.8211 0.5708
vn 0 0.4822 0.876
vn 0.1521 0.4821 0.8628
vn 0.2854 0.8211 0.4943
vn 0.1952 0.8211 0.5363
vn 0.2996 0.4822 0.8232
vn 0.4381 0.4821 0.7587
vn 0.4373 0.8211 0.3669
vn 0.3669 0.8211 0.4373
vn 0.5631 0.4822 0.6711
vn 0.6711 0.4821 0.5631
vn 0.5364 0.8211 0.1952
vn 0.4943 0.8211 0.2854
vn 0.7587 0.4822 0.438
vn 0.8233 0.4821 0.2996
vn 0.5621 0.8211 0.0991
vn 0.8627 0.4822 0.1521
vn 0.9321 0.1267 -0.3393
vn 0.609 0.7616 -0.2217
vn 0.6381 0.7617 -0.1125
vn 0.9769 0.1267 -0.1722
vn 0.648 0.7616 0
vn 0.9919 0.1267 0
vn 0.7599 0.1267 -0.6376
vn 0.4964 0.7616 -0.4166
vn 0.5612 0.7617 -0.324
vn 0.859 0.1267 -0.496
vn 0.496 0.1267 -0.859
vn 0.324 0.7616 -0.5612
vn 0.4165 0.7617 -0.4964
vn 0.6376 0.1267 -0.7599
vn 0.1722 0.1266 -0.9769
vn 0.1125 0.7616 -0.6382
vn 0.3393 0.1267 -0.9321
vn 0.2216 0.7617 -0.6089
vn -0.1722 0.1267 -0.9769
vn -0.1125 0.7616 -0.6382
vn 0 0.1267 -0.9919
vn 0 0.7617 -0.648
vn -0.496 0.1267 -0.859
vn -0.324 0.7616 -0.5612
vn -0.2216 0.7617 -0.6089
vn -0.3393 0.1267 -0.9321
vn -0.7599 0.1267 -0.6376
vn -0.4964 0.7616 -0.4165
vn -0.6376 0.1267 -0.7599
vn -0.4165 0.7617 -0.4964
vn -0.9321 0.1267 -0.3393
vn -0.609 0.7616 -0.2216
vn -0.859 0.1267 -0.496
vn -0.5611 0.7617 -0.324
vn -0.9919 0.1267 0
vn -0.648 0.7616 0
vn -0.6381 0.7617 -0.1125
vn -0.9769 0.1267 -0.1722
vn -0.9321 0.1267 0.3393
vn -0.609 0.7616 0.2217
vn -0.9769 0.1267 0.1722
vn -0.6381 0.7617 0.1125
vn -0.7599 0.1267 0.6376
vn -0.4964 0.7616 0.4166
vn -0.859 0.1267 0.496
vn -0.5612 0.7617 0.324
vn -0.496 0.1266 0.8591
vn -0.324 0.7616 0.5612
vn -0.6376 0.1267 0.7599
vn -0.4165 0.7617 0.4964
vn -0.1722 0.1266 0.9769
vn -0.1125 0.7616 0.6382
vn -0.2216 0.7617 0.6089
vn -0.3393 0.1267 0.9321
vn 0.1722 0.1266 0.9769
vn 0.1125 0.7616 0.6382
vn 0 0.1267 0.9919
vn 0 0.7617 0.648
vn 0.496 0.1267 0.859
vn 0.324 0.7616 0.5612
vn 0.2216 0.7617 0.6089
vn 0.3393 0.1267 0.9321
vn 0.7599 0.1267 0.6376
vn 0.4964 0.7616 0.4165
vn 0.6376 0.1267 0.7599
vn 0.4165 0.7617 0.4964
vn 0.9321 0.1266 0.3393
vn 0.609 0.7616 0.2216
vn 0.859 0.1267 0.496
vn 0.5612 0.7617 0.324
vn 0.6381 0.7617 0.1125
vn 0.9769 0.1267 0.1722
vn 0.5164 0.8355 -0.188
vn 0.5412 0.8354 -0.0955
vn 0.5496 0.8355 0
vn 0.421 0.8355 -0.3533
vn 0.476 0.8354 -0.2748
vn 0.2748 0.8355 -0.4759
vn 0.3533 0.8354 -0.421
vn 0.0954 0.8355 -0.5412
vn 0.188 0.8354 -0.5164
vn -0.0954 0.8355 -0.5412
vn -0.0001 0.8354 -0.5496
vn -0.2748 0.8355 -0.4759
vn -0.188 0.8354 -0.5164
vn -0.421 0.8355 -0.3532
vn -0.3533 0.8354 -0.421
vn -0.5164 0.8355 -0.188
vn -0.476 0.8354 -0.2748
vn -0.5496 0.8355 0
vn -0.5413 0.8354 -0.0954
vn -0.5164 0.8355 0.188
vn -0.5412 0.8354 0.0955
vn -0.421 0.8355 0.3533
vn -0.476 0.8354 0.2748
vn -0.2748 0.8355 0.4759
vn -0.3533 0.8354 0.421
vn -0.0954 0.8355 0.5412
vn -0.188 0.8354 0.5165
vn 0.0954 0.8355 0.5412
vn 0 0.8354 0.5496
vn 0.2748 0.8355 0.4759
vn 0.1879 0.8354 0.5165
vn 0.421 0.8355 0.3532
vn 0.3533 0.8354 0.421
vn 0.5164 0.8355 0.188
vn 0.476 0.8354 0.2748
vn 0.5413 0.8354 0.0955
vn 0.9656 0.1967 -0.1703
vn 0.9213 0.1968 -0.3353
vn 0.9805 0.1968 0
vn 0.9668 -0.2555 0
vn 0.9521 -0.2554 -0.1679
vn 0.8491 0.1967 -0.4902
vn 0.7511 0.1968 -0.6302
vn 0.9085 -0.2555 -0.3307
vn 0.8373 -0.2554 -0.4834
vn 0.6302 0.1967 -0.7511
vn 0.4902 0.1968 -0.8491
vn 0.7406 -0.2555 -0.6214
vn 0.6215 -0.2554 -0.7406
vn 0.3353 0.1967 -0.9213
vn 0.1702 0.1967 -0.9656
vn 0.4834 -0.2555 -0.8373
vn 0.3307 -0.2554 -0.9085
vn 0 0.1967 -0.9805
vn -0.1703 0.1967 -0.9656
vn 0.1679 -0.2555 -0.9521
vn 0 -0.2554 -0.9668
vn -0.3353 0.1967 -0.9213
vn -0.4902 0.1968 -0.8491
vn -0.1679 -0.2555 -0.9521
vn -0.3307 -0.2554 -0.9085
vn -0.6302 0.1967 -0.7511
vn -0.7511 0.1968 -0.6302
vn -0.4834 -0.2555 -0.8373
vn -0.6215 -0.2554 -0.7406
vn -0.8491 0.1967 -0.4902
vn -0.9213 0.1967 -0.3353
vn -0.7406 -0.2555 -0.6215
vn -0.8373 -0.2554 -0.4834
vn -0.9656 0.1967 -0.1703
vn -0.9805 0.1968 0
vn -0.9085 -0.2555 -0.3307
vn -0.9521 -0.2554 -0.1679
vn -0.9656 0.1967 0.1703
vn -0.9213 0.1968 0.3353
vn -0.9668 -0.2555 0
vn -0.9521 -0.2554 0.1679
vn -0.8491 0.1967 0.4902
vn -0.7511 0.1968 0.6302
vn -0.9085 -0.2555 0.3307
vn -0.8373 -0.2554 0.4834
vn -0.6302 0.1967 0.7511
vn -0.4902 0.1967 0.8491
vn -0.7406 -0.2555 0.6214
vn -0.6215 -0.2554 0.7406
vn -0.3353 0.1967 0.9213
vn -0.1702 0.1968 0.9656
vn -0.4834 -0.2555 0.8373
vn -0.3307 -0.2554 0.9085
vn 0 0.1967 0.9805
vn 0.1703 0.1968 0.9656
vn -0.1679 -0.2555 0.9521
vn 0 -0.2554 0.9668
vn 0.3353 0.1967 0.9213
vn 0.4902 0.1968 0.8491
vn 0.1679 -0.2555 0.9521
vn 0.3307 -0.2554 0.9085
vn 0.6302 0.1967 0.7511
vn 0.7511 0.1968 0.6302
vn 0.4834 -0.2555 0.8373
vn 0.6215 -0.2554 0.7406
vn 0.8491 0.1967 0.4902
vn 0.9213 0.1968 0.3353
vn 0.7406 -0.2555 0.6215
vn 0.8373 -0.2554 0.4834
vn 0.9656 0.1967 0.1703
vn 0.9085 -0.2555 0.3307
vn 0.9521 -0.2554 0.1679
vn 0.8634 -0.3948 -0.3142
vn 0.9048 -0.3948 -0.1595
vn 0.9188 -0.3948 0
vn 0.7038 -0.3948 -0.5906
vn 0.7957 -0.3948 -0.4594
vn 0.4594 -0.3948 -0.7957
vn 0.5906 -0.3948 -0.7038
vn 0.1595 -0.3948 -0.9048
vn 0.3142 -0.3948 -0.8634
vn -0.1595 -0.3948 -0.9048
vn 0 -0.3948 -0.9188
vn -0.4594 -0.3948 -0.7957
vn -0.3142 -0.3948 -0.8634
vn -0.7038 -0.3948 -0.5906
vn -0.5906 -0.3948 -0.7038
vn -0.8634 -0.3948 -0.3142
vn -0.7957 -0.3948 -0.4594
vn -0.9188 -0.3948 0
vn -0.9048 -0.3948 -0.1595
vn -0.8634 -0.3948 0.3142
vn -0.9048 -0.3948 0.1595
vn -0.7038 -0.3948 0.5906
vn -0.7957 -0.3948 0.4594
vn -0.4594 -0.3948 0.7957
vn -0.5906 -0.3948 0.7038
vn -0.1595 -0.3948 0.9048
vn -0.3142 -0.3948 0.8634
vn 0.1595 -0.3948 0.9048
vn 0 -0.3948 0.9188
vn 0.4594 -0.3948 0.7957
vn 0.3142 -0.3948 0.8634
vn 0.7038 -0.3948 0.5906
vn 0.5906 -0.3948 0.7038
vn 0.8634 -0.3948 0.3142
vn 0.7957 -0.3948 0.4594
vn 0.9048 -0.3948 0.1595
vn 0.9062 0.2647 -0.3298
vn 0.9497 0.2645 -0.1675
vn 0.6887 0.7148 -0.1215
vn 0.6573 0.7146 -0.2392
vn 0.6995 0.7147 0
vn 0.9643 0.2647 0
vn 0.7387 0.2647 -0.6199
vn 0.8352 0.2645 -0.4822
vn 0.5358 0.7146 -0.4496
vn 0.6057 0.7148 -0.3497
vn 0.4821 0.2647 -0.8351
vn 0.6199 0.2645 -0.7388
vn 0.3497 0.7146 -0.6058
vn 0.4495 0.7148 -0.5358
vn 0.1674 0.2647 -0.9497
vn 0.3298 0.2645 -0.9062
vn 0.1215 0.7146 -0.6889
vn 0.2392 0.7148 -0.6572
vn -0.1675 0.2647 -0.9497
vn 0 0.2645 -0.9644
vn 0 0.7148 -0.6994
vn -0.1215 0.7147 -0.6888
vn -0.4821 0.2647 -0.8351
vn -0.3298 0.2645 -0.9062
vn -0.3497 0.7147 -0.6057
vn -0.2392 0.7148 -0.6572
vn -0.7387 0.2647 -0.6198
vn -0.6199 0.2645 -0.7388
vn -0.5358 0.7146 -0.4496
vn -0.4496 0.7148 -0.5357
vn -0.9062 0.2647 -0.3298
vn -0.8352 0.2645 -0.4822
vn -0.6573 0.7146 -0.2392
vn -0.6057 0.7148 -0.3497
vn -0.9643 0.2647 0
vn -0.9497 0.2645 -0.1675
vn -0.6995 0.7147 0
vn -0.6887 0.7148 -0.1214
vn -0.9062 0.2647 0.3298
vn -0.9497 0.2645 0.1675
vn -0.6573 0.7146 0.2392
vn -0.6887 0.7148 0.1215
vn -0.7387 0.2647 0.6199
vn -0.8352 0.2645 0.4822
vn -0.5358 0.7146 0.4496
vn -0.6057 0.7148 0.3497
vn -0.4822 0.2647 0.8351
vn -0.6199 0.2645 0.7388
vn -0.4495 0.7148 0.5358
vn -0.3497 0.7147 0.6057
vn -0.1674 0.2647 0.9497
vn -0.3298 0.2645 0.9062
vn -0.1215 0.7147 0.6888
vn -0.2392 0.7148 0.6572
vn 0.1675 0.2647 0.9497
vn 0 0.2645 0.9644
vn 0.1215 0.7147 0.6888
vn 0 0.7148 0.6994
vn 0.4822 0.2647 0.8351
vn 0.3298 0.2645 0.9062
vn 0.3497 0.7147 0.6057
vn 0.2392 0.7148 0.6572
vn 0.7387 0.2647 0.6199
vn 0.6199 0.2645 0.7388
vn 0.4496 0.7148 0.5357
vn 0.5358 0.7146 0.4496
vn 0.9062 0.2647 0.3298
vn 0.8352 0.2645 0.4822
vn 0.6573 0.7147 0.2392
vn 0.6057 0.7148 0.3497
vn 0.6887 0.7148 0.1214
vn 0.9497 0.2645 0.1675
vn 0.9219 -0.1939 -0.3355
vn 0.9661 -0.194 -0.1704
vn 0.981 -0.1939 0
vn 0.84 -0.5425 0
vn 0.8273 -0.5425 -0.1459
vn 0.7894 -0.5425 -0.2873
vn 0.7515 -0.1939 -0.6306
vn 0.8496 -0.194 -0.4905
vn 0.7275 -0.5425 -0.42
vn 0.6435 -0.5425 -0.54
vn 0.4905 -0.1939 -0.8496
vn 0.6306 -0.194 -0.7515
vn 0.54 -0.5425 -0.6435
vn 0.42 -0.5425 -0.7275
vn 0.1704 -0.1939 -0.9661
vn 0.3355 -0.194 -0.9218
vn 0.2873 -0.5425 -0.7894
vn 0.1459 -0.5425 -0.8273
vn -0.1704 -0.1939 -0.9661
vn 0 -0.194 -0.981
vn 0 -0.5425 -0.8401
vn -0.1459 -0.5425 -0.8273
vn -0.4905 -0.1939 -0.8496
vn -0.3355 -0.194 -0.9218
vn -0.2873 -0.5425 -0.7894
vn -0.42 -0.5425 -0.7275
vn -0.7515 -0.1939 -0.6306
vn -0.6306 -0.194 -0.7515
vn -0.54 -0.5425 -0.6435
vn -0.6435 -0.5425 -0.54
vn -0.9219 -0.1939 -0.3355
vn -0.8496 -0.194 -0.4905
vn -0.7275 -0.5425 -0.42
vn -0.7894 -0.5425 -0.2873
vn -0.981 -0.1939 0
vn -0.9661 -0.194 -0.1703
vn -0.8273 -0.5425 -0.1459
vn -0.84 -0.5425 0
vn -0.9219 -0.1939 0.3355
vn -0.9661 -0.194 0.1704
vn -0.8273 -0.5425 0.1459
vn -0.7894 -0.5425 0.2873
vn -0.7515 -0.1939 0.6306
vn -0.8496 -0.194 0.4905
vn -0.7275 -0.5425 0.42
vn -0.6435 -0.5425 0.54
vn -0.4905 -0.1939 0.8496
vn -0.6306 -0.194 0.7515
vn -0.54 -0.5425 0.6435
vn -0.42 -0.5425 0.7275
vn -0.1703 -0.1939 0.9661
vn -0.3355 -0.194 0.9218
vn -0.2873 -0.5425 0.7894
vn -0.1459 -0.5425 0.8273
vn 0.1704 -0.1939 0.9661
vn 0 -0.194 0.981
vn 0 -0.5425 0.8401
vn 0.1459 -0.5425 0.8273
vn 0.4905 -0.1939 0.8496
vn 0.3355 -0.194 0.9218
vn 0.2873 -0.5425 0.7894
vn 0.42 -0.5425 0.7275
vn 0.7515 -0.1939 0.6306
vn 0.6306 -0.194 0.7515
vn 0.54 -0.5425 0.6435
vn 0.6435 -0.5425 0.54
vn 0.9219 -0.1939 0.3355
vn 0.8496 -0.194 0.4905
vn 0.7275 -0.5425 0.42
vn 0.7894 -0.5425 0.2873
vn 0.9661 -0.194 0.1703
vn 0.8273 -0.5425 0.1459
vn 0.9311 0.1349 -0.3389
vn 0.9757 0.1354 -0.172
vn 0.9908 0.1353 0
vn 0.759 0.1349 -0.6369
vn 0.858 0.1354 -0.4954
vn 0.4954 0.1354 -0.858
vn 0.6369 0.135 -0.759
vn 0.1721 0.1353 -0.9758
vn 0.3389 0.135 -0.9311
vn -0.1721 0.1353 -0.9758
vn 0 0.135 -0.9909
vn -0.4954 0.1353 -0.8581
vn -0.3389 0.1353 -0.931
vn -0.759 0.1349 -0.6369
vn -0.6369 0.1354 -0.759
vn -0.9311 0.1349 -0.3389
vn -0.8581 0.135 -0.4954
vn -0.9909 0.1349 0
vn -0.9758 0.135 -0.1721
vn -0.9311 0.1353 0.3389
vn -0.9758 0.135 0.1721
vn -0.759 0.1349 0.6369
vn -0.858 0.1354 0.4954
vn -0.4954 0.1349 0.8581
vn -0.6369 0.135 0.759
vn -0.1721 0.1349 0.9758
vn -0.3389 0.135 0.9311
vn 0.1721 0.1353 0.9758
vn 0 0.1354 0.9908
vn 0.4954 0.1354 0.858
vn 0.3389 0.1353 0.931
vn 0.759 0.1349 0.6369
vn 0.6369 0.1354 0.759
vn 0.9311 0.1349 0.3389
vn 0.8581 0.135 0.4954
vn 0.9758 0.135 0.1721
vn 0.2233 -0.9714 -0.0813
vn 0.2341 -0.9713 -0.0413
vn 0.2377 -0.9714 0
vn 0.1821 -0.9713 -0.1528
vn 0.2058 -0.9713 -0.1188
vn 0.1188 -0.9714 -0.2058
vn 0.1528 -0.9713 -0.1821
vn 0.0413 -0.9714 -0.234
vn 0.0813 -0.9713 -0.2233
vn -0.0413 -0.9714 -0.234
vn 0 -0.9713 -0.2377
vn -0.1188 -0.9713 -0.2058
vn -0.0813 -0.9713 -0.2233
vn -0.1821 -0.9713 -0.1528
vn -0.1528 -0.9713 -0.1821
vn -0.2233 -0.9714 -0.0813
vn -0.2058 -0.9713 -0.1188
vn -0.2377 -0.9714 0
vn -0.2341 -0.9713 -0.0413
vn -0.2233 -0.9714 0.0813
vn -0.2341 -0.9713 0.0413
vn -0.1821 -0.9713 0.1528
vn -0.2058 -0.9713 0.1188
vn -0.1188 -0.9714 0.2058
vn -0.1528 -0.9713 0.1821
vn -0.0413 -0.9714 0.234
vn -0.0813 -0.9713 0.2233
vn 0.0413 -0.9714 0.234
vn 0 -0.9713 0.2377
vn 0.1188 -0.9713 0.2058
vn 0.0813 -0.9713 0.2233
vn 0.1821 -0.9713 0.1528
vn 0.1528 -0.9713 0.1821
vn 0.2233 -0.9714 0.0813
vn 0.2058 -0.9713 0.1188
vn 0.2341 -0.9713 0.0413
vn 0.9221 -0.1926 -0.3356
vn 0.9664 -0.1925 -0.1704
vn 0.9813 -0.1926 0
vn 0.7517 -0.1926 -0.6308
vn 0.8498 -0.1925 -0.4906
vn 0.4906 -0.1926 -0.8498
vn 0.6308 -0.1925 -0.7517
vn 0.1704 -0.1926 -0.9664
vn 0.3356 -0.1926 -0.9221
vn -0.1704 -0.1926 -0.9664
vn 0 -0.1925 -0.9813
vn -0.4906 -0.1926 -0.8498
vn -0.3356 -0.1925 -0.9221
vn -0.7517 -0.1926 -0.6308
vn -0.6308 -0.1925 -0.7517
vn -0.9221 -0.1926 -0.3356
vn -0.8498 -0.1926 -0.4906
vn -0.9813 -0.1926 0
vn -0.9664 -0.1926 -0.1704
vn -0.9221 -0.1926 0.3356
vn -0.9664 -0.1926 0.1704
vn -0.7517 -0.1926 0.6308
vn -0.8498 -0.1926 0.4906
vn -0.4906 -0.1926 0.8498
vn -0.6308 -0.1926 0.7517
vn -0.1704 -0.1926 0.9664
vn -0.3356 -0.1926 0.9221
vn 0.1704 -0.1926 0.9664
vn 0 -0.1925 0.9813
vn 0.4906 -0.1926 0.8498
vn 0.3356 -0.1926 0.9221
vn 0.7517 -0.1926 0.6308
vn 0.6308 -0.1925 0.7517
vn 0.9221 -0.1926 0.3356
vn 0.8498 -0.1925 0.4906
vn 0.9664 -0.1925 0.1704
vn 0.9219 -0.3517 -0.1626
vn 0.7898 -0.5549 -0.2614
vn 0.9761 0.1326 -0.1722
vn 0.9787 0.0891 -0.1847
vn 0.602 0.771 -0.2078
vn 0.6158 0.7804 -0.1087
vn 0.6153 0.7807 -0.1086
vn 0.603 0.7722 -0.2002
vn 0.983 0.0874 -0.1614
vn 0.8309 -0.5559 -0.0245
vn 0.6058 0.781 -0.1514
vn 0.5383 0.7834 -0.3108
vn 0.6001 0.7819 -0.1688
vn 0.6017 -0.3517 -0.7171
vn 0.4367 -0.5558 -0.7074
vn 0.6371 0.1326 -0.7592
vn 0.6312 0.0875 -0.7706
vn 0.3283 0.7711 -0.5455
vn 0.402 0.7804 -0.479
vn 0.4018 0.7806 -0.4788
vn 0.3338 0.7723 -0.5405
vn 0.6494 0.089 -0.7553
vn 0.6213 -0.5549 -0.5533
vn 0.3652 0.7812 -0.5064
vn 0.2126 0.7833 -0.5841
vn 0.3497 0.782 -0.516
vn 0 -0.3521 -0.936
vn -0.1201 -0.5559 -0.8225
vn 0 0.1321 -0.9912
vn -0.0118 0.0873 -0.9961
vn -0.1001 0.771 -0.6289
vn 0 0.7804 -0.6253
vn 0 0.7807 -0.625
vn -0.0924 0.7722 -0.6286
vn 0.0118 0.0875 -0.9961
vn 0.1201 -0.5558 -0.8226
vn -0.046 0.7812 -0.6226
vn -0.2126 0.7833 -0.5841
vn -0.2126 0.7833 -0.5841
vn -0.064 0.782 -0.62
vn -0.6017 -0.352 -0.717
vn -0.6209 -0.5556 -0.553
vn -0.6372 0.1322 -0.7593
vn -0.6493 0.0879 -0.7554
vn -0.481 0.771 -0.4174
vn -0.402 0.7804 -0.479
vn -0.402 0.7804 -0.479
vn -0.4749 0.7722 -0.4221
vn -0.6313 0.0873 -0.7706
vn -0.4367 -0.5559 -0.7073
vn -0.4349 0.7811 -0.4479
vn -0.5383 0.7833 -0.3108
vn -0.4471 0.782 -0.4343
vn -0.9218 -0.3519 -0.1625
vn -0.8311 -0.5556 -0.0245
vn -0.9761 0.1324 -0.1721
vn -0.983 0.0879 -0.1613
vn -0.6367 0.771 -0.0109
vn -0.6158 0.7804 -0.1086
vn -0.6351 0.7722 -0.0184
vn -0.9789 0.0879 -0.1846
vn -0.7894 -0.5555 -0.2612
vn -0.6211 0.7811 -0.0635
vn -0.6121 0.7833 0.1079
vn -0.6217 0.782 -0.0452
vn -0.8108 -0.3513 0.4682
vn -0.6532 -0.554 0.5162
vn -0.8582 0.1333 0.4957
vn -0.8564 0.0905 0.5084
vn -0.4947 0.771 0.401
vn -0.5414 0.7804 0.3128
vn -0.5415 0.7804 0.3128
vn -0.4983 0.7722 0.3942
vn -0.8685 0.0879 0.4878
vn -0.7726 -0.5556 0.3073
vn -0.5187 0.7809 0.3481
vn -0.3995 0.7834 0.4761
vn -0.5073 0.7818 0.3626
vn -0.3203 -0.3516 0.8797
vn -0.1684 -0.5562 0.8138
vn -0.3391 0.1329 0.9313
vn -0.3297 0.0869 0.9401
vn -0.1227 0.7712 0.6246
vn -0.2141 0.7804 0.5875
vn -0.214 0.7806 0.5873
vn -0.1295 0.7724 0.6218
vn -0.352 0.0905 0.9316
vn -0.3949 -0.554 0.7329
vn -0.1692 0.7812 0.6009
vn 0 0.7833 0.6216
vn -0.1514 0.782 0.6046
vn 0.3201 -0.3522 0.8795
vn 0.3942 -0.556 0.7318
vn 0.339 0.1318 0.9315
vn 0.3517 0.0872 0.932
vn 0.3095 0.7709 0.5567
vn 0.2139 0.7804 0.5876
vn 0.3021 0.7722 0.559
vn 0.3297 0.0869 0.9401
vn 0.1684 -0.5562 0.8138
vn 0.2563 0.7812 0.5692
vn 0.3996 0.7833 0.4762
vn 0.2723 0.782 0.5606
vn 0.8106 -0.3521 0.468
vn 0.7724 -0.5559 0.3072
vn 0.8585 0.132 0.4956
vn 0.8685 0.0874 0.4879
vn 0.5948 0.771 0.2277
vn 0.5416 0.7804 0.3127
vn 0.5416 0.7804 0.3127
vn 0.5907 0.7722 0.2342
vn 0.8568 0.0872 0.5082
vn 0.6522 -0.556 0.5153
vn 0.5621 0.7812 0.2716
vn 0.6122 0.7833 0.1079
vn 0.5689 0.782 0.2546
vn 0.0278 0.9991 -0.0321
vn 0.0744 0.9971 -0.0146
vn 0.017 0.9999 -0.0031
vn 0.0223 0.9998 -0.0021
vn 0.0273 0.9994 0.0221
vn -0.0376 0.999 0.0252
vn 0.011 0.9999 -0.0133
vn 0.0009 0.9991 -0.0426
vn 0.0476 0.9971 -0.059
vn 0.0157 0.9998 -0.0159
vn 0.0352 0.9994 -0.001
vn -0.0126 0.999 0.0436
vn -0.0001 0.9999 -0.0173
vn -0.0268 0.9991 -0.033
vn -0.0015 0.9971 -0.0759
vn 0.0018 0.9998 -0.0223
vn 0.0264 0.9994 -0.0232
vn 0.0184 0.999 0.0415
vn -0.0112 0.9999 -0.0132
vn -0.0417 0.9991 -0.008
vn -0.0499 0.9971 -0.0571
vn -0.0129 0.9998 -0.0182
vn 0.0048 0.9994 -0.0351
vn 0.0407 0.999 0.02
vn -0.017 0.9999 -0.0029
vn -0.0372 0.9991 0.0206
vn -0.075 0.9971 -0.0117
vn -0.0216 0.9998 -0.0057
vn -0.0188 0.9994 -0.03
vn 0.044 0.999 -0.0109
vn -0.0149 0.9999 0.0087
vn -0.0153 0.9991 0.0397
vn -0.065 0.9971 0.0392
vn -0.0202 0.9998 0.0096
vn -0.0334 0.9994 -0.0112
vn 0.0266 0.999 -0.0365
vn -0.0058 0.9999 0.0163
vn 0.0136 0.9991 0.0405
vn -0.0246 0.9971 0.0718
vn -0.0093 0.9998 0.0203
vn -0.0327 0.9994 0.0123
vn -0.003 0.999 -0.0453
vn 0.006 0.9999 0.0162
vn 0.0364 0.9991 0.0218
vn 0.0273 0.9971 0.0707
vn 0.0059 0.9998 0.0216
vn -0.017 0.9994 0.0307
vn -0.0314 0.999 -0.0327
vn 0.015 0.9999 0.0086
vn 0.0419 0.9991 -0.0067
vn 0.0664 0.9971 0.0366
vn 0.0184 0.9998 0.0127
vn 0.007 0.9994 0.0345
vn -0.0451 0.999 -0.0048
vn 0.9435 0.3208 0.0825
vn 0.9149 0.3208 -0.2451
vn 0.9135 0.3251 -0.2448
vn 0.9421 0.3251 0.0824
vn 0.7759 0.3208 -0.5433
vn 0.7746 0.3251 -0.5424
vn 0.5424 0.3251 -0.7747
vn 0.5433 0.3208 -0.7759
vn 0.2448 0.3251 -0.9135
vn 0.2451 0.3208 -0.9149
vn -0.0826 0.3208 -0.9435
vn -0.0824 0.3252 -0.9421
vn -0.3997 0.3251 -0.8571
vn -0.4003 0.3208 -0.8584
vn -0.6697 0.3208 -0.6697
vn -0.6687 0.3251 -0.6687
vn -0.8571 0.3252 -0.3996
vn -0.8584 0.3208 -0.4003
vn -0.9421 0.3251 -0.0824
vn -0.9435 0.3208 -0.0825
vn -0.9149 0.3208 0.2451
vn -0.9134 0.3252 0.2448
vn -0.7759 0.3208 0.5433
vn -0.7746 0.3252 0.5424
vn -0.5424 0.3252 0.7746
vn -0.5433 0.3208 0.7759
vn -0.2451 0.3208 0.9149
vn -0.2448 0.3251 0.9135
vn 0.0824 0.3252 0.9421
vn 0.0826 0.3208 0.9435
vn 0.4003 0.3208 0.8584
vn 0.3997 0.3251 0.8571
vn 0.6687 0.3252 0.6687
vn 0.6697 0.3208 0.6697
vn 0.8584 0.3208 0.4003
vn 0.8571 0.3252 0.3996
vn 0.6335 0.7718 0.0554
vn 0.6142 0.7718 -0.1646
vn 0.9149 0.3207 -0.2452
vn 0.9436 0.3207 0.0825
vn 0.7049 0.7066 0.0617
vn 0.8331 0.5483 0.0729
vn 0.6835 0.7066 -0.1831
vn 0.8079 0.5481 -0.2165
vn 0.5209 0.7718 -0.3647
vn 0.7759 0.3207 -0.5433
vn 0.6853 0.5477 -0.4799
vn 0.5797 0.7066 -0.4059
vn 0.3647 0.7718 -0.5209
vn 0.5433 0.3207 -0.7759
vn 0.4059 0.7066 -0.5797
vn 0.4799 0.5477 -0.6853
vn 0.1646 0.7718 -0.6142
vn 0.2451 0.3207 -0.9149
vn 0.2165 0.5477 -0.8081
vn 0.1831 0.7066 -0.6835
vn -0.0554 0.7718 -0.6334
vn -0.0826 0.3207 -0.9436
vn -0.0617 0.7066 -0.7049
vn -0.0729 0.5481 -0.8332
vn -0.2687 0.7718 -0.5763
vn -0.4003 0.3207 -0.8584
vn -0.3536 0.5477 -0.7583
vn -0.299 0.7066 -0.6413
vn -0.4497 0.7718 -0.4496
vn -0.6698 0.3207 -0.6698
vn -0.5004 0.7066 -0.5004
vn -0.5916 0.5477 -0.5916
vn -0.5763 0.7718 -0.2687
vn -0.8584 0.3207 -0.4003
vn -0.6413 0.7066 -0.2991
vn -0.7583 0.5477 -0.3536
vn -0.6335 0.7718 -0.0554
vn -0.9436 0.3207 -0.0825
vn -0.8332 0.5481 -0.0729
vn -0.7049 0.7066 -0.0617
vn -0.6143 0.7717 0.1646
vn -0.9149 0.3207 0.2452
vn -0.6835 0.7066 0.1832
vn -0.8081 0.5477 0.2165
vn -0.5209 0.7718 0.3647
vn -0.7759 0.3207 0.5433
vn -0.5796 0.7066 0.4059
vn -0.6853 0.5477 0.4799
vn -0.3648 0.7717 0.5209
vn -0.5433 0.3207 0.7759
vn -0.4799 0.5477 0.6853
vn -0.4059 0.7066 0.5796
vn -0.1646 0.7717 0.6143
vn -0.2451 0.3207 0.9149
vn -0.1831 0.7066 0.6835
vn -0.2165 0.5477 0.8081
vn 0.0554 0.7718 0.6335
vn 0.0826 0.3207 0.9436
vn 0.0617 0.7066 0.7049
vn 0.0729 0.5477 0.8335
vn 0.2687 0.7718 0.5763
vn 0.4003 0.3207 0.8584
vn 0.3536 0.5477 0.7583
vn 0.2991 0.7066 0.6413
vn 0.4497 0.7718 0.4496
vn 0.6698 0.3207 0.6698
vn 0.5916 0.5477 0.5916
vn 0.5004 0.7066 0.5004
vn 0.5763 0.7718 0.2687
vn 0.8584 0.3207 0.4003
vn 0.6413 0.7066 0.2991
vn 0.7583 0.5477 0.3536
vn 0.8133 -0.5638 -0.1434
vn 0.776 -0.5639 -0.2825
vn 0.7838 -0.6055 -0.1382
vn 0.7455 -0.6091 -0.2705
vn 0.8258 -0.5639 0
vn 0.7931 -0.6091 -0.0007
vn 0.9327 -0.3608 0
vn 0.9185 -0.3607 -0.162
vn 0.8764 -0.3608 -0.319
vn 0.7152 -0.5638 -0.4129
vn 0.6326 -0.5639 -0.5308
vn 0.6071 -0.6091 -0.5104
vn 0.6844 -0.6128 -0.3951
vn 0.8077 -0.3607 -0.4663
vn 0.7145 -0.3608 -0.5995
vn 0.5309 -0.5638 -0.6327
vn 0.4129 -0.5639 -0.7152
vn 0.3972 -0.6091 -0.6864
vn 0.5116 -0.6055 -0.6097
vn 0.5995 -0.3607 -0.7145
vn 0.4663 -0.3608 -0.8077
vn 0.2825 -0.5638 -0.7761
vn 0.1434 -0.5639 -0.8133
vn 0.2703 -0.6128 -0.7426
vn 0.137 -0.6091 -0.7811
vn 0.319 -0.3607 -0.8764
vn 0.162 -0.3608 -0.9185
vn 0 -0.5638 -0.8259
vn -0.1434 -0.5639 -0.8133
vn 0 -0.6055 -0.7958
vn -0.137 -0.6091 -0.7812
vn 0 -0.3607 -0.9327
vn -0.162 -0.3608 -0.9185
vn -0.2825 -0.5638 -0.7761
vn -0.4129 -0.5639 -0.7152
vn -0.2703 -0.6128 -0.7426
vn -0.3972 -0.6091 -0.6864
vn -0.319 -0.3606 -0.8765
vn -0.4663 -0.3608 -0.8077
vn -0.5309 -0.5638 -0.6327
vn -0.6326 -0.5639 -0.5308
vn -0.5116 -0.6055 -0.6097
vn -0.607 -0.6091 -0.5103
vn -0.5995 -0.3607 -0.7145
vn -0.7145 -0.3608 -0.5995
vn -0.7152 -0.5638 -0.4129
vn -0.776 -0.5639 -0.2825
vn -0.6844 -0.6128 -0.3951
vn -0.7455 -0.6091 -0.2705
vn -0.8077 -0.3607 -0.4663
vn -0.8764 -0.3608 -0.319
vn -0.8133 -0.5638 -0.1434
vn -0.8258 -0.5639 0
vn -0.7838 -0.6055 -0.1382
vn -0.7931 -0.6091 -0.0007
vn -0.9185 -0.3607 -0.162
vn -0.9327 -0.3608 0
vn -0.8133 -0.5638 0.1434
vn -0.776 -0.5639 0.2825
vn -0.745 -0.6091 0.2719
vn -0.7782 -0.6128 0.1372
vn -0.9185 -0.3607 0.162
vn -0.8764 -0.3608 0.319
vn -0.7152 -0.5638 0.4129
vn -0.6326 -0.5639 0.5308
vn -0.608 -0.6091 0.5092
vn -0.6892 -0.6055 0.398
vn -0.8077 -0.3607 0.4663
vn -0.7145 -0.3608 0.5995
vn -0.5309 -0.5638 0.6327
vn -0.4129 -0.5639 0.7152
vn -0.508 -0.6128 0.6053
vn -0.3959 -0.6091 0.6872
vn -0.5995 -0.3607 0.7145
vn -0.4663 -0.3608 0.8077
vn -0.2825 -0.5638 0.7761
vn -0.1434 -0.5639 0.8133
vn -0.1384 -0.6091 0.7809
vn -0.2722 -0.6055 0.7478
vn -0.319 -0.3607 0.8764
vn -0.162 -0.3608 0.9185
vn 0 -0.5638 0.8259
vn 0.1434 -0.5639 0.8133
vn 0 -0.6128 0.7902
vn 0.1384 -0.6091 0.7809
vn 0 -0.3607 0.9327
vn 0.162 -0.3608 0.9185
vn 0.2825 -0.5638 0.7761
vn 0.4129 -0.5639 0.7152
vn 0.2722 -0.6055 0.7479
vn 0.3959 -0.6091 0.6872
vn 0.319 -0.3606 0.8765
vn 0.4663 -0.3608 0.8077
vn 0.5309 -0.5638 0.6327
vn 0.6326 -0.5639 0.5308
vn 0.608 -0.6091 0.5092
vn 0.5079 -0.6128 0.6054
vn 0.5995 -0.3607 0.7145
vn 0.7145 -0.3608 0.5995
vn 0.7152 -0.5638 0.4129
vn 0.776 -0.5639 0.2825
vn 0.6892 -0.6055 0.3979
vn 0.745 -0.6091 0.2719
vn 0.8077 -0.3606 0.4664
vn 0.8764 -0.3608 0.319
vn 0.8133 -0.5638 0.1434
vn 0.7782 -0.6128 0.1372
vn 0.9185 -0.3607 0.162
vn 0.6463 -0.6656 -0.3732
vn 0.6588 -0.6491 -0.3803
vn 0.6258 -0.6258 -0.4656
vn 0.7775 -0.4405 -0.4489
vn 0.7232 -0.4735 -0.5028
vn 0.7161 -0.6258 -0.3091
vn 0.797 -0.4735 -0.3749
vn 0.6089 -0.3824 -0.695
vn 0.5951 -0.4471 -0.6678
vn -0.5897 0.7324 0.3405
vn -0.4119 0.8077 0.4218
vn -0.4924 0.8227 0.2843
vn -0.4264 0.8017 0.4188
vn -0.5712 0.8077 0.1458
vn -0.5759 0.8017 0.1599
vn 0.0457 0.9171 0.396
vn -0.154 0.755 0.6373
vn 0.3893 0.921 -0.0097
vn 0.2552 -0.6658 -0.7012
vn 0.2601 -0.6493 -0.7147
vn 0.1804 -0.627 -0.7579
vn 0.3071 -0.4401 -0.8438
vn 0.231 -0.4728 -0.8503
vn 0.349 -0.6269 -0.6965
vn 0.3696 -0.4728 -0.7999
vn 0.0194 -0.3878 -0.9215
vn 0.0269 -0.4528 -0.8912
vn -0.2332 0.7316 0.6406
vn -0.0469 0.8053 0.5911
vn -0.1942 0.8233 0.5334
vn -0.0581 0.8021 0.5944
vn -0.344 0.8053 0.4829
vn -0.3375 0.8021 0.4927
vn 0.2879 0.9152 0.282
vn 0.2871 0.7501 0.5958
vn 0.2919 0.9213 -0.2569
vn -0.2552 -0.6657 -0.7012
vn -0.2601 -0.6493 -0.7146
vn -0.3488 -0.6271 -0.6965
vn -0.3071 -0.4401 -0.8438
vn -0.3696 -0.4728 -0.7999
vn -0.1804 -0.6271 -0.7578
vn -0.231 -0.4728 -0.8504
vn -0.5773 -0.3885 -0.7182
vn -0.552 -0.4535 -0.6997
vn 0.2332 0.7316 0.6407
vn 0.344 0.805 0.4834
vn 0.1941 0.8234 0.5333
vn 0.3374 0.8021 0.4927
vn 0.0472 0.805 0.5914
vn 0.0582 0.8021 0.5943
vn 0.4023 0.915 0.0319
vn 0.6031 0.7495 0.273
vn 0.0585 0.9213 -0.3844
vn -0.6462 -0.6657 -0.3731
vn -0.6587 -0.6492 -0.3803
vn -0.7154 -0.6266 -0.3092
vn -0.7776 -0.4402 -0.4489
vn -0.7972 -0.473 -0.3751
vn -0.6255 -0.6266 -0.4649
vn -0.7235 -0.473 -0.5029
vn -0.9048 -0.3863 -0.1793
vn -0.8738 -0.4513 -0.1813
vn 0.5902 0.7318 0.3407
vn 0.5732 0.8059 0.1481
vn 0.4918 0.8231 0.284
vn 0.5754 0.802 0.1603
vn 0.4148 0.8059 0.4224
vn 0.4265 0.802 0.4182
vn 0.3256 0.9157 -0.2354
vn 0.6345 0.7514 -0.1808
vn -0.2025 0.9212 -0.3321
vn -0.7349 -0.6657 0.1296
vn -0.749 -0.6493 0.1321
vn -0.7467 -0.6267 0.2229
vn -0.8842 -0.4402 0.1559
vn -0.8518 -0.473 0.2251
vn -0.7779 -0.6267 0.0459
vn -0.8775 -0.473 0.0798
vn -0.8083 -0.3865 0.4442
vn -0.7858 -0.4515 0.4227
vn 0.6712 0.7318 -0.1183
vn 0.5344 0.8059 -0.255
vn 0.5592 0.8231 -0.0986
vn 0.5439 0.802 -0.2471
vn 0.5893 0.8059 0.0569
vn 0.5956 0.802 0.0461
vn 0.0983 0.9157 -0.3897
vn 0.3701 0.7513 -0.5464
vn -0.3686 0.9212 -0.1243
vn -0.4798 -0.6654 0.5718
vn -0.489 -0.649 0.5828
vn -0.4288 -0.6246 0.6527
vn -0.5769 -0.4409 0.6876
vn -0.5073 -0.4741 0.7196
vn -0.5683 -0.6246 0.5356
vn -0.6206 -0.474 0.6246
vn -0.3354 -0.3772 0.8633
vn -0.3315 -0.4417 0.8337
vn 0.4372 0.7331 -0.521
vn 0.2395 0.8101 -0.5352
vn 0.366 0.822 -0.4362
vn 0.257 0.8014 -0.5401
vn 0.4855 0.8101 -0.3288
vn 0.4872 0.8014 -0.3469
vn -0.1824 0.9188 -0.3501
vn -0.0802 0.7596 -0.6454
vn -0.3628 0.9208 0.1429
vn 0 -0.6658 0.7461
vn 0 -0.6494 0.7605
vn 0.0894 -0.6274 0.7735
vn 0 -0.4399 0.898
vn 0.0737 -0.4726 0.8782
vn -0.0894 -0.6274 0.7735
vn -0.0737 -0.4726 0.8782
vn 0.2967 -0.39 0.8717
vn 0.279 -0.4551 0.8456
vn 0 0.7313 -0.682
vn -0.1575 0.8043 -0.573
vn 0 0.8235 -0.5673
vn -0.1484 0.8022 -0.5783
vn 0.1575 0.8043 -0.573
vn 0.1484 0.8022 -0.5783
vn -0.3674 0.9144 -0.1698
vn -0.4729 0.7481 -0.4655
vn -0.1865 0.9214 0.3409
vn 0.4796 -0.6658 0.5716
vn 0.4889 -0.6493 0.5826
vn 0.5659 -0.6272 0.5351
vn 0.5772 -0.44 0.6879
vn 0.6209 -0.4727 0.6253
vn 0.4287 -0.6272 0.6502
vn 0.508 -0.4727 0.7201
vn 0.788 -0.3889 0.4773
vn 0.7578 -0.454 0.4687
vn -0.4383 0.7315 -0.5223
vn -0.4887 0.8047 -0.337
vn -0.3648 0.8234 -0.4347
vn -0.4855 0.8022 -0.3475
vn -0.247 0.8047 -0.5398
vn -0.258 0.8022 -0.5385
vn -0.3894 0.9148 0.1071
vn -0.6605 0.7491 -0.0511
vn 0.0764 0.9214 0.3811
vn 0.7348 -0.6658 0.1296
vn 0.749 -0.6493 0.1321
vn 0.7776 -0.627 0.0461
vn 0.8843 -0.4401 0.1559
vn 0.8775 -0.4728 0.0799
vn 0.7465 -0.627 0.2227
vn 0.8519 -0.4728 0.2251
vn 0.9108 -0.3881 -0.1409
vn 0.8821 -0.4532 -0.1282
vn -0.6714 0.7316 -0.1184
vn -0.5904 0.8051 0.0563
vn -0.559 0.8233 -0.0986
vn -0.5954 0.8021 0.046
vn -0.5356 0.8051 -0.2548
vn -0.5438 0.8021 -0.2468
vn -0.2282 0.9151 0.3324
vn -0.5374 0.7498 0.3859
vn 0.3037 0.9213 0.2428
vn 0.9523 0.1671 -0.2552
vn 0.9822 0.1671 0.0859
vn 0.9654 -0.0343 -0.2587
vn 0.9956 -0.0343 0.0871
vn 0.8076 0.1671 -0.5655
vn 0.8187 -0.0343 -0.5733
vn 0.5655 0.1671 -0.8076
vn 0.5733 -0.0343 -0.8187
vn 0.2552 0.1671 -0.9523
vn 0.2587 -0.0343 -0.9654
vn -0.0859 0.1671 -0.9822
vn -0.0871 -0.0343 -0.9956
vn -0.4167 0.1671 -0.8936
vn -0.4224 -0.0343 -0.9058
vn -0.6972 0.1671 -0.6972
vn -0.7067 -0.0343 -0.7067
vn -0.8936 0.1671 -0.4167
vn -0.9058 -0.0343 -0.4224
vn -0.9822 0.1671 -0.0859
vn -0.9956 -0.0343 -0.0871
vn -0.9523 0.1671 0.2552
vn -0.9654 -0.0343 0.2587
vn -0.8076 0.1671 0.5655
vn -0.8187 -0.0343 0.5733
vn -0.5655 0.1671 0.8076
vn -0.5732 -0.0343 0.8187
vn -0.2552 0.1671 0.9523
vn -0.2587 -0.0343 0.9654
vn 0.0859 0.1671 0.9822
vn 0.0871 -0.0343 0.9956
vn 0.4167 0.1671 0.8936
vn 0.4224 -0.0343 0.9058
vn 0.6972 0.1671 0.6972
vn 0.7067 -0.0343 0.7067
vn 0.8936 0.1671 0.4167
vn 0.9058 -0.0343 0.4224
vn 0.509 0.8499 -0.1364
vn 0.5249 0.8499 0.0459
vn 0.6964 0.693 -0.1866
vn 0.7182 0.693 0.0628
vn 0.8186 0.5699 0.0716
vn 0.7937 0.5699 -0.2127
vn 0.4316 0.8499 -0.3023
vn 0.5905 0.693 -0.4135
vn 0.6731 0.5699 -0.4713
vn 0.3022 0.8499 -0.4317
vn 0.4135 0.6929 -0.5906
vn 0.4713 0.5699 -0.6731
vn 0.1364 0.8499 -0.509
vn 0.1866 0.693 -0.6964
vn 0.2127 0.5699 -0.7937
vn -0.0459 0.8499 -0.5249
vn -0.0628 0.693 -0.7182
vn -0.0716 0.5699 -0.8186
vn -0.2227 0.8499 -0.4776
vn -0.3047 0.693 -0.6534
vn -0.3473 0.5699 -0.7447
vn -0.3726 0.8499 -0.3726
vn -0.5098 0.693 -0.5098
vn -0.5811 0.5699 -0.581
vn -0.4776 0.8499 -0.2227
vn -0.6534 0.693 -0.3047
vn -0.7447 0.5699 -0.3473
vn -0.5249 0.8499 -0.0459
vn -0.7182 0.693 -0.0628
vn -0.8186 0.5699 -0.0716
vn -0.509 0.8499 0.1364
vn -0.6964 0.693 0.1866
vn -0.7937 0.5699 0.2127
vn -0.4316 0.8499 0.3023
vn -0.5905 0.693 0.4135
vn -0.6731 0.5699 0.4713
vn -0.3022 0.8499 0.4317
vn -0.4135 0.6931 0.5905
vn -0.4713 0.5699 0.6731
vn -0.1364 0.8499 0.509
vn -0.1866 0.693 0.6964
vn -0.2127 0.5699 0.7937
vn 0.0459 0.8499 0.5249
vn 0.0628 0.693 0.7182
vn 0.0716 0.5699 0.8186
vn 0.2227 0.8499 0.4776
vn 0.3047 0.693 0.6534
vn 0.3473 0.5699 0.7447
vn 0.3726 0.8499 0.3726
vn 0.5098 0.693 0.5098
vn 0.5811 0.5699 0.581
vn 0.4776 0.8499 0.2227
vn 0.6534 0.693 0.3047
vn 0.7447 0.5699 0.3473
vn 0.2795 0.9572 -0.075
vn 0.2883 0.9572 0.0251
vn 0.2369 0.9572 -0.1661
vn 0.1658 0.9572 -0.2371
vn 0.0747 0.9572 -0.2795
vn -0.0254 0.9572 -0.2882
vn -0.1224 0.9572 -0.2622
vn -0.2047 0.9572 -0.2045
vn -0.2623 0.9572 -0.1221
vn -0.2883 0.9572 -0.0251
vn -0.2795 0.9572 0.075
vn -0.2369 0.9572 0.1661
vn -0.1658 0.9572 0.2371
vn -0.0747 0.9572 0.2795
vn 0.0254 0.9572 0.2882
vn 0.1224 0.9572 0.2622
vn 0.2047 0.9572 0.2045
vn 0.2623 0.9572 0.1222
vn 0.891 0.3863 -0.2387
vn 0.9189 0.3863 0.0804
vn 0.7556 0.3863 -0.5291
vn 0.5291 0.3863 -0.7556
vn 0.2387 0.3863 -0.891
vn -0.0804 0.3863 -0.9189
vn -0.3898 0.3863 -0.836
vn -0.6522 0.3863 -0.6522
vn -0.836 0.3863 -0.3898
vn -0.9189 0.3863 -0.0804
vn -0.891 0.3863 0.2387
vn -0.7556 0.3863 0.5291
vn -0.5291 0.3863 0.7556
vn -0.2387 0.3863 0.891
vn 0.0804 0.3863 0.9189
vn 0.3898 0.3863 0.836
vn 0.6522 0.3863 0.6522
vn 0.836 0.3863 0.3898
vn 0.4201 0.9044 -0.0741
vn 0.3684 0.9213 -0.1243
vn 0.6366 0.7711 -0.0115
vn 0.635 0.7723 -0.0189
vn 0.4463 0.7819 -0.4353
vn 0.434 0.781 -0.449
vn 0.2743 0.9044 -0.3267
vn 0.203 0.9211 -0.3323
vn 0.4809 0.771 -0.4175
vn 0.4748 0.7722 -0.4222
vn 0.0638 0.782 -0.62
vn 0.0457 0.7812 -0.6226
vn 0 0.9045 -0.4264
vn -0.0585 0.9213 -0.3844
vn 0.1002 0.771 -0.6289
vn 0.0925 0.7722 -0.6286
vn -0.3495 0.782 -0.5161
vn -0.365 0.7812 -0.5065
vn -0.2742 0.9045 -0.3267
vn -0.2919 0.9213 -0.2568
vn -0.3278 0.771 -0.546
vn -0.3334 0.7722 -0.5408
vn -0.5997 0.782 -0.1701
vn -0.6054 0.7811 -0.1527
vn -0.4201 0.9045 -0.0741
vn -0.3889 0.9212 -0.0093
vn -0.602 0.771 -0.2076
vn -0.6031 0.7722 -0.2
vn -0.5687 0.782 0.2551
vn -0.5619 0.7811 0.2721
vn -0.3695 0.9044 0.2135
vn -0.3039 0.9212 0.2428
vn -0.5938 0.7712 0.2293
vn -0.5899 0.7724 0.2355
vn -0.269 0.7818 0.5625
vn -0.2527 0.7809 0.5712
vn -0.1461 0.9044 0.4009
vn -0.0777 0.9208 0.3821
vn -0.3095 0.7709 0.5567
vn -0.3021 0.7722 0.559
vn 0.1514 0.782 0.6046
vn 0.1692 0.7812 0.6009
vn 0.1459 0.9045 0.4006
vn 0.1865 0.9214 0.3409
vn 0.1209 0.771 0.6253
vn 0.1281 0.7722 0.6224
vn 0.5048 0.782 0.3655
vn 0.5161 0.7812 0.3513
vn 0.3693 0.9045 0.2132
vn 0.3621 0.9214 0.1414
vn 0.4946 0.771 0.4012
vn 0.4982 0.7722 0.3944
vn 0.6217 0.782 -0.0447
vn 0.6211 0.7812 -0.063
vn -0.3201 0.9171 -0.2376
vn -0.6289 0.7551 -0.1853
vn 0.0205 0.6471 -0.7622
vn 0.021 0.6473 -0.7619
vn 0.0288 0.6466 -0.7623
vn -0.0038 0.6284 -0.7779
vn 0.6703 0.6471 0.3633
vn 0.6703 0.6473 0.3629
vn 0.6745 0.6466 0.3562
vn 0.6718 0.6284 0.3923
vn -0.4018 0.9152 0.0309
vn -0.6028 0.7501 0.2719
vn -0.482 0.643 -0.5951
vn -0.481 0.6436 -0.5954
vn -0.4732 0.6439 -0.6012
vn -0.5089 0.625 -0.5919
vn 0.7518 0.643 -0.1461
vn 0.7511 0.6436 -0.1469
vn 0.749 0.6439 -0.1564
vn 0.7703 0.625 -0.1263
vn -0.2877 0.915 0.2829
vn -0.2865 0.7495 0.5968
vn -0.7524 0.6425 -0.1453
vn -0.7517 0.6431 -0.1462
vn -0.7494 0.6435 -0.1558
vn -0.7708 0.6246 -0.1256
vn 0.483 0.6425 -0.5949
vn 0.4819 0.6431 -0.5952
vn 0.4739 0.6435 -0.6011
vn 0.5097 0.6246 -0.5917
vn -0.041 0.9157 0.3997
vn 0.1606 0.7515 0.6399
vn -0.6699 0.6441 0.3692
vn -0.67 0.6446 0.3682
vn -0.6743 0.6446 0.3602
vn -0.6714 0.6259 0.3968
vn -0.0152 0.6441 -0.7648
vn -0.0161 0.6446 -0.7643
vn -0.0252 0.6446 -0.7641
vn 0.0079 0.6259 -0.7798
vn 0.2257 0.9157 0.3326
vn 0.5346 0.7513 0.3869
vn -0.2758 0.644 0.7136
vn -0.2764 0.6445 0.7129
vn -0.2849 0.6445 0.7095
vn -0.2592 0.6259 0.7356
vn -0.5032 0.644 -0.5762
vn -0.5036 0.6445 -0.5754
vn -0.5104 0.6445 -0.5693
vn -0.4951 0.6258 -0.6026
vn 0.3764 0.9188 0.1189
vn 0.6495 0.7596 -0.0331
vn 0.2341 0.6507 0.7223
vn 0.234 0.6508 0.7223
vn 0.2286 0.6492 0.7255
vn 0.2639 0.6314 0.7291
vn -0.752 0.6508 -0.1051
vn -0.752 0.6507 -0.1051
vn -0.7542 0.6492 -0.0992
vn -0.7639 0.6314 -0.1333
vn 0.3674 0.9144 -0.1698
vn 0.4729 0.7481 -0.4655
vn 0.6592 0.6414 0.3926
vn 0.6581 0.642 0.3933
vn 0.6522 0.6427 0.4019
vn 0.6827 0.6237 0.3807
vn -0.6592 0.6414 0.3926
vn -0.6581 0.642 0.3933
vn -0.6522 0.6427 0.4019
vn -0.6827 0.6237 0.3807
vn 0.1731 0.9148 -0.3649
vn 0.0644 0.7491 -0.6594
vn 0.7569 0.6421 -0.1215
vn 0.7565 0.6428 -0.1204
vn 0.7576 0.6433 -0.1104
vn 0.7674 0.6243 -0.1461
vn -0.2511 0.6421 0.7243
vn -0.2499 0.6428 0.7241
vn -0.2403 0.6433 0.727
vn -0.2772 0.6243 0.7304
vn -0.1007 0.9151 -0.3904
vn -0.373 0.7498 -0.5465
vn 0.5022 0.6428 -0.5785
vn 0.5026 0.6433 -0.5775
vn 0.5097 0.6437 -0.5708
vn 0.4944 0.6248 -0.6043
vn 0.2741 0.6428 0.7153
vn 0.2748 0.6433 0.7145
vn 0.2838 0.6437 0.7107
vn 0.2578 0.6248 0.737
vn 0.9064 -0.3823 -0.1798
vn 0.8759 -0.4471 -0.1815
vn 0.5775 -0.3878 -0.7184
vn 0.5522 -0.4528 -0.7
vn -0.0194 -0.3885 -0.9213
vn -0.0269 -0.4535 -0.8908
vn -0.6077 -0.3863 -0.6939
vn -0.5939 -0.4513 -0.666
vn -0.9115 -0.3865 -0.141
vn -0.883 -0.4515 -0.1284
vn -0.7919 -0.3772 0.4802
vn -0.7634 -0.4417 0.4712
vn -0.2967 -0.39 0.8717
vn -0.279 -0.4551 0.8456
vn 0.3332 -0.389 0.8589
vn 0.3299 -0.4541 0.8276
vn 0.8077 -0.3881 0.4439
vn 0.7851 -0.4532 0.4222
vn 0.844 -0.006 -0.5364
vn 0.866 -0.012 -0.5
vn 0.8865 -0.006 -0.4627
vn -0.0059 0.9947 0.1025
vn -0.0555 0.9979 0.0321
vn -0.0917 0.9947 -0.0461
vn 0.302 -0.0064 -0.9533
vn 0.342 -0.0122 -0.9396
vn 0.3814 -0.0064 -0.9244
vn 0.0603 0.9948 0.0826
vn -0.022 0.9979 0.0606
vn -0.0993 0.9948 0.0245
vn -0.3814 -0.0064 -0.9244
vn -0.342 -0.0122 -0.9396
vn -0.302 -0.0064 -0.9533
vn 0.0992 0.9948 0.0247
vn 0.0221 0.9979 0.0606
vn -0.0601 0.9948 0.0826
vn -0.8864 -0.0063 -0.4629
vn -0.866 -0.0122 -0.5
vn -0.844 -0.0063 -0.5362
vn 0.0918 0.9947 -0.0453
vn 0.0557 0.9979 0.0322
vn 0.0067 0.9947 0.1022
vn -0.9765 -0.0062 0.2152
vn -0.9847 -0.0122 0.1736
vn -0.9913 -0.0063 0.1318
vn 0.0412 0.9948 -0.0937
vn 0.0634 0.9979 -0.0112
vn 0.0708 0.9947 0.0739
vn -0.6094 -0.0057 0.7928
vn -0.6427 -0.0118 0.766
vn -0.6749 -0.0057 0.7379
vn -0.0307 0.9947 -0.0984
vn 0.041 0.998 -0.0489
vn 0.1022 0.9947 0.0131
vn 0.0422 -0.0065 0.9991
vn 0 -0.0123 0.9999
vn -0.0422 -0.0065 0.9991
vn -0.0845 0.9948 -0.0573
vn 0 0.9979 -0.0646
vn 0.0845 0.9948 -0.0573
vn 0.6746 -0.0064 0.7382
vn 0.6427 -0.0123 0.766
vn 0.6098 -0.0064 0.7925
vn -0.1016 0.9948 0.0106
vn -0.0415 0.9979 -0.0494
vn 0.0281 0.9948 -0.0982
vn 0.9912 -0.0064 0.1318
vn 0.9847 -0.0122 0.1736
vn 0.9766 -0.0064 0.2151
vn -0.0709 0.9948 0.0737
vn -0.0635 0.9979 -0.0112
vn -0.0415 0.9948 -0.0934
vn 0 1 0
vn 0 -1 0
vt 0.264 0.3105
vt 0.253 0.2802
vt 0.2929 0.2672
vt 0.303 0.2963
vt 0.2839 0.2375
vt 0.2434 0.2495
vt 0.2359 0.2182
vt 0.2759 0.2076
vt 0.268 0.1766
vt 0.2287 0.1865
vt 0.2619 0.1438
vt 0.222 0.1518
vt 0.2573 0.1102
vt 0.2167 0.1165
vt 0.213 0.0816
vt 0.2538 0.0768
vt 0.2513 0.0445
vt 0.21 0.0478
vt 0.2489 0.0127
vt 0.2076 0.0149
vt 0.9525 0.7466
vt 0.9509 0.7875
vt 0.9184 0.7862
vt 0.9209 0.7457
vt 0.8892 0.7438
vt 0.8857 0.7841
vt 0.8575 0.7411
vt 0.8528 0.7811
vt 0.8258 0.7371
vt 0.8198 0.777
vt 0.7943 0.7318
vt 0.7868 0.7714
vt 0.7629 0.7251
vt 0.7537 0.7645
vt 0.7207 0.7558
vt 0.7317 0.7169
vt 0.7007 0.7072
vt 0.6878 0.7456
vt 0.67 0.696
vt 0.6553 0.7337
vt 0.6397 0.6831
vt 0.623 0.7202
vt 0.5912 0.7046
vt 0.6097 0.6686
vt 0.5803 0.6523
vt 0.5598 0.6875
vt 0.5293 0.6683
vt 0.5516 0.6345
vt 0.5239 0.6148
vt 0.4995 0.6474
vt 0.471 0.6244
vt 0.4971 0.5936
vt 0.4716 0.5706
vt 0.4435 0.6
vt 0.4177 0.5736
vt 0.4473 0.5462
vt 0.4248 0.5203
vt 0.3933 0.5458
vt 0.3711 0.5167
vt 0.4039 0.4934
vt 0.385 0.4654
vt 0.3506 0.4867
vt 0.3681 0.4369
vt 0.3328 0.4558
vt 0.3534 0.408
vt 0.3169 0.4249
vt 0.3019 0.3985
vt 0.3397 0.3811
vt 0.3267 0.3532
vt 0.2877 0.3699
vt 0.2754 0.3406
vt 0.3145 0.3249
vt 0.3049 0.2634
vt 0.3151 0.292
vt 0.2957 0.2341
vt 0.2881 0.2043
vt 0.2796 0.1737
vt 0.2736 0.1414
vt 0.2691 0.1083
vt 0.2659 0.0752
vt 0.2637 0.0434
vt 0.2616 0.013
vt 0.953 0.7343
vt 0.9217 0.7334
vt 0.8903 0.7318
vt 0.8589 0.7291
vt 0.8277 0.7252
vt 0.7966 0.72
vt 0.7657 0.7134
vt 0.735 0.7053
vt 0.7045 0.6959
vt 0.6744 0.6848
vt 0.6446 0.6723
vt 0.6152 0.658
vt 0.5863 0.6421
vt 0.5582 0.6246
vt 0.5309 0.6054
vt 0.5047 0.5846
vt 0.4796 0.5621
vt 0.4559 0.5382
vt 0.4338 0.5129
vt 0.4135 0.4865
vt 0.3951 0.4592
vt 0.3786 0.4312
vt 0.3641 0.4028
vt 0.3513 0.3759
vt 0.3381 0.3482
vt 0.3263 0.3201
vt 0.3037 0.2319
vt 0.3129 0.2608
vt 0.323 0.2892
vt 0.2876 0.1718
vt 0.296 0.2023
vt 0.2772 0.107
vt 0.2816 0.1399
vt 0.2721 0.0424
vt 0.2742 0.0741
vt 0.9535 0.726
vt 0.984 0.7268
vt 0.9836 0.7348
vt 0.2697 0.012
vt 0.891 0.7236
vt 0.9223 0.7252
vt 0.8289 0.7171
vt 0.8599 0.721
vt 0.7676 0.7054
vt 0.7982 0.712
vt 0.7072 0.6882
vt 0.7373 0.6975
vt 0.6479 0.6649
vt 0.6774 0.6773
vt 0.5905 0.6351
vt 0.6189 0.6508
vt 0.5358 0.599
vt 0.5627 0.6179
vt 0.4852 0.5563
vt 0.5099 0.5784
vt 0.4401 0.5078
vt 0.4619 0.5328
vt 0.4019 0.4548
vt 0.42 0.4818
vt 0.3714 0.3992
vt 0.3857 0.4272
vt 0.3457 0.3449
vt 0.3586 0.3723
vt 0.3341 0.3172
vt 0.3442 0.2504
vt 0.335 0.2228
vt 0.3541 0.2774
vt 0.3268 0.1943
vt 0.32 0.1648
vt 0.3146 0.1341
vt 0.3108 0.1023
vt 0.3084 0.0699
vt 0.3072 0.0377
vt 0.9888 0.693
vt 0.9562 0.6926
vt 0.3055 0.0049
vt 0.9247 0.6926
vt 0.8939 0.6915
vt 0.8636 0.6892
vt 0.8338 0.6856
vt 0.8044 0.6807
vt 0.7752 0.6744
vt 0.7463 0.6668
vt 0.7177 0.6577
vt 0.6894 0.6473
vt 0.6616 0.6353
vt 0.6341 0.6219
vt 0.6073 0.607
vt 0.5811 0.5906
vt 0.5558 0.5726
vt 0.5314 0.5532
vt 0.5082 0.5324
vt 0.4862 0.5103
vt 0.4657 0.4868
vt 0.4466 0.4624
vt 0.4293 0.437
vt 0.4137 0.4111
vt 0.3997 0.3846
vt 0.3872 0.3579
vt 0.3757 0.331
vt 0.3648 0.3042
vt 0.349 0.2189
vt 0.3579 0.2461
vt 0.3674 0.2728
vt 0.3346 0.1619
vt 0.3412 0.1909
vt 0.3257 0.1005
vt 0.3295 0.1318
vt 0.3226 0.0365
vt 0.3235 0.0685
vt 0.9567 0.6778
vt 0.9896 0.677
vt 0.3224 0.0037
vt 0.8949 0.6771
vt 0.9253 0.6781
vt 0.836 0.6713
vt 0.8652 0.6748
vt 0.7787 0.6603
vt 0.8072 0.6664
vt 0.7225 0.644
vt 0.7505 0.6528
vt 0.6678 0.622
vt 0.695 0.6336
vt 0.6149 0.5943
vt 0.6411 0.6088
vt 0.5648 0.5607
vt 0.5895 0.5782
vt 0.5185 0.5216
vt 0.5411 0.5418
vt 0.4772 0.4773
vt 0.4972 0.5
vt 0.4417 0.4289
vt 0.4587 0.4535
vt 0.4126 0.3778
vt 0.4264 0.4036
vt 0.3887 0.3254
vt 0.4001 0.3517
vt 0.3779 0.2991
vt 0.3647 0.2146
vt 0.3732 0.2414
vt 0.3841 0.2094
vt 0.392 0.2356
vt 0.4008 0.2612
vt 0.3824 0.2677
vt 0.3509 0.1588
vt 0.3572 0.1871
vt 0.3712 0.1551
vt 0.377 0.1827
vt 0.3423 0.0989
vt 0.346 0.1294
vt 0.3632 0.0973
vt 0.3665 0.1267
vt 0.3397 0.0362
vt 0.3402 0.0677
vt 0.3613 0.0371
vt 0.3612 0.0674
vt 0.9564 0.6616
vt 0.9888 0.6592
vt 0.955 0.6415
vt 0.9851 0.6376
vt 0.3644 0.0058
vt 0.3411 0.0037
vt 0.9256 0.6621
vt 0.8958 0.6611
vt 0.8967 0.6414
vt 0.9255 0.6424
vt 0.8668 0.6588
vt 0.8384 0.6553
vt 0.8412 0.6357
vt 0.8687 0.6392
vt 0.7826 0.6446
vt 0.8103 0.6506
vt 0.7873 0.6252
vt 0.8141 0.6311
vt 0.7279 0.6286
vt 0.7551 0.6372
vt 0.7346 0.6096
vt 0.7608 0.6181
vt 0.7011 0.6185
vt 0.6747 0.6071
vt 0.6833 0.5887
vt 0.7087 0.5998
vt 0.6488 0.5943
vt 0.6235 0.5801
vt 0.6341 0.5626
vt 0.6584 0.5763
vt 0.5988 0.5645
vt 0.5749 0.5475
vt 0.5875 0.5311
vt 0.6104 0.5475
vt 0.552 0.5291
vt 0.5301 0.5095
vt 0.5444 0.4945
vt 0.5654 0.5134
vt 0.49 0.4666
vt 0.5094 0.4886
vt 0.5059 0.4533
vt 0.5245 0.4745
vt 0.4554 0.4197
vt 0.472 0.4436
vt 0.4725 0.4083
vt 0.4885 0.4312
vt 0.4405 0.3952
vt 0.4269 0.3702
vt 0.4445 0.3607
vt 0.4578 0.3848
vt 0.4032 0.3191
vt 0.4146 0.3448
vt 0.421 0.3114
vt 0.4323 0.3362
vt 0.3925 0.2934
vt 0.4106 0.2864
vt 0.4313 0.1976
vt 0.4381 0.2219
vt 0.4459 0.2458
vt 0.4211 0.1475
vt 0.4256 0.1728
vt 0.4159 0.0957
vt 0.4179 0.1217
vt 0.4167 0.0439
vt 0.4155 0.0697
vt 0.948 0.592
vt 0.9726 0.5886
vt 0.4204 0.0185
vt 0.8975 0.5931
vt 0.9228 0.5934
vt 0.8476 0.5885
vt 0.8724 0.5914
vt 0.7986 0.5787
vt 0.823 0.5842
vt 0.7507 0.564
vt 0.7745 0.572
vt 0.7043 0.5445
vt 0.7273 0.5548
vt 0.6599 0.5202
vt 0.6819 0.5329
vt 0.618 0.4912
vt 0.6386 0.5063
vt 0.5792 0.458
vt 0.5982 0.4751
vt 0.5442 0.4209
vt 0.5613 0.4399
vt 0.5133 0.3805
vt 0.5282 0.401
vt 0.4867 0.3375
vt 0.4995 0.3593
vt 0.4644 0.2925
vt 0.4751 0.3152
vt 0.4547 0.2693
vt 0.4704 0.2377
vt 0.463 0.2149
vt 0.5029 0.2038
vt 0.5095 0.2247
vt 0.4973 0.1826
vt 0.4567 0.1917
vt 0.4515 0.168
vt 0.4926 0.1611
vt 0.4892 0.1392
vt 0.4475 0.1441
vt 0.4447 0.1197
vt 0.4868 0.1171
vt 0.4859 0.0948
vt 0.4433 0.0953
vt 0.4861 0.0725
vt 0.4432 0.0709
vt 0.4881 0.05
vt 0.4444 0.0469
vt 0.4468 0.0232
vt 0.4913 0.0269
vt 0.9435 0.5256
vt 0.9456 0.5663
vt 0.9218 0.5674
vt 0.9211 0.5271
vt 0.8992 0.527
vt 0.8979 0.5673
vt 0.8743 0.5658
vt 0.8776 0.5257
vt 0.8564 0.5229
vt 0.8509 0.563
vt 0.8354 0.5192
vt 0.8278 0.5589
vt 0.8146 0.5141
vt 0.8047 0.5537
vt 0.782 0.5472
vt 0.7939 0.5082
vt 0.7736 0.501
vt 0.7595 0.5396
vt 0.7535 0.4929
vt 0.7374 0.5308
vt 0.7339 0.4836
vt 0.7157 0.5209
vt 0.6944 0.5099
vt 0.7146 0.4735
vt 0.6959 0.4622
vt 0.6737 0.4978
vt 0.6537 0.4845
vt 0.6775 0.4502
vt 0.6599 0.437
vt 0.6342 0.4703
vt 0.6428 0.4231
vt 0.6155 0.455
vt 0.6266 0.4082
vt 0.5976 0.4388
vt 0.5805 0.4216
vt 0.611 0.3927
vt 0.5963 0.3763
vt 0.5644 0.4037
vt 0.5492 0.3849
vt 0.5823 0.3593
vt 0.5693 0.3415
vt 0.5349 0.3655
vt 0.5217 0.3455
vt 0.557 0.3232
vt 0.5458 0.3044
vt 0.5094 0.3249
vt 0.5353 0.2851
vt 0.4982 0.3037
vt 0.5259 0.2653
vt 0.488 0.2821
vt 0.4787 0.2601
vt 0.5172 0.2452
vt 0.5198 0.2213
vt 0.5133 0.2009
vt 0.5078 0.1803
vt 0.5034 0.1593
vt 0.4999 0.1381
vt 0.4977 0.1166
vt 0.4966 0.095
vt 0.4969 0.0733
vt 0.4987 0.0515
vt 0.5023 0.0297
vt 0.9424 0.5153
vt 0.9207 0.5165
vt 0.8995 0.5164
vt 0.8785 0.5149
vt 0.8579 0.5123
vt 0.8375 0.5085
vt 0.8172 0.5037
vt 0.7971 0.4978
vt 0.7773 0.4909
vt 0.7578 0.4829
vt 0.7386 0.4739
vt 0.7199 0.4639
vt 0.7016 0.453
vt 0.6838 0.4411
vt 0.6666 0.4284
vt 0.65 0.4148
vt 0.6341 0.4004
vt 0.6189 0.3851
vt 0.6045 0.3692
vt 0.5909 0.3525
vt 0.5781 0.3353
vt 0.5663 0.3174
vt 0.5552 0.2991
vt 0.5451 0.2802
vt 0.5357 0.2609
vt 0.5273 0.2413
vt 0.5628 0.1686
vt 0.5677 0.1863
vt 0.5735 0.2038
vt 0.5587 0.1507
vt 0.5556 0.1328
vt 0.5523 0.0968
vt 0.5535 0.1148
vt 0.5524 0.079
vt 0.5537 0.0615
vt 0.964 0.5123
vt 0.9518 0.461
vt 0.935 0.463
vt 0.5565 0.0442
vt 0.9002 0.4631
vt 0.9177 0.4637
vt 0.8826 0.4614
vt 0.8651 0.4587
vt 0.8305 0.4505
vt 0.8477 0.4551
vt 0.7965 0.4387
vt 0.8134 0.445
vt 0.7634 0.4235
vt 0.7798 0.4315
vt 0.7474 0.4146
vt 0.7317 0.405
vt 0.7016 0.3834
vt 0.7164 0.3946
vt 0.6873 0.3715
vt 0.6735 0.3589
vt 0.6479 0.3318
vt 0.6604 0.3457
vt 0.6361 0.3174
vt 0.6249 0.3024
vt 0.6144 0.287
vt 0.6047 0.2711
vt 0.5875 0.2381
vt 0.5957 0.2547
vt 0.5801 0.2211
vt 0.7366 0.1322
vt 0.7404 0.142
vt 0.6561 0.1763
vt 0.6513 0.1632
vt 0.7332 0.1223
vt 0.6472 0.1499
vt 0.7302 0.1123
vt 0.6436 0.1366
vt 0.7274 0.1022
vt 0.6406 0.1233
vt 0.7251 0.0921
vt 0.6383 0.11
vt 0.723 0.082
vt 0.6366 0.0969
vt 0.7211 0.0719
vt 0.6355 0.0839
vt 0.7194 0.0619
vt 0.6351 0.0712
vt 0.7179 0.0521
vt 0.6354 0.0588
vt 0.945 0.3057
vt 0.9545 0.3079
vt 0.9421 0.3863
vt 0.9301 0.3858
vt 0.9352 0.3033
vt 0.9177 0.3846
vt 0.9254 0.3007
vt 0.905 0.3828
vt 0.9155 0.2979
vt 0.8921 0.3804
vt 0.9056 0.2948
vt 0.8791 0.3774
vt 0.8958 0.2914
vt 0.8662 0.3737
vt 0.8861 0.2876
vt 0.8533 0.3695
vt 0.8766 0.2835
vt 0.8405 0.3647
vt 0.8672 0.279
vt 0.8278 0.3592
vt 0.858 0.2742
vt 0.8153 0.3532
vt 0.849 0.269
vt 0.803 0.3465
vt 0.8401 0.2634
vt 0.7909 0.3393
vt 0.8314 0.2574
vt 0.779 0.3316
vt 0.823 0.2511
vt 0.7674 0.3233
vt 0.8147 0.2445
vt 0.7561 0.3144
vt 0.8067 0.2374
vt 0.7452 0.3051
vt 0.799 0.2301
vt 0.7347 0.2952
vt 0.7916 0.2224
vt 0.7246 0.2849
vt 0.7845 0.2144
vt 0.7149 0.2742
vt 0.7777 0.2061
vt 0.7057 0.263
vt 0.7713 0.1976
vt 0.697 0.2515
vt 0.7652 0.1888
vt 0.6888 0.2396
vt 0.7595 0.1798
vt 0.6812 0.2274
vt 0.7542 0.1706
vt 0.6741 0.2149
vt 0.7492 0.1612
vt 0.6675 0.2023
vt 0.7446 0.1517
vt 0.6615 0.1894
vt 0.7889 0.1011
vt 0.7918 0.1093
vt 0.7949 0.1173
vt 0.7841 0.0841
vt 0.7864 0.0927
vt 0.7801 0.0662
vt 0.782 0.0753
vt 0.7764 0.0474
vt 0.7783 0.0569
vt 0.9635 0.2511
vt 0.9727 0.254
vt 0.7742 0.038
vt 0.9452 0.2459
vt 0.9543 0.2485
vt 0.9278 0.2406
vt 0.9364 0.2433
vt 0.9115 0.2344
vt 0.9195 0.2376
vt 0.8961 0.2273
vt 0.9038 0.231
vt 0.8813 0.2191
vt 0.8886 0.2233
vt 0.8672 0.2098
vt 0.8742 0.2146
vt 0.8539 0.1994
vt 0.8604 0.2048
vt 0.8415 0.188
vt 0.8476 0.1938
vt 0.83 0.1755
vt 0.8356 0.1819
vt 0.8195 0.1622
vt 0.8246 0.169
vt 0.8102 0.148
vt 0.8147 0.1552
vt 0.802 0.133
vt 0.806 0.1406
vt 0.7983 0.1252
vt 0.3814 0.6503
vt 0.3738 0.6635
vt 0.3468 0.6445
vt 0.3516 0.6363
vt 0.3407 0.6518
vt 0.364 0.6751
vt 0.3893 0.6208
vt 0.3866 0.6358
vt 0.3548 0.6274
vt 0.3565 0.618
vt 0.3866 0.5906
vt 0.3893 0.6056
vt 0.3548 0.5991
vt 0.3565 0.6085
vt 0.3738 0.563
vt 0.3814 0.5763
vt 0.3468 0.5819
vt 0.3516 0.5902
vt 0.3523 0.5416
vt 0.364 0.5514
vt 0.3334 0.5686
vt 0.3407 0.5747
vt 0.3247 0.5288
vt 0.3391 0.534
vt 0.3162 0.5606
vt 0.3252 0.5638
vt 0.2945 0.5261
vt 0.3097 0.5261
vt 0.2974 0.5589
vt 0.3069 0.5589
vt 0.2651 0.534
vt 0.2795 0.5288
vt 0.288 0.5606
vt 0.2791 0.5638
vt 0.2403 0.5514
vt 0.2519 0.5416
vt 0.2708 0.5686
vt 0.2635 0.5747
vt 0.2228 0.5763
vt 0.2305 0.5631
vt 0.2575 0.582
vt 0.2527 0.5902
vt 0.215 0.6057
vt 0.2177 0.5907
vt 0.2495 0.5992
vt 0.2478 0.6085
vt 0.2177 0.6359
vt 0.215 0.6209
vt 0.2494 0.6274
vt 0.2478 0.618
vt 0.2305 0.6635
vt 0.2229 0.6503
vt 0.2527 0.6363
vt 0.2575 0.6446
vt 0.252 0.6849
vt 0.2403 0.6751
vt 0.2709 0.658
vt 0.2636 0.6518
vt 0.2795 0.6978
vt 0.2652 0.6925
vt 0.2791 0.6627
vt 0.288 0.666
vt 0.3098 0.7004
vt 0.2945 0.7004
vt 0.2974 0.6676
vt 0.3069 0.6676
vt 0.3391 0.6926
vt 0.3248 0.6978
vt 0.3252 0.6627
vt 0.3163 0.6659
vt 0.3334 0.6579
vt 0.3523 0.6849
vt 0.4973 0.7735
vt 0.5146 0.7739
vt 0.4969 0.7816
vt 0.514 0.7819
vt 0.4792 0.7725
vt 0.4797 0.7808
vt 0.532 0.7746
vt 0.5493 0.7757
vt 0.5311 0.7826
vt 0.5481 0.7835
vt 0.5667 0.7776
vt 0.5842 0.7803
vt 0.5652 0.7853
vt 0.5824 0.7878
vt 0.6016 0.7841
vt 0.6183 0.7889
vt 0.5995 0.7916
vt 0.616 0.7964
vt 0.0301 0.7837
vt 0.0459 0.7787
vt 0.0322 0.7914
vt 0.0479 0.7863
vt 0.634 0.7944
vt 0.6316 0.802
vt 0.0628 0.7745
vt 0.0802 0.7712
vt 0.0646 0.782
vt 0.0818 0.7788
vt 0.0978 0.7691
vt 0.1153 0.7678
vt 0.099 0.7769
vt 0.1163 0.7756
vt 0.1327 0.7673
vt 0.1499 0.7671
vt 0.1333 0.7753
vt 0.1504 0.7751
vt 0.167 0.7673
vt 0.184 0.7676
vt 0.1672 0.7754
vt 0.1841 0.7757
vt 0.2008 0.7681
vt 0.2175 0.7686
vt 0.2008 0.7763
vt 0.2175 0.7767
vt 0.2342 0.7692
vt 0.2507 0.7697
vt 0.2341 0.7774
vt 0.2507 0.7778
vt 0.2673 0.7703
vt 0.2836 0.7707
vt 0.2671 0.7785
vt 0.2835 0.7788
vt 0.3 0.7713
vt 0.3163 0.7716
vt 0.2999 0.7794
vt 0.3162 0.7797
vt 0.3326 0.7721
vt 0.3489 0.7723
vt 0.3325 0.7802
vt 0.3488 0.7804
vt 0.3652 0.7726
vt 0.3814 0.7727
vt 0.3651 0.7808
vt 0.3814 0.7807
vt 0.3978 0.7728
vt 0.4141 0.7728
vt 0.3977 0.781
vt 0.414 0.7809
vt 0.4305 0.7729
vt 0.4469 0.7728
vt 0.4304 0.7811
vt 0.4468 0.781
vt 0.4632 0.7729
vt 0.4632 0.7811
vt 0.5131 0.7926
vt 0.4963 0.7923
vt 0.4796 0.7915
vt 0.5465 0.794
vt 0.5299 0.793
vt 0.58 0.7978
vt 0.5632 0.7954
vt 0.6134 0.8063
vt 0.5968 0.8012
vt 0.0503 0.7964
vt 0.0339 0.8023
vt 0.6297 0.8128
vt 0.084 0.7889
vt 0.0671 0.7918
vt 0.1176 0.7862
vt 0.1008 0.787
vt 0.151 0.7858
vt 0.1343 0.7858
vt 0.1843 0.7864
vt 0.1677 0.7861
vt 0.2175 0.7874
vt 0.2009 0.787
vt 0.2505 0.7885
vt 0.234 0.788
vt 0.2834 0.7895
vt 0.267 0.7891
vt 0.3161 0.7903
vt 0.2997 0.79
vt 0.3487 0.791
vt 0.3324 0.7908
vt 0.3813 0.7914
vt 0.365 0.7913
vt 0.4139 0.7915
vt 0.3976 0.7916
vt 0.4466 0.7917
vt 0.4302 0.7917
vt 0.4631 0.7919
vt 0.5153 0.7645
vt 0.4978 0.7645
vt 0.4803 0.7633
vt 0.4809 0.7543
vt 0.4982 0.755
vt 0.5157 0.7554
vt 0.5505 0.7664
vt 0.5328 0.7654
vt 0.5335 0.7562
vt 0.5515 0.7575
vt 0.5862 0.7713
vt 0.5682 0.7686
vt 0.5697 0.7597
vt 0.5879 0.7627
vt 0.6213 0.7802
vt 0.6039 0.7755
vt 0.6062 0.7669
vt 0.6241 0.7719
vt 0.0432 0.7699
vt 0.0264 0.7753
vt 0.638 0.7862
vt 0.6417 0.7779
vt 0.0229 0.7669
vt 0.0405 0.7615
vt 0.0785 0.7621
vt 0.0606 0.7658
vt 0.0586 0.7571
vt 0.077 0.7535
vt 0.1143 0.7584
vt 0.0965 0.7601
vt 0.0953 0.7511
vt 0.1136 0.7494
vt 0.1495 0.7575
vt 0.132 0.758
vt 0.1315 0.7487
vt 0.1493 0.7483
vt 0.184 0.758
vt 0.1668 0.7579
vt 0.1668 0.7484
vt 0.184 0.7487
vt 0.2177 0.7589
vt 0.2009 0.7587
vt 0.2011 0.7492
vt 0.2179 0.7497
vt 0.251 0.76
vt 0.2344 0.7598
vt 0.2346 0.7502
vt 0.2512 0.7508
vt 0.2839 0.7611
vt 0.2674 0.7609
vt 0.2677 0.7513
vt 0.2841 0.7519
vt 0.3165 0.762
vt 0.3002 0.7619
vt 0.3005 0.7523
vt 0.3167 0.7528
vt 0.349 0.7627
vt 0.3328 0.7627
vt 0.333 0.7532
vt 0.3492 0.7535
vt 0.3815 0.7631
vt 0.3653 0.7632
vt 0.3654 0.7537
vt 0.3816 0.7538
vt 0.4141 0.7631
vt 0.3978 0.7634
vt 0.3978 0.7539
vt 0.4141 0.7539
vt 0.447 0.7632
vt 0.4305 0.7634
vt 0.4305 0.7539
vt 0.4471 0.7539
vt 0.4636 0.7634
vt 0.4639 0.7539
vt 0.5127 0.798
vt 0.5122 0.8041
vt 0.4957 0.8041
vt 0.496 0.7978
vt 0.4793 0.8034
vt 0.4795 0.797
vt 0.5457 0.7993
vt 0.5448 0.8053
vt 0.5285 0.8046
vt 0.5292 0.7985
vt 0.5787 0.8028
vt 0.5772 0.8085
vt 0.5609 0.8065
vt 0.5622 0.8006
vt 0.6119 0.8112
vt 0.61 0.8164
vt 0.5953 0.8061
vt 0.5936 0.8116
vt 0.0518 0.8013
vt 0.0535 0.8067
vt 0.0351 0.8076
vt 0.0374 0.813
vt 0.626 0.8233
vt 0.6284 0.818
vt 0.0851 0.794
vt 0.0865 0.7997
vt 0.0701 0.8023
vt 0.0684 0.7968
vt 0.1183 0.7915
vt 0.1191 0.7975
vt 0.1018 0.7923
vt 0.1029 0.7983
vt 0.1513 0.7912
vt 0.1517 0.7974
vt 0.1348 0.7912
vt 0.1354 0.7974
vt 0.1844 0.7919
vt 0.1846 0.7981
vt 0.1681 0.7979
vt 0.1679 0.7916
vt 0.2175 0.7929
vt 0.2175 0.7991
vt 0.201 0.7925
vt 0.201 0.7988
vt 0.2505 0.7939
vt 0.2504 0.8002
vt 0.234 0.7936
vt 0.234 0.7999
vt 0.2833 0.7949
vt 0.2832 0.8012
vt 0.2669 0.7946
vt 0.2668 0.8009
vt 0.316 0.7958
vt 0.3159 0.802
vt 0.2996 0.8019
vt 0.2997 0.7956
vt 0.3486 0.7964
vt 0.3486 0.8027
vt 0.3323 0.7963
vt 0.3322 0.8026
vt 0.3812 0.7968
vt 0.3812 0.8031
vt 0.3649 0.8031
vt 0.3649 0.7969
vt 0.4138 0.797
vt 0.4138 0.8033
vt 0.3975 0.7971
vt 0.3975 0.8034
vt 0.4465 0.7972
vt 0.4464 0.8034
vt 0.4302 0.7973
vt 0.4301 0.8036
vt 0.4629 0.8037
vt 0.463 0.7975
vt 0.5107 0.8211
vt 0.4948 0.821
vt 0.4786 0.821
vt 0.5421 0.8215
vt 0.5265 0.8211
vt 0.5729 0.8231
vt 0.5576 0.822
vt 0.604 0.8296
vt 0.5886 0.8253
vt 0.0593 0.8202
vt 0.0444 0.8259
vt 0.6187 0.8358
vt 0.0906 0.8147
vt 0.0748 0.8164
vt 0.1215 0.814
vt 0.106 0.814
vt 0.1529 0.8146
vt 0.1371 0.8141
vt 0.185 0.8156
vt 0.1689 0.815
vt 0.2175 0.8167
vt 0.2012 0.816
vt 0.2503 0.8177
vt 0.2339 0.8171
vt 0.283 0.8186
vt 0.2666 0.818
vt 0.3157 0.8194
vt 0.2994 0.8188
vt 0.3484 0.82
vt 0.3321 0.8195
vt 0.3811 0.8204
vt 0.3648 0.8201
vt 0.4137 0.8207
vt 0.3974 0.8204
vt 0.4462 0.8208
vt 0.4299 0.8206
vt 0.4624 0.8208
vt 0.4946 0.8249
vt 0.5105 0.825
vt 0.4785 0.8249
vt 0.4783 0.8365
vt 0.4942 0.8366
vt 0.5261 0.8251
vt 0.5415 0.8253
vt 0.5098 0.8366
vt 0.5251 0.8368
vt 0.5568 0.8258
vt 0.5719 0.8268
vt 0.5401 0.8369
vt 0.5547 0.8373
vt 0.5874 0.8289
vt 0.6026 0.8329
vt 0.5693 0.8379
vt 0.584 0.8396
vt 0.0459 0.8292
vt 0.0607 0.8236
vt 0.5993 0.8432
vt 0.6172 0.839
vt 0.6145 0.8479
vt 0.076 0.82
vt 0.0915 0.8184
vt 0.0637 0.8341
vt 0.0791 0.8309
vt 0.1067 0.8179
vt 0.122 0.8178
vt 0.0939 0.8297
vt 0.1086 0.8295
vt 0.1375 0.8181
vt 0.1532 0.8185
vt 0.1233 0.8295
vt 0.1383 0.8299
vt 0.169 0.8189
vt 0.1851 0.8195
vt 0.1537 0.8302
vt 0.1693 0.8307
vt 0.2013 0.82
vt 0.2175 0.8205
vt 0.1852 0.8311
vt 0.2013 0.8317
vt 0.2339 0.821
vt 0.2502 0.8215
vt 0.2175 0.832
vt 0.2338 0.8326
vt 0.2666 0.8219
vt 0.283 0.8224
vt 0.2501 0.833
vt 0.2665 0.8335
vt 0.2994 0.8227
vt 0.3157 0.8232
vt 0.2829 0.8338
vt 0.2993 0.8343
vt 0.3321 0.8234
vt 0.3484 0.8238
vt 0.3156 0.8346
vt 0.332 0.835
vt 0.3647 0.8239
vt 0.3811 0.8242
vt 0.3484 0.8351
vt 0.3647 0.8355
vt 0.3974 0.8243
vt 0.4136 0.8245
vt 0.3811 0.8356
vt 0.3974 0.8359
vt 0.4299 0.8245
vt 0.4461 0.8247
vt 0.4137 0.8359
vt 0.4299 0.8362
vt 0.4624 0.8247
vt 0.4461 0.8362
vt 0.4623 0.8364
vt 0.5095 0.8448
vt 0.4941 0.8447
vt 0.4783 0.8443
vt 0.5394 0.8452
vt 0.5247 0.8449
vt 0.5676 0.8461
vt 0.5537 0.8454
vt 0.5973 0.8504
vt 0.5819 0.8471
vt 0.0655 0.8414
vt 0.0491 0.8459
vt 0.0484 0.8382
vt 0.6136 0.8555
vt 0.0955 0.8379
vt 0.0811 0.8386
vt 0.1238 0.8378
vt 0.1095 0.8376
vt 0.1538 0.8383
vt 0.1386 0.838
vt 0.1852 0.8391
vt 0.1693 0.8387
vt 0.2174 0.84
vt 0.2012 0.8396
vt 0.25 0.8409
vt 0.2337 0.8405
vt 0.2828 0.8417
vt 0.2664 0.8414
vt 0.3156 0.8425
vt 0.2992 0.8422
vt 0.3484 0.8431
vt 0.332 0.8429
vt 0.3811 0.8435
vt 0.3647 0.8434
vt 0.4137 0.8439
vt 0.3974 0.8438
vt 0.4462 0.8442
vt 0.43 0.8441
vt 0.4623 0.8444
vt 0.5094 0.8674
vt 0.4941 0.8667
vt 0.494 0.8562
vt 0.5094 0.8563
vt 0.4783 0.8556
vt 0.4785 0.8666
vt 0.5384 0.8686
vt 0.5242 0.8677
vt 0.5387 0.8571
vt 0.5243 0.8568
vt 0.5655 0.87
vt 0.5523 0.8691
vt 0.566 0.8584
vt 0.5526 0.8578
vt 0.5921 0.8705
vt 0.579 0.87
vt 0.5943 0.8607
vt 0.5796 0.8589
vt 0.0703 0.8618
vt 0.0573 0.8641
vt 0.0527 0.8558
vt 0.0682 0.8519
vt 0.6095 0.865
vt 0.6048 0.8728
vt 0.0973 0.8618
vt 0.0837 0.8615
vt 0.0969 0.8502
vt 0.0832 0.8504
vt 0.1245 0.8612
vt 0.1106 0.8613
vt 0.1244 0.8498
vt 0.1104 0.85
vt 0.1538 0.861
vt 0.1389 0.8608
vt 0.1539 0.8499
vt 0.1389 0.8499
vt 0.1848 0.8612
vt 0.1691 0.8608
vt 0.185 0.8504
vt 0.1693 0.8503
vt 0.2168 0.8618
vt 0.2007 0.8613
vt 0.2172 0.8511
vt 0.201 0.8509
vt 0.2495 0.8625
vt 0.2331 0.8619
vt 0.2498 0.8519
vt 0.2334 0.8517
vt 0.2824 0.8633
vt 0.266 0.8627
vt 0.2662 0.8525
vt 0.2826 0.8527
vt 0.3154 0.864
vt 0.2989 0.8634
vt 0.3155 0.8534
vt 0.2991 0.8533
vt 0.3484 0.8646
vt 0.3319 0.8641
vt 0.3484 0.854
vt 0.3319 0.854
vt 0.3813 0.8651
vt 0.3649 0.8646
vt 0.3812 0.8545
vt 0.3648 0.8545
vt 0.4141 0.8655
vt 0.3977 0.8651
vt 0.3975 0.8549
vt 0.4139 0.8549
vt 0.4466 0.866
vt 0.4304 0.8655
vt 0.4463 0.8553
vt 0.4301 0.8553
vt 0.4624 0.8557
vt 0.4627 0.866
vt 0.9665 0.5231
vt 0.9688 0.5642
vt 0.9844 0.7471
vt 0.9832 0.7883
vt 0.5162 0.7445
vt 0.4985 0.7441
vt 0.4812 0.7433
vt 0.4815 0.7307
vt 0.4988 0.7317
vt 0.5166 0.7319
vt 0.5526 0.7468
vt 0.5343 0.7452
vt 0.5351 0.7331
vt 0.5539 0.7343
vt 0.59 0.7524
vt 0.5713 0.749
vt 0.573 0.7372
vt 0.5924 0.7403
vt 0.627 0.7619
vt 0.6087 0.7566
vt 0.6116 0.7452
vt 0.6303 0.7504
vt 0.0379 0.7515
vt 0.0196 0.7566
vt 0.6452 0.7676
vt 0.6479 0.7559
vt 0.0173 0.7447
vt 0.035 0.7398
vt 0.0752 0.7431
vt 0.0564 0.7468
vt 0.0539 0.7353
vt 0.0733 0.7309
vt 0.1127 0.7387
vt 0.0941 0.7403
vt 0.0927 0.7284
vt 0.1118 0.7262
vt 0.1491 0.7373
vt 0.1311 0.7377
vt 0.1306 0.7254
vt 0.149 0.7247
vt 0.1842 0.7376
vt 0.1668 0.7373
vt 0.167 0.7249
vt 0.1845 0.7249
vt 0.2183 0.7385
vt 0.2014 0.738
vt 0.2017 0.7255
vt 0.2187 0.7258
vt 0.2516 0.7396
vt 0.235 0.7391
vt 0.2354 0.7266
vt 0.252 0.7269
vt 0.2845 0.7407
vt 0.2681 0.7402
vt 0.2685 0.7277
vt 0.2849 0.728
vt 0.317 0.7416
vt 0.3008 0.7412
vt 0.3011 0.7287
vt 0.3173 0.7289
vt 0.3493 0.7423
vt 0.3332 0.742
vt 0.3335 0.7295
vt 0.3495 0.7296
vt 0.3816 0.7426
vt 0.3655 0.7425
vt 0.3656 0.73
vt 0.3817 0.7299
vt 0.4141 0.7427
vt 0.3978 0.7427
vt 0.3978 0.7302
vt 0.4141 0.73
vt 0.4472 0.7427
vt 0.4305 0.7427
vt 0.4305 0.7302
vt 0.4472 0.73
vt 0.464 0.7429
vt 0.4642 0.7304
vt 0.5094 0.8505
vt 0.494 0.8504
vt 0.4783 0.8499
vt 0.539 0.8511
vt 0.5245 0.8508
vt 0.5667 0.8521
vt 0.5531 0.8515
vt 0.5959 0.8555
vt 0.5804 0.8528
vt 0.0668 0.8466
vt 0.0504 0.8509
vt 0.6121 0.8604
vt 0.0963 0.8439
vt 0.0824 0.8443
vt 0.1241 0.8437
vt 0.11 0.8437
vt 0.1539 0.844
vt 0.1388 0.8439
vt 0.1851 0.8447
vt 0.1693 0.8445
vt 0.2173 0.8455
vt 0.2011 0.8453
vt 0.2499 0.8464
vt 0.2336 0.8461
vt 0.2827 0.8472
vt 0.2663 0.847
vt 0.3155 0.8479
vt 0.2991 0.8477
vt 0.3484 0.8485
vt 0.332 0.8484
vt 0.3811 0.849
vt 0.3647 0.8489
vt 0.4138 0.8493
vt 0.3975 0.8493
vt 0.4463 0.8497
vt 0.4301 0.8497
vt 0.4624 0.85
vt 0.3999 0.6588
vt 0.3905 0.6751
vt 0.3784 0.6895
vt 0.4096 0.6226
vt 0.4063 0.6411
vt 0.4063 0.5853
vt 0.4096 0.6038
vt 0.3904 0.5514
vt 0.3999 0.5676
vt 0.3639 0.5249
vt 0.3784 0.5369
vt 0.33 0.5091
vt 0.3477 0.5155
vt 0.2927 0.5058
vt 0.3115 0.5058
vt 0.2565 0.5156
vt 0.2742 0.5091
vt 0.2259 0.537
vt 0.2402 0.5249
vt 0.2044 0.5677
vt 0.2138 0.5514
vt 0.1947 0.6039
vt 0.1979 0.5854
vt 0.198 0.6412
vt 0.1947 0.6227
vt 0.2138 0.6751
vt 0.2044 0.6589
vt 0.2403 0.7016
vt 0.2259 0.6896
vt 0.2743 0.7174
vt 0.2566 0.711
vt 0.3116 0.7207
vt 0.2928 0.7207
vt 0.3477 0.711
vt 0.3301 0.7175
vt 0.364 0.7016
vt 0.5113 0.8918
vt 0.4957 0.8913
vt 0.48 0.8909
vt 0.5412 0.8926
vt 0.5263 0.8923
vt 0.5699 0.8922
vt 0.5555 0.8928
vt 0.597 0.8875
vt 0.5837 0.8906
vt 0.0659 0.8792
vt 0.0546 0.875
vt 0.6082 0.8831
vt 0.093 0.8841
vt 0.0792 0.8823
vt 0.1217 0.8853
vt 0.1073 0.8851
vt 0.1518 0.8855
vt 0.1366 0.8854
vt 0.1832 0.8856
vt 0.1673 0.8854
vt 0.2156 0.886
vt 0.1993 0.8857
vt 0.2486 0.8866
vt 0.2321 0.8861
vt 0.2819 0.8872
vt 0.2652 0.8867
vt 0.3152 0.8879
vt 0.2985 0.8874
vt 0.3485 0.8885
vt 0.3319 0.8881
vt 0.3817 0.889
vt 0.3651 0.8886
vt 0.4149 0.8896
vt 0.3983 0.8892
vt 0.4477 0.8902
vt 0.4313 0.8897
vt 0.4639 0.8904
vt 0.5059 0.9855
vt 0.524 0.9868
vt 0.506 0.987
vt 0.5194 0.9881
vt 0.1392 0.53
vt 0.1219 0.5265
vt 0.1284 0.4891
vt 0.14 0.4892
vt 0.4926 0.9876
vt 0.488 0.9862
vt 0.088 0.517
vt 0.0774 0.5104
vt 0.0992 0.4742
vt 0.105 0.4783
vt 0.5837 0.98
vt 0.6045 0.9764
vt 0.5841 0.9814
vt 0.5999 0.9788
vt 0.0539 0.4919
vt 0.0428 0.479
vt 0.0755 0.4523
vt 0.0824 0.4612
vt 0.5684 0.9843
vt 0.5633 0.9838
vt 0.0247 0.4498
vt 0.0201 0.4383
vt 0.0595 0.4242
vt 0.062 0.4311
vt 0.0037 0.9362
vt 0.0199 0.9496
vt 0.0027 0.9373
vt 0.0151 0.9476
vt 0.0123 0.4095
vt 0.0114 0.3925
vt 0.0535 0.3925
vt 0.0536 0.4037
vt 0.6475 0.9572
vt 0.6427 0.9592
vt 0.66 0.947
vt 0.6591 0.9459
vt 0.0155 0.3582
vt 0.0194 0.3463
vt 0.0589 0.3607
vt 0.0563 0.3675
vt 0.0781 0.9716
vt 0.0984 0.9761
vt 0.0778 0.9731
vt 0.0933 0.9765
vt 0.0321 0.3193
vt 0.0425 0.3057
vt 0.0749 0.3329
vt 0.0677 0.3413
vt 0.0621 0.97
vt 0.0576 0.9676
vt 0.0679 0.2823
vt 0.0784 0.2759
vt 0.0994 0.3123
vt 0.0931 0.3158
vt 0.1559 0.9797
vt 0.1741 0.981
vt 0.1559 0.9813
vt 0.1694 0.9823
vt 0.1056 0.2634
vt 0.1222 0.2597
vt 0.1295 0.3014
vt 0.1186 0.3032
vt 0.1422 0.9818
vt 0.1377 0.9804
vt 0.1567 0.2581
vt 0.1689 0.26
vt 0.1616 0.3014
vt 0.1545 0.3
vt 0.2279 0.9802
vt 0.2447 0.9816
vt 0.2279 0.9818
vt 0.2403 0.9829
vt 0.1977 0.2679
vt 0.2128 0.2757
vt 0.1917 0.3123
vt 0.1821 0.3067
vt 0.2155 0.9827
vt 0.2111 0.9813
vt 0.2403 0.2968
vt 0.2483 0.3058
vt 0.2162 0.3329
vt 0.2117 0.3275
vt 0.2972 0.981
vt 0.3136 0.9827
vt 0.2972 0.9826
vt 0.3092 0.984
vt 0.2653 0.3303
vt 0.2719 0.346
vt 0.2322 0.3605
vt 0.2284 0.35
vt 0.285 0.9833
vt 0.2807 0.9819
vt 0.2795 0.3796
vt 0.2798 0.3921
vt 0.2378 0.3922
vt 0.2379 0.3848
vt 0.366 0.9823
vt 0.3824 0.9841
vt 0.366 0.9838
vt 0.378 0.9853
vt 0.2768 0.422
vt 0.2716 0.4382
vt 0.2319 0.4239
vt 0.2359 0.4134
vt 0.3538 0.9846
vt 0.3495 0.9831
vt 0.2555 0.4687
vt 0.2477 0.4784
vt 0.2155 0.4517
vt 0.2203 0.4462
vt 0.4348 0.9835
vt 0.4513 0.9857
vt 0.4347 0.9851
vt 0.4469 0.9868
vt 0.2266 0.4994
vt 0.2125 0.5089
vt 0.1908 0.4726
vt 0.2005 0.4669
vt 0.4225 0.9856
vt 0.4182 0.9841
vt 0.1813 0.5235
vt 0.1692 0.5266
vt 0.1611 0.4851
vt 0.1682 0.4835
vt 0.0837 0.7143
vt 0.0696 0.7094
vt 0.0925 0.6948
vt 0.0711 0.6889
vt 0.0559 0.7037
vt 0.0444 0.6946
vt 0.053 0.6759
vt 0.0337 0.6848
vt 0.026 0.6722
vt 0.0403 0.6575
vt 0.0189 0.6591
vt 0.0159 0.6449
vt 0.0344 0.636
vt 0.0139 0.6305
vt 0.016 0.6159
vt 0.0364 0.6138
vt 0.019 0.6014
vt 0.0258 0.5885
vt 0.0457 0.5936
vt 0.0335 0.5762
vt 0.0446 0.5664
vt 0.0616 0.5779
vt 0.0562 0.5572
vt 0.0696 0.5517
vt 0.0816 0.5685
vt 0.0835 0.5473
vt 0.0983 0.5469
vt 0.1039 0.5666
vt 0.1131 0.5473
vt 0.1269 0.5517
vt 0.1253 0.5723
vt 0.1403 0.5572
vt 0.1519 0.5664
vt 0.1435 0.5852
vt 0.163 0.5763
vt 0.1707 0.5886
vt 0.1564 0.6033
vt 0.1775 0.6014
vt 0.1805 0.6159
vt 0.162 0.6249
vt 0.1827 0.6305
vt 0.1807 0.6449
vt 0.1602 0.647
vt 0.1776 0.6591
vt 0.1705 0.6721
vt 0.1506 0.6671
vt 0.1628 0.6847
vt 0.152 0.6945
vt 0.135 0.683
vt 0.1405 0.7035
vt 0.1268 0.7089
vt 0.1147 0.6924
vt 0.1128 0.7137
vt 0.0983 0.7143
vt 0.0869 0.0259
vt 0.1087 0.0148
vt 0.1156 0.0275
vt 0.0997 0.0348
vt 0.1301 0.0075
vt 0.1339 0.0208
vt 0.1538 0.017
vt 0.1526 0.0033
vt 0.1744 0.017
vt 0.1758 0.0035
vt 0.1984 0.0076
vt 0.1949 0.0209
vt 0.0572 0.2555
vt 0.0471 0.2652
vt 0.0439 0.2398
vt 0.0327 0.2475
vt 0.0215 0.2275
vt 0.0339 0.2217
vt 0.0274 0.2025
vt 0.0141 0.2063
vt 0.024 0.1829
vt 0.0102 0.1847
vt 0.0096 0.1632
vt 0.0236 0.1634
vt 0.0119 0.1421
vt 0.0257 0.1443
vt 0.0303 0.1258
vt 0.0168 0.1218
vt 0.0242 0.1024
vt 0.0371 0.108
vt 0.0459 0.0914
vt 0.0338 0.0843
vt 0.0456 0.0675
vt 0.0567 0.0759
vt 0.0695 0.0618
vt 0.0593 0.0524
vt 0.0746 0.0393
vt 0.0842 0.0489
vt 0.1137 0.0645
vt 0.1265 0.0574
vt 0.131 0.0739
vt 0.1205 0.08
vt 0.1095 0.0561
vt 0.1061 0.0493
vt 0.1236 0.0486
vt 0.1212 0.0415
vt 0.1401 0.0518
vt 0.1418 0.0693
vt 0.1374 0.0352
vt 0.1386 0.0426
vt 0.1541 0.0484
vt 0.1527 0.0661
vt 0.1544 0.0391
vt 0.1547 0.0315
vt 0.1685 0.0476
vt 0.1635 0.0645
vt 0.1727 0.0314
vt 0.1708 0.0387
vt 0.1826 0.0505
vt 0.1739 0.0645
vt 0.187 0.0421
vt 0.1905 0.0353
vt 0.0768 0.2312
vt 0.0669 0.2198
vt 0.0794 0.2073
vt 0.0834 0.2167
vt 0.0717 0.2387
vt 0.0675 0.2448
vt 0.0551 0.2309
vt 0.0604 0.2259
vt 0.0607 0.2063
vt 0.0758 0.1972
vt 0.0529 0.211
vt 0.0466 0.2148
vt 0.0568 0.192
vt 0.0732 0.1862
vt 0.0482 0.1952
vt 0.0413 0.1979
vt 0.0548 0.1774
vt 0.0717 0.1747
vt 0.0386 0.1806
vt 0.0459 0.1792
vt 0.0548 0.1627
vt 0.0717 0.1628
vt 0.0457 0.163
vt 0.0384 0.1632
vt 0.0567 0.1481
vt 0.073 0.1508
vt 0.0477 0.147
vt 0.0404 0.1462
vt 0.0603 0.1338
vt 0.0759 0.1388
vt 0.0445 0.1296
vt 0.0516 0.1315
vt 0.0656 0.12
vt 0.0802 0.1271
vt 0.0573 0.1166
vt 0.0506 0.1137
vt 0.0725 0.107
vt 0.086 0.1159
vt 0.0649 0.1025
vt 0.0586 0.0988
vt 0.081 0.0949
vt 0.0931 0.1054
vt 0.0684 0.0848
vt 0.074 0.0893
vt 0.0908 0.0837
vt 0.1014 0.0958
vt 0.0798 0.072
vt 0.0848 0.0772
vt 0.1019 0.0735
vt 0.1106 0.0873
vt 0.0969 0.0661
vt 0.0928 0.0601
vt 0.5038 0.9561
vt 0.5214 0.9561
vt 0.5059 0.9834
vt 0.5238 0.9838
vt 0.4863 0.956
vt 0.4879 0.9832
vt 0.484 0.9306
vt 0.5008 0.931
vt 0.5175 0.9308
vt 0.5392 0.9553
vt 0.5573 0.9539
vt 0.563 0.9809
vt 0.5431 0.983
vt 0.5342 0.9305
vt 0.5506 0.9296
vt 0.5754 0.9516
vt 0.5931 0.948
vt 0.6033 0.9737
vt 0.5833 0.9781
vt 0.567 0.928
vt 0.5829 0.9253
vt 0.6101 0.9423
vt 0.626 0.9344
vt 0.6229 0.9666
vt 0.6412 0.9566
vt 0.5984 0.9207
vt 0.6127 0.9146
vt 0.0227 0.9152
vt 0.0369 0.9254
vt 0.005 0.9347
vt 0.0214 0.9471
vt 0.6403 0.9245
vt 0.6578 0.9444
vt 0.6254 0.9065
vt 0.0378 0.8978
vt 0.0504 0.906
vt 0.0527 0.9336
vt 0.0695 0.9397
vt 0.0395 0.9574
vt 0.0588 0.9649
vt 0.0645 0.9124
vt 0.0799 0.9172
vt 0.0871 0.9437
vt 0.1051 0.9465
vt 0.0787 0.9697
vt 0.0988 0.9732
vt 0.0957 0.9203
vt 0.1121 0.9223
vt 0.1232 0.9485
vt 0.141 0.9498
vt 0.1186 0.976
vt 0.1379 0.9774
vt 0.1285 0.9237
vt 0.1452 0.9245
vt 0.1586 0.9503
vt 0.1762 0.9507
vt 0.1561 0.9777
vt 0.1742 0.978
vt 0.1619 0.9252
vt 0.1788 0.9254
vt 0.1939 0.951
vt 0.2115 0.9512
vt 0.2111 0.9783
vt 0.1928 0.9787
vt 0.1958 0.9258
vt 0.2129 0.9259
vt 0.2287 0.9513
vt 0.2459 0.9516
vt 0.2449 0.9786
vt 0.228 0.9782
vt 0.2299 0.9263
vt 0.2469 0.9263
vt 0.2632 0.9519
vt 0.2805 0.9521
vt 0.2627 0.9794
vt 0.2806 0.9788
vt 0.2639 0.9268
vt 0.2809 0.9269
vt 0.2975 0.9523
vt 0.3145 0.9528
vt 0.3138 0.9797
vt 0.2972 0.9789
vt 0.2979 0.9274
vt 0.3148 0.9275
vt 0.3317 0.9531
vt 0.3488 0.9534
vt 0.3315 0.9806
vt 0.3493 0.98
vt 0.3318 0.928
vt 0.3487 0.9281
vt 0.3658 0.9536
vt 0.3828 0.954
vt 0.366 0.9802
vt 0.3825 0.981
vt 0.3656 0.9287
vt 0.3825 0.9287
vt 0.3999 0.9543
vt 0.4171 0.9545
vt 0.418 0.9811
vt 0.4003 0.9818
vt 0.3994 0.9292
vt 0.4164 0.9293
vt 0.4343 0.9547
vt 0.4514 0.9554
vt 0.4348 0.9814
vt 0.4514 0.9826
vt 0.4333 0.9298
vt 0.4502 0.93
vt 0.4688 0.9558
vt 0.4695 0.9835
vt 0.4671 0.9305
vt 0.5433 0.9856
vt 0.5435 0.988
vt 0.5577 0.9872
vt 0.544 0.9926
vt 0.5562 0.9919
vt 0.5297 0.9895
vt 0.5318 0.9939
vt 0.5626 0.987
vt 0.5603 0.9916
vt 0.0431 0.6961
vt 0.0507 0.7029
vt 0.0402 0.6996
vt 0.0459 0.7045
vt 0.0352 0.6898
vt 0.0344 0.6947
vt 0.0529 0.7063
vt 0.0479 0.7072
vt 0.0579 0.7075
vt 0.624 0.9687
vt 0.625 0.9707
vt 0.6385 0.9643
vt 0.6267 0.9745
vt 0.6382 0.9692
vt 0.6112 0.9767
vt 0.6152 0.9797
vt 0.643 0.9624
vt 0.6422 0.9677
vt 0.0139 0.6453
vt 0.0154 0.6553
vt 0.0094 0.6461
vt 0.0107 0.6537
vt 0.0119 0.6353
vt 0.008 0.6385
vt 0.015 0.6593
vt 0.0106 0.657
vt 0.0181 0.6634
vt 0.0384 0.9595
vt 0.0373 0.9615
vt 0.0508 0.9677
vt 0.0354 0.9653
vt 0.0469 0.9707
vt 0.024 0.9549
vt 0.0241 0.9598
vt 0.0552 0.9699
vt 0.0506 0.9727
vt 0.0241 0.5876
vt 0.0187 0.5962
vt 0.0201 0.5853
vt 0.0162 0.5919
vt 0.0289 0.5786
vt 0.0239 0.5786
vt 0.0159 0.5991
vt 0.014 0.5944
vt 0.0156 0.6041
vt 0.1183 0.9785
vt 0.118 0.9809
vt 0.1319 0.9829
vt 0.1174 0.9855
vt 0.1296 0.9872
vt 0.1038 0.9797
vt 0.1051 0.9844
vt 0.1365 0.9835
vt 0.1337 0.9879
vt 0.069 0.5499
vt 0.0593 0.5531
vt 0.0674 0.5456
vt 0.0602 0.5482
vt 0.0784 0.5461
vt 0.0746 0.5429
vt 0.0553 0.5534
vt 0.0569 0.5486
vt 0.0518 0.5572
vt 0.1927 0.9813
vt 0.1927 0.9838
vt 0.206 0.9845
vt 0.1926 0.9885
vt 0.2046 0.9893
vt 0.1793 0.9842
vt 0.1807 0.989
vt 0.2105 0.9846
vt 0.2087 0.9893
vt 0.1276 0.5499
vt 0.1181 0.5462
vt 0.1291 0.5456
vt 0.1219 0.543
vt 0.1372 0.5531
vt 0.1363 0.5482
vt 0.1148 0.5438
vt 0.1191 0.5412
vt 0.1098 0.5445
vt 0.2627 0.982
vt 0.2627 0.9845
vt 0.2756 0.9851
vt 0.2627 0.9892
vt 0.2742 0.99
vt 0.2497 0.9849
vt 0.2511 0.9898
vt 0.2801 0.9851
vt 0.2782 0.9899
vt 0.1724 0.5876
vt 0.1677 0.5787
vt 0.1764 0.5853
vt 0.1727 0.5788
vt 0.1777 0.5962
vt 0.1802 0.5917
vt 0.1666 0.5748
vt 0.1717 0.5757
vt 0.1623 0.572
vt 0.3315 0.9832
vt 0.3315 0.9857
vt 0.3445 0.9864
vt 0.3315 0.9905
vt 0.3433 0.9912
vt 0.3185 0.9861
vt 0.3197 0.991
vt 0.349 0.9863
vt 0.3474 0.9911
vt 0.1826 0.6453
vt 0.1847 0.6353
vt 0.1871 0.6461
vt 0.1885 0.6384
vt 0.1811 0.6554
vt 0.1858 0.6537
vt 0.1864 0.6316
vt 0.1898 0.6354
vt 0.1849 0.6268
vt 0.4003 0.9844
vt 0.4003 0.9869
vt 0.4133 0.9874
vt 0.4004 0.9916
vt 0.4122 0.9923
vt 0.3873 0.9874
vt 0.3886 0.9923
vt 0.4177 0.9873
vt 0.4162 0.9921
vt 0.1533 0.696
vt 0.1612 0.6897
vt 0.1562 0.6995
vt 0.1621 0.6946
vt 0.1457 0.7028
vt 0.1503 0.7045
vt 0.1649 0.688
vt 0.1651 0.693
vt 0.1669 0.6833
vt 0.4695 0.9862
vt 0.4695 0.9886
vt 0.4828 0.9894
vt 0.4695 0.9934
vt 0.4814 0.9941
vt 0.4563 0.989
vt 0.4576 0.9939
vt 0.4874 0.9894
vt 0.4855 0.9941
vt 0.0983 0.7163
vt 0.1085 0.7165
vt 0.0983 0.7208
vt 0.106 0.7208
vt 0.088 0.7168
vt 0.0906 0.721
vt 0.1123 0.7176
vt 0.1093 0.7216
vt 0.1169 0.7152
vt 0.1513 0.1047
vt 0.1427 0.1085
vt 0.1478 0.097
vt 0.1385 0.1012
vt 0.1605 0.1019
vt 0.1577 0.094
vt 0.1705 0.0999
vt 0.168 0.092
vt 0.1811 0.0975
vt 0.1785 0.0899
vt 0.1913 0.0942
vt 0.1891 0.0864
vt 0.1161 0.2064
vt 0.1189 0.2167
vt 0.1083 0.2083
vt 0.111 0.2189
vt 0.1128 0.1962
vt 0.1049 0.198
vt 0.11 0.1863
vt 0.1019 0.1877
vt 0.1081 0.1765
vt 0.0998 0.1772
vt 0.1073 0.167
vt 0.099 0.1668
vt 0.1077 0.1576
vt 0.0994 0.1565
vt 0.1094 0.1486
vt 0.1012 0.1465
vt 0.1122 0.1401
vt 0.1044 0.1369
vt 0.1163 0.1322
vt 0.109 0.1279
vt 0.1215 0.125
vt 0.1149 0.1197
vt 0.1278 0.1187
vt 0.1219 0.1125
vt 0.1349 0.1132
vt 0.1298 0.1063
vt 0.1114 0.6525
vt 0.1183 0.6467
vt 0.1169 0.6623
vt 0.127 0.6539
vt 0.1336 0.6597
vt 0.1212 0.67
vt 0.1022 0.6559
vt 0.1045 0.6667
vt 0.1059 0.6754
vt 0.0931 0.6557
vt 0.0913 0.6669
vt 0.0898 0.6756
vt 0.0846 0.6526
vt 0.0791 0.6625
vt 0.0746 0.6701
vt 0.0776 0.6467
vt 0.0691 0.6541
vt 0.0622 0.6597
vt 0.0731 0.6388
vt 0.0625 0.6428
vt 0.0542 0.6457
vt 0.0716 0.6298
vt 0.0603 0.6299
vt 0.0514 0.6298
vt 0.0732 0.6208
vt 0.0626 0.6171
vt 0.0543 0.6139
vt 0.0778 0.6129
vt 0.0691 0.6058
vt 0.0623 0.6
vt 0.0848 0.6071
vt 0.0791 0.5973
vt 0.0747 0.5896
vt 0.0934 0.6039
vt 0.0913 0.5928
vt 0.0899 0.5841
vt 0.1026 0.6039
vt 0.1044 0.5928
vt 0.106 0.5841
vt 0.1112 0.6071
vt 0.1167 0.5972
vt 0.1212 0.5896
vt 0.1182 0.6129
vt 0.1267 0.6056
vt 0.1336 0.5999
vt 0.1228 0.6208
vt 0.1333 0.6168
vt 0.1417 0.6139
vt 0.1244 0.6298
vt 0.1357 0.6297
vt 0.1445 0.6298
vt 0.1228 0.6388
vt 0.1335 0.6426
vt 0.1418 0.6457
vt 0.1069 0.6454
vt 0.1116 0.6413
vt 0.101 0.6474
vt 0.0948 0.6473
vt 0.0889 0.6452
vt 0.0842 0.6412
vt 0.0812 0.6358
vt 0.0801 0.6298
vt 0.0813 0.6237
vt 0.0844 0.6184
vt 0.0891 0.6145
vt 0.095 0.6124
vt 0.1011 0.6124
vt 0.1069 0.6145
vt 0.1116 0.6185
vt 0.1147 0.6238
vt 0.1158 0.6299
vt 0.1147 0.636
vt 0.1186 0.035
vt 0.1031 0.0425
vt 0.1357 0.0284
vt 0.1542 0.0247
vt 0.1735 0.0247
vt 0.1925 0.0286
vt 0.0498 0.235
vt 0.0627 0.2498
vt 0.0407 0.218
vt 0.0348 0.2
vt 0.0318 0.1817
vt 0.0314 0.1633
vt 0.0335 0.1453
vt 0.0379 0.1278
vt 0.0443 0.1111
vt 0.0527 0.0953
vt 0.0629 0.0807
vt 0.075 0.0672
vt 0.0888 0.0548
vt 0.0688 0.7115
vt 0.0796 0.7158
vt 0.1044 0.5239
vt 0.1175 0.4853
vt 0.0932 0.4703
vt 0.0672 0.5034
vt 0.0241 0.6733
vt 0.0296 0.6834
vt 0.0328 0.4653
vt 0.0685 0.4436
vt 0.0569 0.4174
vt 0.0161 0.4266
vt 0.0139 0.6155
vt 0.0116 0.6268
vt 0.012 0.3754
vt 0.0533 0.3813
vt 0.0612 0.3538
vt 0.0239 0.3347
vt 0.0432 0.5647
vt 0.0342 0.5719
vt 0.054 0.2931
vt 0.082 0.3243
vt 0.1056 0.3086
vt 0.0893 0.27
vt 0.0983 0.5447
vt 0.0867 0.5444
vt 0.1391 0.2575
vt 0.1405 0.2993
vt 0.1687 0.3025
vt 0.181 0.2624
vt 0.1534 0.5647
vt 0.1447 0.5572
vt 0.2272 0.2849
vt 0.2014 0.3178
vt 0.2207 0.3382
vt 0.2559 0.3153
vt 0.1827 0.6155
vt 0.1809 0.6041
vt 0.277 0.3623
vt 0.2361 0.371
vt 0.2378 0.3995
vt 0.2794 0.4046
vt 0.1724 0.6733
vt 0.1784 0.6634
vt 0.2649 0.4539
vt 0.228 0.4344
vt 0.2108 0.4573
vt 0.2395 0.4877
vt 0.1276 0.711
vt 0.1384 0.7073
vt 0.1977 0.5172
vt 0.1813 0.4786
vt 0.1541 0.487
vt 0.1569 0.5292
vt 0.0316 0.6881
vt 0.0315 0.6932
vt 0.0587 0.4969
vt 0.086 0.465
vt 0.0902 0.4682
vt 0.063 0.5003
vt 0.0976 0.522
vt 0.1126 0.4832
vt 0.1081 0.4804
vt 0.0926 0.5196
vt 0.0101 0.6317
vt 0.0068 0.6354
vt 0.0131 0.4164
vt 0.0542 0.4089
vt 0.0556 0.4139
vt 0.0145 0.4216
vt 0.0291 0.4595
vt 0.0656 0.4393
vt 0.0634 0.4346
vt 0.0267 0.4547
vt 0.0299 0.5747
vt 0.0249 0.5754
vt 0.0283 0.325
vt 0.0647 0.3456
vt 0.0626 0.3503
vt 0.0259 0.3299
vt 0.0127 0.3685
vt 0.0538 0.3761
vt 0.0551 0.3711
vt 0.0139 0.3632
vt 0.0817 0.5438
vt 0.0774 0.5412
vt 0.0989 0.2654
vt 0.1136 0.3046
vt 0.1089 0.3068
vt 0.094 0.2675
vt 0.0591 0.2884
vt 0.0857 0.3207
vt 0.0899 0.3177
vt 0.0634 0.2852
vt 0.1412 0.5534
vt 0.1396 0.5486
vt 0.1914 0.2651
vt 0.1774 0.3045
vt 0.1724 0.3033
vt 0.1862 0.2636
vt 0.146 0.2571
vt 0.1456 0.2989
vt 0.1508 0.2994
vt 0.1514 0.2574
vt 0.1806 0.599
vt 0.1824 0.5941
vt 0.2622 0.324
vt 0.2262 0.3453
vt 0.2231 0.3411
vt 0.2591 0.3195
vt 0.2328 0.2891
vt 0.2056 0.3209
vt 0.2093 0.3247
vt 0.2368 0.2929
vt 0.1815 0.6594
vt 0.1859 0.657
vt 0.2785 0.4153
vt 0.2373 0.4084
vt 0.2377 0.4033
vt 0.2792 0.4099
vt 0.2787 0.369
vt 0.2374 0.3759
vt 0.2378 0.3811
vt 0.2792 0.3744
vt 0.1434 0.7061
vt 0.1483 0.7072
vt 0.2321 0.4953
vt 0.2047 0.4638
vt 0.2083 0.4601
vt 0.2359 0.4915
vt 0.2618 0.4601
vt 0.2258 0.4391
vt 0.2227 0.4433
vt 0.2588 0.4646
vt 0.0842 0.7181
vt 0.0874 0.7219
vt 0.1462 0.5306
vt 0.1453 0.489
vt 0.1504 0.488
vt 0.1516 0.5301
vt 0.1915 0.5203
vt 0.1767 0.4809
vt 0.1718 0.4825
vt 0.1864 0.522
vt 0.525 0.9899
vt 0.5277 0.9944
vt 0.6068 0.9788
vt 0.6114 0.9817
vt 0.0194 0.9529
vt 0.0201 0.9581
vt 0.099 0.9792
vt 0.1009 0.984
vt 0.1747 0.9842
vt 0.1766 0.9889
vt 0.2452 0.9849
vt 0.2471 0.9896
vt 0.314 0.986
vt 0.3156 0.9909
vt 0.3829 0.9874
vt 0.3846 0.9922
vt 0.4517 0.9889
vt 0.4535 0.9938
vt 0.5557 0.9942
vt 0.5442 0.9954
vt 0.5326 0.9961
vt 0.0441 0.7064
vt 0.0381 0.7021
vt 0.0329 0.6968
vt 0.6385 0.9715
vt 0.6279 0.977
vt 0.6167 0.9814
vt 0.0082 0.654
vt 0.0062 0.6466
vt 0.0055 0.6391
vt 0.0454 0.9723
vt 0.0342 0.9678
vt 0.0237 0.962
vt 0.0141 0.5905
vt 0.0173 0.5836
vt 0.0216 0.5774
vt 0.1287 0.9894
vt 0.1171 0.9883
vt 0.1055 0.9867
vt 0.0595 0.5457
vt 0.0663 0.5425
vt 0.0736 0.5406
vt 0.2041 0.9916
vt 0.1926 0.9914
vt 0.1812 0.9913
vt 0.1229 0.5406
vt 0.1302 0.5425
vt 0.1371 0.5457
vt 0.2738 0.9923
vt 0.2626 0.9921
vt 0.2515 0.9921
vt 0.175 0.5777
vt 0.1792 0.5836
vt 0.1823 0.5903
vt 0.3429 0.9935
vt 0.3315 0.9934
vt 0.3201 0.9933
vt 0.191 0.639
vt 0.1904 0.6466
vt 0.1883 0.654
vt 0.4118 0.9946
vt 0.4004 0.9945
vt 0.3891 0.9946
vt 0.1637 0.6966
vt 0.1583 0.702
vt 0.1521 0.7064
vt 0.4809 0.9964
vt 0.4694 0.9963
vt 0.458 0.9961
vt 0.1059 0.7234
vt 0.0984 0.7241
vt 0.0909 0.7236
vt 0.098 0.6299
vt 0.8644 0.0054
vt 0.8807 0.0011
vt 0.8975 0.0963
vt 0.8975 -0.0004
vt 0.8353 0.0222
vt 0.8491 0.0126
vt 0.8137 0.0479
vt 0.8234 0.0341
vt 0.8023 0.0795
vt 0.8066 0.0632
vt 0.8023 0.1131
vt 0.8008 0.0963
vt 0.8137 0.1446
vt 0.8066 0.1293
vt 0.8353 0.1703
vt 0.8234 0.1584
vt 0.8644 0.1871
vt 0.8491 0.18
vt 0.8975 0.1929
vt 0.8807 0.1915
vt 0.9305 0.1871
vt 0.9142 0.1915
vt 0.9596 0.1703
vt 0.9458 0.18
vt 0.9812 0.1446
vt 0.9715 0.1584
vt 0.9927 0.1131
vt 0.9883 0.1293
vt 0.9927 0.0795
vt 0.9941 0.0963
vt 0.9812 0.0479
vt 0.9883 0.0632
vt 0.9596 0.0222
vt 0.9715 0.0341
vt 0.9305 0.0054
vt 0.9458 0.0126
vt 0.9142 0.0011
f 1/1/1 2/2/2 3/3/3
f 1/1/1 3/3/3 4/4/4
f 5/5/5 6/6/6 7/7/7
f 5/5/5 7/7/7 8/8/8
f 9/9/9 10/10/10 11/11/11
f 10/10/10 12/12/12 11/11/11
f 13/13/13 14/14/14 15/15/15
f 13/13/13 15/15/15 16/16/16
f 17/17/17 18/18/18 19/19/19
f 18/18/18 20/20/20 19/19/19
f 21/21/21 22/22/22 23/23/23
f 21/21/21 23/23/23 24/24/24
f 25/25/25 26/26/26 27/27/27
f 26/26/26 28/28/28 27/27/27
f 29/29/29 30/30/30 31/31/31
f 30/30/30 32/32/32 31/31/31
f 33/33/33 34/34/34 35/35/35
f 33/33/33 35/35/35 36/36/36
f 37/37/37 38/38/38 39/39/39
f 38/38/38 40/40/40 39/39/39
f 41/41/41 42/42/42 43/43/43
f 41/41/41 43/43/43 44/44/44
f 45/45/45 46/46/46 47/47/47
f 45/45/45 47/47/47 48/48/48
f 49/49/49 50/50/50 51/51/51
f 49/49/49 51/51/51 52/52/52
f 53/53/53 54/54/54 55/55/55
f 53/53/53 55/55/55 56/56/56
f 57/57/57 58/58/58 59/59/59
f 57/57/57 59/59/59 60/60/60
f 61/61/61 62/62/62 63/63/63
f 62/62/62 64/64/64 63/63/63
f 65/65/65 66/66/66 67/67/67
f 65/65/65 67/67/67 68/68/68
f 69/69/69 70/70/70 71/71/71
f 69/69/69 71/71/71 72/72/72
f 4/4/4 3/3/3 73/73/73
f 4/4/4 73/73/73 74/74/74
f 75/75/75 5/5/5 8/8/8
f 75/75/75 8/8/8 76/76/76
f 77/77/77 9/9/9 11/11/11
f 77/77/77 11/11/11 78/78/78
f 79/79/79 13/13/13 80/80/80
f 13/13/13 16/16/16 80/80/80
f 81/81/81 17/17/17 82/82/82
f 17/17/17 19/19/19 82/82/82
f 83/83/83 21/21/21 84/84/84
f 21/21/21 24/24/24 84/84/84
f 85/85/85 25/25/25 86/86/86
f 25/25/25 27/27/27 86/86/86
f 87/87/87 29/29/29 31/31/31
f 87/87/87 31/31/31 88/88/88
f 89/89/89 33/33/33 90/90/90
f 33/33/33 36/36/36 90/90/90
f 91/91/91 37/37/37 92/92/92
f 37/37/37 39/39/39 92/92/92
f 93/93/93 41/41/41 44/44/44
f 93/93/93 44/44/44 94/94/94
f 95/95/95 45/45/45 48/48/48
f 95/95/95 48/48/48 96/96/96
f 97/97/97 49/49/49 98/98/98
f 49/49/49 52/52/52 98/98/98
f 99/99/99 53/53/53 100/100/100
f 53/53/53 56/56/56 100/100/100
f 101/101/101 57/57/57 102/102/102
f 57/57/57 60/60/60 102/102/102
f 103/103/103 61/61/61 63/63/63
f 103/103/103 63/63/63 104/104/104
f 105/105/105 65/65/65 106/106/106
f 65/65/65 68/68/68 106/106/106
f 107/107/107 69/69/69 72/72/72
f 107/107/107 72/72/72 108/108/108
f 109/109/109 110/110/110 73/73/73
f 109/109/109 73/73/73 75/75/75
f 74/74/74 73/73/73 111/111/111
f 73/73/73 110/110/110 111/111/111
f 112/112/112 113/113/113 77/77/77
f 113/113/113 76/76/76 77/77/77
f 109/109/109 75/75/75 113/113/113
f 75/75/75 76/76/76 113/113/113
f 114/114/114 115/115/115 79/79/79
f 115/115/115 78/78/78 79/79/79
f 112/112/112 77/77/77 115/115/115
f 77/77/77 78/78/78 115/115/115
f 116/116/116 117/117/117 81/81/81
f 117/117/117 80/80/80 81/81/81
f 114/114/114 79/79/79 117/117/117
f 79/79/79 80/80/80 117/117/117
f 118/118/118 119/119/119 82/120/82
f 118/118/118 82/120/82 83/83/83
f 116/116/116 81/81/81 82/82/82
f 116/116/116 82/82/82 119/121/119
f 120/122/120 121/123/121 85/85/85
f 121/123/121 84/84/84 85/85/85
f 118/118/118 83/83/83 121/123/121
f 83/83/83 84/84/84 121/123/121
f 122/124/122 123/125/123 86/86/86
f 122/124/122 86/86/86 87/87/87
f 120/122/120 85/85/85 86/86/86
f 120/122/120 86/86/86 123/125/123
f 124/126/124 125/127/125 88/88/88
f 124/126/124 88/88/88 89/89/89
f 122/124/122 87/87/87 88/88/88
f 122/124/122 88/88/88 125/127/125
f 126/128/126 127/129/127 91/91/91
f 127/129/127 90/90/90 91/91/91
f 124/126/124 89/89/89 127/129/127
f 89/89/89 90/90/90 127/129/127
f 128/130/128 129/131/129 93/93/93
f 129/131/129 92/92/92 93/93/93
f 126/128/126 91/91/91 129/131/129
f 91/91/91 92/92/92 129/131/129
f 130/132/130 131/133/131 94/94/94
f 130/132/130 94/94/94 95/95/95
f 128/130/128 93/93/93 94/94/94
f 128/130/128 94/94/94 131/133/131
f 132/134/132 133/135/133 96/96/96
f 132/134/132 96/96/96 97/97/97
f 130/132/130 95/95/95 96/96/96
f 130/132/130 96/96/96 133/135/133
f 134/136/134 135/137/135 99/99/99
f 135/137/135 98/98/98 99/99/99
f 132/134/132 97/97/97 135/137/135
f 97/97/97 98/98/98 135/137/135
f 136/138/136 137/139/137 100/100/100
f 136/138/136 100/100/100 101/101/101
f 134/136/134 99/99/99 137/139/137
f 99/99/99 100/100/100 137/139/137
f 138/140/138 139/141/139 103/103/103
f 139/141/139 102/102/102 103/103/103
f 136/138/136 101/101/101 102/102/102
f 136/138/136 102/102/102 139/141/139
f 140/142/140 141/143/141 104/104/104
f 140/142/140 104/104/104 105/105/105
f 138/140/138 103/103/103 141/143/141
f 103/103/103 104/104/104 141/143/141
f 142/144/142 143/145/143 106/106/106
f 142/144/142 106/106/106 107/107/107
f 140/142/140 105/105/105 106/106/106
f 140/142/140 106/106/106 143/145/143
f 74/74/74 111/111/111 108/108/108
f 111/111/111 144/146/144 108/108/108
f 142/144/142 107/107/107 108/108/108
f 142/144/142 108/108/108 144/146/144
f 145/147/145 110/110/110 109/109/109
f 145/147/145 109/109/109 146/148/146
f 147/149/147 111/111/111 145/147/145
f 111/111/111 110/110/110 145/147/145
f 148/150/148 113/113/113 112/112/112
f 148/150/148 112/112/112 149/151/149
f 146/148/146 109/109/109 148/150/148
f 109/109/109 113/113/113 148/150/148
f 150/152/150 115/115/115 151/153/151
f 115/115/115 114/114/114 151/153/151
f 149/151/149 112/112/112 150/152/150
f 112/112/112 115/115/115 150/152/150
f 152/154/152 117/117/117 153/155/153
f 117/117/117 116/116/116 153/155/153
f 151/153/151 114/114/114 152/154/152
f 114/114/114 117/117/117 152/154/152
f 154/156/154 119/119/119 155/157/155
f 119/119/119 118/118/118 155/157/155
f 153/155/153 116/116/116 154/158/154
f 116/116/116 119/121/119 154/158/154
f 156/159/156 121/123/121 157/160/157
f 121/123/121 120/122/120 157/160/157
f 155/157/155 118/118/118 121/123/121
f 155/157/155 121/123/121 156/159/156
f 158/161/158 123/125/123 122/124/122
f 158/161/158 122/124/122 159/162/159
f 157/160/157 120/122/120 123/125/123
f 157/160/157 123/125/123 158/161/158
f 160/163/160 125/127/125 161/164/161
f 125/127/125 124/126/124 161/164/161
f 159/162/159 122/124/122 160/163/160
f 122/124/122 125/127/125 160/163/160
f 162/165/162 127/129/127 126/128/126
f 162/165/162 126/128/126 163/166/163
f 161/164/161 124/126/124 127/129/127
f 161/164/161 127/129/127 162/165/162
f 164/167/164 129/131/129 165/168/165
f 129/131/129 128/130/128 165/168/165
f 163/166/163 126/128/126 129/131/129
f 163/166/163 129/131/129 164/167/164
f 166/169/166 131/133/131 130/132/130
f 166/169/166 130/132/130 167/170/167
f 165/168/165 128/130/128 166/169/166
f 128/130/128 131/133/131 166/169/166
f 168/171/168 133/135/133 132/134/132
f 168/171/168 132/134/132 169/172/169
f 167/170/167 130/132/130 133/135/133
f 167/170/167 133/135/133 168/171/168
f 170/173/170 135/137/135 171/174/171
f 135/137/135 134/136/134 171/174/171
f 169/172/169 132/134/132 135/137/135
f 169/172/169 135/137/135 170/173/170
f 172/175/172 137/139/137 136/138/136
f 172/175/172 136/138/136 173/176/173
f 171/174/171 134/136/134 137/139/137
f 171/174/171 137/139/137 172/175/172
f 174/177/174 139/141/139 175/178/175
f 139/141/139 138/140/138 175/178/175
f 173/176/173 136/138/136 174/177/174
f 136/138/136 139/141/139 174/177/174
f 176/179/176 141/143/141 140/142/140
f 176/179/176 140/142/140 177/180/177
f 175/178/175 138/140/138 141/143/141
f 175/178/175 141/143/141 176/179/176
f 178/181/178 143/145/143 142/144/142
f 178/181/178 142/144/142 179/182/179
f 177/180/177 140/142/140 178/181/178
f 140/142/140 143/145/143 178/181/178
f 180/183/180 144/146/144 111/111/111
f 180/183/180 111/111/111 147/149/147
f 179/182/179 142/144/142 180/183/180
f 142/144/142 144/146/144 180/183/180
f 146/148/146 181/184/181 182/185/182
f 146/148/146 182/185/182 145/147/145
f 182/185/182 183/186/183 145/147/145
f 183/186/183 147/149/147 145/147/145
f 149/151/149 184/187/184 148/150/148
f 184/187/184 185/188/185 148/150/148
f 185/188/185 181/184/181 148/150/148
f 181/184/181 146/148/146 148/150/148
f 151/153/151 186/189/186 187/190/187
f 151/153/151 187/190/187 150/152/150
f 187/190/187 184/187/184 149/151/149
f 187/190/187 149/151/149 150/152/150
f 153/155/153 188/191/188 152/154/152
f 188/191/188 189/192/189 152/154/152
f 189/192/189 186/189/186 151/153/151
f 189/192/189 151/153/151 152/154/152
f 155/157/155 190/193/190 191/194/191
f 155/157/155 191/194/191 154/156/154
f 191/195/191 188/191/188 154/158/154
f 188/191/188 153/155/153 154/158/154
f 157/160/157 192/196/192 156/159/156
f 192/196/192 193/197/193 156/159/156
f 193/197/193 190/193/190 155/157/155
f 193/197/193 155/157/155 156/159/156
f 159/162/159 194/198/194 158/161/158
f 194/198/194 195/199/195 158/161/158
f 195/199/195 192/196/192 157/160/157
f 195/199/195 157/160/157 158/161/158
f 161/164/161 196/200/196 197/201/197
f 161/164/161 197/201/197 160/163/160
f 197/201/197 194/198/194 159/162/159
f 197/201/197 159/162/159 160/163/160
f 163/166/163 198/202/198 199/203/199
f 163/166/163 199/203/199 162/165/162
f 199/203/199 196/200/196 161/164/161
f 199/203/199 161/164/161 162/165/162
f 165/168/165 200/204/200 164/167/164
f 200/204/200 201/205/201 164/167/164
f 201/205/201 198/202/198 163/166/163
f 201/205/201 163/166/163 164/167/164
f 167/170/167 202/206/202 166/169/166
f 202/206/202 203/207/203 166/169/166
f 203/207/203 200/204/200 166/169/166
f 200/204/200 165/168/165 166/169/166
f 169/172/169 204/208/204 168/171/168
f 204/208/204 205/209/205 168/171/168
f 205/209/205 202/206/202 168/171/168
f 202/206/202 167/170/167 168/171/168
f 171/174/171 206/210/206 170/173/170
f 206/210/206 207/211/207 170/173/170
f 207/211/207 204/208/204 169/172/169
f 207/211/207 169/172/169 170/173/170
f 173/176/173 208/212/208 172/175/172
f 208/212/208 209/213/209 172/175/172
f 209/213/209 206/210/206 172/175/172
f 206/210/206 171/174/171 172/175/172
f 175/178/175 210/214/210 211/215/211
f 175/178/175 211/215/211 174/177/174
f 211/215/211 208/212/208 174/177/174
f 208/212/208 173/176/173 174/177/174
f 177/180/177 212/216/212 176/179/176
f 212/216/212 213/217/213 176/179/176
f 213/217/213 210/214/210 175/178/175
f 213/217/213 175/178/175 176/179/176
f 179/182/179 214/218/214 178/181/178
f 214/218/214 215/219/215 178/181/178
f 215/219/215 212/216/212 178/181/178
f 212/216/212 177/180/177 178/181/178
f 147/149/147 183/186/183 180/183/180
f 183/186/183 216/220/216 180/183/180
f 216/220/216 214/218/214 179/182/179
f 216/220/216 179/182/179 180/183/180
f 182/185/182 181/184/181 217/221/217
f 182/185/182 217/221/217 218/222/218
f 217/221/217 219/223/219 220/224/220
f 217/221/217 220/224/220 218/222/218
f 220/224/220 221/225/221 222/226/222
f 220/224/220 222/226/222 218/222/218
f 222/226/222 183/186/183 182/185/182
f 222/226/222 182/185/182 218/222/218
f 185/188/185 184/187/184 223/227/223
f 185/188/185 223/227/223 224/228/224
f 223/227/223 225/229/225 224/228/224
f 225/229/225 226/230/226 224/228/224
f 226/230/226 219/223/219 224/228/224
f 219/223/219 217/221/217 224/228/224
f 217/221/217 181/184/181 185/188/185
f 217/221/217 185/188/185 224/228/224
f 187/190/187 186/189/186 227/231/227
f 187/190/187 227/231/227 228/232/228
f 227/231/227 229/233/229 230/234/230
f 227/231/227 230/234/230 228/232/228
f 230/234/230 225/229/225 223/227/223
f 230/234/230 223/227/223 228/232/228
f 223/227/223 184/187/184 187/190/187
f 223/227/223 187/190/187 228/232/228
f 189/192/189 188/191/188 231/235/231
f 189/192/189 231/235/231 232/236/232
f 231/235/231 233/237/233 232/236/232
f 233/237/233 234/238/234 232/236/232
f 234/238/234 229/233/229 232/236/232
f 229/233/229 227/231/227 232/236/232
f 227/231/227 186/189/186 189/192/189
f 227/231/227 189/192/189 232/236/232
f 191/194/191 190/193/190 235/239/235
f 191/194/191 235/239/235 236/240/236
f 235/239/235 237/241/237 236/240/236
f 237/241/237 238/242/238 236/240/236
f 238/243/238 233/237/233 236/244/236
f 233/237/233 231/235/231 236/244/236
f 231/235/231 188/191/188 236/244/236
f 188/191/188 191/195/191 236/244/236
f 193/197/193 192/196/192 239/245/239
f 192/196/192 240/246/240 239/245/239
f 240/246/240 241/247/241 242/248/242
f 240/246/240 242/248/242 239/245/239
f 242/248/242 237/241/237 235/239/235
f 242/248/242 235/239/235 239/245/239
f 235/239/235 190/193/190 193/197/193
f 235/239/235 193/197/193 239/245/239
f 195/199/195 194/198/194 243/249/243
f 194/198/194 244/250/244 243/249/243
f 244/250/244 245/251/245 246/252/246
f 244/250/244 246/252/246 243/249/243
f 246/252/246 241/247/241 240/246/240
f 246/252/246 240/246/240 243/249/243
f 240/246/240 192/196/192 195/199/195
f 240/246/240 195/199/195 243/249/243
f 197/201/197 196/200/196 247/253/247
f 197/201/197 247/253/247 248/254/248
f 247/253/247 249/255/249 250/256/250
f 247/253/247 250/256/250 248/254/248
f 250/256/250 245/251/245 244/250/244
f 250/256/250 244/250/244 248/254/248
f 244/250/244 194/198/194 197/201/197
f 244/250/244 197/201/197 248/254/248
f 199/203/199 198/202/198 251/257/251
f 199/203/199 251/257/251 252/258/252
f 251/257/251 253/259/253 254/260/254
f 251/257/251 254/260/254 252/258/252
f 254/260/254 249/255/249 247/253/247
f 254/260/254 247/253/247 252/258/252
f 247/253/247 196/200/196 199/203/199
f 247/253/247 199/203/199 252/258/252
f 201/205/201 200/204/200 255/261/255
f 200/204/200 256/262/256 255/261/255
f 256/262/256 257/263/257 255/261/255
f 257/263/257 258/264/258 255/261/255
f 258/264/258 253/259/253 255/261/255
f 253/259/253 251/257/251 255/261/255
f 251/257/251 198/202/198 201/205/201
f 251/257/251 201/205/201 255/261/255
f 203/207/203 202/206/202 259/265/259
f 202/206/202 260/266/260 259/265/259
f 260/266/260 261/267/261 262/268/262
f 260/266/260 262/268/262 259/265/259
f 262/268/262 257/263/257 256/262/256
f 262/268/262 256/262/256 259/265/259
f 256/262/256 200/204/200 259/265/259
f 200/204/200 203/207/203 259/265/259
f 205/209/205 204/208/204 263/269/263
f 204/208/204 264/270/264 263/269/263
f 264/270/264 265/271/265 266/272/266
f 264/270/264 266/272/266 263/269/263
f 266/272/266 261/267/261 263/269/263
f 261/267/261 260/266/260 263/269/263
f 260/266/260 202/206/202 263/269/263
f 202/206/202 205/209/205 263/269/263
f 207/211/207 206/210/206 267/273/267
f 206/210/206 268/274/268 267/273/267
f 268/274/268 269/275/269 267/273/267
f 269/275/269 270/276/270 267/273/267
f 270/276/270 265/271/265 264/270/264
f 270/276/270 264/270/264 267/273/267
f 264/270/264 204/208/204 267/273/267
f 204/208/204 207/211/207 267/273/267
f 209/213/209 208/212/208 271/277/271
f 209/213/209 271/277/271 272/278/272
f 271/277/271 273/279/273 274/280/274
f 271/277/271 274/280/274 272/278/272
f 274/280/274 269/275/269 272/278/272
f 269/275/269 268/274/268 272/278/272
f 268/274/268 206/210/206 209/213/209
f 268/274/268 209/213/209 272/278/272
f 211/215/211 210/214/210 275/281/275
f 211/215/211 275/281/275 276/282/276
f 275/281/275 277/283/277 278/284/278
f 275/281/275 278/284/278 276/282/276
f 278/284/278 273/279/273 271/277/271
f 278/284/278 271/277/271 276/282/276
f 271/277/271 208/212/208 276/282/276
f 208/212/208 211/215/211 276/282/276
f 213/217/213 212/216/212 279/285/279
f 212/216/212 280/286/280 279/285/279
f 280/286/280 281/287/281 279/285/279
f 281/287/281 282/288/282 279/285/279
f 282/288/282 277/283/277 275/281/275
f 282/288/282 275/281/275 279/285/279
f 275/281/275 210/214/210 213/217/213
f 275/281/275 213/217/213 279/285/279
f 215/219/215 214/218/214 283/289/283
f 215/219/215 283/289/283 284/290/284
f 283/289/283 285/291/285 286/292/286
f 283/289/283 286/292/286 284/290/284
f 286/292/286 281/287/281 284/290/284
f 281/287/281 280/286/280 284/290/284
f 280/286/280 212/216/212 284/290/284
f 212/216/212 215/219/215 284/290/284
f 216/220/216 183/186/183 287/293/287
f 183/186/183 222/226/222 287/293/287
f 222/226/222 221/225/221 288/294/288
f 222/226/222 288/294/288 287/293/287
f 288/294/288 285/291/285 283/289/283
f 288/294/288 283/289/283 287/293/287
f 283/289/283 214/218/214 216/220/216
f 283/289/283 216/220/216 287/293/287
f 289/295/289 290/296/290 219/223/219
f 290/296/290 220/224/220 219/223/219
f 221/225/221 220/224/220 291/297/291
f 220/224/220 290/296/290 291/297/291
f 292/298/292 293/299/293 225/229/225
f 293/299/293 226/230/226 225/229/225
f 289/295/289 219/223/219 293/299/293
f 219/223/219 226/230/226 293/299/293
f 294/300/294 295/301/295 230/234/230
f 294/300/294 230/234/230 229/233/229
f 292/298/292 225/229/225 230/234/230
f 292/298/292 230/234/230 295/301/295
f 296/302/296 297/303/297 234/238/234
f 296/302/296 234/238/234 233/237/233
f 294/300/294 229/233/229 297/303/297
f 229/233/229 234/238/234 297/303/297
f 298/304/298 299/305/299 237/241/237
f 299/305/299 238/242/238 237/241/237
f 296/302/296 233/237/233 299/306/299
f 233/237/233 238/243/238 299/306/299
f 300/307/300 301/308/301 242/248/242
f 300/307/300 242/248/242 241/247/241
f 298/304/298 237/241/237 242/248/242
f 298/304/298 242/248/242 301/308/301
f 302/309/302 303/310/303 246/252/246
f 302/309/302 246/252/246 245/251/245
f 300/307/300 241/247/241 246/252/246
f 300/307/300 246/252/246 303/310/303
f 304/311/304 305/312/305 250/256/250
f 304/311/304 250/256/250 249/255/249
f 302/309/302 245/251/245 250/256/250
f 302/309/302 250/256/250 305/312/305
f 306/313/306 307/314/307 254/260/254
f 306/313/306 254/260/254 253/259/253
f 304/311/304 249/255/249 307/314/307
f 249/255/249 254/260/254 307/314/307
f 308/315/308 309/316/309 257/263/257
f 309/316/309 258/264/258 257/263/257
f 306/313/306 253/259/253 258/264/258
f 306/313/306 258/264/258 309/316/309
f 310/317/310 311/318/311 262/268/262
f 310/317/310 262/268/262 261/267/261
f 308/315/308 257/263/257 262/268/262
f 308/315/308 262/268/262 311/318/311
f 312/319/312 313/320/313 266/272/266
f 312/319/312 266/272/266 265/271/265
f 310/317/310 261/267/261 266/272/266
f 310/317/310 266/272/266 313/320/313
f 314/321/314 315/322/315 269/275/269
f 315/322/315 270/276/270 269/275/269
f 312/319/312 265/271/265 270/276/270
f 312/319/312 270/276/270 315/322/315
f 316/323/316 317/324/317 273/279/273
f 317/324/317 274/280/274 273/279/273
f 314/321/314 269/275/269 317/324/317
f 269/275/269 274/280/274 317/324/317
f 318/325/318 319/326/319 278/284/278
f 318/325/318 278/284/278 277/283/277
f 316/323/316 273/279/273 278/284/278
f 316/323/316 278/284/278 319/326/319
f 320/327/320 321/328/321 282/288/282
f 320/327/320 282/288/282 281/287/281
f 318/325/318 277/283/277 282/288/282
f 318/325/318 282/288/282 321/328/321
f 322/329/322 323/330/323 286/292/286
f 322/329/322 286/292/286 285/291/285
f 320/327/320 281/287/281 323/330/323
f 281/287/281 286/292/286 323/330/323
f 221/225/221 291/297/291 324/331/324
f 221/225/221 324/331/324 288/294/288
f 322/329/322 285/291/285 288/294/288
f 322/329/322 288/294/288 324/331/324
f 325/332/325 326/333/326 327/334/327
f 325/332/325 327/334/327 328/335/328
f 329/336/329 330/337/330 331/338/331
f 329/336/329 331/338/331 332/339/332
f 333/340/333 334/341/334 335/342/335
f 333/340/333 335/342/335 336/343/336
f 337/344/337 338/345/338 339/346/339
f 338/345/338 340/347/340 339/346/339
f 341/348/341 342/349/342 343/350/343
f 341/348/341 343/350/343 344/351/344
f 345/352/345 346/353/346 347/354/347
f 345/352/345 347/354/347 348/355/348
f 349/356/349 350/357/350 351/358/351
f 349/356/349 351/358/351 352/359/352
f 353/360/353 354/361/354 355/362/355
f 354/361/354 356/363/356 355/362/355
f 357/364/357 358/365/358 359/366/359
f 357/364/357 359/366/359 360/367/360
f 361/368/361 362/369/362 363/370/363
f 362/369/362 364/371/364 363/370/363
f 365/372/365 366/373/366 367/374/367
f 365/372/365 367/374/367 368/375/368
f 369/376/369 370/377/370 371/378/371
f 369/376/369 371/378/371 372/379/372
f 373/380/373 374/381/374 375/382/375
f 374/381/374 376/383/376 375/382/375
f 377/384/377 378/385/378 379/386/379
f 377/384/377 379/386/379 380/387/380
f 381/388/381 382/389/382 383/390/383
f 381/388/381 383/390/383 384/391/384
f 385/392/385 386/393/386 387/394/387
f 385/392/385 387/394/387 388/395/388
f 389/396/389 390/397/390 391/398/391
f 390/397/390 392/399/392 391/398/391
f 393/400/393 394/401/394 395/402/395
f 393/400/393 395/402/395 396/403/396
f 328/335/328 327/334/327 397/404/397
f 327/334/327 398/405/398 397/404/397
f 399/406/399 329/336/329 332/339/332
f 399/406/399 332/339/332 400/407/400
f 401/408/401 333/340/333 402/409/402
f 333/340/333 336/343/336 402/409/402
f 403/410/403 337/344/337 404/411/404
f 337/344/337 339/346/339 404/411/404
f 405/412/405 341/348/341 406/413/406
f 341/348/341 344/351/344 406/413/406
f 407/414/407 345/352/345 408/415/408
f 345/352/345 348/355/348 408/415/408
f 409/416/409 349/356/349 410/417/410
f 349/356/349 352/359/352 410/417/410
f 411/418/411 353/360/353 412/419/412
f 353/360/353 355/362/355 412/419/412
f 413/420/413 357/364/357 414/421/414
f 357/364/357 360/367/360 414/421/414
f 415/422/415 361/368/361 416/423/416
f 361/368/361 363/370/363 416/423/416
f 417/424/417 365/372/365 418/425/418
f 365/372/365 368/375/368 418/425/418
f 419/426/419 369/376/369 420/427/420
f 369/376/369 372/379/372 420/427/420
f 421/428/421 373/380/373 422/429/422
f 373/380/373 375/382/375 422/429/422
f 423/430/423 377/384/377 380/387/380
f 423/430/423 380/387/380 424/431/424
f 425/432/425 381/388/381 384/391/384
f 425/432/425 384/391/384 426/433/426
f 427/434/427 385/392/385 388/395/388
f 427/434/427 388/395/388 428/435/428
f 429/436/429 389/396/389 430/437/430
f 389/396/389 391/398/391 430/437/430
f 431/438/431 393/400/393 432/439/432
f 393/400/393 396/403/396 432/439/432
f 398/405/398 399/406/399 433/440/433
f 398/405/398 433/440/433 434/441/434
f 397/404/397 398/405/398 435/442/435
f 398/405/398 434/441/434 435/442/435
f 400/407/400 401/408/401 436/443/436
f 401/408/401 437/444/437 436/443/436
f 399/406/399 400/407/400 433/440/433
f 400/407/400 436/443/436 433/440/433
f 402/409/402 403/410/403 438/445/438
f 402/409/402 438/445/438 439/446/439
f 401/408/401 402/409/402 439/446/439
f 401/408/401 439/446/439 437/444/437
f 404/411/404 405/412/405 440/447/440
f 405/412/405 441/448/441 440/447/440
f 403/410/403 404/411/404 440/447/440
f 403/410/403 440/447/440 438/445/438
f 406/449/406 407/414/407 442/450/442
f 407/414/407 443/451/443 442/450/442
f 405/412/405 406/413/406 442/452/442
f 405/412/405 442/452/442 441/448/441
f 408/415/408 409/416/409 444/453/444
f 408/415/408 444/453/444 445/454/445
f 407/414/407 408/415/408 445/454/445
f 407/414/407 445/454/445 443/451/443
f 410/417/410 411/418/411 446/455/446
f 411/418/411 447/456/447 446/455/446
f 409/416/409 410/417/410 446/455/446
f 409/416/409 446/455/446 444/453/444
f 412/419/412 413/420/413 448/457/448
f 412/419/412 448/457/448 449/458/449
f 411/418/411 412/419/412 449/458/449
f 411/418/411 449/458/449 447/456/447
f 414/421/414 415/422/415 450/459/450
f 414/421/414 450/459/450 451/460/451
f 413/420/413 414/421/414 448/457/448
f 414/421/414 451/460/451 448/457/448
f 416/423/416 417/424/417 452/461/452
f 416/423/416 452/461/452 453/462/453
f 415/422/415 416/423/416 450/459/450
f 416/423/416 453/462/453 450/459/450
f 418/425/418 419/426/419 454/463/454
f 419/426/419 455/464/455 454/463/454
f 417/424/417 418/425/418 454/463/454
f 417/424/417 454/463/454 452/461/452
f 420/427/420 421/428/421 456/465/456
f 420/427/420 456/465/456 457/466/457
f 419/426/419 420/427/420 457/466/457
f 419/426/419 457/466/457 455/464/455
f 422/429/422 423/430/423 458/467/458
f 423/430/423 459/468/459 458/467/458
f 421/428/421 422/429/422 456/465/456
f 422/429/422 458/467/458 456/465/456
f 424/431/424 425/432/425 460/469/460
f 424/431/424 460/469/460 461/470/461
f 423/430/423 424/431/424 461/470/461
f 423/430/423 461/470/461 459/468/459
f 426/433/426 427/434/427 462/471/462
f 427/434/427 463/472/463 462/471/462
f 425/432/425 426/433/426 462/471/462
f 425/432/425 462/471/462 460/469/460
f 428/435/428 429/436/429 464/473/464
f 429/436/429 465/474/465 464/473/464
f 427/434/427 428/435/428 464/473/464
f 427/434/427 464/473/464 463/472/463
f 430/437/430 431/438/431 466/475/466
f 430/437/430 466/475/466 467/476/467
f 429/436/429 430/437/430 467/476/467
f 429/436/429 467/476/467 465/474/465
f 432/439/432 397/404/397 435/442/435
f 432/439/432 435/442/435 468/477/468
f 431/438/431 432/439/432 468/477/468
f 431/438/431 468/477/468 466/475/466
f 469/478/469 470/479/470 471/480/471
f 469/478/469 471/480/471 472/481/472
f 473/482/473 469/478/469 474/483/474
f 469/478/469 472/481/472 474/483/474
f 475/484/475 473/482/473 474/483/474
f 475/484/475 474/483/474 476/485/476
f 477/486/477 475/484/475 478/487/478
f 475/484/475 476/485/476 478/487/478
f 479/488/479 477/486/477 478/487/478
f 479/488/479 478/487/478 480/489/480
f 481/490/481 479/488/479 480/489/480
f 481/490/481 480/489/480 482/491/482
f 483/492/483 481/490/481 484/493/484
f 481/490/481 482/491/482 484/493/484
f 485/494/485 483/492/483 484/493/484
f 485/494/485 484/493/484 486/495/486
f 487/496/487 485/494/485 486/495/486
f 487/496/487 486/495/486 488/497/488
f 489/498/489 487/499/487 488/500/488
f 489/498/489 488/500/488 490/501/490
f 491/502/491 489/498/489 490/501/490
f 491/502/491 490/501/490 492/503/492
f 493/504/493 491/502/491 492/503/492
f 493/504/493 492/503/492 494/505/494
f 495/506/495 493/504/493 494/505/494
f 495/506/495 494/505/494 496/507/496
f 497/508/497 495/506/495 498/509/498
f 495/506/495 496/507/496 498/509/498
f 499/510/499 497/508/497 498/509/498
f 499/510/499 498/509/498 500/511/500
f 501/512/501 499/510/499 502/513/502
f 499/510/499 500/511/500 502/513/502
f 503/514/503 501/512/501 502/513/502
f 503/514/503 502/513/502 504/515/504
f 505/516/505 503/514/503 506/517/506
f 503/514/503 504/515/504 506/517/506
f 507/518/507 505/516/505 506/517/506
f 507/518/507 506/517/506 508/519/508
f 509/520/509 507/518/507 510/521/510
f 507/518/507 508/519/508 510/521/510
f 511/522/511 509/520/509 510/521/510
f 511/522/511 510/521/510 512/523/512
f 513/524/513 511/522/511 514/525/514
f 511/522/511 512/523/512 514/525/514
f 515/526/515 513/524/513 516/527/516
f 513/524/513 514/525/514 516/527/516
f 517/528/517 515/526/515 516/527/516
f 517/528/517 516/527/516 518/529/518
f 519/530/519 517/528/517 520/531/520
f 517/528/517 518/529/518 520/531/520
f 521/532/521 519/530/519 520/531/520
f 521/532/521 520/531/520 522/533/522
f 523/534/523 521/532/521 524/535/524
f 521/532/521 522/533/522 524/535/524
f 525/536/525 523/534/523 526/537/526
f 523/534/523 524/535/524 526/537/526
f 527/538/527 525/536/525 526/537/526
f 527/538/527 526/537/526 528/539/528
f 529/540/529 527/538/527 528/539/528
f 529/540/529 528/539/528 530/541/530
f 531/542/531 529/540/529 532/543/532
f 529/540/529 530/541/530 532/543/532
f 533/544/533 531/542/531 532/543/532
f 533/544/533 532/543/532 534/545/534
f 535/546/535 533/544/533 536/547/536
f 533/544/533 534/545/534 536/547/536
f 537/548/537 535/546/535 538/549/538
f 535/546/535 536/547/536 538/549/538
f 539/550/539 537/548/537 540/551/540
f 537/548/537 538/549/538 540/551/540
f 470/479/470 539/550/539 540/551/540
f 470/479/470 540/551/540 471/480/471
f 469/478/469 473/482/473 541/552/541
f 469/478/469 541/552/541 542/553/542
f 470/479/470 469/478/469 543/554/543
f 469/478/469 542/553/542 543/554/543
f 475/484/475 477/486/477 544/555/544
f 475/484/475 544/555/544 545/556/545
f 473/482/473 475/484/475 541/552/541
f 475/484/475 545/556/545 541/552/541
f 479/488/479 481/490/481 546/557/546
f 479/488/479 546/557/546 547/558/547
f 477/486/477 479/488/479 544/555/544
f 479/488/479 547/558/547 544/555/544
f 483/492/483 485/494/485 548/559/548
f 483/492/483 548/559/548 549/560/549
f 481/490/481 483/492/483 546/557/546
f 483/492/483 549/560/549 546/557/546
f 487/499/487 489/498/489 550/561/550
f 487/499/487 550/561/550 551/562/551
f 485/494/485 487/496/487 548/559/548
f 487/496/487 551/563/551 548/559/548
f 491/502/491 493/504/493 552/564/552
f 491/502/491 552/564/552 553/565/553
f 489/498/489 491/502/491 550/561/550
f 491/502/491 553/565/553 550/561/550
f 495/506/495 497/508/497 554/566/554
f 495/506/495 554/566/554 555/567/555
f 493/504/493 495/506/495 552/564/552
f 495/506/495 555/567/555 552/564/552
f 499/510/499 501/512/501 556/568/556
f 499/510/499 556/568/556 557/569/557
f 497/508/497 499/510/499 554/566/554
f 499/510/499 557/569/557 554/566/554
f 503/514/503 505/516/505 558/570/558
f 503/514/503 558/570/558 559/571/559
f 501/512/501 503/514/503 556/568/556
f 503/514/503 559/571/559 556/568/556
f 507/518/507 509/520/509 560/572/560
f 507/518/507 560/572/560 561/573/561
f 505/516/505 507/518/507 558/570/558
f 507/518/507 561/573/561 558/570/558
f 511/522/511 513/524/513 562/574/562
f 511/522/511 562/574/562 563/575/563
f 509/520/509 511/522/511 560/572/560
f 511/522/511 563/575/563 560/572/560
f 515/526/515 517/528/517 564/576/564
f 515/526/515 564/576/564 565/577/565
f 513/524/513 515/526/515 562/574/562
f 515/526/515 565/577/565 562/574/562
f 519/530/519 521/532/521 566/578/566
f 519/530/519 566/578/566 567/579/567
f 517/528/517 519/530/519 564/576/564
f 519/530/519 567/579/567 564/576/564
f 523/534/523 525/536/525 568/580/568
f 523/534/523 568/580/568 569/581/569
f 521/532/521 523/534/523 566/578/566
f 523/534/523 569/581/569 566/578/566
f 527/538/527 529/540/529 570/582/570
f 527/538/527 570/582/570 571/583/571
f 525/536/525 527/538/527 568/580/568
f 527/538/527 571/583/571 568/580/568
f 531/542/531 533/544/533 572/584/572
f 531/542/531 572/584/572 573/585/573
f 529/540/529 531/542/531 570/582/570
f 531/542/531 573/585/573 570/582/570
f 535/546/535 537/548/537 574/586/574
f 535/546/535 574/586/574 575/587/575
f 533/544/533 535/546/535 572/584/572
f 535/546/535 575/587/575 572/584/572
f 539/550/539 470/479/470 543/554/543
f 539/550/539 543/554/543 576/588/576
f 537/548/537 539/550/539 574/586/574
f 539/550/539 576/588/576 574/586/574
f 472/481/472 471/480/471 435/442/435
f 472/481/472 435/442/435 434/441/434
f 474/483/474 472/481/472 434/441/434
f 474/483/474 434/441/434 433/440/433
f 476/485/476 474/483/474 433/440/433
f 476/485/476 433/440/433 436/443/436
f 478/487/478 476/485/476 436/443/436
f 478/487/478 436/443/436 437/444/437
f 480/489/480 478/487/478 439/446/439
f 478/487/478 437/444/437 439/446/439
f 482/491/482 480/489/480 438/445/438
f 480/489/480 439/446/439 438/445/438
f 484/493/484 482/491/482 438/445/438
f 484/493/484 438/445/438 440/447/440
f 486/495/486 484/493/484 441/448/441
f 484/493/484 440/447/440 441/448/441
f 488/497/488 486/495/486 441/448/441
f 488/497/488 441/448/441 442/452/442
f 490/501/490 488/500/488 443/451/443
f 488/500/488 442/450/442 443/451/443
f 492/503/492 490/501/490 443/451/443
f 492/503/492 443/451/443 445/454/445
f 494/505/494 492/503/492 444/453/444
f 492/503/492 445/454/445 444/453/444
f 496/507/496 494/505/494 446/455/446
f 494/505/494 444/453/444 446/455/446
f 498/509/498 496/507/496 446/455/446
f 498/509/498 446/455/446 447/456/447
f 500/511/500 498/509/498 449/458/449
f 498/509/498 447/456/447 449/458/449
f 502/513/502 500/511/500 449/458/449
f 502/513/502 449/458/449 448/457/448
f 504/515/504 502/513/502 451/460/451
f 502/513/502 448/457/448 451/460/451
f 506/517/506 504/515/504 451/460/451
f 506/517/506 451/460/451 450/459/450
f 508/519/508 506/517/506 453/462/453
f 506/517/506 450/459/450 453/462/453
f 510/521/510 508/519/508 453/462/453
f 510/521/510 453/462/453 452/461/452
f 512/523/512 510/521/510 454/463/454
f 510/521/510 452/461/452 454/463/454
f 514/525/514 512/523/512 454/463/454
f 514/525/514 454/463/454 455/464/455
f 516/527/516 514/525/514 457/466/457
f 514/525/514 455/464/455 457/466/457
f 518/529/518 516/527/516 456/465/456
f 516/527/516 457/466/457 456/465/456
f 520/531/520 518/529/518 456/465/456
f 520/531/520 456/465/456 458/467/458
f 522/533/522 520/531/520 459/468/459
f 520/531/520 458/467/458 459/468/459
f 524/535/524 522/533/522 459/468/459
f 524/535/524 459/468/459 461/470/461
f 526/537/526 524/535/524 460/469/460
f 524/535/524 461/470/461 460/469/460
f 528/539/528 526/537/526 462/471/462
f 526/537/526 460/469/460 462/471/462
f 530/541/530 528/539/528 462/471/462
f 530/541/530 462/471/462 463/472/463
f 532/543/532 530/541/530 463/472/463
f 532/543/532 463/472/463 464/473/464
f 534/545/534 532/543/532 465/474/465
f 532/543/532 464/473/464 465/474/465
f 536/547/536 534/545/534 465/474/465
f 536/547/536 465/474/465 467/476/467
f 538/549/538 536/547/536 467/476/467
f 538/549/538 467/476/467 466/475/466
f 540/551/540 538/549/538 468/477/468
f 538/549/538 466/475/466 468/477/468
f 471/480/471 540/551/540 435/442/435
f 540/551/540 468/477/468 435/442/435
f 577/589/577 578/590/578 542/591/579
f 577/589/577 542/591/579 541/592/580
f 543/593/581 542/591/579 579/594/582
f 542/591/579 578/590/578 579/594/582
f 580/595/583 581/596/584 545/597/585
f 580/595/583 545/597/585 544/598/586
f 577/589/577 541/592/580 545/597/585
f 577/589/577 545/597/585 581/596/584
f 582/599/587 583/600/588 546/601/589
f 583/600/588 547/602/590 546/601/589
f 580/595/583 544/598/586 547/602/590
f 580/595/583 547/602/590 583/600/588
f 584/603/591 585/604/592 548/605/593
f 585/604/592 549/606/594 548/605/593
f 582/599/587 546/601/589 585/604/592
f 546/601/589 549/606/594 585/604/592
f 586/607/595 587/608/596 550/609/597
f 587/608/596 551/610/598 550/609/597
f 584/603/591 548/605/593 587/608/596
f 548/605/593 551/610/598 587/608/596
f 588/611/599 589/612/600 552/613/601
f 589/612/600 553/614/602 552/613/601
f 586/607/595 550/609/597 553/614/602
f 586/607/595 553/614/602 589/612/600
f 590/615/603 591/616/604 554/617/605
f 591/616/604 555/618/606 554/617/605
f 588/611/599 552/613/601 591/616/604
f 552/613/601 555/618/606 591/616/604
f 592/619/607 593/620/608 557/621/609
f 592/619/607 557/621/609 556/622/610
f 590/615/603 554/617/605 557/621/609
f 590/615/603 557/621/609 593/620/608
f 594/623/611 595/624/612 559/625/613
f 594/623/611 559/625/613 558/626/614
f 592/619/607 556/622/610 559/625/613
f 592/619/607 559/625/613 595/624/612
f 596/627/615 597/628/616 561/629/617
f 596/627/615 561/629/617 560/630/618
f 594/623/611 558/626/614 561/629/617
f 594/623/611 561/629/617 597/628/616
f 598/631/619 599/632/620 563/633/621
f 598/631/619 563/633/621 562/634/622
f 596/627/615 560/630/618 563/633/621
f 596/627/615 563/633/621 599/632/620
f 600/635/623 601/636/624 564/637/625
f 601/636/624 565/638/626 564/637/625
f 598/631/619 562/634/622 601/636/624
f 562/634/622 565/638/626 601/636/624
f 602/639/627 603/640/628 567/641/629
f 602/639/627 567/641/629 566/642/630
f 600/635/623 564/637/625 603/640/628
f 564/637/625 567/641/629 603/640/628
f 604/643/631 605/644/632 568/645/633
f 605/644/632 569/646/634 568/645/633
f 602/639/627 566/642/630 569/646/634
f 602/639/627 569/646/634 605/644/632
f 606/647/635 607/648/636 571/649/637
f 606/647/635 571/649/637 570/650/638
f 604/643/631 568/645/633 607/648/636
f 568/645/633 571/649/637 607/648/636
f 608/651/639 609/652/640 573/653/641
f 608/651/639 573/653/641 572/654/642
f 606/647/635 570/650/638 573/653/641
f 606/647/635 573/653/641 609/652/640
f 610/655/643 611/656/644 574/657/645
f 611/656/644 575/658/646 574/657/645
f 608/651/639 572/654/642 611/656/644
f 572/654/642 575/658/646 611/656/644
f 543/593/581 579/594/582 576/659/647
f 579/594/582 612/660/648 576/659/647
f 610/655/643 574/657/645 576/659/647
f 610/655/643 576/659/647 612/660/648
f 613/661/649 614/662/650 615/663/651
f 614/662/650 616/664/652 615/663/651
f 617/665/653 613/661/649 615/663/651
f 617/665/653 615/663/651 618/666/654
f 619/667/655 620/668/656 621/669/657
f 620/668/656 622/670/658 621/669/657
f 614/662/650 619/667/655 621/669/657
f 614/662/650 621/669/657 616/664/652
f 623/671/659 624/672/660 625/673/661
f 624/672/660 626/674/662 625/673/661
f 620/668/656 623/671/659 625/673/661
f 620/668/656 625/673/661 622/670/658
f 627/675/663 628/676/664 629/677/665
f 628/676/664 630/678/666 629/677/665
f 624/672/660 627/675/663 629/677/665
f 624/672/660 629/677/665 626/674/662
f 631/679/667 632/680/668 633/681/669
f 632/680/668 634/682/670 633/681/669
f 628/676/664 631/683/667 633/684/669
f 628/676/664 633/684/669 630/678/666
f 635/685/671 636/686/672 637/687/673
f 636/686/672 638/688/674 637/687/673
f 632/680/668 635/685/671 637/687/673
f 632/680/668 637/687/673 634/682/670
f 639/689/675 640/690/676 641/691/677
f 640/690/676 642/692/678 641/691/677
f 636/686/672 639/689/675 641/691/677
f 636/686/672 641/691/677 638/688/674
f 643/693/679 644/694/680 645/695/681
f 644/694/680 646/696/682 645/695/681
f 640/690/676 643/693/679 645/695/681
f 640/690/676 645/695/681 642/692/678
f 647/697/683 648/698/684 649/699/685
f 648/698/684 650/700/686 649/699/685
f 644/694/680 647/697/683 649/699/685
f 644/694/680 649/699/685 646/696/682
f 651/701/687 652/702/688 653/703/689
f 652/702/688 654/704/690 653/703/689
f 648/698/684 651/701/687 653/703/689
f 648/698/684 653/703/689 650/700/686
f 655/705/691 656/706/692 657/707/693
f 656/706/692 658/708/694 657/707/693
f 652/702/688 655/705/691 657/707/693
f 652/702/688 657/707/693 654/704/690
f 659/709/695 660/710/696 661/711/697
f 660/710/696 662/712/698 661/711/697
f 656/706/692 659/709/695 661/711/697
f 656/706/692 661/711/697 658/708/694
f 663/713/699 664/714/700 665/715/701
f 664/714/700 666/716/702 665/715/701
f 660/710/696 663/713/699 665/715/701
f 660/710/696 665/715/701 662/712/698
f 667/717/703 668/718/704 669/719/705
f 668/718/704 670/720/706 669/719/705
f 664/714/700 667/717/703 669/719/705
f 664/714/700 669/719/705 666/716/702
f 671/721/707 672/722/708 673/723/709
f 672/722/708 674/724/710 673/723/709
f 668/718/704 671/721/707 673/723/709
f 668/718/704 673/723/709 670/720/706
f 675/725/711 676/726/712 677/727/713
f 676/726/712 678/728/714 677/727/713
f 672/722/708 675/725/711 677/727/713
f 672/722/708 677/727/713 674/724/710
f 679/729/715 680/730/716 681/731/717
f 680/730/716 682/732/718 681/731/717
f 676/726/712 679/729/715 681/731/717
f 676/726/712 681/731/717 678/728/714
f 683/733/719 617/665/653 684/734/720
f 617/665/653 618/666/654 684/734/720
f 680/730/716 683/733/719 684/734/720
f 680/730/716 684/734/720 682/732/718
f 685/735/721 686/736/722 615/663/651
f 685/735/721 615/663/651 616/664/652
f 618/666/654 615/663/651 687/737/723
f 615/663/651 686/736/722 687/737/723
f 688/738/724 689/739/725 621/669/657
f 688/738/724 621/669/657 622/670/658
f 685/735/721 616/664/652 621/669/657
f 685/735/721 621/669/657 689/739/725
f 690/740/726 691/741/727 625/673/661
f 690/740/726 625/673/661 626/674/662
f 688/738/724 622/670/658 625/673/661
f 688/738/724 625/673/661 691/741/727
f 692/742/728 693/743/729 629/677/665
f 692/742/728 629/677/665 630/678/666
f 690/740/726 626/674/662 629/677/665
f 690/740/726 629/677/665 693/743/729
f 694/744/730 695/745/731 633/681/669
f 694/744/730 633/681/669 634/682/670
f 692/742/728 630/678/666 633/684/669
f 692/742/728 633/684/669 695/746/731
f 696/747/732 697/748/733 637/687/673
f 696/747/732 637/687/673 638/688/674
f 694/744/730 634/682/670 637/687/673
f 694/744/730 637/687/673 697/748/733
f 698/749/734 699/750/735 641/691/677
f 698/749/734 641/691/677 642/692/678
f 696/747/732 638/688/674 641/691/677
f 696/747/732 641/691/677 699/750/735
f 700/751/736 701/752/737 645/695/681
f 700/751/736 645/695/681 646/696/682
f 698/749/734 642/692/678 645/695/681
f 698/749/734 645/695/681 701/752/737
f 702/753/738 703/754/739 649/699/685
f 702/753/738 649/699/685 650/700/686
f 700/751/736 646/696/682 649/699/685
f 700/751/736 649/699/685 703/754/739
f 704/755/740 705/756/741 653/703/689
f 704/755/740 653/703/689 654/704/690
f 702/753/738 650/700/686 653/703/689
f 702/753/738 653/703/689 705/756/741
f 706/757/742 707/758/743 657/707/693
f 706/757/742 657/707/693 658/708/694
f 704/755/740 654/704/690 657/707/693
f 704/755/740 657/707/693 707/758/743
f 708/759/744 709/760/745 661/711/697
f 708/759/744 661/711/697 662/712/698
f 706/757/742 658/708/694 661/711/697
f 706/757/742 661/711/697 709/760/745
f 710/761/746 711/762/747 665/715/701
f 710/761/746 665/715/701 666/716/702
f 708/759/744 662/712/698 665/715/701
f 708/759/744 665/715/701 711/762/747
f 712/763/748 713/764/749 669/719/705
f 712/763/748 669/719/705 670/720/706
f 710/761/746 666/716/702 669/719/705
f 710/761/746 669/719/705 713/764/749
f 714/765/750 715/766/751 673/723/709
f 714/765/750 673/723/709 674/724/710
f 712/763/748 670/720/706 673/723/709
f 712/763/748 673/723/709 715/766/751
f 716/767/752 717/768/753 678/728/714
f 717/768/753 677/727/713 678/728/714
f 714/765/750 674/724/710 677/727/713
f 714/765/750 677/727/713 717/768/753
f 718/769/754 719/770/755 681/731/717
f 718/769/754 681/731/717 682/732/718
f 716/767/752 678/728/714 681/731/717
f 716/767/752 681/731/717 719/770/755
f 618/666/654 687/737/723 684/734/720
f 687/737/723 720/771/756 684/734/720
f 718/769/754 682/732/718 684/734/720
f 718/769/754 684/734/720 720/771/756
f 721/772/757 614/662/650 613/661/649
f 721/772/757 613/661/649 722/773/758
f 613/661/649 617/665/653 723/774/759
f 613/661/649 723/774/759 722/773/758
f 723/774/759 724/775/760 722/773/758
f 724/775/760 725/776/761 722/773/758
f 725/776/761 726/777/762 721/772/757
f 725/776/761 721/772/757 722/773/758
f 727/778/763 620/668/656 728/779/764
f 620/668/656 619/667/655 728/779/764
f 619/667/655 614/662/650 728/779/764
f 614/662/650 721/772/757 728/779/764
f 721/772/757 726/777/762 729/780/765
f 721/772/757 729/780/765 728/779/764
f 729/780/765 730/781/766 727/778/763
f 729/780/765 727/778/763 728/779/764
f 731/782/767 624/672/660 732/783/768
f 624/672/660 623/671/659 732/783/768
f 623/671/659 620/668/656 732/783/768
f 620/668/656 727/778/763 732/783/768
f 727/778/763 730/781/766 732/783/768
f 730/781/766 733/784/769 732/783/768
f 733/784/769 734/785/770 731/782/767
f 733/784/769 731/782/767 732/783/768
f 735/786/771 628/676/664 736/787/772
f 628/676/664 627/675/663 736/787/772
f 627/675/663 624/672/660 736/787/772
f 624/672/660 731/782/767 736/787/772
f 731/782/767 734/785/770 736/787/772
f 734/785/770 737/788/773 736/787/772
f 737/788/773 738/789/774 735/786/771
f 737/788/773 735/786/771 736/787/772
f 739/790/775 632/680/668 740/791/776
f 632/680/668 631/679/667 740/791/776
f 631/683/667 628/676/664 740/792/776
f 628/676/664 735/786/771 740/792/776
f 735/786/771 738/789/774 740/792/776
f 738/789/774 741/793/777 740/792/776
f 741/794/777 742/795/778 740/791/776
f 742/795/778 739/790/775 740/791/776
f 743/796/779 636/686/672 744/797/780
f 636/686/672 635/685/671 744/797/780
f 635/685/671 632/680/668 744/797/780
f 632/680/668 739/790/775 744/797/780
f 739/790/775 742/795/778 745/798/781
f 739/790/775 745/798/781 744/797/780
f 745/798/781 746/799/782 744/797/780
f 746/799/782 743/796/779 744/797/780
f 747/800/783 640/690/676 748/801/784
f 640/690/676 639/689/675 748/801/784
f 639/689/675 636/686/672 748/801/784
f 636/686/672 743/796/779 748/801/784
f 743/796/779 746/799/782 749/802/785
f 743/796/779 749/802/785 748/801/784
f 749/802/785 750/803/786 748/801/784
f 750/803/786 747/800/783 748/801/784
f 751/804/787 644/694/680 752/805/788
f 644/694/680 643/693/679 752/805/788
f 643/693/679 640/690/676 752/805/788
f 640/690/676 747/800/783 752/805/788
f 747/800/783 750/803/786 752/805/788
f 750/803/786 753/806/789 752/805/788
f 753/806/789 754/807/790 752/805/788
f 754/807/790 751/804/787 752/805/788
f 755/808/791 648/698/684 756/809/792
f 648/698/684 647/697/683 756/809/792
f 647/697/683 644/694/680 756/809/792
f 644/694/680 751/804/787 756/809/792
f 751/804/787 754/807/790 756/809/792
f 754/807/790 757/810/793 756/809/792
f 757/810/793 758/811/794 756/809/792
f 758/811/794 755/808/791 756/809/792
f 759/812/795 652/702/688 760/813/796
f 652/702/688 651/701/687 760/813/796
f 651/701/687 648/698/684 760/813/796
f 648/698/684 755/808/791 760/813/796
f 755/808/791 758/811/794 760/813/796
f 758/811/794 761/814/797 760/813/796
f 761/814/797 762/815/798 760/813/796
f 762/815/798 759/812/795 760/813/796
f 763/816/799 656/706/692 764/817/800
f 656/706/692 655/705/691 764/817/800
f 655/705/691 652/702/688 764/817/800
f 652/702/688 759/812/795 764/817/800
f 759/812/795 762/815/798 764/817/800
f 762/815/798 765/818/801 764/817/800
f 765/818/801 766/819/802 764/817/800
f 766/819/802 763/816/799 764/817/800
f 767/820/803 660/710/696 659/709/695
f 767/820/803 659/709/695 768/821/804
f 659/709/695 656/706/692 768/821/804
f 656/706/692 763/816/799 768/821/804
f 763/816/799 766/819/802 769/822/805
f 763/816/799 769/822/805 768/821/804
f 769/822/805 770/823/806 767/820/803
f 769/822/805 767/820/803 768/821/804
f 771/824/807 664/714/700 772/825/808
f 664/714/700 663/713/699 772/825/808
f 663/713/699 660/710/696 772/825/808
f 660/710/696 767/820/803 772/825/808
f 767/820/803 770/823/806 773/826/809
f 767/820/803 773/826/809 772/825/808
f 773/826/809 774/827/810 771/824/807
f 773/826/809 771/824/807 772/825/808
f 775/828/811 668/718/704 776/829/812
f 668/718/704 667/717/703 776/829/812
f 667/717/703 664/714/700 776/829/812
f 664/714/700 771/824/807 776/829/812
f 771/824/807 774/827/810 776/829/812
f 774/827/810 777/830/813 776/829/812
f 777/830/813 778/831/814 776/829/812
f 778/831/814 775/828/811 776/829/812
f 779/832/815 672/722/708 780/833/816
f 672/722/708 671/721/707 780/833/816
f 671/721/707 668/718/704 780/833/816
f 668/718/704 775/828/811 780/833/816
f 775/828/811 778/831/814 781/834/817
f 775/828/811 781/834/817 780/833/816
f 781/834/817 782/835/818 779/832/815
f 781/834/817 779/832/815 780/833/816
f 783/836/819 676/726/712 784/837/820
f 676/726/712 675/725/711 784/837/820
f 675/725/711 672/722/708 784/837/820
f 672/722/708 779/832/815 784/837/820
f 779/832/815 782/835/818 784/837/820
f 782/835/818 785/838/821 784/837/820
f 785/838/821 786/839/822 784/837/820
f 786/839/822 783/836/819 784/837/820
f 787/840/823 680/730/716 679/729/715
f 787/840/823 679/729/715 788/841/824
f 679/729/715 676/726/712 788/841/824
f 676/726/712 783/836/819 788/841/824
f 783/836/819 786/839/822 789/842/825
f 783/836/819 789/842/825 788/841/824
f 789/842/825 790/843/826 787/840/823
f 789/842/825 787/840/823 788/841/824
f 723/774/759 617/665/653 683/733/719
f 723/774/759 683/733/719 791/844/827
f 683/733/719 680/730/716 787/840/823
f 683/733/719 787/840/823 791/844/827
f 787/840/823 790/843/826 791/844/827
f 790/843/826 792/845/828 791/844/827
f 792/845/828 724/775/760 791/844/827
f 724/775/760 723/774/759 791/844/827
f 793/846/829 794/847/830 795/848/831
f 793/846/829 795/848/831 796/849/832
f 795/848/831 797/850/833 798/851/834
f 795/848/831 798/851/834 796/849/832
f 798/851/834 687/737/723 796/849/832
f 687/737/723 686/736/722 796/849/832
f 686/736/722 685/735/721 796/849/832
f 685/735/721 793/846/829 796/849/832
f 799/852/835 800/853/836 801/854/837
f 799/852/835 801/854/837 802/855/838
f 801/854/837 794/847/830 802/855/838
f 794/847/830 793/846/829 802/855/838
f 793/846/829 685/735/721 802/855/838
f 685/735/721 689/739/725 802/855/838
f 689/739/725 688/738/724 802/855/838
f 688/738/724 799/852/835 802/855/838
f 803/856/839 804/857/840 805/858/841
f 803/856/839 805/858/841 806/859/842
f 805/858/841 800/853/836 799/852/835
f 805/858/841 799/852/835 806/859/842
f 799/852/835 688/738/724 806/859/842
f 688/738/724 691/741/727 806/859/842
f 691/741/727 690/740/726 806/859/842
f 690/740/726 803/856/839 806/859/842
f 807/860/843 808/861/844 809/862/845
f 808/861/844 810/863/846 809/862/845
f 810/863/846 804/857/840 803/856/839
f 810/863/846 803/856/839 809/862/845
f 803/856/839 690/740/726 809/862/845
f 690/740/726 693/743/729 809/862/845
f 693/743/729 692/742/728 809/862/845
f 692/742/728 807/860/843 809/862/845
f 811/864/847 812/865/848 813/866/849
f 812/865/848 814/867/850 813/866/849
f 814/868/850 808/861/844 813/869/849
f 808/861/844 807/860/843 813/869/849
f 807/860/843 692/742/728 813/869/849
f 692/742/728 695/746/731 813/869/849
f 695/745/731 694/744/730 813/866/849
f 694/744/730 811/864/847 813/866/849
f 815/870/851 816/871/852 817/872/853
f 815/870/851 817/872/853 818/873/854
f 817/872/853 812/865/848 818/873/854
f 812/865/848 811/864/847 818/873/854
f 811/864/847 694/744/730 818/873/854
f 694/744/730 697/748/733 818/873/854
f 697/748/733 696/747/732 818/873/854
f 696/747/732 815/870/851 818/873/854
f 819/874/855 820/875/856 821/876/857
f 820/875/856 822/877/858 821/876/857
f 822/877/858 816/871/852 815/870/851
f 822/877/858 815/870/851 821/876/857
f 815/870/851 696/747/732 821/876/857
f 696/747/732 699/750/735 821/876/857
f 699/750/735 698/749/734 821/876/857
f 698/749/734 819/874/855 821/876/857
f 823/878/859 824/879/860 825/880/861
f 824/879/860 826/881/862 825/880/861
f 826/881/862 820/875/856 825/880/861
f 820/875/856 819/874/855 825/880/861
f 819/874/855 698/749/734 825/880/861
f 698/749/734 701/752/737 825/880/861
f 701/752/737 700/751/736 825/880/861
f 700/751/736 823/878/859 825/880/861
f 827/882/863 828/883/864 829/884/865
f 827/882/863 829/884/865 830/885/866
f 829/884/865 824/879/860 823/878/859
f 829/884/865 823/878/859 830/885/866
f 823/878/859 700/751/736 830/885/866
f 700/751/736 703/754/739 830/885/866
f 703/754/739 702/753/738 830/885/866
f 702/753/738 827/882/863 830/885/866
f 831/886/867 832/887/868 833/888/869
f 832/887/868 834/889/870 833/888/869
f 834/889/870 828/883/864 827/882/863
f 834/889/870 827/882/863 833/888/869
f 827/882/863 702/753/738 833/888/869
f 702/753/738 705/756/741 833/888/869
f 705/756/741 704/755/740 833/888/869
f 704/755/740 831/886/867 833/888/869
f 835/890/871 836/891/872 837/892/873
f 836/891/872 838/893/874 837/892/873
f 838/893/874 832/887/868 837/892/873
f 832/887/868 831/886/867 837/892/873
f 831/886/867 704/755/740 837/892/873
f 704/755/740 707/758/743 837/892/873
f 707/758/743 706/757/742 837/892/873
f 706/757/742 835/890/871 837/892/873
f 839/894/875 840/895/876 841/896/877
f 840/895/876 842/897/878 841/896/877
f 842/897/878 836/891/872 835/890/871
f 842/897/878 835/890/871 841/896/877
f 835/890/871 706/757/742 841/896/877
f 706/757/742 709/760/745 841/896/877
f 709/760/745 708/759/744 841/896/877
f 708/759/744 839/894/875 841/896/877
f 843/898/879 844/899/880 845/900/881
f 843/898/879 845/900/881 846/901/882
f 845/900/881 840/895/876 846/901/882
f 840/895/876 839/894/875 846/901/882
f 839/894/875 708/759/744 846/901/882
f 708/759/744 711/762/747 846/901/882
f 711/762/747 710/761/746 846/901/882
f 710/761/746 843/898/879 846/901/882
f 847/902/883 848/903/884 849/904/885
f 848/903/884 850/905/886 849/904/885
f 850/905/886 844/899/880 843/898/879
f 850/905/886 843/898/879 849/904/885
f 843/898/879 710/761/746 849/904/885
f 710/761/746 713/764/749 849/904/885
f 713/764/749 712/763/748 849/904/885
f 712/763/748 847/902/883 849/904/885
f 851/906/887 852/907/888 853/908/889
f 851/906/887 853/908/889 854/909/890
f 853/908/889 848/903/884 854/909/890
f 848/903/884 847/902/883 854/909/890
f 847/902/883 712/763/748 854/909/890
f 712/763/748 715/766/751 854/909/890
f 715/766/751 714/765/750 854/909/890
f 714/765/750 851/906/887 854/909/890
f 855/910/891 856/911/892 857/912/893
f 856/911/892 858/913/894 857/912/893
f 858/913/894 852/907/888 857/912/893
f 852/907/888 851/906/887 857/912/893
f 851/906/887 714/765/750 857/912/893
f 714/765/750 717/768/753 857/912/893
f 717/768/753 716/767/752 857/912/893
f 716/767/752 855/910/891 857/912/893
f 859/914/895 860/915/896 861/916/897
f 860/915/896 862/917/898 861/916/897
f 862/917/898 856/911/892 861/916/897
f 856/911/892 855/910/891 861/916/897
f 855/910/891 716/767/752 861/916/897
f 716/767/752 719/770/755 861/916/897
f 719/770/755 718/769/754 861/916/897
f 718/769/754 859/914/895 861/916/897
f 798/851/834 797/850/833 863/918/899
f 798/851/834 863/918/899 864/919/900
f 863/918/899 860/915/896 859/914/895
f 863/918/899 859/914/895 864/919/900
f 859/914/895 718/769/754 864/919/900
f 718/769/754 720/771/756 864/919/900
f 720/771/756 687/737/723 864/919/900
f 687/737/723 798/851/834 864/919/900
f 865/920/901 866/921/902 795/848/831
f 865/920/901 795/848/831 794/847/830
f 797/850/833 795/848/831 867/922/903
f 795/848/831 866/921/902 867/922/903
f 868/923/904 869/924/905 801/854/837
f 868/923/904 801/854/837 800/853/836
f 865/920/901 794/847/830 801/854/837
f 865/920/901 801/854/837 869/924/905
f 870/925/906 871/926/907 805/858/841
f 870/925/906 805/858/841 804/857/840
f 868/923/904 800/853/836 805/858/841
f 868/923/904 805/858/841 871/926/907
f 872/927/908 873/928/909 810/863/846
f 872/927/908 810/863/846 808/861/844
f 870/925/906 804/857/840 810/863/846
f 870/925/906 810/863/846 873/928/909
f 874/929/910 875/930/911 814/867/850
f 874/929/910 814/867/850 812/865/848
f 872/927/908 808/861/844 814/868/850
f 872/927/908 814/868/850 875/931/911
f 876/932/912 877/933/913 817/872/853
f 876/932/912 817/872/853 816/871/852
f 874/929/910 812/865/848 817/872/853
f 874/929/910 817/872/853 877/933/913
f 878/934/914 879/935/915 822/877/858
f 878/934/914 822/877/858 820/875/856
f 876/932/912 816/871/852 822/877/858
f 876/932/912 822/877/858 879/935/915
f 880/936/916 881/937/917 826/881/862
f 880/936/916 826/881/862 824/879/860
f 878/934/914 820/875/856 881/937/917
f 820/875/856 826/881/862 881/937/917
f 882/938/918 883/939/919 829/884/865
f 882/938/918 829/884/865 828/883/864
f 880/936/916 824/879/860 829/884/865
f 880/936/916 829/884/865 883/939/919
f 884/940/920 885/941/921 834/889/870
f 884/940/920 834/889/870 832/887/868
f 882/938/918 828/883/864 834/889/870
f 882/938/918 834/889/870 885/941/921
f 886/942/922 887/943/923 836/891/872
f 887/943/923 838/893/874 836/891/872
f 884/940/920 832/887/868 838/893/874
f 884/940/920 838/893/874 887/943/923
f 888/944/924 889/945/925 842/897/878
f 888/944/924 842/897/878 840/895/876
f 886/942/922 836/891/872 842/897/878
f 886/942/922 842/897/878 889/945/925
f 890/946/926 891/947/927 844/899/880
f 891/947/927 845/900/881 844/899/880
f 888/944/924 840/895/876 845/900/881
f 888/944/924 845/900/881 891/947/927
f 892/948/928 893/949/929 850/905/886
f 892/948/928 850/905/886 848/903/884
f 890/946/926 844/899/880 850/905/886
f 890/946/926 850/905/886 893/949/929
f 894/950/930 895/951/931 853/908/889
f 894/950/930 853/908/889 852/907/888
f 892/948/928 848/903/884 853/908/889
f 892/948/928 853/908/889 895/951/931
f 896/952/932 897/953/933 856/911/892
f 897/953/933 858/913/894 856/911/892
f 894/950/930 852/907/888 897/953/933
f 852/907/888 858/913/894 897/953/933
f 898/954/934 899/955/935 862/917/898
f 898/954/934 862/917/898 860/915/896
f 896/952/932 856/911/892 899/955/935
f 856/911/892 862/917/898 899/955/935
f 797/850/833 867/922/903 863/918/899
f 867/922/903 900/956/936 863/918/899
f 898/954/934 860/915/896 863/918/899
f 898/954/934 863/918/899 900/956/936
f 866/921/902 865/920/901 901/957/937
f 865/920/901 902/958/938 901/957/937
f 903/959/939 901/957/937 904/960/940
f 901/957/937 905/961/941 904/960/940
f 903/959/939 867/922/903 901/957/937
f 867/922/903 866/921/902 901/957/937
f 869/924/905 868/923/904 906/962/942
f 868/923/904 907/963/943 906/962/942
f 908/964/944 902/958/938 906/962/942
f 908/964/944 906/962/942 909/965/945
f 902/958/938 865/920/901 906/962/942
f 865/920/901 869/924/905 906/962/942
f 871/926/907 870/925/906 910/966/946
f 870/925/906 911/967/947 910/966/946
f 912/968/948 907/963/943 910/966/946
f 912/968/948 910/966/946 913/969/949
f 907/963/943 868/923/904 910/966/946
f 868/923/904 871/926/907 910/966/946
f 873/928/909 872/927/908 914/970/950
f 872/927/908 915/971/951 914/970/950
f 916/972/952 911/967/947 914/970/950
f 916/972/952 914/970/950 917/973/953
f 911/967/947 870/925/906 914/970/950
f 870/925/906 873/928/909 914/970/950
f 875/930/911 874/929/910 918/974/954
f 874/929/910 919/975/955 918/974/954
f 920/976/956 915/971/951 918/977/954
f 920/976/956 918/977/954 921/978/957
f 915/971/951 872/927/908 918/977/954
f 872/927/908 875/931/911 918/977/954
f 877/933/913 876/932/912 922/979/958
f 876/932/912 923/980/959 922/979/958
f 924/981/960 919/975/955 922/979/958
f 924/981/960 922/979/958 925/982/961
f 919/975/955 874/929/910 922/979/958
f 874/929/910 877/933/913 922/979/958
f 879/935/915 878/934/914 926/983/962
f 878/934/914 927/984/963 926/983/962
f 928/985/964 923/980/959 926/983/962
f 928/985/964 926/983/962 929/986/965
f 923/980/959 876/932/912 926/983/962
f 876/932/912 879/935/915 926/983/962
f 881/937/917 880/936/916 930/987/966
f 880/936/916 931/988/967 930/987/966
f 932/989/968 927/984/963 930/987/966
f 932/989/968 930/987/966 933/990/969
f 927/984/963 878/934/914 930/987/966
f 878/934/914 881/937/917 930/987/966
f 883/939/919 882/938/918 934/991/970
f 882/938/918 935/992/971 934/991/970
f 936/993/972 931/988/967 934/991/970
f 936/993/972 934/991/970 937/994/973
f 931/988/967 880/936/916 934/991/970
f 880/936/916 883/939/919 934/991/970
f 885/941/921 884/940/920 938/995/974
f 884/940/920 939/996/975 938/995/974
f 940/997/976 935/992/971 938/995/974
f 940/997/976 938/995/974 941/998/977
f 935/992/971 882/938/918 938/995/974
f 882/938/918 885/941/921 938/995/974
f 887/943/923 886/942/922 942/999/978
f 886/942/922 943/1000/979 942/999/978
f 944/1001/980 939/996/975 942/999/978
f 944/1001/980 942/999/978 945/1002/981
f 939/996/975 884/940/920 942/999/978
f 884/940/920 887/943/923 942/999/978
f 889/945/925 888/944/924 946/1003/982
f 888/944/924 947/1004/983 946/1003/982
f 948/1005/984 943/1000/979 946/1003/982
f 948/1005/984 946/1003/982 949/1006/985
f 943/1000/979 886/942/922 946/1003/982
f 886/942/922 889/945/925 946/1003/982
f 891/947/927 890/946/926 950/1007/986
f 890/946/926 951/1008/987 950/1007/986
f 952/1009/988 947/1004/983 950/1007/986
f 952/1009/988 950/1007/986 953/1010/989
f 947/1004/983 888/944/924 950/1007/986
f 888/944/924 891/947/927 950/1007/986
f 893/949/929 892/948/928 954/1011/990
f 892/948/928 955/1012/991 954/1011/990
f 956/1013/992 951/1008/987 954/1011/990
f 956/1013/992 954/1011/990 957/1014/993
f 951/1008/987 890/946/926 954/1011/990
f 890/946/926 893/949/929 954/1011/990
f 895/951/931 894/950/930 958/1015/994
f 894/950/930 959/1016/995 958/1015/994
f 960/1017/996 955/1012/991 958/1015/994
f 960/1017/996 958/1015/994 961/1018/997
f 955/1012/991 892/948/928 958/1015/994
f 892/948/928 895/951/931 958/1015/994
f 897/953/933 896/952/932 962/1019/998
f 896/952/932 963/1020/999 962/1019/998
f 964/1021/1000 959/1016/995 962/1019/998
f 964/1021/1000 962/1019/998 965/1022/1001
f 959/1016/995 894/950/930 962/1019/998
f 894/950/930 897/953/933 962/1019/998
f 899/955/935 898/954/934 966/1023/1002
f 898/954/934 967/1024/1003 966/1023/1002
f 968/1025/1004 963/1020/999 966/1023/1002
f 968/1025/1004 966/1023/1002 969/1026/1005
f 963/1020/999 896/952/932 966/1023/1002
f 896/952/932 899/955/935 966/1023/1002
f 900/956/936 867/922/903 970/1027/1006
f 867/922/903 903/959/939 970/1027/1006
f 971/1028/1007 967/1024/1003 970/1027/1006
f 971/1028/1007 970/1027/1006 972/1029/1008
f 967/1024/1003 898/954/934 970/1027/1006
f 898/954/934 900/956/936 970/1027/1006
f 973/1030/1009 974/1031/1010 908/964/944
f 974/1031/1010 905/961/941 908/964/944
f 904/960/940 905/961/941 974/1031/1010
f 904/960/940 974/1031/1010 975/1032/1011
f 976/1033/1012 977/1034/1013 912/968/948
f 977/1034/1013 909/965/945 912/968/948
f 973/1030/1009 908/964/944 977/1034/1013
f 908/964/944 909/965/945 977/1034/1013
f 978/1035/1014 979/1036/1015 916/972/952
f 979/1036/1015 913/969/949 916/972/952
f 976/1033/1012 912/968/948 979/1036/1015
f 912/968/948 913/969/949 979/1036/1015
f 980/1037/1016 981/1038/1017 920/976/956
f 981/1038/1017 917/973/953 920/976/956
f 978/1035/1014 916/972/952 981/1038/1017
f 916/972/952 917/973/953 981/1038/1017
f 982/1039/1018 983/1040/1019 924/981/960
f 983/1040/1019 921/1041/957 924/981/960
f 980/1037/1016 920/976/956 983/1042/1019
f 920/976/956 921/978/957 983/1042/1019
f 984/1043/1020 985/1044/1021 928/985/964
f 985/1044/1021 925/982/961 928/985/964
f 982/1039/1018 924/981/960 985/1044/1021
f 924/981/960 925/982/961 985/1044/1021
f 986/1045/1022 987/1046/1023 932/989/968
f 987/1046/1023 929/986/965 932/989/968
f 984/1043/1020 928/985/964 987/1046/1023
f 928/985/964 929/986/965 987/1046/1023
f 988/1047/1024 989/1048/1025 936/993/972
f 989/1048/1025 933/990/969 936/993/972
f 986/1045/1022 932/989/968 989/1048/1025
f 932/989/968 933/990/969 989/1048/1025
f 990/1049/1026 991/1050/1027 940/997/976
f 991/1050/1027 937/994/973 940/997/976
f 988/1047/1024 936/993/972 991/1050/1027
f 936/993/972 937/994/973 991/1050/1027
f 992/1051/1028 993/1052/1029 944/1001/980
f 993/1052/1029 941/998/977 944/1001/980
f 990/1049/1026 940/997/976 993/1052/1029
f 940/997/976 941/998/977 993/1052/1029
f 994/1053/1030 995/1054/1031 948/1005/984
f 995/1054/1031 945/1002/981 948/1005/984
f 992/1051/1028 944/1001/980 995/1054/1031
f 944/1001/980 945/1002/981 995/1054/1031
f 996/1055/1032 997/1056/1033 949/1006/985
f 996/1055/1032 949/1006/985 952/1009/988
f 994/1053/1030 948/1005/984 997/1056/1033
f 948/1005/984 949/1006/985 997/1056/1033
f 998/1057/1034 999/1058/1035 956/1013/992
f 999/1058/1035 953/1010/989 956/1013/992
f 996/1055/1032 952/1009/988 999/1058/1035
f 952/1009/988 953/1010/989 999/1058/1035
f 1000/1059/1036 1001/1060/1037 960/1017/996
f 1001/1060/1037 957/1014/993 960/1017/996
f 998/1057/1034 956/1013/992 1001/1060/1037
f 956/1013/992 957/1014/993 1001/1060/1037
f 1002/1061/1038 1003/1062/1039 964/1021/1000
f 1003/1062/1039 961/1018/997 964/1021/1000
f 1000/1059/1036 960/1017/996 1003/1062/1039
f 960/1017/996 961/1018/997 1003/1062/1039
f 1004/1063/1040 1005/1064/1041 968/1025/1004
f 1005/1064/1041 965/1022/1001 968/1025/1004
f 1002/1061/1038 964/1021/1000 1005/1064/1041
f 964/1021/1000 965/1022/1001 1005/1064/1041
f 1006/1065/1042 1007/1066/1043 971/1028/1007
f 1007/1066/1043 969/1026/1005 971/1028/1007
f 1004/1063/1040 968/1025/1004 1007/1066/1043
f 968/1025/1004 969/1026/1005 1007/1066/1043
f 904/960/940 975/1032/1011 1008/1067/1044
f 904/960/940 1008/1067/1044 972/1029/1008
f 1006/1065/1042 971/1028/1007 1008/1067/1044
f 971/1028/1007 972/1029/1008 1008/1067/1044
f 1009/1068/1045 1010/1069/1046 1011/1070/1047
f 1009/1068/1045 1011/1070/1047 1012/1071/1048
f 1013/1072/1049 1011/1070/1047 1014/1073/1050
f 1011/1070/1047 1010/1069/1046 1014/1073/1050
f 1015/1074/1051 1016/1075/1052 1017/1076/1053
f 1016/1075/1052 1018/1077/1054 1017/1076/1053
f 1009/1068/1045 1012/1071/1048 1018/1077/1054
f 1009/1068/1045 1018/1077/1054 1016/1075/1052
f 1019/1078/1055 1020/1079/1056 1021/1080/1057
f 1020/1079/1056 1022/1081/1058 1021/1080/1057
f 1015/1074/1051 1017/1076/1053 1020/1079/1056
f 1017/1076/1053 1022/1081/1058 1020/1079/1056
f 1023/1082/1059 1024/1083/1060 1025/1084/1061
f 1024/1083/1060 1026/1085/1062 1025/1084/1061
f 1019/1078/1055 1021/1080/1057 1024/1083/1060
f 1021/1080/1057 1026/1085/1062 1024/1083/1060
f 1027/1086/1063 1028/1087/1064 1029/1088/1065
f 1027/1086/1063 1029/1088/1065 1030/1089/1066
f 1023/1082/1059 1025/1084/1061 1029/1090/1065
f 1023/1082/1059 1029/1090/1065 1028/1091/1064
f 1031/1092/1067 1032/1093/1068 1033/1094/1069
f 1032/1093/1068 1034/1095/1070 1033/1094/1069
f 1027/1086/1063 1030/1089/1066 1032/1093/1068
f 1030/1089/1066 1034/1095/1070 1032/1093/1068
f 1035/1096/1071 1036/1097/1072 1037/1098/1073
f 1036/1097/1072 1038/1099/1074 1037/1098/1073
f 1031/1092/1067 1033/1094/1069 1036/1097/1072
f 1033/1094/1069 1038/1099/1074 1036/1097/1072
f 1039/1100/1075 1040/1101/1076 1041/1102/1077
f 1040/1101/1076 1042/1103/1078 1041/1102/1077
f 1035/1096/1071 1037/1098/1073 1040/1101/1076
f 1037/1098/1073 1042/1103/1078 1040/1101/1076
f 1043/1104/1079 1044/1105/1080 1045/1106/1081
f 1044/1105/1080 1046/1107/1082 1045/1106/1081
f 1039/1100/1075 1041/1102/1077 1044/1105/1080
f 1041/1102/1077 1046/1107/1082 1044/1105/1080
f 1047/1108/1083 1048/1109/1084 1049/1110/1085
f 1048/1109/1084 1050/1111/1086 1049/1110/1085
f 1043/1104/1079 1045/1106/1081 1048/1109/1084
f 1045/1106/1081 1050/1111/1086 1048/1109/1084
f 1051/1112/1087 1052/1113/1088 1053/1114/1089
f 1052/1113/1088 1054/1115/1090 1053/1114/1089
f 1047/1108/1083 1049/1110/1085 1052/1113/1088
f 1049/1110/1085 1054/1115/1090 1052/1113/1088
f 1055/1116/1091 1056/1117/1092 1057/1118/1093
f 1055/1116/1091 1057/1118/1093 1058/1119/1094
f 1051/1112/1087 1053/1114/1089 1056/1117/1092
f 1053/1114/1089 1057/1118/1093 1056/1117/1092
f 1059/1120/1095 1060/1121/1096 1061/1122/1097
f 1060/1121/1096 1062/1123/1098 1061/1122/1097
f 1055/1116/1091 1058/1119/1094 1060/1121/1096
f 1058/1119/1094 1062/1123/1098 1060/1121/1096
f 1063/1124/1099 1064/1125/1100 1065/1126/1101
f 1064/1125/1100 1066/1127/1102 1065/1126/1101
f 1059/1120/1095 1061/1122/1097 1064/1125/1100
f 1061/1122/1097 1066/1127/1102 1064/1125/1100
f 1067/1128/1103 1068/1129/1104 1069/1130/1105
f 1068/1129/1104 1070/1131/1106 1069/1130/1105
f 1063/1124/1099 1065/1126/1101 1068/1129/1104
f 1065/1126/1101 1070/1131/1106 1068/1129/1104
f 1071/1132/1107 1072/1133/1108 1073/1134/1109
f 1071/1132/1107 1073/1134/1109 1074/1135/1110
f 1067/1128/1103 1069/1130/1105 1072/1133/1108
f 1069/1130/1105 1073/1134/1109 1072/1133/1108
f 1075/1136/1111 1076/1137/1112 1077/1138/1113
f 1076/1137/1112 1078/1139/1114 1077/1138/1113
f 1071/1132/1107 1074/1135/1110 1076/1137/1112
f 1074/1135/1110 1078/1139/1114 1076/1137/1112
f 1013/1072/1049 1014/1073/1050 1079/1140/1115
f 1014/1073/1050 1080/1141/1116 1079/1140/1115
f 1075/1136/1111 1077/1138/1113 1079/1140/1115
f 1075/1136/1111 1079/1140/1115 1080/1141/1116
f 329/336/329 327/334/327 326/333/326
f 329/336/329 326/333/326 330/337/330
f 333/340/333 332/339/332 331/338/331
f 333/340/333 331/338/331 334/341/334
f 337/344/337 336/343/336 335/342/335
f 337/344/337 335/342/335 338/345/338
f 341/348/341 339/346/339 340/347/340
f 341/348/341 340/347/340 342/349/342
f 345/352/345 344/1142/344 343/1143/343
f 345/352/345 343/1143/343 346/353/346
f 349/356/349 348/355/348 347/354/347
f 349/356/349 347/354/347 350/357/350
f 353/360/353 352/359/352 351/358/351
f 353/360/353 351/358/351 354/361/354
f 357/364/357 355/362/355 356/363/356
f 357/364/357 356/363/356 358/365/358
f 361/368/361 360/367/360 359/366/359
f 361/368/361 359/366/359 362/369/362
f 365/372/365 363/370/363 364/371/364
f 365/372/365 364/371/364 366/373/366
f 369/376/369 368/375/368 367/374/367
f 369/376/369 367/374/367 370/377/370
f 373/380/373 372/379/372 371/378/371
f 373/380/373 371/378/371 374/381/374
f 377/384/377 375/382/375 376/383/376
f 377/384/377 376/383/376 378/385/378
f 381/388/381 380/387/380 379/386/379
f 381/388/381 379/386/379 382/389/382
f 385/392/385 384/391/384 383/390/383
f 385/392/385 383/390/383 386/393/386
f 389/396/389 388/395/388 387/394/387
f 389/396/389 387/394/387 390/397/390
f 393/400/393 391/398/391 392/399/392
f 393/400/393 392/399/392 394/401/394
f 325/332/325 328/335/328 395/402/395
f 328/335/328 396/403/396 395/402/395
f 5/5/5 3/3/3 2/2/2
f 5/5/5 2/2/2 6/6/6
f 9/9/9 8/8/8 10/10/10
f 8/8/8 7/7/7 10/10/10
f 13/13/13 11/11/11 12/12/12
f 13/13/13 12/12/12 14/14/14
f 17/17/17 16/16/16 15/15/15
f 17/17/17 15/15/15 18/18/18
f 21/21/21 19/1144/19 22/22/22
f 19/1144/19 20/1145/20 22/22/22
f 25/25/25 24/24/24 23/23/23
f 25/25/25 23/23/23 26/26/26
f 29/29/29 27/27/27 28/28/28
f 29/29/29 28/28/28 30/30/30
f 33/33/33 31/31/31 32/32/32
f 33/33/33 32/32/32 34/34/34
f 37/37/37 36/36/36 35/35/35
f 37/37/37 35/35/35 38/38/38
f 41/41/41 39/39/39 40/40/40
f 41/41/41 40/40/40 42/42/42
f 45/45/45 44/44/44 43/43/43
f 45/45/45 43/43/43 46/46/46
f 49/49/49 48/48/48 47/47/47
f 49/49/49 47/47/47 50/50/50
f 53/53/53 52/52/52 51/51/51
f 53/53/53 51/51/51 54/54/54
f 57/57/57 56/56/56 55/55/55
f 57/57/57 55/55/55 58/58/58
f 61/61/61 60/60/60 59/59/59
f 61/61/61 59/59/59 62/62/62
f 65/65/65 63/63/63 64/64/64
f 65/65/65 64/64/64 66/66/66
f 69/69/69 68/68/68 67/67/67
f 69/69/69 67/67/67 70/70/70
f 1/1/1 4/4/4 72/72/72
f 1/1/1 72/72/72 71/71/71
f 75/75/75 73/73/73 5/5/5
f 73/73/73 3/3/3 5/5/5
f 77/77/77 76/76/76 9/9/9
f 76/76/76 8/8/8 9/9/9
f 79/79/79 78/78/78 11/11/11
f 79/79/79 11/11/11 13/13/13
f 81/81/81 80/80/80 17/17/17
f 80/80/80 16/16/16 17/17/17
f 83/83/83 82/120/82 21/21/21
f 82/120/82 19/1144/19 21/21/21
f 85/85/85 84/84/84 24/24/24
f 85/85/85 24/24/24 25/25/25
f 87/87/87 86/86/86 29/29/29
f 86/86/86 27/27/27 29/29/29
f 89/89/89 88/88/88 31/31/31
f 89/89/89 31/31/31 33/33/33
f 91/91/91 90/90/90 37/37/37
f 90/90/90 36/36/36 37/37/37
f 93/93/93 92/92/92 39/39/39
f 93/93/93 39/39/39 41/41/41
f 95/95/95 94/94/94 44/44/44
f 95/95/95 44/44/44 45/45/45
f 97/97/97 96/96/96 49/49/49
f 96/96/96 48/48/48 49/49/49
f 99/99/99 98/98/98 52/52/52
f 99/99/99 52/52/52 53/53/53
f 101/101/101 100/100/100 56/56/56
f 101/101/101 56/56/56 57/57/57
f 103/103/103 102/102/102 61/61/61
f 102/102/102 60/60/60 61/61/61
f 105/105/105 104/104/104 65/65/65
f 104/104/104 63/63/63 65/65/65
f 107/107/107 106/106/106 68/68/68
f 107/107/107 68/68/68 69/69/69
f 4/4/4 74/74/74 72/72/72
f 74/74/74 108/108/108 72/72/72
f 325/332/325 291/297/291 290/296/290
f 325/332/325 290/296/290 326/333/326
f 290/296/290 289/295/289 330/337/330
f 290/296/290 330/337/330 326/333/326
f 330/337/330 289/295/289 293/299/293
f 330/337/330 293/299/293 331/338/331
f 293/299/293 292/298/292 334/341/334
f 293/299/293 334/341/334 331/338/331
f 334/341/334 292/298/292 335/342/335
f 292/298/292 295/301/295 335/342/335
f 295/301/295 294/300/294 335/342/335
f 294/300/294 338/345/338 335/342/335
f 338/345/338 294/300/294 297/303/297
f 338/345/338 297/303/297 340/347/340
f 297/303/297 296/302/296 342/349/342
f 297/303/297 342/349/342 340/347/340
f 342/349/342 296/302/296 299/306/299
f 342/349/342 299/306/299 343/350/343
f 299/305/299 298/304/298 346/353/346
f 299/305/299 346/353/346 343/1143/343
f 346/353/346 298/304/298 301/308/301
f 346/353/346 301/308/301 347/354/347
f 301/308/301 300/307/300 350/357/350
f 301/308/301 350/357/350 347/354/347
f 350/357/350 300/307/300 351/358/351
f 300/307/300 303/310/303 351/358/351
f 303/310/303 302/309/302 354/361/354
f 303/310/303 354/361/354 351/358/351
f 354/361/354 302/309/302 305/312/305
f 354/361/354 305/312/305 356/363/356
f 305/312/305 304/311/304 356/363/356
f 304/311/304 358/365/358 356/363/356
f 358/365/358 304/311/304 307/314/307
f 358/365/358 307/314/307 359/366/359
f 307/314/307 306/313/306 359/366/359
f 306/313/306 362/369/362 359/366/359
f 362/369/362 306/313/306 364/371/364
f 306/313/306 309/316/309 364/371/364
f 309/316/309 308/315/308 366/373/366
f 309/316/309 366/373/366 364/371/364
f 366/373/366 308/315/308 311/318/311
f 366/373/366 311/318/311 367/374/367
f 311/318/311 310/317/310 367/374/367
f 310/317/310 370/377/370 367/374/367
f 370/377/370 310/317/310 371/378/371
f 310/317/310 313/320/313 371/378/371
f 313/320/313 312/319/312 374/381/374
f 313/320/313 374/381/374 371/378/371
f 374/381/374 312/319/312 376/383/376
f 312/319/312 315/322/315 376/383/376
f 315/322/315 314/321/314 376/383/376
f 314/321/314 378/385/378 376/383/376
f 378/385/378 314/321/314 317/324/317
f 378/385/378 317/324/317 379/386/379
f 317/324/317 316/323/316 382/389/382
f 317/324/317 382/389/382 379/386/379
f 382/389/382 316/323/316 319/326/319
f 382/389/382 319/326/319 383/390/383
f 319/326/319 318/325/318 386/393/386
f 319/326/319 386/393/386 383/390/383
f 386/393/386 318/325/318 387/394/387
f 318/325/318 321/328/321 387/394/387
f 321/328/321 320/327/320 387/394/387
f 320/327/320 390/397/390 387/394/387
f 390/397/390 320/327/320 323/330/323
f 390/397/390 323/330/323 392/399/392
f 323/330/323 322/329/322 392/399/392
f 322/329/322 394/401/394 392/399/392
f 394/401/394 322/329/322 324/331/324
f 394/401/394 324/331/324 395/402/395
f 324/331/324 291/297/291 325/332/325
f 324/331/324 325/332/325 395/402/395
f 399/406/399 398/405/398 329/336/329
f 398/405/398 327/334/327 329/336/329
f 401/408/401 400/407/400 333/340/333
f 400/407/400 332/339/332 333/340/333
f 403/410/403 402/409/402 337/344/337
f 402/409/402 336/343/336 337/344/337
f 405/412/405 404/411/404 341/348/341
f 404/411/404 339/346/339 341/348/341
f 407/414/407 406/449/406 345/352/345
f 406/449/406 344/1142/344 345/352/345
f 409/416/409 408/415/408 349/356/349
f 408/415/408 348/355/348 349/356/349
f 411/418/411 410/417/410 353/360/353
f 410/417/410 352/359/352 353/360/353
f 413/420/413 412/419/412 357/364/357
f 412/419/412 355/362/355 357/364/357
f 415/422/415 414/421/414 360/367/360
f 415/422/415 360/367/360 361/368/361
f 417/424/417 416/423/416 365/372/365
f 416/423/416 363/370/363 365/372/365
f 419/426/419 418/425/418 369/376/369
f 418/425/418 368/375/368 369/376/369
f 421/428/421 420/427/420 372/379/372
f 421/428/421 372/379/372 373/380/373
f 423/430/423 422/429/422 377/384/377
f 422/429/422 375/382/375 377/384/377
f 425/432/425 424/431/424 381/388/381
f 424/431/424 380/387/380 381/388/381
f 427/434/427 426/433/426 384/391/384
f 427/434/427 384/391/384 385/392/385
f 429/436/429 428/435/428 388/395/388
f 429/436/429 388/395/388 389/396/389
f 431/438/431 430/437/430 391/398/391
f 431/438/431 391/398/391 393/400/393
f 328/335/328 397/404/397 396/403/396
f 397/404/397 432/439/432 396/403/396
f 1081/1146/1117 726/777/762 725/776/761
f 1081/1146/1117 725/776/761 1082/1147/1118
f 725/776/761 724/775/760 1082/1147/1118
f 724/775/760 1083/1148/1119 1082/1147/1118
f 1083/1148/1119 1084/1149/1120 1085/1150/1121
f 1083/1148/1119 1085/1150/1121 1082/1147/1118
f 1085/1150/1121 1086/1151/1122 1081/1146/1117
f 1085/1150/1121 1081/1146/1117 1082/1147/1118
f 1087/1152/1123 730/781/766 729/780/765
f 1087/1152/1123 729/780/765 1088/1153/1124
f 729/780/765 726/777/762 1081/1146/1117
f 729/780/765 1081/1146/1117 1088/1153/1124
f 1081/1146/1117 1086/1151/1122 1088/1153/1124
f 1086/1151/1122 1089/1154/1125 1088/1153/1124
f 1089/1154/1125 1090/1155/1126 1087/1152/1123
f 1089/1154/1125 1087/1152/1123 1088/1153/1124
f 1091/1156/1127 734/785/770 733/784/769
f 1091/1156/1127 733/784/769 1092/1157/1128
f 733/784/769 730/781/766 1087/1152/1123
f 733/784/769 1087/1152/1123 1092/1157/1128
f 1087/1152/1123 1090/1155/1126 1092/1157/1128
f 1090/1155/1126 1093/1158/1129 1092/1157/1128
f 1093/1158/1129 1094/1159/1130 1091/1156/1127
f 1093/1158/1129 1091/1156/1127 1092/1157/1128
f 1095/1160/1131 738/789/774 737/788/773
f 1095/1160/1131 737/788/773 1096/1161/1132
f 737/788/773 734/785/770 1091/1156/1127
f 737/788/773 1091/1156/1127 1096/1161/1132
f 1091/1156/1127 1094/1159/1130 1097/1162/1133
f 1091/1156/1127 1097/1162/1133 1096/1161/1132
f 1097/1162/1133 1098/1163/1134 1095/1160/1131
f 1097/1162/1133 1095/1160/1131 1096/1161/1132
f 1099/1164/1135 742/795/778 741/794/777
f 1099/1164/1135 741/794/777 1100/1165/1136
f 741/793/777 738/789/774 1095/1160/1131
f 741/793/777 1095/1160/1131 1100/1166/1136
f 1095/1160/1131 1098/1163/1134 1101/1167/1137
f 1095/1160/1131 1101/1167/1137 1100/1166/1136
f 1101/1168/1137 1102/1169/1138 1099/1164/1135
f 1101/1168/1137 1099/1164/1135 1100/1165/1136
f 1103/1170/1139 746/799/782 745/798/781
f 1103/1170/1139 745/798/781 1104/1171/1140
f 745/798/781 742/795/778 1099/1164/1135
f 745/798/781 1099/1164/1135 1104/1171/1140
f 1099/1164/1135 1102/1169/1138 1105/1172/1141
f 1099/1164/1135 1105/1172/1141 1104/1171/1140
f 1105/1172/1141 1106/1173/1142 1103/1170/1139
f 1105/1172/1141 1103/1170/1139 1104/1171/1140
f 1107/1174/1143 750/803/786 749/802/785
f 1107/1174/1143 749/802/785 1108/1175/1144
f 749/802/785 746/799/782 1103/1170/1139
f 749/802/785 1103/1170/1139 1108/1175/1144
f 1103/1170/1139 1106/1173/1142 1109/1176/1145
f 1103/1170/1139 1109/1176/1145 1108/1175/1144
f 1109/1176/1145 1110/1177/1146 1108/1175/1144
f 1110/1177/1146 1107/1174/1143 1108/1175/1144
f 1111/1178/1147 754/807/790 1112/1179/1148
f 754/807/790 753/806/789 1112/1179/1148
f 753/806/789 750/803/786 1107/1174/1143
f 753/806/789 1107/1174/1143 1112/1179/1148
f 1107/1174/1143 1110/1177/1146 1113/1180/1149
f 1107/1174/1143 1113/1180/1149 1112/1179/1148
f 1113/1180/1149 1114/1181/1150 1111/1178/1147
f 1113/1180/1149 1111/1178/1147 1112/1179/1148
f 1115/1182/1151 758/811/794 1116/1183/1152
f 758/811/794 757/810/793 1116/1183/1152
f 757/810/793 754/807/790 1116/1183/1152
f 754/807/790 1111/1178/1147 1116/1183/1152
f 1111/1178/1147 1114/1181/1150 1116/1183/1152
f 1114/1181/1150 1117/1184/1153 1116/1183/1152
f 1117/1184/1153 1118/1185/1154 1116/1183/1152
f 1118/1185/1154 1115/1182/1151 1116/1183/1152
f 1119/1186/1155 762/815/798 1120/1187/1156
f 762/815/798 761/814/797 1120/1187/1156
f 761/814/797 758/811/794 1120/1187/1156
f 758/811/794 1115/1182/1151 1120/1187/1156
f 1115/1182/1151 1118/1185/1154 1120/1187/1156
f 1118/1185/1154 1121/1188/1157 1120/1187/1156
f 1121/1188/1157 1122/1189/1158 1120/1187/1156
f 1122/1189/1158 1119/1186/1155 1120/1187/1156
f 1123/1190/1159 766/819/802 1124/1191/1160
f 766/819/802 765/818/801 1124/1191/1160
f 765/818/801 762/815/798 1124/1191/1160
f 762/815/798 1119/1186/1155 1124/1191/1160
f 1119/1186/1155 1122/1189/1158 1124/1191/1160
f 1122/1189/1158 1125/1192/1161 1124/1191/1160
f 1125/1192/1161 1126/1193/1162 1123/1190/1159
f 1125/1192/1161 1123/1190/1159 1124/1191/1160
f 1127/1194/1163 770/823/806 769/822/805
f 1127/1194/1163 769/822/805 1128/1195/1164
f 769/822/805 766/819/802 1123/1190/1159
f 769/822/805 1123/1190/1159 1128/1195/1164
f 1123/1190/1159 1126/1193/1162 1128/1195/1164
f 1126/1193/1162 1129/1196/1165 1128/1195/1164
f 1129/1196/1165 1130/1197/1166 1127/1194/1163
f 1129/1196/1165 1127/1194/1163 1128/1195/1164
f 1131/1198/1167 774/827/810 773/826/809
f 1131/1198/1167 773/826/809 1132/1199/1168
f 773/826/809 770/823/806 1127/1194/1163
f 773/826/809 1127/1194/1163 1132/1199/1168
f 1127/1194/1163 1130/1197/1166 1133/1200/1169
f 1127/1194/1163 1133/1200/1169 1132/1199/1168
f 1133/1200/1169 1134/1201/1170 1131/1198/1167
f 1133/1200/1169 1131/1198/1167 1132/1199/1168
f 1135/1202/1171 778/831/814 777/830/813
f 1135/1202/1171 777/830/813 1136/1203/1172
f 777/830/813 774/827/810 1131/1198/1167
f 777/830/813 1131/1198/1167 1136/1203/1172
f 1131/1198/1167 1134/1201/1170 1137/1204/1173
f 1131/1198/1167 1137/1204/1173 1136/1203/1172
f 1137/1204/1173 1138/1205/1174 1135/1202/1171
f 1137/1204/1173 1135/1202/1171 1136/1203/1172
f 1139/1206/1175 782/835/818 781/834/817
f 1139/1206/1175 781/834/817 1140/1207/1176
f 781/834/817 778/831/814 1135/1202/1171
f 781/834/817 1135/1202/1171 1140/1207/1176
f 1135/1202/1171 1138/1205/1174 1141/1208/1177
f 1135/1202/1171 1141/1208/1177 1140/1207/1176
f 1141/1208/1177 1142/1209/1178 1139/1206/1175
f 1141/1208/1177 1139/1206/1175 1140/1207/1176
f 1143/1210/1179 786/839/822 785/838/821
f 1143/1210/1179 785/838/821 1144/1211/1180
f 785/838/821 782/835/818 1139/1206/1175
f 785/838/821 1139/1206/1175 1144/1211/1180
f 1139/1206/1175 1142/1209/1178 1145/1212/1181
f 1139/1206/1175 1145/1212/1181 1144/1211/1180
f 1145/1212/1181 1146/1213/1182 1143/1210/1179
f 1145/1212/1181 1143/1210/1179 1144/1211/1180
f 1147/1214/1183 790/843/826 789/842/825
f 1147/1214/1183 789/842/825 1148/1215/1184
f 789/842/825 786/839/822 1143/1210/1179
f 789/842/825 1143/1210/1179 1148/1215/1184
f 1143/1210/1179 1146/1213/1182 1149/1216/1185
f 1143/1210/1179 1149/1216/1185 1148/1215/1184
f 1149/1216/1185 1150/1217/1186 1147/1214/1183
f 1149/1216/1185 1147/1214/1183 1148/1215/1184
f 1083/1148/1119 724/775/760 1151/1218/1187
f 724/775/760 792/845/828 1151/1218/1187
f 792/845/828 790/843/826 1147/1214/1183
f 792/845/828 1147/1214/1183 1151/1218/1187
f 1147/1214/1183 1150/1217/1186 1152/1219/1188
f 1147/1214/1183 1152/1219/1188 1151/1218/1187
f 1152/1219/1188 1084/1149/1120 1083/1148/1119
f 1152/1219/1188 1083/1148/1119 1151/1218/1187
f 908/964/944 905/961/941 901/957/937
f 908/964/944 901/957/937 902/958/938
f 912/968/948 909/965/945 906/962/942
f 912/968/948 906/962/942 907/963/943
f 916/972/952 913/969/949 910/966/946
f 916/972/952 910/966/946 911/967/947
f 920/976/956 917/973/953 914/970/950
f 920/976/956 914/970/950 915/971/951
f 924/981/960 921/1041/957 918/974/954
f 924/981/960 918/974/954 919/975/955
f 928/985/964 925/982/961 922/979/958
f 928/985/964 922/979/958 923/980/959
f 932/989/968 929/986/965 926/983/962
f 932/989/968 926/983/962 927/984/963
f 936/993/972 933/990/969 930/987/966
f 936/993/972 930/987/966 931/988/967
f 940/997/976 937/994/973 934/991/970
f 940/997/976 934/991/970 935/992/971
f 944/1001/980 941/998/977 938/995/974
f 944/1001/980 938/995/974 939/996/975
f 948/1005/984 945/1002/981 942/999/978
f 948/1005/984 942/999/978 943/1000/979
f 952/1009/988 949/1006/985 946/1003/982
f 952/1009/988 946/1003/982 947/1004/983
f 956/1013/992 953/1010/989 950/1007/986
f 956/1013/992 950/1007/986 951/1008/987
f 960/1017/996 957/1014/993 954/1011/990
f 960/1017/996 954/1011/990 955/1012/991
f 964/1021/1000 961/1018/997 958/1015/994
f 964/1021/1000 958/1015/994 959/1016/995
f 968/1025/1004 965/1022/1001 962/1019/998
f 968/1025/1004 962/1019/998 963/1020/999
f 971/1028/1007 969/1026/1005 966/1023/1002
f 971/1028/1007 966/1023/1002 967/1024/1003
f 903/959/939 904/960/940 970/1027/1006
f 904/960/940 972/1029/1008 970/1027/1006
f 1153/1220/1189 1012/1071/1048 1011/1070/1047
f 1153/1220/1189 1011/1070/1047 1154/1221/1190
f 1011/1070/1047 1013/1072/1049 1155/1222/1191
f 1011/1070/1047 1155/1222/1191 1154/1221/1190
f 1155/1222/1191 975/1032/1011 974/1031/1010
f 1155/1222/1191 974/1031/1010 1154/1221/1190
f 974/1031/1010 973/1030/1009 1153/1220/1189
f 974/1031/1010 1153/1220/1189 1154/1221/1190
f 1156/1223/1192 1017/1076/1053 1018/1077/1054
f 1156/1223/1192 1018/1077/1054 1157/1224/1193
f 1018/1077/1054 1012/1071/1048 1153/1220/1189
f 1018/1077/1054 1153/1220/1189 1157/1224/1193
f 1153/1220/1189 973/1030/1009 977/1034/1013
f 1153/1220/1189 977/1034/1013 1157/1224/1193
f 977/1034/1013 976/1033/1012 1156/1223/1192
f 977/1034/1013 1156/1223/1192 1157/1224/1193
f 1158/1225/1194 1021/1080/1057 1022/1081/1058
f 1158/1225/1194 1022/1081/1058 1159/1226/1195
f 1022/1081/1058 1017/1076/1053 1156/1223/1192
f 1022/1081/1058 1156/1223/1192 1159/1226/1195
f 1156/1223/1192 976/1033/1012 979/1036/1015
f 1156/1223/1192 979/1036/1015 1159/1226/1195
f 979/1036/1015 978/1035/1014 1158/1225/1194
f 979/1036/1015 1158/1225/1194 1159/1226/1195
f 1160/1227/1196 1025/1084/1061 1161/1228/1197
f 1025/1084/1061 1026/1085/1062 1161/1228/1197
f 1026/1085/1062 1021/1080/1057 1158/1225/1194
f 1026/1085/1062 1158/1225/1194 1161/1228/1197
f 1158/1225/1194 978/1035/1014 981/1038/1017
f 1158/1225/1194 981/1038/1017 1161/1228/1197
f 981/1038/1017 980/1037/1016 1160/1227/1196
f 981/1038/1017 1160/1227/1196 1161/1228/1197
f 1162/1229/1198 1030/1089/1066 1029/1088/1065
f 1162/1229/1198 1029/1088/1065 1163/1230/1199
f 1029/1090/1065 1025/1084/1061 1160/1227/1196
f 1029/1090/1065 1160/1227/1196 1163/1231/1199
f 1160/1227/1196 980/1037/1016 983/1042/1019
f 1160/1227/1196 983/1042/1019 1163/1231/1199
f 983/1040/1019 982/1039/1018 1162/1229/1198
f 983/1040/1019 1162/1229/1198 1163/1230/1199
f 1164/1232/1200 1033/1094/1069 1165/1233/1201
f 1033/1094/1069 1034/1095/1070 1165/1233/1201
f 1034/1095/1070 1030/1089/1066 1165/1233/1201
f 1030/1089/1066 1162/1229/1198 1165/1233/1201
f 1162/1229/1198 982/1039/1018 985/1044/1021
f 1162/1229/1198 985/1044/1021 1165/1233/1201
f 985/1044/1021 984/1043/1020 1164/1232/1200
f 985/1044/1021 1164/1232/1200 1165/1233/1201
f 1166/1234/1202 1037/1098/1073 1038/1099/1074
f 1166/1234/1202 1038/1099/1074 1167/1235/1203
f 1038/1099/1074 1033/1094/1069 1164/1232/1200
f 1038/1099/1074 1164/1232/1200 1167/1235/1203
f 1164/1232/1200 984/1043/1020 987/1046/1023
f 1164/1232/1200 987/1046/1023 1167/1235/1203
f 987/1046/1023 986/1045/1022 1166/1234/1202
f 987/1046/1023 1166/1234/1202 1167/1235/1203
f 1168/1236/1204 1041/1102/1077 1042/1103/1078
f 1168/1236/1204 1042/1103/1078 1169/1237/1205
f 1042/1103/1078 1037/1098/1073 1169/1237/1205
f 1037/1098/1073 1166/1234/1202 1169/1237/1205
f 1166/1234/1202 986/1045/1022 989/1048/1025
f 1166/1234/1202 989/1048/1025 1169/1237/1205
f 989/1048/1025 988/1047/1024 1168/1236/1204
f 989/1048/1025 1168/1236/1204 1169/1237/1205
f 1170/1238/1206 1045/1106/1081 1171/1239/1207
f 1045/1106/1081 1046/1107/1082 1171/1239/1207
f 1046/1107/1082 1041/1102/1077 1168/1236/1204
f 1046/1107/1082 1168/1236/1204 1171/1239/1207
f 1168/1236/1204 988/1047/1024 991/1050/1027
f 1168/1236/1204 991/1050/1027 1171/1239/1207
f 991/1050/1027 990/1049/1026 1170/1238/1206
f 991/1050/1027 1170/1238/1206 1171/1239/1207
f 1172/1240/1208 1049/1110/1085 1050/1111/1086
f 1172/1240/1208 1050/1111/1086 1173/1241/1209
f 1050/1111/1086 1045/1106/1081 1173/1241/1209
f 1045/1106/1081 1170/1238/1206 1173/1241/1209
f 1170/1238/1206 990/1049/1026 993/1052/1029
f 1170/1238/1206 993/1052/1029 1173/1241/1209
f 993/1052/1029 992/1051/1028 1172/1240/1208
f 993/1052/1029 1172/1240/1208 1173/1241/1209
f 1174/1242/1210 1053/1114/1089 1175/1243/1211
f 1053/1114/1089 1054/1115/1090 1175/1243/1211
f 1054/1115/1090 1049/1110/1085 1172/1240/1208
f 1054/1115/1090 1172/1240/1208 1175/1243/1211
f 1172/1240/1208 992/1051/1028 995/1054/1031
f 1172/1240/1208 995/1054/1031 1175/1243/1211
f 995/1054/1031 994/1053/1030 1174/1242/1210
f 995/1054/1031 1174/1242/1210 1175/1243/1211
f 1176/1244/1212 1058/1119/1094 1057/1118/1093
f 1176/1244/1212 1057/1118/1093 1177/1245/1213
f 1057/1118/1093 1053/1114/1089 1174/1242/1210
f 1057/1118/1093 1174/1242/1210 1177/1245/1213
f 1174/1242/1210 994/1053/1030 997/1056/1033
f 1174/1242/1210 997/1056/1033 1177/1245/1213
f 997/1056/1033 996/1055/1032 1176/1244/1212
f 997/1056/1033 1176/1244/1212 1177/1245/1213
f 1178/1246/1214 1061/1122/1097 1179/1247/1215
f 1061/1122/1097 1062/1123/1098 1179/1247/1215
f 1062/1123/1098 1058/1119/1094 1179/1247/1215
f 1058/1119/1094 1176/1244/1212 1179/1247/1215
f 1176/1244/1212 996/1055/1032 999/1058/1035
f 1176/1244/1212 999/1058/1035 1179/1247/1215
f 999/1058/1035 998/1057/1034 1178/1246/1214
f 999/1058/1035 1178/1246/1214 1179/1247/1215
f 1180/1248/1216 1065/1126/1101 1066/1127/1102
f 1180/1248/1216 1066/1127/1102 1181/1249/1217
f 1066/1127/1102 1061/1122/1097 1178/1246/1214
f 1066/1127/1102 1178/1246/1214 1181/1249/1217
f 1178/1246/1214 998/1057/1034 1001/1060/1037
f 1178/1246/1214 1001/1060/1037 1181/1249/1217
f 1001/1060/1037 1000/1059/1036 1180/1248/1216
f 1001/1060/1037 1180/1248/1216 1181/1249/1217
f 1182/1250/1218 1069/1130/1105 1070/1131/1106
f 1182/1250/1218 1070/1131/1106 1183/1251/1219
f 1070/1131/1106 1065/1126/1101 1180/1248/1216
f 1070/1131/1106 1180/1248/1216 1183/1251/1219
f 1180/1248/1216 1000/1059/1036 1003/1062/1039
f 1180/1248/1216 1003/1062/1039 1183/1251/1219
f 1003/1062/1039 1002/1061/1038 1182/1250/1218
f 1003/1062/1039 1182/1250/1218 1183/1251/1219
f 1184/1252/1220 1074/1135/1110 1073/1134/1109
f 1184/1252/1220 1073/1134/1109 1185/1253/1221
f 1073/1134/1109 1069/1130/1105 1182/1250/1218
f 1073/1134/1109 1182/1250/1218 1185/1253/1221
f 1182/1250/1218 1002/1061/1038 1005/1064/1041
f 1182/1250/1218 1005/1064/1041 1185/1253/1221
f 1005/1064/1041 1004/1063/1040 1184/1252/1220
f 1005/1064/1041 1184/1252/1220 1185/1253/1221
f 1186/1254/1222 1077/1138/1113 1187/1255/1223
f 1077/1138/1113 1078/1139/1114 1187/1255/1223
f 1078/1139/1114 1074/1135/1110 1184/1252/1220
f 1078/1139/1114 1184/1252/1220 1187/1255/1223
f 1184/1252/1220 1004/1063/1040 1007/1066/1043
f 1184/1252/1220 1007/1066/1043 1187/1255/1223
f 1007/1066/1043 1006/1065/1042 1186/1254/1222
f 1007/1066/1043 1186/1254/1222 1187/1255/1223
f 1155/1222/1191 1013/1072/1049 1079/1140/1115
f 1155/1222/1191 1079/1140/1115 1188/1256/1224
f 1079/1140/1115 1077/1138/1113 1186/1254/1222
f 1079/1140/1115 1186/1254/1222 1188/1256/1224
f 1186/1254/1222 1006/1065/1042 1008/1067/1044
f 1186/1254/1222 1008/1067/1044 1188/1256/1224
f 1008/1067/1044 975/1032/1011 1155/1222/1191
f 1008/1067/1044 1155/1222/1191 1188/1256/1224
f 577/589/577 1086/1257/1225 1085/1258/1226
f 577/589/577 1085/1258/1226 578/590/578
f 1085/1258/1226 1084/1259/1227 579/594/582
f 1085/1258/1226 579/594/582 578/590/578
f 580/595/583 1090/1260/1228 1089/1261/1229
f 580/595/583 1089/1261/1229 581/596/584
f 1089/1261/1229 1086/1257/1225 581/596/584
f 1086/1257/1225 577/589/577 581/596/584
f 582/599/587 1094/1262/1230 583/600/588
f 1094/1262/1230 1093/1263/1231 583/600/588
f 1093/1263/1231 1090/1260/1228 580/595/583
f 1093/1263/1231 580/595/583 583/600/588
f 584/603/591 1098/1264/1232 1097/1265/1233
f 584/603/591 1097/1265/1233 585/604/592
f 1097/1265/1233 1094/1262/1230 585/604/592
f 1094/1262/1230 582/599/587 585/604/592
f 586/607/595 1102/1266/1234 587/608/596
f 1102/1266/1234 1101/1267/1235 587/608/596
f 1101/1267/1235 1098/1264/1232 587/608/596
f 1098/1264/1232 584/603/591 587/608/596
f 588/611/599 1106/1268/1236 1105/1269/1237
f 588/611/599 1105/1269/1237 589/612/600
f 1105/1269/1237 1102/1266/1234 586/607/595
f 1105/1269/1237 586/607/595 589/612/600
f 590/615/603 1110/1270/1238 591/616/604
f 1110/1270/1238 1109/1271/1239 591/616/604
f 1109/1271/1239 1106/1268/1236 588/611/599
f 1109/1271/1239 588/611/599 591/616/604
f 592/619/607 1114/1272/1240 1113/1273/1241
f 592/619/607 1113/1273/1241 593/620/608
f 1113/1273/1241 1110/1270/1238 590/615/603
f 1113/1273/1241 590/615/603 593/620/608
f 594/623/611 1118/1274/1242 595/624/612
f 1118/1274/1242 1117/1275/1243 595/624/612
f 1117/1275/1243 1114/1272/1240 592/619/607
f 1117/1275/1243 592/619/607 595/624/612
f 596/627/615 1122/1276/1244 597/628/616
f 1122/1276/1244 1121/1277/1245 597/628/616
f 1121/1277/1245 1118/1274/1242 597/628/616
f 1118/1274/1242 594/623/611 597/628/616
f 598/631/619 1126/1278/1246 599/632/620
f 1126/1278/1246 1125/1279/1247 599/632/620
f 1125/1279/1247 1122/1276/1244 596/627/615
f 1125/1279/1247 596/627/615 599/632/620
f 600/635/623 1130/1280/1248 1129/1281/1249
f 600/635/623 1129/1281/1249 601/636/624
f 1129/1281/1249 1126/1278/1246 598/631/619
f 1129/1281/1249 598/631/619 601/636/624
f 602/639/627 1134/1282/1250 1133/1283/1251
f 602/639/627 1133/1283/1251 603/640/628
f 1133/1283/1251 1130/1280/1248 600/635/623
f 1133/1283/1251 600/635/623 603/640/628
f 604/643/631 1138/1284/1252 1137/1285/1253
f 604/643/631 1137/1285/1253 605/644/632
f 1137/1285/1253 1134/1282/1250 602/639/627
f 1137/1285/1253 602/639/627 605/644/632
f 606/647/635 1142/1286/1254 1141/1287/1255
f 606/647/635 1141/1287/1255 607/648/636
f 1141/1287/1255 1138/1284/1252 607/648/636
f 1138/1284/1252 604/643/631 607/648/636
f 608/651/639 1146/1288/1256 609/652/640
f 1146/1288/1256 1145/1289/1257 609/652/640
f 1145/1289/1257 1142/1286/1254 606/647/635
f 1145/1289/1257 606/647/635 609/652/640
f 610/655/643 1150/1290/1258 1149/1291/1259
f 610/655/643 1149/1291/1259 611/656/644
f 1149/1291/1259 1146/1288/1256 611/656/644
f 1146/1288/1256 608/651/639 611/656/644
f 579/594/582 1084/1259/1227 1152/1292/1260
f 579/594/582 1152/1292/1260 612/660/648
f 1152/1292/1260 1150/1290/1258 610/655/643
f 1152/1292/1260 610/655/643 612/660/648
f 1189/1293/1261 1190/1294/1262 1009/1068/1045
f 1190/1294/1262 1010/1069/1046 1009/1068/1045
f 1014/1073/1050 1010/1069/1046 1190/1294/1262
f 1014/1073/1050 1190/1294/1262 1191/1295/1263
f 1192/1296/1264 1193/1297/1265 1015/1074/1051
f 1193/1297/1265 1016/1075/1052 1015/1074/1051
f 1189/1293/1261 1009/1068/1045 1193/1297/1265
f 1009/1068/1045 1016/1075/1052 1193/1297/1265
f 1194/1298/1266 1195/1299/1267 1019/1078/1055
f 1195/1299/1267 1020/1079/1056 1019/1078/1055
f 1192/1296/1264 1015/1074/1051 1195/1299/1267
f 1015/1074/1051 1020/1079/1056 1195/1299/1267
f 1196/1300/1268 1197/1301/1269 1023/1082/1059
f 1197/1301/1269 1024/1083/1060 1023/1082/1059
f 1194/1298/1266 1019/1078/1055 1197/1301/1269
f 1019/1078/1055 1024/1083/1060 1197/1301/1269
f 1198/1302/1270 1199/1303/1271 1027/1086/1063
f 1199/1303/1271 1028/1087/1064 1027/1086/1063
f 1196/1300/1268 1023/1082/1059 1199/1304/1271
f 1023/1082/1059 1028/1091/1064 1199/1304/1271
f 1200/1305/1272 1201/1306/1273 1031/1092/1067
f 1201/1306/1273 1032/1093/1068 1031/1092/1067
f 1198/1302/1270 1027/1086/1063 1201/1306/1273
f 1027/1086/1063 1032/1093/1068 1201/1306/1273
f 1202/1307/1274 1203/1308/1275 1035/1096/1071
f 1203/1308/1275 1036/1097/1072 1035/1096/1071
f 1200/1305/1272 1031/1092/1067 1203/1308/1275
f 1031/1092/1067 1036/1097/1072 1203/1308/1275
f 1204/1309/1276 1205/1310/1277 1039/1100/1075
f 1205/1310/1277 1040/1101/1076 1039/1100/1075
f 1202/1307/1274 1035/1096/1071 1205/1310/1277
f 1035/1096/1071 1040/1101/1076 1205/1310/1277
f 1206/1311/1278 1207/1312/1279 1043/1104/1079
f 1207/1312/1279 1044/1105/1080 1043/1104/1079
f 1204/1309/1276 1039/1100/1075 1207/1312/1279
f 1039/1100/1075 1044/1105/1080 1207/1312/1279
f 1208/1313/1280 1209/1314/1281 1047/1108/1083
f 1209/1314/1281 1048/1109/1084 1047/1108/1083
f 1206/1311/1278 1043/1104/1079 1209/1314/1281
f 1043/1104/1079 1048/1109/1084 1209/1314/1281
f 1210/1315/1282 1211/1316/1283 1051/1112/1087
f 1211/1316/1283 1052/1113/1088 1051/1112/1087
f 1208/1313/1280 1047/1108/1083 1211/1316/1283
f 1047/1108/1083 1052/1113/1088 1211/1316/1283
f 1212/1317/1284 1213/1318/1285 1055/1116/1091
f 1213/1318/1285 1056/1117/1092 1055/1116/1091
f 1210/1315/1282 1051/1112/1087 1213/1318/1285
f 1051/1112/1087 1056/1117/1092 1213/1318/1285
f 1214/1319/1286 1215/1320/1287 1059/1120/1095
f 1215/1320/1287 1060/1121/1096 1059/1120/1095
f 1212/1317/1284 1055/1116/1091 1215/1320/1287
f 1055/1116/1091 1060/1121/1096 1215/1320/1287
f 1216/1321/1288 1217/1322/1289 1063/1124/1099
f 1217/1322/1289 1064/1125/1100 1063/1124/1099
f 1214/1319/1286 1059/1120/1095 1217/1322/1289
f 1059/1120/1095 1064/1125/1100 1217/1322/1289
f 1218/1323/1290 1219/1324/1291 1067/1128/1103
f 1219/1324/1291 1068/1129/1104 1067/1128/1103
f 1216/1321/1288 1063/1124/1099 1219/1324/1291
f 1063/1124/1099 1068/1129/1104 1219/1324/1291
f 1220/1325/1292 1221/1326/1293 1071/1132/1107
f 1221/1326/1293 1072/1133/1108 1071/1132/1107
f 1218/1323/1290 1067/1128/1103 1221/1326/1293
f 1067/1128/1103 1072/1133/1108 1221/1326/1293
f 1222/1327/1294 1223/1328/1295 1075/1136/1111
f 1223/1328/1295 1076/1137/1112 1075/1136/1111
f 1220/1325/1292 1071/1132/1107 1223/1328/1295
f 1071/1132/1107 1076/1137/1112 1223/1328/1295
f 1014/1073/1050 1191/1295/1263 1224/1329/1296
f 1014/1073/1050 1224/1329/1296 1080/1141/1116
f 1222/1327/1294 1075/1136/1111 1224/1329/1296
f 1075/1136/1111 1080/1141/1116 1224/1329/1296
f 1225/1330/1297 1226/1331/1298 1227/1332/1299
f 1226/1331/1298 1228/1333/1300 1227/1332/1299
f 1229/1334/1301 1227/1335/1302 1230/1336/1303
f 1229/1334/1301 1230/1336/1303 1231/1337/1304
f 1229/1338/1305 1232/1339/1306 1227/1332/1299
f 1232/1339/1306 1225/1330/1297 1227/1332/1299
f 1233/1340/1307 1234/1341/1308 1235/1342/1308
f 1233/1340/1307 1235/1342/1308 1236/1343/1309
f 1237/1344/1310 1238/1345/1311 1239/1346/1312
f 1238/1345/1311 1240/1347/1313 1239/1346/1312
f 1241/1348/1314 1239/1349/1315 1242/1350/1316
f 1241/1348/1314 1242/1350/1316 1243/1351/1317
f 1241/1352/1318 1244/1353/1319 1239/1346/1312
f 1244/1353/1319 1237/1344/1310 1239/1346/1312
f 1245/1354/1320 1246/1355/1321 1247/1356/1321
f 1245/1354/1320 1247/1356/1321 1248/1357/1322
f 1249/1358/1323 1250/1359/1324 1251/1360/1325
f 1250/1359/1324 1252/1361/1326 1251/1360/1325
f 1253/1362/1327 1251/1363/1328 1254/1364/1329
f 1253/1362/1327 1254/1364/1329 1255/1365/1330
f 1253/1366/1331 1256/1367/1332 1251/1368/1325
f 1256/1367/1332 1249/1369/1323 1251/1368/1325
f 1257/1370/1333 1258/1371/1334 1259/1372/1335
f 1257/1370/1333 1259/1372/1335 1260/1373/1336
f 1261/1374/1337 1262/1375/1338 1263/1376/1339
f 1262/1375/1338 1264/1377/1340 1263/1376/1339
f 1265/1378/1341 1263/1379/1342 1266/1380/1343
f 1265/1378/1341 1266/1380/1343 1267/1381/1344
f 1265/1382/1345 1268/1383/1346 1263/1376/1339
f 1268/1383/1346 1261/1374/1337 1263/1376/1339
f 1269/1384/1347 1270/1385/1348 1271/1386/1348
f 1269/1384/1347 1271/1386/1348 1272/1387/1349
f 1273/1388/1350 1274/1389/1351 1275/1390/1352
f 1274/1389/1351 1276/1391/1353 1275/1390/1352
f 1277/1392/1354 1275/1393/1355 1278/1394/1355
f 1277/1392/1354 1278/1394/1355 1279/1395/1356
f 1277/1396/1357 1280/1397/1358 1275/1390/1352
f 1280/1397/1358 1273/1388/1350 1275/1390/1352
f 1281/1398/1359 1282/1399/1360 1283/1400/1360
f 1281/1398/1359 1283/1400/1360 1284/1401/1361
f 1285/1402/1362 1286/1403/1363 1287/1404/1364
f 1286/1403/1363 1288/1405/1365 1287/1404/1364
f 1289/1406/1366 1287/1407/1367 1290/1408/1368
f 1289/1406/1366 1290/1408/1368 1291/1409/1369
f 1289/1410/1370 1292/1411/1371 1287/1404/1364
f 1292/1411/1371 1285/1402/1362 1287/1404/1364
f 1293/1412/1372 1294/1413/1373 1295/1414/1373
f 1293/1412/1372 1295/1414/1373 1296/1415/1374
f 1297/1416/1375 1298/1417/1376 1299/1418/1377
f 1298/1417/1376 1300/1419/1378 1299/1418/1377
f 1301/1420/1379 1299/1421/1380 1302/1422/1381
f 1301/1420/1379 1302/1422/1381 1303/1423/1382
f 1301/1424/1383 1304/1425/1384 1299/1418/1377
f 1304/1425/1384 1297/1416/1375 1299/1418/1377
f 1305/1426/1385 1306/1427/1386 1307/1428/1386
f 1305/1426/1385 1307/1428/1386 1308/1429/1387
f 1309/1430/1388 1310/1431/1389 1311/1432/1390
f 1310/1431/1389 1312/1433/1391 1311/1432/1390
f 1313/1434/1392 1311/1435/1393 1314/1436/1393
f 1313/1434/1392 1314/1436/1393 1315/1437/1394
f 1313/1438/1395 1316/1439/1396 1311/1432/1390
f 1316/1439/1396 1309/1430/1388 1311/1432/1390
f 1317/1440/1397 1318/1441/1398 1319/1442/1398
f 1317/1440/1397 1319/1442/1398 1320/1443/1399
f 1321/1444/1400 1322/1445/1401 1323/1446/1402
f 1322/1445/1401 1324/1447/1403 1323/1446/1402
f 1325/1448/1404 1323/1449/1405 1326/1450/1406
f 1325/1448/1404 1326/1450/1406 1327/1451/1407
f 1325/1452/1408 1328/1453/1409 1323/1446/1402
f 1328/1453/1409 1321/1444/1400 1323/1446/1402
f 1329/1454/1410 1330/1455/1411 1331/1456/1411
f 1329/1454/1410 1331/1456/1411 1332/1457/1412
f 1333/1458/1413 1334/1459/1414 1335/1460/1415
f 1334/1459/1414 1336/1461/1416 1335/1460/1415
f 1336/1461/1416 1337/1462/1417 1338/1463/1418
f 1336/1461/1416 1338/1463/1418 1339/1464/1419
f 1339/1464/1419 1340/1465/1420 1341/1466/1421
f 1339/1464/1419 1341/1466/1421 1342/1467/1422
f 1342/1467/1422 1343/1468/1423 1344/1469/1424
f 1342/1467/1422 1344/1469/1424 1345/1470/1425
f 1345/1470/1425 1346/1471/1426 1347/1472/1427
f 1345/1470/1425 1347/1472/1427 1348/1473/1428
f 1348/1473/1428 1349/1474/1429 1350/1475/1430
f 1348/1473/1428 1350/1475/1430 1351/1476/1431
f 1351/1476/1431 1352/1477/1432 1353/1478/1433
f 1351/1476/1431 1353/1478/1433 1354/1479/1434
f 1354/1479/1434 1355/1480/1435 1356/1481/1436
f 1354/1479/1434 1356/1481/1436 1357/1482/1437
f 1357/1482/1437 1358/1483/1438 1359/1484/1439
f 1357/1482/1437 1359/1484/1439 1360/1485/1440
f 1360/1485/1440 1361/1486/1441 1362/1487/1442
f 1360/1485/1440 1362/1487/1442 1363/1488/1443
f 1363/1488/1443 1364/1489/1444 1365/1490/1445
f 1363/1488/1443 1365/1490/1445 1366/1491/1446
f 1366/1491/1446 1367/1492/1447 1368/1493/1448
f 1366/1491/1446 1368/1493/1448 1369/1494/1449
f 1369/1494/1449 1370/1495/1450 1371/1496/1451
f 1369/1494/1449 1371/1496/1451 1372/1497/1452
f 1372/1497/1452 1373/1498/1453 1374/1499/1454
f 1372/1497/1452 1374/1499/1454 1375/1500/1455
f 1375/1500/1455 1376/1501/1456 1377/1502/1457
f 1375/1500/1455 1377/1502/1457 1378/1503/1458
f 1378/1503/1458 1379/1504/1459 1380/1505/1460
f 1378/1503/1458 1380/1505/1460 1381/1506/1461
f 1381/1506/1461 1382/1507/1462 1383/1508/1463
f 1381/1506/1461 1383/1508/1463 1384/1509/1464
f 1384/1509/1464 1385/1510/1465 1386/1511/1466
f 1384/1509/1464 1386/1511/1466 1335/1460/1415
f 1335/1512/1467 1336/1513/1468 1387/1514/1469
f 1335/1512/1467 1387/1514/1469 1388/1515/1470
f 1387/1514/1469 1336/1513/1468 1339/1516/1471
f 1387/1514/1469 1339/1516/1471 1389/1517/1472
f 1389/1517/1472 1339/1516/1471 1390/1518/1473
f 1339/1516/1471 1342/1519/1474 1390/1518/1473
f 1390/1518/1473 1342/1519/1474 1391/1520/1475
f 1342/1519/1474 1345/1521/1476 1391/1520/1475
f 1391/1520/1475 1345/1521/1476 1348/1522/1477
f 1391/1520/1475 1348/1522/1477 1392/1523/1478
f 1392/1524/1478 1348/1525/1477 1393/1526/1479
f 1348/1525/1477 1351/1527/1480 1393/1526/1479
f 1393/1526/1479 1351/1527/1480 1354/1528/1481
f 1393/1526/1479 1354/1528/1481 1394/1529/1482
f 1394/1529/1482 1354/1528/1481 1395/1530/1483
f 1354/1528/1481 1357/1531/1484 1395/1530/1483
f 1395/1530/1483 1357/1531/1484 1396/1532/1485
f 1357/1531/1484 1360/1533/1486 1396/1532/1485
f 1396/1532/1485 1360/1533/1486 1363/1534/1487
f 1396/1532/1485 1363/1534/1487 1397/1535/1488
f 1397/1535/1488 1363/1534/1487 1366/1536/1489
f 1397/1535/1488 1366/1536/1489 1398/1537/1490
f 1398/1537/1490 1366/1536/1489 1399/1538/1491
f 1366/1536/1489 1369/1539/1492 1399/1538/1491
f 1399/1538/1491 1369/1539/1492 1372/1540/1493
f 1399/1538/1491 1372/1540/1493 1400/1541/1494
f 1400/1541/1494 1372/1540/1493 1401/1542/1495
f 1372/1540/1493 1375/1543/1496 1401/1542/1495
f 1401/1542/1495 1375/1543/1496 1378/1544/1497
f 1401/1542/1495 1378/1544/1497 1402/1545/1498
f 1402/1545/1498 1378/1544/1497 1403/1546/1499
f 1378/1544/1497 1381/1547/1500 1403/1546/1499
f 1403/1546/1499 1381/1547/1500 1384/1548/1501
f 1403/1546/1499 1384/1548/1501 1404/1549/1502
f 1404/1549/1502 1384/1548/1501 1335/1512/1467
f 1404/1549/1502 1335/1512/1467 1388/1515/1470
f 1405/1550/1503 1406/1551/1504 1407/1552/1505
f 1405/1550/1503 1407/1552/1505 1408/1553/1506
f 1409/1554/1507 1410/1555/1508 1411/1556/1509
f 1410/1555/1508 1412/1557/1510 1411/1556/1509
f 1406/1551/1504 1413/1558/1511 1407/1552/1505
f 1413/1558/1511 1414/1559/1512 1407/1552/1505
f 1411/1556/1509 1412/1557/1510 1415/1560/1513
f 1411/1556/1509 1415/1560/1513 1416/1561/1514
f 1413/1558/1511 1417/1562/1515 1418/1563/1516
f 1413/1558/1511 1418/1563/1516 1414/1559/1512
f 1416/1561/1514 1415/1560/1513 1419/1564/1517
f 1415/1560/1513 1420/1565/1518 1419/1564/1517
f 1417/1562/1515 1421/1566/1519 1418/1563/1516
f 1421/1566/1519 1422/1567/1520 1418/1563/1516
f 1419/1564/1517 1420/1565/1518 1423/1568/1521
f 1419/1564/1517 1423/1568/1521 1424/1569/1522
f 1421/1566/1519 1425/1570/1523 1422/1567/1520
f 1425/1570/1523 1426/1571/1524 1422/1567/1520
f 1424/1569/1522 1423/1568/1521 1427/1572/1525
f 1423/1568/1521 1428/1573/1526 1427/1572/1525
f 1425/1574/1523 1429/1575/1527 1430/1576/1528
f 1425/1574/1523 1430/1576/1528 1426/1577/1524
f 1427/1578/1525 1428/1579/1526 1431/1580/1529
f 1427/1578/1525 1431/1580/1529 1432/1581/1530
f 1429/1575/1527 1433/1582/1531 1434/1583/1532
f 1429/1575/1527 1434/1583/1532 1430/1576/1528
f 1432/1581/1530 1431/1580/1529 1435/1584/1533
f 1431/1580/1529 1436/1585/1534 1435/1584/1533
f 1433/1582/1531 1437/1586/1535 1434/1583/1532
f 1437/1586/1535 1438/1587/1536 1434/1583/1532
f 1435/1584/1533 1436/1585/1534 1439/1588/1537
f 1436/1585/1534 1440/1589/1538 1439/1588/1537
f 1437/1586/1535 1441/1590/1539 1442/1591/1540
f 1437/1586/1535 1442/1591/1540 1438/1587/1536
f 1439/1588/1537 1440/1589/1538 1443/1592/1541
f 1439/1588/1537 1443/1592/1541 1444/1593/1542
f 1441/1590/1539 1445/1594/1543 1446/1595/1544
f 1441/1590/1539 1446/1595/1544 1442/1591/1540
f 1444/1593/1542 1443/1592/1541 1447/1596/1545
f 1443/1592/1541 1448/1597/1546 1447/1596/1545
f 1445/1594/1543 1449/1598/1547 1450/1599/1548
f 1445/1594/1543 1450/1599/1548 1446/1595/1544
f 1451/1600/1549 1447/1596/1545 1452/1601/1550
f 1447/1596/1545 1448/1597/1546 1452/1601/1550
f 1449/1598/1547 1453/1602/1551 1450/1599/1548
f 1453/1602/1551 1454/1603/1552 1450/1599/1548
f 1451/1600/1549 1452/1601/1550 1455/1604/1553
f 1451/1600/1549 1455/1604/1553 1456/1605/1554
f 1453/1602/1551 1457/1606/1555 1454/1603/1552
f 1457/1606/1555 1458/1607/1556 1454/1603/1552
f 1456/1605/1554 1455/1604/1553 1459/1608/1557
f 1455/1604/1553 1460/1609/1558 1459/1608/1557
f 1457/1606/1555 1461/1610/1559 1462/1611/1560
f 1457/1606/1555 1462/1611/1560 1458/1607/1556
f 1459/1608/1557 1460/1609/1558 1463/1612/1561
f 1460/1609/1558 1464/1613/1562 1463/1612/1561
f 1461/1610/1559 1465/1614/1563 1462/1611/1560
f 1465/1614/1563 1466/1615/1564 1462/1611/1560
f 1463/1612/1561 1464/1613/1562 1467/1616/1565
f 1463/1612/1561 1467/1616/1565 1468/1617/1566
f 1465/1614/1563 1469/1618/1567 1466/1615/1564
f 1469/1618/1567 1470/1619/1568 1466/1615/1564
f 1468/1617/1566 1467/1616/1565 1471/1620/1569
f 1468/1617/1566 1471/1620/1569 1472/1621/1570
f 1469/1618/1567 1473/1622/1571 1474/1623/1572
f 1469/1618/1567 1474/1623/1572 1470/1619/1568
f 1472/1621/1570 1471/1620/1569 1475/1624/1573
f 1471/1620/1569 1476/1625/1574 1475/1624/1573
f 1473/1622/1571 1405/1550/1503 1474/1623/1572
f 1405/1550/1503 1408/1553/1506 1474/1623/1572
f 1475/1624/1573 1476/1625/1574 1410/1555/1508
f 1475/1624/1573 1410/1555/1508 1409/1554/1507
f 1477/1626/1575 1478/1627/1576 1479/1628/1577
f 1478/1627/1576 1480/1629/1578 1479/1628/1577
f 1481/1630/1579 1477/1626/1575 1482/1631/1580
f 1477/1626/1575 1479/1628/1577 1482/1631/1580
f 1481/1630/1579 1483/1632/1581 1484/1633/1582
f 1481/1630/1579 1484/1633/1582 1477/1626/1575
f 1484/1633/1582 1485/1634/1583 1478/1627/1576
f 1484/1633/1582 1478/1627/1576 1477/1626/1575
f 1486/1635/1584 1487/1636/1585 1488/1637/1586
f 1486/1635/1584 1488/1637/1586 1489/1638/1587
f 1478/1627/1576 1486/1635/1584 1489/1638/1587
f 1478/1627/1576 1489/1638/1587 1480/1629/1578
f 1478/1627/1576 1485/1634/1583 1486/1635/1584
f 1485/1634/1583 1490/1639/1588 1486/1635/1584
f 1490/1639/1588 1491/1640/1589 1486/1635/1584
f 1491/1640/1589 1487/1636/1585 1486/1635/1584
f 1492/1641/1590 1493/1642/1591 1494/1643/1592
f 1492/1641/1590 1494/1643/1592 1495/1644/1593
f 1487/1636/1585 1492/1641/1590 1488/1637/1586
f 1492/1641/1590 1495/1644/1593 1488/1637/1586
f 1487/1636/1585 1491/1640/1589 1492/1641/1590
f 1491/1640/1589 1496/1645/1594 1492/1641/1590
f 1496/1645/1594 1497/1646/1595 1493/1642/1591
f 1496/1645/1594 1493/1642/1591 1492/1641/1590
f 1498/1647/1596 1499/1648/1597 1500/1649/1598
f 1499/1648/1597 1501/1650/1599 1500/1649/1598
f 1493/1642/1591 1498/1647/1596 1500/1649/1598
f 1493/1642/1591 1500/1649/1598 1494/1643/1592
f 1493/1642/1591 1497/1646/1595 1502/1651/1600
f 1493/1642/1591 1502/1651/1600 1498/1647/1596
f 1502/1651/1600 1503/1652/1601 1498/1647/1596
f 1503/1652/1601 1499/1648/1597 1498/1647/1596
f 1504/1653/1602 1505/1654/1603 1506/1655/1604
f 1505/1654/1603 1507/1656/1605 1506/1655/1604
f 1499/1648/1597 1504/1657/1602 1506/1658/1604
f 1499/1648/1597 1506/1658/1604 1501/1650/1599
f 1499/1648/1597 1503/1652/1601 1504/1657/1602
f 1503/1652/1601 1508/1659/1606 1504/1657/1602
f 1508/1660/1606 1509/1661/1607 1504/1653/1602
f 1509/1661/1607 1505/1654/1603 1504/1653/1602
f 1510/1662/1608 1511/1663/1609 1512/1664/1610
f 1511/1663/1609 1513/1665/1611 1512/1664/1610
f 1505/1654/1603 1510/1662/1608 1512/1664/1610
f 1505/1654/1603 1512/1664/1610 1507/1656/1605
f 1505/1654/1603 1509/1661/1607 1514/1666/1612
f 1505/1654/1603 1514/1666/1612 1510/1662/1608
f 1514/1666/1612 1515/1667/1613 1510/1662/1608
f 1515/1667/1613 1511/1663/1609 1510/1662/1608
f 1516/1668/1614 1517/1669/1615 1518/1670/1616
f 1517/1669/1615 1519/1671/1617 1518/1670/1616
f 1511/1663/1609 1516/1668/1614 1518/1670/1616
f 1511/1663/1609 1518/1670/1616 1513/1665/1611
f 1511/1663/1609 1515/1667/1613 1516/1668/1614
f 1515/1667/1613 1520/1672/1618 1516/1668/1614
f 1520/1672/1618 1521/1673/1619 1516/1668/1614
f 1521/1673/1619 1517/1669/1615 1516/1668/1614
f 1522/1674/1620 1523/1675/1621 1524/1676/1622
f 1523/1675/1621 1525/1677/1623 1524/1676/1622
f 1517/1669/1615 1522/1674/1620 1524/1676/1622
f 1517/1669/1615 1524/1676/1622 1519/1671/1617
f 1517/1669/1615 1521/1673/1619 1526/1678/1624
f 1517/1669/1615 1526/1678/1624 1522/1674/1620
f 1526/1678/1624 1527/1679/1625 1523/1675/1621
f 1526/1678/1624 1523/1675/1621 1522/1674/1620
f 1528/1680/1626 1529/1681/1627 1530/1682/1628
f 1529/1681/1627 1531/1683/1629 1530/1682/1628
f 1523/1675/1621 1528/1680/1626 1525/1677/1623
f 1528/1680/1626 1530/1682/1628 1525/1677/1623
f 1523/1675/1621 1527/1679/1625 1532/1684/1630
f 1523/1675/1621 1532/1684/1630 1528/1680/1626
f 1532/1684/1630 1533/1685/1631 1529/1681/1627
f 1532/1684/1630 1529/1681/1627 1528/1680/1626
f 1534/1686/1632 1535/1687/1633 1536/1688/1634
f 1534/1686/1632 1536/1688/1634 1537/1689/1635
f 1529/1681/1627 1534/1686/1632 1531/1683/1629
f 1534/1686/1632 1537/1689/1635 1531/1683/1629
f 1529/1681/1627 1533/1685/1631 1538/1690/1636
f 1529/1681/1627 1538/1690/1636 1534/1686/1632
f 1538/1690/1636 1539/1691/1637 1535/1687/1633
f 1538/1690/1636 1535/1687/1633 1534/1686/1632
f 1540/1692/1638 1541/1693/1639 1542/1694/1640
f 1540/1692/1638 1542/1694/1640 1543/1695/1641
f 1535/1687/1633 1540/1692/1638 1536/1688/1634
f 1540/1692/1638 1543/1695/1641 1536/1688/1634
f 1535/1687/1633 1539/1691/1637 1540/1692/1638
f 1539/1691/1637 1544/1696/1642 1540/1692/1638
f 1544/1696/1642 1545/1697/1643 1540/1692/1638
f 1545/1697/1643 1541/1693/1639 1540/1692/1638
f 1546/1698/1644 1547/1699/1645 1548/1700/1646
f 1547/1699/1645 1549/1701/1647 1548/1700/1646
f 1541/1693/1639 1546/1698/1644 1548/1700/1646
f 1541/1693/1639 1548/1700/1646 1542/1694/1640
f 1541/1693/1639 1545/1697/1643 1550/1702/1648
f 1541/1693/1639 1550/1702/1648 1546/1698/1644
f 1550/1702/1648 1551/1703/1649 1547/1699/1645
f 1550/1702/1648 1547/1699/1645 1546/1698/1644
f 1552/1704/1650 1553/1705/1651 1554/1706/1652
f 1552/1704/1650 1554/1706/1652 1555/1707/1653
f 1547/1699/1645 1552/1704/1650 1555/1707/1653
f 1547/1699/1645 1555/1707/1653 1549/1701/1647
f 1547/1699/1645 1551/1703/1649 1556/1708/1654
f 1547/1699/1645 1556/1708/1654 1552/1704/1650
f 1556/1708/1654 1557/1709/1655 1552/1704/1650
f 1557/1709/1655 1553/1705/1651 1552/1704/1650
f 1558/1710/1656 1559/1711/1657 1560/1712/1658
f 1559/1711/1657 1561/1713/1659 1560/1712/1658
f 1553/1705/1651 1558/1710/1656 1560/1712/1658
f 1553/1705/1651 1560/1712/1658 1554/1706/1652
f 1553/1705/1651 1557/1709/1655 1558/1710/1656
f 1557/1709/1655 1562/1714/1660 1558/1710/1656
f 1562/1714/1660 1563/1715/1661 1559/1711/1657
f 1562/1714/1660 1559/1711/1657 1558/1710/1656
f 1564/1716/1662 1565/1717/1663 1566/1718/1664
f 1565/1717/1663 1567/1719/1665 1566/1718/1664
f 1559/1711/1657 1564/1716/1662 1566/1718/1664
f 1559/1711/1657 1566/1718/1664 1561/1713/1659
f 1559/1711/1657 1563/1715/1661 1568/1720/1666
f 1559/1711/1657 1568/1720/1666 1564/1716/1662
f 1568/1720/1666 1569/1721/1667 1564/1716/1662
f 1569/1721/1667 1565/1717/1663 1564/1716/1662
f 1570/1722/1668 1571/1723/1669 1572/1724/1670
f 1570/1722/1668 1572/1724/1670 1573/1725/1671
f 1565/1717/1663 1570/1722/1668 1567/1719/1665
f 1570/1722/1668 1573/1725/1671 1567/1719/1665
f 1565/1717/1663 1569/1721/1667 1570/1722/1668
f 1569/1721/1667 1574/1726/1672 1570/1722/1668
f 1574/1726/1672 1575/1727/1673 1571/1723/1669
f 1574/1726/1672 1571/1723/1669 1570/1722/1668
f 1576/1728/1674 1577/1729/1675 1578/1730/1676
f 1577/1729/1675 1579/1731/1677 1578/1730/1676
f 1571/1723/1669 1576/1728/1674 1572/1724/1670
f 1576/1728/1674 1578/1730/1676 1572/1724/1670
f 1571/1723/1669 1575/1727/1673 1580/1732/1678
f 1571/1723/1669 1580/1732/1678 1576/1728/1674
f 1580/1732/1678 1581/1733/1679 1577/1729/1675
f 1580/1732/1678 1577/1729/1675 1576/1728/1674
f 1582/1734/1680 1481/1630/1579 1482/1631/1580
f 1582/1734/1680 1482/1631/1580 1583/1735/1681
f 1577/1729/1675 1582/1734/1680 1583/1735/1681
f 1577/1729/1675 1583/1735/1681 1579/1731/1677
f 1577/1729/1675 1581/1733/1679 1584/1736/1682
f 1577/1729/1675 1584/1736/1682 1582/1734/1680
f 1584/1736/1682 1483/1632/1581 1481/1630/1579
f 1584/1736/1682 1481/1630/1579 1582/1734/1680
f 1585/1737/1683 1244/1353/1319 1586/1738/1684
f 1244/1353/1319 1587/1739/1685 1586/1738/1684
f 1586/1738/1684 1587/1739/1685 1588/1740/1686
f 1587/1739/1685 1589/1741/1687 1588/1740/1686
f 1590/1742/1688 1586/1738/1684 1588/1740/1686
f 1590/1742/1688 1588/1740/1686 1591/1743/1689
f 1590/1742/1688 1226/1331/1298 1586/1738/1684
f 1226/1331/1298 1585/1737/1683 1586/1738/1684
f 1587/1739/1685 1592/1744/1690 1589/1741/1687
f 1592/1744/1690 1593/1745/1691 1589/1741/1687
f 1587/1739/1685 1244/1353/1319 1592/1744/1690
f 1244/1353/1319 1241/1352/1318 1592/1744/1690
f 1338/1463/1418 1337/1462/1417 1594/1746/1692
f 1337/1462/1417 1595/1747/1693 1594/1746/1692
f 1594/1746/1692 1595/1747/1693 1596/1748/1694
f 1595/1747/1693 1597/1749/1695 1596/1748/1694
f 1598/1750/1696 1594/1746/1692 1596/1748/1694
f 1598/1750/1696 1596/1748/1694 1599/1751/1697
f 1598/1750/1696 1340/1465/1420 1594/1746/1692
f 1340/1465/1420 1338/1463/1418 1594/1746/1692
f 1595/1747/1693 1600/1752/1698 1597/1749/1695
f 1600/1752/1698 1601/1753/1699 1597/1749/1695
f 1595/1747/1693 1337/1462/1417 1600/1752/1698
f 1337/1462/1417 1602/1754/1700 1600/1752/1698
f 1603/1755/1701 1256/1367/1332 1604/1756/1702
f 1256/1367/1332 1605/1757/1703 1604/1756/1702
f 1604/1756/1702 1605/1757/1703 1606/1758/1704
f 1605/1757/1703 1607/1759/1705 1606/1758/1704
f 1608/1760/1706 1604/1756/1702 1606/1758/1704
f 1608/1760/1706 1606/1758/1704 1609/1761/1707
f 1608/1760/1706 1238/1345/1311 1604/1756/1702
f 1238/1345/1311 1603/1755/1701 1604/1756/1702
f 1605/1757/1703 1610/1762/1708 1607/1759/1705
f 1610/1762/1708 1611/1763/1709 1607/1759/1705
f 1605/1757/1703 1256/1367/1332 1610/1762/1708
f 1256/1367/1332 1253/1366/1331 1610/1762/1708
f 1344/1469/1424 1343/1468/1423 1612/1764/1710
f 1343/1468/1423 1613/1765/1711 1612/1764/1710
f 1612/1764/1710 1613/1765/1711 1614/1766/1712
f 1613/1765/1711 1615/1767/1713 1614/1766/1712
f 1616/1768/1714 1612/1764/1710 1614/1766/1712
f 1616/1768/1714 1614/1766/1712 1617/1769/1715
f 1616/1768/1714 1346/1471/1426 1612/1764/1710
f 1346/1471/1426 1344/1469/1424 1612/1764/1710
f 1613/1765/1711 1618/1770/1716 1615/1767/1713
f 1618/1770/1716 1619/1771/1717 1615/1767/1713
f 1613/1765/1711 1343/1468/1423 1618/1770/1716
f 1343/1468/1423 1620/1772/1718 1618/1770/1716
f 1621/1773/1719 1268/1383/1346 1622/1774/1720
f 1268/1383/1346 1623/1775/1721 1622/1774/1720
f 1622/1774/1720 1623/1775/1721 1624/1776/1722
f 1623/1775/1721 1625/1777/1723 1624/1776/1722
f 1626/1778/1724 1622/1774/1720 1624/1776/1722
f 1626/1778/1724 1624/1776/1722 1627/1779/1725
f 1626/1778/1724 1250/1359/1324 1622/1774/1720
f 1250/1359/1324 1621/1773/1719 1622/1774/1720
f 1623/1775/1721 1628/1780/1726 1625/1777/1723
f 1628/1780/1726 1629/1781/1727 1625/1777/1723
f 1623/1775/1721 1268/1383/1346 1628/1780/1726
f 1268/1383/1346 1265/1382/1345 1628/1780/1726
f 1350/1475/1430 1349/1474/1429 1630/1782/1728
f 1349/1474/1429 1631/1783/1729 1630/1782/1728
f 1630/1782/1728 1631/1783/1729 1632/1784/1730
f 1631/1783/1729 1633/1785/1731 1632/1784/1730
f 1634/1786/1732 1630/1782/1728 1632/1784/1730
f 1634/1786/1732 1632/1784/1730 1635/1787/1733
f 1634/1786/1732 1352/1477/1432 1630/1782/1728
f 1352/1477/1432 1350/1475/1430 1630/1782/1728
f 1631/1783/1729 1636/1788/1734 1633/1785/1731
f 1636/1788/1734 1637/1789/1735 1633/1785/1731
f 1631/1783/1729 1349/1474/1429 1636/1788/1734
f 1349/1474/1429 1638/1790/1736 1636/1788/1734
f 1639/1791/1737 1280/1397/1358 1640/1792/1738
f 1280/1397/1358 1641/1793/1739 1640/1792/1738
f 1640/1792/1738 1641/1793/1739 1642/1794/1740
f 1641/1793/1739 1643/1795/1741 1642/1794/1740
f 1644/1796/1742 1640/1792/1738 1642/1794/1740
f 1644/1796/1742 1642/1794/1740 1645/1797/1743
f 1644/1796/1742 1262/1375/1338 1640/1792/1738
f 1262/1375/1338 1639/1791/1737 1640/1792/1738
f 1641/1793/1739 1646/1798/1744 1643/1795/1741
f 1646/1798/1744 1647/1799/1745 1643/1795/1741
f 1641/1793/1739 1280/1397/1358 1646/1798/1744
f 1280/1397/1358 1277/1396/1357 1646/1798/1744
f 1356/1481/1436 1355/1480/1435 1648/1800/1746
f 1355/1480/1435 1649/1801/1747 1648/1800/1746
f 1648/1800/1746 1649/1801/1747 1650/1802/1748
f 1649/1801/1747 1651/1803/1749 1650/1802/1748
f 1652/1804/1750 1648/1800/1746 1650/1802/1748
f 1652/1804/1750 1650/1802/1748 1653/1805/1751
f 1652/1804/1750 1358/1483/1438 1648/1800/1746
f 1358/1483/1438 1356/1481/1436 1648/1800/1746
f 1649/1801/1747 1654/1806/1752 1651/1803/1749
f 1654/1806/1752 1655/1807/1753 1651/1803/1749
f 1649/1801/1747 1355/1480/1435 1654/1806/1752
f 1355/1480/1435 1656/1808/1754 1654/1806/1752
f 1657/1809/1755 1292/1411/1371 1658/1810/1756
f 1292/1411/1371 1659/1811/1757 1658/1810/1756
f 1658/1810/1756 1659/1811/1757 1660/1812/1758
f 1659/1811/1757 1661/1813/1759 1660/1812/1758
f 1662/1814/1760 1658/1810/1756 1660/1812/1758
f 1662/1814/1760 1660/1812/1758 1663/1815/1761
f 1662/1814/1760 1274/1389/1351 1658/1810/1756
f 1274/1389/1351 1657/1809/1755 1658/1810/1756
f 1659/1811/1757 1664/1816/1762 1661/1813/1759
f 1664/1816/1762 1665/1817/1763 1661/1813/1759
f 1659/1811/1757 1292/1411/1371 1664/1816/1762
f 1292/1411/1371 1289/1410/1370 1664/1816/1762
f 1362/1487/1442 1361/1486/1441 1666/1818/1764
f 1361/1486/1441 1667/1819/1765 1666/1818/1764
f 1666/1818/1764 1667/1819/1765 1668/1820/1766
f 1667/1819/1765 1669/1821/1767 1668/1820/1766
f 1670/1822/1768 1666/1818/1764 1668/1820/1766
f 1670/1822/1768 1668/1820/1766 1671/1823/1769
f 1670/1822/1768 1364/1489/1444 1666/1818/1764
f 1364/1489/1444 1362/1487/1442 1666/1818/1764
f 1667/1819/1765 1672/1824/1770 1669/1821/1767
f 1672/1824/1770 1673/1825/1771 1669/1821/1767
f 1667/1819/1765 1361/1486/1441 1672/1824/1770
f 1361/1486/1441 1674/1826/1772 1672/1824/1770
f 1675/1827/1773 1304/1425/1384 1676/1828/1774
f 1304/1425/1384 1677/1829/1775 1676/1828/1774
f 1676/1828/1774 1677/1829/1775 1678/1830/1776
f 1677/1829/1775 1679/1831/1777 1678/1830/1776
f 1680/1832/1778 1676/1828/1774 1678/1830/1776
f 1680/1832/1778 1678/1830/1776 1681/1833/1779
f 1680/1832/1778 1286/1403/1363 1676/1828/1774
f 1286/1403/1363 1675/1827/1773 1676/1828/1774
f 1677/1829/1775 1682/1834/1780 1679/1831/1777
f 1682/1834/1780 1683/1835/1781 1679/1831/1777
f 1677/1829/1775 1304/1425/1384 1682/1834/1780
f 1304/1425/1384 1301/1424/1383 1682/1834/1780
f 1368/1493/1448 1367/1492/1447 1684/1836/1782
f 1367/1492/1447 1685/1837/1783 1684/1836/1782
f 1684/1836/1782 1685/1837/1783 1686/1838/1784
f 1685/1837/1783 1687/1839/1785 1686/1838/1784
f 1688/1840/1786 1684/1836/1782 1686/1838/1784
f 1688/1840/1786 1686/1838/1784 1689/1841/1787
f 1688/1840/1786 1370/1495/1450 1684/1836/1782
f 1370/1495/1450 1368/1493/1448 1684/1836/1782
f 1685/1837/1783 1690/1842/1788 1687/1839/1785
f 1690/1842/1788 1691/1843/1789 1687/1839/1785
f 1685/1837/1783 1367/1492/1447 1690/1842/1788
f 1367/1492/1447 1692/1844/1790 1690/1842/1788
f 1693/1845/1791 1316/1439/1396 1694/1846/1792
f 1316/1439/1396 1695/1847/1793 1694/1846/1792
f 1694/1846/1792 1695/1847/1793 1696/1848/1794
f 1695/1847/1793 1697/1849/1795 1696/1848/1794
f 1698/1850/1796 1694/1846/1792 1696/1848/1794
f 1698/1850/1796 1696/1848/1794 1699/1851/1797
f 1698/1850/1796 1298/1417/1376 1694/1846/1792
f 1298/1417/1376 1693/1845/1791 1694/1846/1792
f 1695/1847/1793 1700/1852/1798 1697/1849/1795
f 1700/1852/1798 1701/1853/1799 1697/1849/1795
f 1695/1847/1793 1316/1439/1396 1700/1852/1798
f 1316/1439/1396 1313/1438/1395 1700/1852/1798
f 1374/1499/1454 1373/1498/1453 1702/1854/1800
f 1373/1498/1453 1703/1855/1801 1702/1854/1800
f 1702/1854/1800 1703/1855/1801 1704/1856/1802
f 1703/1855/1801 1705/1857/1803 1704/1856/1802
f 1706/1858/1804 1702/1854/1800 1704/1856/1802
f 1706/1858/1804 1704/1856/1802 1707/1859/1805
f 1706/1858/1804 1376/1501/1456 1702/1854/1800
f 1376/1501/1456 1374/1499/1454 1702/1854/1800
f 1703/1855/1801 1708/1860/1806 1705/1857/1803
f 1708/1860/1806 1709/1861/1807 1705/1857/1803
f 1703/1855/1801 1373/1498/1453 1708/1860/1806
f 1373/1498/1453 1710/1862/1808 1708/1860/1806
f 1711/1863/1809 1328/1453/1409 1712/1864/1810
f 1328/1453/1409 1713/1865/1811 1712/1864/1810
f 1712/1864/1810 1713/1865/1811 1714/1866/1812
f 1713/1865/1811 1715/1867/1813 1714/1866/1812
f 1716/1868/1814 1712/1864/1810 1714/1866/1812
f 1716/1868/1814 1714/1866/1812 1717/1869/1815
f 1716/1868/1814 1310/1431/1389 1712/1864/1810
f 1310/1431/1389 1711/1863/1809 1712/1864/1810
f 1713/1865/1811 1718/1870/1816 1715/1867/1813
f 1718/1870/1816 1719/1871/1817 1715/1867/1813
f 1713/1865/1811 1328/1453/1409 1718/1870/1816
f 1328/1453/1409 1325/1452/1408 1718/1870/1816
f 1380/1505/1460 1379/1504/1459 1720/1872/1818
f 1379/1504/1459 1721/1873/1819 1720/1872/1818
f 1720/1872/1818 1721/1873/1819 1722/1874/1820
f 1721/1873/1819 1723/1875/1821 1722/1874/1820
f 1724/1876/1822 1720/1872/1818 1722/1874/1820
f 1724/1876/1822 1722/1874/1820 1725/1877/1823
f 1724/1876/1822 1382/1507/1462 1720/1872/1818
f 1382/1507/1462 1380/1505/1460 1720/1872/1818
f 1721/1873/1819 1726/1878/1824 1723/1875/1821
f 1726/1878/1824 1727/1879/1825 1723/1875/1821
f 1721/1873/1819 1379/1504/1459 1726/1878/1824
f 1379/1504/1459 1728/1880/1826 1726/1878/1824
f 1729/1881/1827 1232/1339/1306 1730/1882/1828
f 1232/1339/1306 1731/1883/1829 1730/1882/1828
f 1730/1882/1828 1731/1883/1829 1732/1884/1830
f 1731/1883/1829 1733/1885/1831 1732/1884/1830
f 1734/1886/1832 1730/1882/1828 1732/1884/1830
f 1734/1886/1832 1732/1884/1830 1735/1887/1833
f 1734/1886/1832 1322/1445/1401 1730/1882/1828
f 1322/1445/1401 1729/1881/1827 1730/1882/1828
f 1731/1883/1829 1736/1888/1834 1733/1885/1831
f 1736/1888/1834 1737/1889/1835 1733/1885/1831
f 1731/1883/1829 1232/1339/1306 1736/1888/1834
f 1232/1339/1306 1229/1338/1305 1736/1888/1834
f 1386/1511/1466 1385/1510/1465 1738/1890/1836
f 1385/1510/1465 1739/1891/1837 1738/1890/1836
f 1738/1890/1836 1739/1891/1837 1740/1892/1838
f 1739/1891/1837 1741/1893/1839 1740/1892/1838
f 1742/1894/1840 1738/1890/1836 1740/1892/1838
f 1742/1894/1840 1740/1892/1838 1743/1895/1841
f 1742/1894/1840 1333/1458/1413 1738/1890/1836
f 1333/1458/1413 1386/1511/1466 1738/1890/1836
f 1739/1891/1837 1744/1896/1842 1741/1893/1839
f 1744/1896/1842 1745/1897/1843 1741/1893/1839
f 1739/1891/1837 1385/1510/1465 1744/1896/1842
f 1385/1510/1465 1746/1898/1844 1744/1896/1842
f 1747/1899/1845 1748/1900/1846 1749/1901/1847
f 1748/1900/1846 1750/1902/1848 1749/1901/1847
f 1749/1901/1847 1750/1902/1848 1407/1552/1505
f 1750/1902/1848 1408/1553/1506 1407/1552/1505
f 1751/1903/1849 1747/1899/1845 1749/1901/1847
f 1751/1903/1849 1749/1901/1847 1752/1904/1850
f 1752/1904/1850 1749/1901/1847 1407/1552/1505
f 1752/1904/1850 1407/1552/1505 1414/1559/1512
f 1753/1905/1851 1751/1903/1849 1754/1906/1852
f 1751/1903/1849 1752/1904/1850 1754/1906/1852
f 1754/1906/1852 1752/1904/1850 1418/1563/1516
f 1752/1904/1850 1414/1559/1512 1418/1563/1516
f 1755/1907/1853 1753/1905/1851 1754/1906/1852
f 1755/1907/1853 1754/1906/1852 1756/1908/1854
f 1756/1908/1854 1754/1906/1852 1418/1563/1516
f 1756/1908/1854 1418/1563/1516 1422/1567/1520
f 1757/1909/1855 1755/1907/1853 1756/1908/1854
f 1757/1909/1855 1756/1908/1854 1758/1910/1856
f 1758/1910/1856 1756/1908/1854 1422/1567/1520
f 1758/1910/1856 1422/1567/1520 1426/1571/1524
f 1759/1911/1857 1757/1912/1855 1760/1913/1858
f 1757/1912/1855 1758/1914/1856 1760/1913/1858
f 1760/1913/1858 1758/1914/1856 1430/1576/1528
f 1758/1914/1856 1426/1577/1524 1430/1576/1528
f 1761/1915/1859 1759/1911/1857 1762/1916/1860
f 1759/1911/1857 1760/1913/1858 1762/1916/1860
f 1762/1916/1860 1760/1913/1858 1434/1583/1532
f 1760/1913/1858 1430/1576/1528 1434/1583/1532
f 1763/1917/1861 1761/1915/1859 1764/1918/1862
f 1761/1915/1859 1762/1916/1860 1764/1918/1862
f 1764/1918/1862 1762/1916/1860 1434/1583/1532
f 1764/1918/1862 1434/1583/1532 1438/1587/1536
f 1765/1919/1863 1763/1917/1861 1766/1920/1864
f 1763/1917/1861 1764/1918/1862 1766/1920/1864
f 1766/1920/1864 1764/1918/1862 1438/1587/1536
f 1766/1920/1864 1438/1587/1536 1442/1591/1540
f 1767/1921/1865 1765/1919/1863 1766/1920/1864
f 1767/1921/1865 1766/1920/1864 1768/1922/1866
f 1768/1922/1866 1766/1920/1864 1446/1595/1544
f 1766/1920/1864 1442/1591/1540 1446/1595/1544
f 1769/1923/1867 1767/1921/1865 1768/1922/1866
f 1769/1923/1867 1768/1922/1866 1770/1924/1868
f 1770/1924/1868 1768/1922/1866 1450/1599/1548
f 1768/1922/1866 1446/1595/1544 1450/1599/1548
f 1771/1925/1869 1769/1923/1867 1772/1926/1870
f 1769/1923/1867 1770/1924/1868 1772/1926/1870
f 1772/1926/1870 1770/1924/1868 1450/1599/1548
f 1772/1926/1870 1450/1599/1548 1454/1603/1552
f 1773/1927/1871 1771/1925/1869 1774/1928/1872
f 1771/1925/1869 1772/1926/1870 1774/1928/1872
f 1774/1928/1872 1772/1926/1870 1454/1603/1552
f 1774/1928/1872 1454/1603/1552 1458/1607/1556
f 1775/1929/1873 1773/1927/1871 1774/1928/1872
f 1775/1929/1873 1774/1928/1872 1776/1930/1874
f 1776/1930/1874 1774/1928/1872 1462/1611/1560
f 1774/1928/1872 1458/1607/1556 1462/1611/1560
f 1777/1931/1875 1775/1929/1873 1778/1932/1876
f 1775/1929/1873 1776/1930/1874 1778/1932/1876
f 1778/1932/1876 1776/1930/1874 1462/1611/1560
f 1778/1932/1876 1462/1611/1560 1466/1615/1564
f 1779/1933/1877 1777/1931/1875 1780/1934/1878
f 1777/1931/1875 1778/1932/1876 1780/1934/1878
f 1780/1934/1878 1778/1932/1876 1466/1615/1564
f 1780/1934/1878 1466/1615/1564 1470/1619/1568
f 1781/1935/1879 1779/1933/1877 1780/1934/1878
f 1781/1935/1879 1780/1934/1878 1782/1936/1880
f 1782/1936/1880 1780/1934/1878 1474/1623/1572
f 1780/1934/1878 1470/1619/1568 1474/1623/1572
f 1748/1900/1846 1781/1935/1879 1750/1902/1848
f 1781/1935/1879 1782/1936/1880 1750/1902/1848
f 1750/1902/1848 1782/1936/1880 1474/1623/1572
f 1750/1902/1848 1474/1623/1572 1408/1553/1506
f 1783/1937/1881 1784/1938/1882 1785/1939/1883
f 1784/1938/1882 1786/1940/1884 1785/1939/1883
f 1786/1940/1884 1748/1941/1885 1785/1939/1883
f 1748/1941/1885 1747/1942/1886 1785/1939/1883
f 1787/1943/1887 1783/1937/1881 1785/1939/1883
f 1787/1943/1887 1785/1939/1883 1788/1944/1888
f 1785/1939/1883 1747/1942/1886 1751/1945/1889
f 1785/1939/1883 1751/1945/1889 1788/1944/1888
f 1789/1946/1890 1787/1943/1887 1788/1944/1888
f 1789/1946/1890 1788/1944/1888 1790/1947/1891
f 1788/1944/1888 1751/1945/1889 1753/1948/1892
f 1788/1944/1888 1753/1948/1892 1790/1947/1891
f 1791/1949/1893 1789/1946/1890 1792/1950/1894
f 1789/1946/1890 1790/1947/1891 1792/1950/1894
f 1790/1947/1891 1753/1948/1892 1792/1950/1894
f 1753/1948/1892 1755/1951/1895 1792/1950/1894
f 1793/1952/1896 1791/1949/1893 1794/1953/1897
f 1791/1949/1893 1792/1950/1894 1794/1953/1897
f 1792/1950/1894 1755/1951/1895 1794/1953/1897
f 1755/1951/1895 1757/1954/1898 1794/1953/1897
f 1795/1955/1899 1793/1952/1896 1794/1953/1897
f 1795/1955/1899 1794/1953/1897 1796/1956/1900
f 1794/1953/1897 1757/1954/1898 1759/1957/1901
f 1794/1953/1897 1759/1957/1901 1796/1956/1900
f 1797/1958/1902 1795/1955/1899 1796/1956/1900
f 1797/1958/1902 1796/1956/1900 1798/1959/1903
f 1796/1956/1900 1759/1957/1901 1798/1959/1903
f 1759/1957/1901 1761/1960/1904 1798/1959/1903
f 1799/1961/1905 1797/1958/1902 1800/1962/1906
f 1797/1958/1902 1798/1959/1903 1800/1962/1906
f 1798/1959/1903 1761/1960/1904 1763/1963/1907
f 1798/1959/1903 1763/1963/1907 1800/1962/1906
f 1801/1964/1908 1799/1961/1905 1802/1965/1909
f 1799/1961/1905 1800/1962/1906 1802/1965/1909
f 1800/1962/1906 1763/1963/1907 1802/1965/1909
f 1763/1963/1907 1765/1966/1910 1802/1965/1909
f 1803/1967/1911 1801/1964/1908 1802/1965/1909
f 1803/1967/1911 1802/1965/1909 1804/1968/1912
f 1802/1965/1909 1765/1966/1910 1767/1969/1913
f 1802/1965/1909 1767/1969/1913 1804/1968/1912
f 1805/1970/1914 1803/1967/1911 1806/1971/1915
f 1803/1967/1911 1804/1968/1912 1806/1971/1915
f 1804/1968/1912 1767/1969/1913 1806/1971/1915
f 1767/1969/1913 1769/1972/1916 1806/1971/1915
f 1807/1973/1917 1805/1970/1914 1806/1971/1915
f 1807/1973/1917 1806/1971/1915 1808/1974/1918
f 1806/1971/1915 1769/1972/1916 1771/1975/1919
f 1806/1971/1915 1771/1975/1919 1808/1974/1918
f 1809/1976/1920 1807/1973/1917 1810/1977/1921
f 1807/1973/1917 1808/1974/1918 1810/1977/1921
f 1808/1974/1918 1771/1975/1919 1810/1977/1921
f 1771/1975/1919 1773/1978/1922 1810/1977/1921
f 1811/1979/1923 1809/1976/1920 1810/1977/1921
f 1811/1979/1923 1810/1977/1921 1812/1980/1924
f 1810/1977/1921 1773/1978/1922 1775/1981/1925
f 1810/1977/1921 1775/1981/1925 1812/1980/1924
f 1813/1982/1926 1811/1979/1923 1814/1983/1927
f 1811/1979/1923 1812/1980/1924 1814/1983/1927
f 1812/1980/1924 1775/1981/1925 1814/1983/1927
f 1775/1981/1925 1777/1984/1928 1814/1983/1927
f 1815/1985/1929 1813/1982/1926 1816/1986/1930
f 1813/1982/1926 1814/1983/1927 1816/1986/1930
f 1814/1983/1927 1777/1984/1928 1816/1986/1930
f 1777/1984/1928 1779/1987/1931 1816/1986/1930
f 1817/1988/1932 1815/1985/1929 1816/1986/1930
f 1817/1988/1932 1816/1986/1930 1818/1989/1933
f 1816/1986/1930 1779/1987/1931 1781/1990/1934
f 1816/1986/1930 1781/1990/1934 1818/1989/1933
f 1784/1938/1882 1817/1988/1932 1818/1989/1933
f 1784/1938/1882 1818/1989/1933 1786/1940/1884
f 1818/1989/1933 1781/1990/1934 1786/1940/1884
f 1781/1990/1934 1748/1941/1885 1786/1940/1884
f 1819/1991/1935 1820/1992/1936 1783/1937/1881
f 1820/1992/1936 1784/1938/1882 1783/1937/1881
f 1821/1993/1937 1819/1991/1935 1787/1943/1887
f 1819/1991/1935 1783/1937/1881 1787/1943/1887
f 1822/1994/1938 1821/1993/1937 1789/1946/1890
f 1821/1993/1937 1787/1943/1887 1789/1946/1890
f 1823/1995/1939 1822/1994/1938 1791/1949/1893
f 1822/1994/1938 1789/1946/1890 1791/1949/1893
f 1824/1996/1940 1823/1995/1939 1793/1952/1896
f 1823/1995/1939 1791/1949/1893 1793/1952/1896
f 1825/1997/1941 1824/1996/1940 1795/1955/1899
f 1824/1996/1940 1793/1952/1896 1795/1955/1899
f 1826/1998/1942 1825/1997/1941 1797/1958/1902
f 1825/1997/1941 1795/1955/1899 1797/1958/1902
f 1827/1999/1943 1826/1998/1942 1799/1961/1905
f 1826/1998/1942 1797/1958/1902 1799/1961/1905
f 1828/2000/1944 1827/1999/1943 1801/1964/1908
f 1827/1999/1943 1799/1961/1905 1801/1964/1908
f 1829/2001/1945 1828/2000/1944 1803/1967/1911
f 1828/2000/1944 1801/1964/1908 1803/1967/1911
f 1830/2002/1946 1829/2001/1945 1805/1970/1914
f 1829/2001/1945 1803/1967/1911 1805/1970/1914
f 1831/2003/1947 1830/2002/1946 1807/1973/1917
f 1830/2002/1946 1805/1970/1914 1807/1973/1917
f 1832/2004/1948 1831/2003/1947 1809/1976/1920
f 1831/2003/1947 1807/1973/1917 1809/1976/1920
f 1833/2005/1949 1832/2004/1948 1811/1979/1923
f 1832/2004/1948 1809/1976/1920 1811/1979/1923
f 1834/2006/1950 1833/2005/1949 1813/1982/1926
f 1833/2005/1949 1811/1979/1923 1813/1982/1926
f 1835/2007/1951 1834/2006/1950 1815/1985/1929
f 1834/2006/1950 1813/1982/1926 1815/1985/1929
f 1836/2008/1952 1835/2007/1951 1817/1988/1932
f 1835/2007/1951 1815/1985/1929 1817/1988/1932
f 1820/1992/1936 1836/2008/1952 1784/1938/1882
f 1836/2008/1952 1817/1988/1932 1784/1938/1882
f 1837/2009/1953 1838/2010/1954 1387/1514/1469
f 1838/2010/1954 1388/1515/1470 1387/1514/1469
f 1839/2011/1955 1837/2009/1953 1389/1517/1472
f 1837/2009/1953 1387/1514/1469 1389/1517/1472
f 1840/2012/1956 1839/2011/1955 1389/1517/1472
f 1840/2012/1956 1389/1517/1472 1390/1518/1473
f 1841/2013/1957 1840/2012/1956 1390/1518/1473
f 1841/2013/1957 1390/1518/1473 1391/1520/1475
f 1842/2014/1958 1841/2013/1957 1391/1520/1475
f 1842/2014/1958 1391/1520/1475 1392/1523/1478
f 1843/2015/1959 1842/2016/1958 1393/1526/1479
f 1842/2016/1958 1392/1524/1478 1393/1526/1479
f 1844/2017/1960 1843/2015/1959 1394/1529/1482
f 1843/2015/1959 1393/1526/1479 1394/1529/1482
f 1845/2018/1961 1844/2017/1960 1394/1529/1482
f 1845/2018/1961 1394/1529/1482 1395/1530/1483
f 1846/2019/1962 1845/2018/1961 1396/1532/1485
f 1845/2018/1961 1395/1530/1483 1396/1532/1485
f 1847/2020/1963 1846/2019/1962 1397/1535/1488
f 1846/2019/1962 1396/1532/1485 1397/1535/1488
f 1848/2021/1964 1847/2020/1963 1397/1535/1488
f 1848/2021/1964 1397/1535/1488 1398/1537/1490
f 1849/2022/1965 1848/2021/1964 1399/1538/1491
f 1848/2021/1964 1398/1537/1490 1399/1538/1491
f 1850/2023/1966 1849/2022/1965 1399/1538/1491
f 1850/2023/1966 1399/1538/1491 1400/1541/1494
f 1851/2024/1967 1850/2023/1966 1400/1541/1494
f 1851/2024/1967 1400/1541/1494 1401/1542/1495
f 1852/2025/1968 1851/2024/1967 1401/1542/1495
f 1852/2025/1968 1401/1542/1495 1402/1545/1498
f 1853/2026/1969 1852/2025/1968 1402/1545/1498
f 1853/2026/1969 1402/1545/1498 1403/1546/1499
f 1854/2027/1970 1853/2026/1969 1404/1549/1502
f 1853/2026/1969 1403/1546/1499 1404/1549/1502
f 1838/2010/1954 1854/2027/1970 1404/1549/1502
f 1838/2010/1954 1404/1549/1502 1388/1515/1470
f 1336/1461/1416 1334/1459/1414 1337/1462/1417
f 1339/1464/1419 1338/1463/1418 1340/1465/1420
f 1342/1467/1422 1341/1466/1421 1343/1468/1423
f 1345/1470/1425 1344/1469/1424 1346/1471/1426
f 1348/1473/1428 1347/1472/1427 1349/1474/1429
f 1351/1476/1431 1350/1475/1430 1352/1477/1432
f 1354/1479/1434 1353/1478/1433 1355/1480/1435
f 1357/1482/1437 1356/1481/1436 1358/1483/1438
f 1360/1485/1440 1359/1484/1439 1361/1486/1441
f 1363/1488/1443 1362/1487/1442 1364/1489/1444
f 1366/1491/1446 1365/1490/1445 1367/1492/1447
f 1369/1494/1449 1368/1493/1448 1370/1495/1450
f 1372/1497/1452 1371/1496/1451 1373/1498/1453
f 1375/1500/1455 1374/1499/1454 1376/1501/1456
f 1378/1503/1458 1377/1502/1457 1379/1504/1459
f 1381/1506/1461 1380/1505/1460 1382/1507/1462
f 1384/1509/1464 1383/1508/1463 1385/1510/1465
f 1333/1458/1413 1335/1460/1415 1386/1511/1466
f 1602/1754/1700 1337/1462/1417 1230/2028/1971
f 1337/1462/1417 1334/1459/1414 1230/2028/1971
f 1334/1459/1414 1333/1458/1413 1230/2028/1971
f 1333/1458/1413 1231/2029/1972 1230/2028/1971
f 1228/2030/1973 1602/2031/1974 1230/1336/1303
f 1228/2030/1973 1230/1336/1303 1227/1335/1302
f 1855/2032/1975 1235/1342/1308 1856/2033/1976
f 1235/1342/1308 1234/1341/1308 1856/2033/1976
f 1620/1772/1718 1343/1468/1423 1242/2034/1977
f 1343/1468/1423 1341/1466/1421 1242/2034/1977
f 1341/1466/1421 1340/1465/1420 1242/2034/1977
f 1340/1465/1420 1243/2035/1978 1242/2034/1977
f 1240/2036/1979 1620/2037/1980 1242/1350/1316
f 1240/2036/1979 1242/1350/1316 1239/1349/1315
f 1857/2038/1981 1247/1356/1321 1858/2039/1982
f 1247/1356/1321 1246/1355/1321 1858/2039/1982
f 1638/1790/1736 1349/1474/1429 1254/2040/1983
f 1349/1474/1429 1347/1472/1427 1254/2040/1983
f 1347/1472/1427 1346/1471/1426 1254/2040/1983
f 1346/1471/1426 1255/2041/1984 1254/2040/1983
f 1252/2042/1985 1638/2043/1986 1254/1364/1329
f 1252/2042/1985 1254/1364/1329 1251/1363/1328
f 1859/2044/1987 1259/1372/1335 1860/2045/1988
f 1259/1372/1335 1258/1371/1334 1860/2045/1988
f 1656/1808/1754 1355/1480/1435 1266/2046/1989
f 1355/1480/1435 1353/1478/1433 1266/2046/1989
f 1353/1478/1433 1352/1477/1432 1266/2046/1989
f 1352/1477/1432 1267/2047/1990 1266/2046/1989
f 1264/2048/1991 1656/2049/1992 1266/1380/1343
f 1264/2048/1991 1266/1380/1343 1263/1379/1342
f 1861/2050/1993 1271/1386/1348 1862/2051/1994
f 1271/1386/1348 1270/1385/1348 1862/2051/1994
f 1674/1826/1772 1361/1486/1441 1278/2052/1995
f 1361/1486/1441 1359/1484/1439 1278/2052/1995
f 1359/1484/1439 1358/1483/1438 1278/2052/1995
f 1358/1483/1438 1279/2053/1996 1278/2052/1995
f 1276/2054/1997 1674/2055/1998 1278/1394/1355
f 1276/2054/1997 1278/1394/1355 1275/1393/1355
f 1863/2056/1999 1283/1400/1360 1864/2057/2000
f 1283/1400/1360 1282/1399/1360 1864/2057/2000
f 1692/1844/1790 1367/1492/1447 1290/2058/2001
f 1367/1492/1447 1365/1490/1445 1290/2058/2001
f 1365/1490/1445 1364/1489/1444 1290/2058/2001
f 1364/1489/1444 1291/2059/2002 1290/2058/2001
f 1288/2060/2003 1692/2061/2004 1290/1408/1368
f 1288/2060/2003 1290/1408/1368 1287/1407/1367
f 1865/2062/2005 1295/1414/1373 1866/2063/2006
f 1295/1414/1373 1294/1413/1373 1866/2063/2006
f 1710/1862/1808 1373/1498/1453 1302/2064/2007
f 1373/1498/1453 1371/1496/1451 1302/2064/2007
f 1371/1496/1451 1370/1495/1450 1302/2064/2007
f 1370/1495/1450 1303/2065/2008 1302/2064/2007
f 1300/2066/2009 1710/2067/2010 1302/1422/1381
f 1300/2066/2009 1302/1422/1381 1299/1421/1380
f 1867/2068/2011 1307/1428/1386 1868/2069/2012
f 1307/1428/1386 1306/1427/1386 1868/2069/2012
f 1728/1880/1826 1379/1504/1459 1314/2070/2013
f 1379/1504/1459 1377/1502/1457 1314/2070/2013
f 1377/1502/1457 1376/1501/1456 1314/2070/2013
f 1376/1501/1456 1315/2071/2014 1314/2070/2013
f 1312/2072/2015 1728/2073/2016 1314/1436/1393
f 1312/2072/2015 1314/1436/1393 1311/1435/1393
f 1869/2074/2017 1319/1442/1398 1870/2075/2018
f 1319/1442/1398 1318/1441/1398 1870/2075/2018
f 1746/1898/1844 1385/1510/1465 1326/2076/2019
f 1385/1510/1465 1383/1508/1463 1326/2076/2019
f 1383/1508/1463 1382/1507/1462 1326/2076/2019
f 1382/1507/1462 1327/2077/2020 1326/2076/2019
f 1324/2078/2021 1746/2079/2022 1326/1450/1406
f 1324/2078/2021 1326/1450/1406 1323/1449/1405
f 1871/2080/2023 1331/1456/1411 1872/2081/2024
f 1331/1456/1411 1330/1455/1411 1872/2081/2024
f 1243/2035/1978 1340/1465/1420 1873/2082/2025
f 1340/1465/1420 1598/1750/1696 1873/2082/2025
f 1873/2082/2025 1598/1750/1696 1599/1751/1697
f 1873/2082/2025 1599/1751/1697 1874/2083/2026
f 1592/2084/2027 1873/2085/2028 1874/2086/2029
f 1592/2084/2027 1874/2086/2029 1593/2087/2030
f 1241/1348/1314 1243/1351/1317 1592/2084/2027
f 1243/1351/1317 1873/2085/2028 1592/2084/2027
f 1228/2030/1973 1875/2088/2031 1602/2031/1974
f 1875/2088/2031 1600/2089/2032 1602/2031/1974
f 1600/2089/2032 1875/2088/2031 1601/2090/2033
f 1875/2088/2031 1876/2091/2034 1601/2090/2033
f 1255/2041/1984 1346/1471/1426 1877/2092/2035
f 1346/1471/1426 1616/1768/1714 1877/2092/2035
f 1877/2092/2035 1616/1768/1714 1617/1769/1715
f 1877/2092/2035 1617/1769/1715 1878/2093/2036
f 1610/2094/2037 1877/2095/2038 1878/2096/2039
f 1610/2094/2037 1878/2096/2039 1611/2097/2040
f 1253/1362/1327 1255/1365/1330 1610/2094/2037
f 1255/1365/1330 1877/2095/2038 1610/2094/2037
f 1240/2036/1979 1879/2098/2041 1620/2037/1980
f 1879/2098/2041 1618/2099/2042 1620/2037/1980
f 1618/2099/2042 1879/2098/2041 1619/2100/2043
f 1879/2098/2041 1880/2101/2044 1619/2100/2043
f 1267/2047/1990 1352/1477/1432 1881/2102/2045
f 1352/1477/1432 1634/1786/1732 1881/2102/2045
f 1881/2102/2045 1634/1786/1732 1635/1787/1733
f 1881/2102/2045 1635/1787/1733 1882/2103/2046
f 1628/2104/2047 1881/2105/2048 1882/2106/2049
f 1628/2104/2047 1882/2106/2049 1629/2107/2050
f 1265/1378/1341 1267/1381/1344 1628/2104/2047
f 1267/1381/1344 1881/2105/2048 1628/2104/2047
f 1252/2042/1985 1883/2108/2051 1638/2043/1986
f 1883/2108/2051 1636/2109/2052 1638/2043/1986
f 1636/2109/2052 1883/2108/2051 1637/2110/2053
f 1883/2108/2051 1884/2111/2054 1637/2110/2053
f 1279/2053/1996 1358/1483/1438 1885/2112/2055
f 1358/1483/1438 1652/1804/1750 1885/2112/2055
f 1885/2112/2055 1652/1804/1750 1653/1805/1751
f 1885/2112/2055 1653/1805/1751 1886/2113/2056
f 1646/2114/2057 1885/2115/2058 1886/2116/2059
f 1646/2114/2057 1886/2116/2059 1647/2117/2060
f 1277/1392/1354 1279/1395/1356 1646/2114/2057
f 1279/1395/1356 1885/2115/2058 1646/2114/2057
f 1264/2048/1991 1887/2118/2061 1656/2049/1992
f 1887/2118/2061 1654/2119/2062 1656/2049/1992
f 1654/2119/2062 1887/2118/2061 1655/2120/2063
f 1887/2118/2061 1888/2121/2064 1655/2120/2063
f 1291/2059/2002 1364/1489/1444 1889/2122/2065
f 1364/1489/1444 1670/1822/1768 1889/2122/2065
f 1889/2122/2065 1670/1822/1768 1671/1823/1769
f 1889/2122/2065 1671/1823/1769 1890/2123/2066
f 1664/2124/2067 1889/2125/2068 1890/2126/2069
f 1664/2124/2067 1890/2126/2069 1665/2127/2070
f 1289/1406/1366 1291/1409/1369 1664/2124/2067
f 1291/1409/1369 1889/2125/2068 1664/2124/2067
f 1276/2054/1997 1891/2128/2071 1674/2055/1998
f 1891/2128/2071 1672/2129/2072 1674/2055/1998
f 1672/2129/2072 1891/2128/2071 1673/2130/2073
f 1891/2128/2071 1892/2131/2074 1673/2130/2073
f 1303/2065/2008 1370/1495/1450 1893/2132/2075
f 1370/1495/1450 1688/1840/1786 1893/2132/2075
f 1893/2132/2075 1688/1840/1786 1689/1841/1787
f 1893/2132/2075 1689/1841/1787 1894/2133/2076
f 1682/2134/2077 1893/2135/2078 1894/2136/2079
f 1682/2134/2077 1894/2136/2079 1683/2137/2080
f 1301/1420/1379 1303/1423/1382 1682/2134/2077
f 1303/1423/1382 1893/2135/2078 1682/2134/2077
f 1288/2060/2003 1895/2138/2081 1692/2061/2004
f 1895/2138/2081 1690/2139/2082 1692/2061/2004
f 1690/2139/2082 1895/2138/2081 1691/2140/2083
f 1895/2138/2081 1896/2141/2084 1691/2140/2083
f 1315/2071/2014 1376/1501/1456 1897/2142/2085
f 1376/1501/1456 1706/1858/1804 1897/2142/2085
f 1897/2142/2085 1706/1858/1804 1707/1859/1805
f 1897/2142/2085 1707/1859/1805 1898/2143/2086
f 1700/2144/2087 1897/2145/2088 1898/2146/2089
f 1700/2144/2087 1898/2146/2089 1701/2147/2090
f 1313/1434/1392 1315/1437/1394 1700/2144/2087
f 1315/1437/1394 1897/2145/2088 1700/2144/2087
f 1300/2066/2009 1899/2148/2091 1710/2067/2010
f 1899/2148/2091 1708/2149/2092 1710/2067/2010
f 1708/2149/2092 1899/2148/2091 1709/2150/2093
f 1899/2148/2091 1900/2151/2094 1709/2150/2093
f 1327/2077/2020 1382/1507/1462 1901/2152/2095
f 1382/1507/1462 1724/1876/1822 1901/2152/2095
f 1901/2152/2095 1724/1876/1822 1725/1877/1823
f 1901/2152/2095 1725/1877/1823 1902/2153/2096
f 1718/2154/2097 1901/2155/2098 1902/2156/2099
f 1718/2154/2097 1902/2156/2099 1719/2157/2100
f 1325/1448/1404 1327/1451/1407 1718/2154/2097
f 1327/1451/1407 1901/2155/2098 1718/2154/2097
f 1312/2072/2015 1903/2158/2101 1728/2073/2016
f 1903/2158/2101 1726/2159/2102 1728/2073/2016
f 1726/2159/2102 1903/2158/2101 1727/2160/2103
f 1903/2158/2101 1904/2161/2104 1727/2160/2103
f 1231/2029/1972 1333/1458/1413 1905/2162/2105
f 1333/1458/1413 1742/1894/1840 1905/2162/2105
f 1905/2162/2105 1742/1894/1840 1743/1895/1841
f 1905/2162/2105 1743/1895/1841 1906/2163/2106
f 1736/2164/2107 1905/2165/2108 1906/2166/2109
f 1736/2164/2107 1906/2166/2109 1737/2167/2110
f 1229/1334/1301 1231/1337/1304 1736/2164/2107
f 1231/1337/1304 1905/2165/2108 1736/2164/2107
f 1324/2078/2021 1907/2168/2111 1746/2079/2022
f 1907/2168/2111 1744/2169/2112 1746/2079/2022
f 1744/2169/2112 1907/2168/2111 1745/2170/2113
f 1907/2168/2111 1908/2171/2114 1745/2170/2113
f 1228/1333/1300 1226/1331/1298 1875/2172/2115
f 1226/1331/1298 1590/1742/1688 1875/2172/2115
f 1875/2172/2115 1590/1742/1688 1591/1743/1689
f 1875/2172/2115 1591/1743/1689 1876/2173/2116
f 1240/1347/1313 1238/1345/1311 1879/2174/2117
f 1238/1345/1311 1608/1760/1706 1879/2174/2117
f 1879/2174/2117 1608/1760/1706 1609/1761/1707
f 1879/2174/2117 1609/1761/1707 1880/2175/2118
f 1252/1361/1326 1250/1359/1324 1883/2176/2119
f 1250/1359/1324 1626/1778/1724 1883/2176/2119
f 1883/2176/2119 1626/1778/1724 1627/1779/1725
f 1883/2176/2119 1627/1779/1725 1884/2177/2120
f 1264/1377/1340 1262/1375/1338 1887/2178/2121
f 1262/1375/1338 1644/1796/1742 1887/2178/2121
f 1887/2178/2121 1644/1796/1742 1645/1797/1743
f 1887/2178/2121 1645/1797/1743 1888/2179/2122
f 1276/1391/1353 1274/1389/1351 1891/2180/2123
f 1274/1389/1351 1662/1814/1760 1891/2180/2123
f 1891/2180/2123 1662/1814/1760 1663/1815/1761
f 1891/2180/2123 1663/1815/1761 1892/2181/2124
f 1288/1405/1365 1286/1403/1363 1895/2182/2125
f 1286/1403/1363 1680/1832/1778 1895/2182/2125
f 1895/2182/2125 1680/1832/1778 1681/1833/1779
f 1895/2182/2125 1681/1833/1779 1896/2183/2126
f 1300/1419/1378 1298/1417/1376 1899/2184/2127
f 1298/1417/1376 1698/1850/1796 1899/2184/2127
f 1899/2184/2127 1698/1850/1796 1699/1851/1797
f 1899/2184/2127 1699/1851/1797 1900/2185/2128
f 1312/1433/1391 1310/1431/1389 1903/2186/2129
f 1310/1431/1389 1716/1868/1814 1903/2186/2129
f 1903/2186/2129 1716/1868/1814 1717/1869/1815
f 1903/2186/2129 1717/1869/1815 1904/2187/2130
f 1324/1447/1403 1322/1445/1401 1907/2188/2131
f 1322/1445/1401 1734/1886/1832 1907/2188/2131
f 1907/2188/2131 1734/1886/1832 1735/1887/1833
f 1907/2188/2131 1735/1887/1833 1908/2189/2132
f 1480/1629/1578 1226/1331/1298 1479/1628/1577
f 1226/1331/1298 1225/1330/1297 1479/1628/1577
f 1225/1330/1297 1232/1339/1306 1479/1628/1577
f 1232/1339/1306 1482/1631/1580 1479/1628/1577
f 1488/1637/1586 1244/1353/1319 1489/1638/1587
f 1244/1353/1319 1585/1737/1683 1489/1638/1587
f 1585/1737/1683 1226/1331/1298 1489/1638/1587
f 1226/1331/1298 1480/1629/1578 1489/1638/1587
f 1494/1643/1592 1238/1345/1311 1495/1644/1593
f 1238/1345/1311 1237/1344/1310 1495/1644/1593
f 1237/1344/1310 1244/1353/1319 1495/1644/1593
f 1244/1353/1319 1488/1637/1586 1495/1644/1593
f 1501/1650/1599 1256/1367/1332 1500/1649/1598
f 1256/1367/1332 1603/1755/1701 1500/1649/1598
f 1603/1755/1701 1238/1345/1311 1500/1649/1598
f 1238/1345/1311 1494/1643/1592 1500/1649/1598
f 1507/1656/1605 1250/1359/1324 1506/1655/1604
f 1250/1359/1324 1249/1358/1323 1506/1655/1604
f 1249/1369/1323 1256/1367/1332 1506/1658/1604
f 1256/1367/1332 1501/1650/1599 1506/1658/1604
f 1513/1665/1611 1268/1383/1346 1512/1664/1610
f 1268/1383/1346 1621/1773/1719 1512/1664/1610
f 1621/1773/1719 1250/1359/1324 1512/1664/1610
f 1250/1359/1324 1507/1656/1605 1512/1664/1610
f 1519/1671/1617 1262/1375/1338 1518/1670/1616
f 1262/1375/1338 1261/1374/1337 1518/1670/1616
f 1261/1374/1337 1268/1383/1346 1518/1670/1616
f 1268/1383/1346 1513/1665/1611 1518/1670/1616
f 1525/1677/1623 1280/1397/1358 1524/1676/1622
f 1280/1397/1358 1639/1791/1737 1524/1676/1622
f 1639/1791/1737 1262/1375/1338 1524/1676/1622
f 1262/1375/1338 1519/1671/1617 1524/1676/1622
f 1531/1683/1629 1274/1389/1351 1530/1682/1628
f 1274/1389/1351 1273/1388/1350 1530/1682/1628
f 1273/1388/1350 1280/1397/1358 1530/1682/1628
f 1280/1397/1358 1525/1677/1623 1530/1682/1628
f 1536/1688/1634 1292/1411/1371 1537/1689/1635
f 1292/1411/1371 1657/1809/1755 1537/1689/1635
f 1657/1809/1755 1274/1389/1351 1537/1689/1635
f 1274/1389/1351 1531/1683/1629 1537/1689/1635
f 1542/1694/1640 1286/1403/1363 1543/1695/1641
f 1286/1403/1363 1285/1402/1362 1543/1695/1641
f 1285/1402/1362 1292/1411/1371 1543/1695/1641
f 1292/1411/1371 1536/1688/1634 1543/1695/1641
f 1549/1701/1647 1304/1425/1384 1548/1700/1646
f 1304/1425/1384 1675/1827/1773 1548/1700/1646
f 1675/1827/1773 1286/1403/1363 1548/1700/1646
f 1286/1403/1363 1542/1694/1640 1548/1700/1646
f 1554/1706/1652 1298/1417/1376 1555/1707/1653
f 1298/1417/1376 1297/1416/1375 1555/1707/1653
f 1297/1416/1375 1304/1425/1384 1555/1707/1653
f 1304/1425/1384 1549/1701/1647 1555/1707/1653
f 1561/1713/1659 1316/1439/1396 1560/1712/1658
f 1316/1439/1396 1693/1845/1791 1560/1712/1658
f 1693/1845/1791 1298/1417/1376 1560/1712/1658
f 1298/1417/1376 1554/1706/1652 1560/1712/1658
f 1567/1719/1665 1310/1431/1389 1566/1718/1664
f 1310/1431/1389 1309/1430/1388 1566/1718/1664
f 1309/1430/1388 1316/1439/1396 1566/1718/1664
f 1316/1439/1396 1561/1713/1659 1566/1718/1664
f 1572/1724/1670 1328/1453/1409 1573/1725/1671
f 1328/1453/1409 1711/1863/1809 1573/1725/1671
f 1711/1863/1809 1310/1431/1389 1573/1725/1671
f 1310/1431/1389 1567/1719/1665 1573/1725/1671
f 1579/1731/1677 1322/1445/1401 1578/1730/1676
f 1322/1445/1401 1321/1444/1400 1578/1730/1676
f 1321/1444/1400 1328/1453/1409 1578/1730/1676
f 1328/1453/1409 1572/1724/1670 1578/1730/1676
f 1482/1631/1580 1232/1339/1306 1583/1735/1681
f 1232/1339/1306 1729/1881/1827 1583/1735/1681
f 1729/1881/1827 1322/1445/1401 1583/1735/1681
f 1322/1445/1401 1579/1731/1677 1583/1735/1681
f 1189/1293/1261 1485/1634/1583 1484/1633/1582
f 1189/1293/1261 1484/1633/1582 1190/1294/1262
f 1484/1633/1582 1483/1632/1581 1190/1294/1262
f 1483/1632/1581 1191/1295/1263 1190/1294/1262
f 1192/1296/1264 1491/1640/1589 1193/1297/1265
f 1491/1640/1589 1490/1639/1588 1193/1297/1265
f 1490/1639/1588 1485/1634/1583 1189/1293/1261
f 1490/1639/1588 1189/1293/1261 1193/1297/1265
f 1194/1298/1266 1497/1646/1595 1496/1645/1594
f 1194/1298/1266 1496/1645/1594 1195/1299/1267
f 1496/1645/1594 1491/1640/1589 1192/1296/1264
f 1496/1645/1594 1192/1296/1264 1195/1299/1267
f 1196/1300/1268 1503/1652/1601 1502/1651/1600
f 1196/1300/1268 1502/1651/1600 1197/1301/1269
f 1502/1651/1600 1497/1646/1595 1194/1298/1266
f 1502/1651/1600 1194/1298/1266 1197/1301/1269
f 1198/1302/1270 1509/1661/1607 1199/1303/1271
f 1509/1661/1607 1508/1660/1606 1199/1303/1271
f 1508/1659/1606 1503/1652/1601 1199/1304/1271
f 1503/1652/1601 1196/1300/1268 1199/1304/1271
f 1200/1305/1272 1515/1667/1613 1514/1666/1612
f 1200/1305/1272 1514/1666/1612 1201/1306/1273
f 1514/1666/1612 1509/1661/1607 1198/1302/1270
f 1514/1666/1612 1198/1302/1270 1201/1306/1273
f 1202/1307/1274 1521/1673/1619 1520/1672/1618
f 1202/1307/1274 1520/1672/1618 1203/1308/1275
f 1520/1672/1618 1515/1667/1613 1203/1308/1275
f 1515/1667/1613 1200/1305/1272 1203/1308/1275
f 1204/1309/1276 1527/1679/1625 1526/1678/1624
f 1204/1309/1276 1526/1678/1624 1205/1310/1277
f 1526/1678/1624 1521/1673/1619 1202/1307/1274
f 1526/1678/1624 1202/1307/1274 1205/1310/1277
f 1206/1311/1278 1533/1685/1631 1207/1312/1279
f 1533/1685/1631 1532/1684/1630 1207/1312/1279
f 1532/1684/1630 1527/1679/1625 1207/1312/1279
f 1527/1679/1625 1204/1309/1276 1207/1312/1279
f 1208/1313/1280 1539/1691/1637 1538/1690/1636
f 1208/1313/1280 1538/1690/1636 1209/1314/1281
f 1538/1690/1636 1533/1685/1631 1206/1311/1278
f 1538/1690/1636 1206/1311/1278 1209/1314/1281
f 1210/1315/1282 1545/1697/1643 1544/1696/1642
f 1210/1315/1282 1544/1696/1642 1211/1316/1283
f 1544/1696/1642 1539/1691/1637 1208/1313/1280
f 1544/1696/1642 1208/1313/1280 1211/1316/1283
f 1212/1317/1284 1551/1703/1649 1550/1702/1648
f 1212/1317/1284 1550/1702/1648 1213/1318/1285
f 1550/1702/1648 1545/1697/1643 1210/1315/1282
f 1550/1702/1648 1210/1315/1282 1213/1318/1285
f 1214/1319/1286 1557/1709/1655 1556/1708/1654
f 1214/1319/1286 1556/1708/1654 1215/1320/1287
f 1556/1708/1654 1551/1703/1649 1215/1320/1287
f 1551/1703/1649 1212/1317/1284 1215/1320/1287
f 1216/1321/1288 1563/1715/1661 1217/1322/1289
f 1563/1715/1661 1562/1714/1660 1217/1322/1289
f 1562/1714/1660 1557/1709/1655 1217/1322/1289
f 1557/1709/1655 1214/1319/1286 1217/1322/1289
f 1218/1323/1290 1569/1721/1667 1219/1324/1291
f 1569/1721/1667 1568/1720/1666 1219/1324/1291
f 1568/1720/1666 1563/1715/1661 1216/1321/1288
f 1568/1720/1666 1216/1321/1288 1219/1324/1291
f 1220/1325/1292 1575/1727/1673 1574/1726/1672
f 1220/1325/1292 1574/1726/1672 1221/1326/1293
f 1574/1726/1672 1569/1721/1667 1221/1326/1293
f 1569/1721/1667 1218/1323/1290 1221/1326/1293
f 1222/1327/1294 1581/1733/1679 1580/1732/1678
f 1222/1327/1294 1580/1732/1678 1223/1328/1295
f 1580/1732/1678 1575/1727/1673 1220/1325/1292
f 1580/1732/1678 1220/1325/1292 1223/1328/1295
f 1191/1295/1263 1483/1632/1581 1224/1329/1296
f 1483/1632/1581 1584/1736/1682 1224/1329/1296
f 1584/1736/1682 1581/1733/1679 1222/1327/1294
f 1584/1736/1682 1222/1327/1294 1224/1329/1296
f 1589/1741/1687 1856/2190/2133 1588/1740/1686
f 1856/2190/2133 1234/2191/2134 1588/1740/1686
f 1234/2191/2134 1233/2192/2135 1588/1740/1686
f 1233/2192/2135 1591/1743/1689 1588/1740/1686
f 1855/2032/1975 1856/2033/1976 1593/2087/2030
f 1855/2032/1975 1593/2087/2030 1874/2086/2029
f 1856/2190/2133 1589/1741/1687 1593/1745/1691
f 1597/1749/1695 1236/2193/2136 1596/1748/1694
f 1236/2193/2136 1235/2194/2137 1596/1748/1694
f 1235/2194/2137 1855/2195/2138 1596/1748/1694
f 1855/2195/2138 1599/1751/1697 1596/1748/1694
f 1233/1340/1307 1236/1343/1309 1876/2091/2034
f 1236/1343/1309 1601/2090/2033 1876/2091/2034
f 1236/2193/2136 1597/1749/1695 1601/1753/1699
f 1607/1759/1705 1858/2196/2139 1606/1758/1704
f 1858/2196/2139 1246/2197/2140 1606/1758/1704
f 1246/2197/2140 1245/2198/2141 1606/1758/1704
f 1245/2198/2141 1609/1761/1707 1606/1758/1704
f 1857/2038/1981 1858/2039/1982 1611/2097/2040
f 1857/2038/1981 1611/2097/2040 1878/2096/2039
f 1858/2196/2139 1607/1759/1705 1611/1763/1709
f 1615/1767/1713 1248/2199/2142 1614/1766/1712
f 1248/2199/2142 1247/2200/2143 1614/1766/1712
f 1247/2200/2143 1857/2201/2144 1614/1766/1712
f 1857/2201/2144 1617/1769/1715 1614/1766/1712
f 1245/1354/1320 1248/1357/1322 1880/2101/2044
f 1248/1357/1322 1619/2100/2043 1880/2101/2044
f 1248/2199/2142 1615/1767/1713 1619/1771/1717
f 1625/1777/1723 1860/2202/2145 1624/1776/1722
f 1860/2202/2145 1258/2203/2146 1624/1776/1722
f 1258/2203/2146 1257/2204/2147 1624/1776/1722
f 1257/2204/2147 1627/1779/1725 1624/1776/1722
f 1859/2044/1987 1860/2045/1988 1629/2107/2050
f 1859/2044/1987 1629/2107/2050 1882/2106/2049
f 1860/2202/2145 1625/1777/1723 1629/1781/1727
f 1633/1785/1731 1260/2205/2148 1632/1784/1730
f 1260/2205/2148 1259/2206/2149 1632/1784/1730
f 1259/2206/2149 1859/2207/2150 1632/1784/1730
f 1859/2207/2150 1635/1787/1733 1632/1784/1730
f 1257/1370/1333 1260/1373/1336 1884/2111/2054
f 1260/1373/1336 1637/2110/2053 1884/2111/2054
f 1260/2205/2148 1633/1785/1731 1637/1789/1735
f 1643/1795/1741 1862/2208/2151 1642/1794/1740
f 1862/2208/2151 1270/2209/2152 1642/1794/1740
f 1270/2209/2152 1269/2210/2153 1642/1794/1740
f 1269/2210/2153 1645/1797/1743 1642/1794/1740
f 1861/2050/1993 1862/2051/1994 1647/2117/2060
f 1861/2050/1993 1647/2117/2060 1886/2116/2059
f 1862/2208/2151 1643/1795/1741 1647/1799/1745
f 1651/1803/1749 1272/2211/2154 1650/1802/1748
f 1272/2211/2154 1271/2212/2155 1650/1802/1748
f 1271/2212/2155 1861/2213/2156 1650/1802/1748
f 1861/2213/2156 1653/1805/1751 1650/1802/1748
f 1269/1384/1347 1272/1387/1349 1888/2121/2064
f 1272/1387/1349 1655/2120/2063 1888/2121/2064
f 1272/2211/2154 1651/1803/1749 1655/1807/1753
f 1661/1813/1759 1864/2214/2157 1660/1812/1758
f 1864/2214/2157 1282/2215/2158 1660/1812/1758
f 1282/2215/2158 1281/2216/2159 1660/1812/1758
f 1281/2216/2159 1663/1815/1761 1660/1812/1758
f 1863/2056/1999 1864/2057/2000 1665/2127/2070
f 1863/2056/1999 1665/2127/2070 1890/2126/2069
f 1864/2214/2157 1661/1813/1759 1665/1817/1763
f 1669/1821/1767 1284/2217/2160 1668/1820/1766
f 1284/2217/2160 1283/2218/2161 1668/1820/1766
f 1283/2218/2161 1863/2219/2162 1668/1820/1766
f 1863/2219/2162 1671/1823/1769 1668/1820/1766
f 1281/1398/1359 1284/1401/1361 1892/2131/2074
f 1284/1401/1361 1673/2130/2073 1892/2131/2074
f 1284/2217/2160 1669/1821/1767 1673/1825/1771
f 1679/1831/1777 1866/2220/2163 1678/1830/1776
f 1866/2220/2163 1294/2221/2164 1678/1830/1776
f 1294/2221/2164 1293/2222/2165 1678/1830/1776
f 1293/2222/2165 1681/1833/1779 1678/1830/1776
f 1865/2062/2005 1866/2063/2006 1683/2137/2080
f 1865/2062/2005 1683/2137/2080 1894/2136/2079
f 1866/2220/2163 1679/1831/1777 1683/1835/1781
f 1687/1839/1785 1296/2223/2166 1686/1838/1784
f 1296/2223/2166 1295/2224/2167 1686/1838/1784
f 1295/2224/2167 1865/2225/2168 1686/1838/1784
f 1865/2225/2168 1689/1841/1787 1686/1838/1784
f 1293/1412/1372 1296/1415/1374 1896/2141/2084
f 1296/1415/1374 1691/2140/2083 1896/2141/2084
f 1296/2223/2166 1687/1839/1785 1691/1843/1789
f 1697/1849/1795 1868/2226/2169 1696/1848/1794
f 1868/2226/2169 1306/2227/2170 1696/1848/1794
f 1306/2227/2170 1305/2228/2171 1696/1848/1794
f 1305/2228/2171 1699/1851/1797 1696/1848/1794
f 1867/2068/2011 1868/2069/2012 1701/2147/2090
f 1867/2068/2011 1701/2147/2090 1898/2146/2089
f 1868/2226/2169 1697/1849/1795 1701/1853/1799
f 1705/1857/1803 1308/2229/2172 1704/1856/1802
f 1308/2229/2172 1307/2230/2173 1704/1856/1802
f 1307/2230/2173 1867/2231/2174 1704/1856/1802
f 1867/2231/2174 1707/1859/1805 1704/1856/1802
f 1305/1426/1385 1308/1429/1387 1900/2151/2094
f 1308/1429/1387 1709/2150/2093 1900/2151/2094
f 1308/2229/2172 1705/1857/1803 1709/1861/1807
f 1715/1867/1813 1870/2232/2175 1714/1866/1812
f 1870/2232/2175 1318/2233/2176 1714/1866/1812
f 1318/2233/2176 1317/2234/2177 1714/1866/1812
f 1317/2234/2177 1717/1869/1815 1714/1866/1812
f 1869/2074/2017 1870/2075/2018 1719/2157/2100
f 1869/2074/2017 1719/2157/2100 1902/2156/2099
f 1870/2232/2175 1715/1867/1813 1719/1871/1817
f 1723/1875/1821 1320/2235/2178 1722/1874/1820
f 1320/2235/2178 1319/2236/2179 1722/1874/1820
f 1319/2236/2179 1869/2237/2180 1722/1874/1820
f 1869/2237/2180 1725/1877/1823 1722/1874/1820
f 1317/1440/1397 1320/1443/1399 1904/2161/2104
f 1320/1443/1399 1727/2160/2103 1904/2161/2104
f 1320/2235/2178 1723/1875/1821 1727/1879/1825
f 1733/1885/1831 1872/2238/2181 1732/1884/1830
f 1872/2238/2181 1330/2239/2182 1732/1884/1830
f 1330/2239/2182 1329/2240/2183 1732/1884/1830
f 1329/2240/2183 1735/1887/1833 1732/1884/1830
f 1871/2080/2023 1872/2081/2024 1737/2167/2110
f 1871/2080/2023 1737/2167/2110 1906/2166/2109
f 1872/2238/2181 1733/1885/1831 1737/1889/1835
f 1741/1893/1839 1332/2241/2184 1740/1892/1838
f 1332/2241/2184 1331/2242/2185 1740/1892/1838
f 1331/2242/2185 1871/2243/2186 1740/1892/1838
f 1871/2243/2186 1743/1895/1841 1740/1892/1838
f 1329/1454/1410 1332/1457/1412 1908/2171/2114
f 1332/1457/1412 1745/2170/2113 1908/2171/2114
f 1332/2241/2184 1741/1893/1839 1745/1897/1843
f 1599/1751/1697 1855/2195/2138 1874/2083/2026
f 1617/1769/1715 1857/2201/2144 1878/2093/2036
f 1635/1787/1733 1859/2207/2150 1882/2103/2046
f 1653/1805/1751 1861/2213/2156 1886/2113/2056
f 1671/1823/1769 1863/2219/2162 1890/2123/2066
f 1689/1841/1787 1865/2225/2168 1894/2133/2076
f 1707/1859/1805 1867/2231/2174 1898/2143/2086
f 1725/1877/1823 1869/2237/2180 1902/2153/2096
f 1743/1895/1841 1871/2243/2186 1906/2163/2106
f 1591/1743/1689 1233/2192/2135 1876/2173/2116
f 1609/1761/1707 1245/2198/2141 1880/2175/2118
f 1627/1779/1725 1257/2204/2147 1884/2177/2120
f 1645/1797/1743 1269/2210/2153 1888/2179/2122
f 1663/1815/1761 1281/2216/2159 1892/2181/2124
f 1681/1833/1779 1293/2222/2165 1896/2183/2126
f 1699/1851/1797 1305/2228/2171 1900/2185/2128
f 1717/1869/1815 1317/2234/2177 1904/2187/2130
f 1735/1887/1833 1329/2240/2183 1908/2189/2132
f 1820/1992/1936 1819/1991/1935 1909/2244/2187
f 1819/1991/1935 1821/1993/1937 1909/2244/2187
f 1821/1993/1937 1822/1994/1938 1909/2244/2187
f 1822/1994/1938 1823/1995/1939 1909/2244/2187
f 1823/1995/1939 1824/1996/1940 1909/2244/2187
f 1824/1996/1940 1825/1997/1941 1909/2244/2187
f 1825/1997/1941 1826/1998/1942 1909/2244/2187
f 1826/1998/1942 1827/1999/1943 1909/2244/2187
f 1827/1999/1943 1828/2000/1944 1909/2244/2187
f 1828/2000/1944 1829/2001/1945 1909/2244/2187
f 1829/2001/1945 1830/2002/1946 1909/2244/2187
f 1830/2002/1946 1831/2003/1947 1909/2244/2187
f 1831/2003/1947 1832/2004/1948 1909/2244/2187
f 1832/2004/1948 1833/2005/1949 1909/2244/2187
f 1833/2005/1949 1834/2006/1950 1909/2244/2187
f 1834/2006/1950 1835/2007/1951 1909/2244/2187
f 1835/2007/1951 1836/2008/1952 1909/2244/2187
f 1836/2008/1952 1820/1992/1936 1909/2244/2187
f 6/2245/2188 2/2246/2188 1910/2247/2188
f 2/2246/2188 1/2248/2188 1910/2247/2188
f 10/2249/2188 7/2250/2188 1910/2247/2188
f 7/2250/2188 6/2245/2188 1910/2247/2188
f 14/2251/2188 12/2252/2188 1910/2247/2188
f 12/2252/2188 10/2249/2188 1910/2247/2188
f 18/2253/2188 15/2254/2188 1910/2247/2188
f 15/2254/2188 14/2251/2188 1910/2247/2188
f 22/2255/2188 20/2256/2188 1910/2247/2188
f 20/2256/2188 18/2253/2188 1910/2247/2188
f 26/2257/2188 23/2258/2188 1910/2247/2188
f 23/2258/2188 22/2255/2188 1910/2247/2188
f 30/2259/2188 28/2260/2188 1910/2247/2188
f 28/2260/2188 26/2257/2188 1910/2247/2188
f 34/2261/2188 32/2262/2188 1910/2247/2188
f 32/2262/2188 30/2259/2188 1910/2247/2188
f 38/2263/2188 35/2264/2188 1910/2247/2188
f 35/2264/2188 34/2261/2188 1910/2247/2188
f 42/2265/2188 40/2266/2188 1910/2247/2188
f 40/2266/2188 38/2263/2188 1910/2247/2188
f 46/2267/2188 43/2268/2188 1910/2247/2188
f 43/2268/2188 42/2265/2188 1910/2247/2188
f 50/2269/2188 47/2270/2188 1910/2247/2188
f 47/2270/2188 46/2267/2188 1910/2247/2188
f 54/2271/2188 51/2272/2188 1910/2247/2188
f 51/2272/2188 50/2269/2188 1910/2247/2188
f 58/2273/2188 55/2274/2188 1910/2247/2188
f 55/2274/2188 54/2271/2188 1910/2247/2188
f 62/2275/2188 59/2276/2188 1910/2247/2188
f 59/2276/2188 58/2273/2188 1910/2247/2188
f 66/2277/2188 64/2278/2188 1910/2247/2188
f 64/2278/2188 62/2275/2188 1910/2247/2188
f 70/2279/2188 67/2280/2188 1910/2247/2188
f 67/2280/2188 66/2277/2188 1910/2247/2188
f 1/2248/2188 71/2281/2188 1910/2247/2188
f 71/2281/2188 70/2279/2188 1910/2247/2188
f 1441/1590/1539 1444/1593/1542 1447/1596/1545
f 1441/1590/1539 1447/1596/1545 1445/1594/1543
f 1437/1586/1535 1439/1588/1537 1444/1593/1542
f 1437/1586/1535 1444/1593/1542 1441/1590/1539
f 1433/1582/1531 1435/1584/1533 1437/1586/1535
f 1435/1584/1533 1439/1588/1537 1437/1586/1535
f 1429/1575/1527 1432/1581/1530 1435/1584/1533
f 1429/1575/1527 1435/1584/1533 1433/1582/1531
f 1425/1574/1523 1427/1578/1525 1432/1581/1530
f 1425/1574/1523 1432/1581/1530 1429/1575/1527
f 1421/1566/1519 1424/1569/1522 1427/1572/1525
f 1421/1566/1519 1427/1572/1525 1425/1570/1523
f 1417/1562/1515 1419/1564/1517 1421/1566/1519
f 1419/1564/1517 1424/1569/1522 1421/1566/1519
f 1413/1558/1511 1416/1561/1514 1419/1564/1517
f 1413/1558/1511 1419/1564/1517 1417/1562/1515
f 1406/1551/1504 1411/1556/1509 1413/1558/1511
f 1411/1556/1509 1416/1561/1514 1413/1558/1511
f 1405/1550/1503 1409/1554/1507 1411/1556/1509
f 1405/1550/1503 1411/1556/1509 1406/1551/1504
f 1473/1622/1571 1475/1624/1573 1409/1554/1507
f 1473/1622/1571 1409/1554/1507 1405/1550/1503
f 1469/1618/1567 1472/1621/1570 1473/1622/1571
f 1472/1621/1570 1475/1624/1573 1473/1622/1571
f 1465/1614/1563 1468/1617/1566 1472/1621/1570
f 1465/1614/1563 1472/1621/1570 1469/1618/1567
f 1461/1610/1559 1463/1612/1561 1465/1614/1563
f 1463/1612/1561 1468/1617/1566 1465/1614/1563
f 1457/1606/1555 1459/1608/1557 1463/1612/1561
f 1457/1606/1555 1463/1612/1561 1461/1610/1559
f 1453/1602/1551 1456/1605/1554 1459/1608/1557
f 1453/1602/1551 1459/1608/1557 1457/1606/1555
f 1449/1598/1547 1451/1600/1549 1453/1602/1551
f 1451/1600/1549 1456/1605/1554 1453/1602/1551
f 1445/1594/1543 1447/1596/1545 1451/1600/1549
f 1445/1594/1543 1451/1600/1549 1449/1598/1547
f 1448/1597/1546 1443/1592/1541 1846/2019/1962
f 1448/1597/1546 1846/2019/1962 1847/2020/1963
f 1443/1592/1541 1440/1589/1538 1845/2018/1961
f 1443/1592/1541 1845/2018/1961 1846/2019/1962
f 1440/1589/1538 1436/1585/1534 1845/2018/1961
f 1436/1585/1534 1844/2017/1960 1845/2018/1961
f 1436/1585/1534 1431/1580/1529 1844/2017/1960
f 1431/1580/1529 1843/2015/1959 1844/2017/1960
f 1431/1580/1529 1428/1579/1526 1842/2016/1958
f 1431/1580/1529 1842/2016/1958 1843/2015/1959
f 1428/1573/1526 1423/1568/1521 1842/2014/1958
f 1423/1568/1521 1841/2013/1957 1842/2014/1958
f 1423/1568/1521 1420/1565/1518 1841/2013/1957
f 1420/1565/1518 1840/2012/1956 1841/2013/1957
f 1420/1565/1518 1415/1560/1513 1840/2012/1956
f 1415/1560/1513 1839/2011/1955 1840/2012/1956
f 1415/1560/1513 1412/1557/1510 1837/2009/1953
f 1415/1560/1513 1837/2009/1953 1839/2011/1955
f 1412/1557/1510 1410/1555/1508 1837/2009/1953
f 1410/1555/1508 1838/2010/1954 1837/2009/1953
f 1410/1555/1508 1476/1625/1574 1854/2027/1970
f 1410/1555/1508 1854/2027/1970 1838/2010/1954
f 1476/1625/1574 1471/1620/1569 1853/2026/1969
f 1476/1625/1574 1853/2026/1969 1854/2027/1970
f 1471/1620/1569 1467/1616/1565 1852/2025/1968
f 1471/1620/1569 1852/2025/1968 1853/2026/1969
f 1467/1616/1565 1464/1613/1562 1852/2025/1968
f 1464/1613/1562 1851/2024/1967 1852/2025/1968
f 1464/1613/1562 1460/1609/1558 1851/2024/1967
f 1460/1609/1558 1850/2023/1966 1851/2024/1967
f 1460/1609/1558 1455/1604/1553 1849/2022/1965
f 1460/1609/1558 1849/2022/1965 1850/2023/1966
f 1455/1604/1553 1452/1601/1550 1849/2022/1965
f 1452/1601/1550 1848/2021/1964 1849/2022/1965
f 1452/1601/1550 1448/1597/1546 1848/2021/1964
f 1448/1597/1546 1847/2020/1963 1848/2021/1964
