v 2.9907 1.0701 0.051
v 3.142 0.4661 0.051
v 3.0744 0.456 0
v 2.9263 1.0471 0
v 2.7245 1.633 0.051
v 2.6658 1.5978 0
v 2.3536 2.1331 0.051
v 2.3029 2.0872 0
v 1.8922 2.5513 0.051
v 1.8515 2.4964 0
v 1.3581 2.8714 0.051
v 1.3289 2.8096 0
v 0.7718 3.0812 0.051
v 0.7552 3.0149 0
v 0.1559 3.1726 0.051
v 0.1525 3.1043 0
v -0.4661 3.142 0.051
v -0.456 3.0744 0
v -1.0701 2.9907 0.051
v -1.0471 2.9263 0
v -1.633 2.7245 0.051
v -1.5978 2.6658 0
v -2.1331 2.3536 0.051
v -2.0872 2.3029 0
v -2.5513 1.8922 0.051
v -2.4964 1.8515 0
v -2.8714 1.3581 0.051
v -2.8096 1.3289 0
v -3.0812 0.7718 0.051
v -3.0149 0.7552 0
v -3.1726 0.1559 0.051
v -3.1043 0.1525 0
v -3.142 -0.4661 0.051
v -3.0744 -0.456 0
v -2.9907 -1.0701 0.051
v -2.9263 -1.0471 0
v -2.7245 -1.633 0.051
v -2.6658 -1.5978 0
v -2.3536 -2.1331 0.051
v -2.3029 -2.0872 0
v -1.8922 -2.5513 0.051
v -1.8515 -2.4964 0
v -1.3581 -2.8714 0.051
v -1.3289 -2.8096 0
v -0.7718 -3.0812 0.051
v -0.7552 -3.0149 0
v -0.1559 -3.1726 0.051
v -0.1525 -3.1043 0
v 0.4661 -3.142 0.051
v 0.456 -3.0744 0
v 1.0701 -2.9907 0.051
v 1.0471 -2.9263 0
v 1.633 -2.7245 0.051
v 1.5978 -2.6658 0
v 2.1331 -2.3536 0.051
v 2.0872 -2.3029 0
v 2.5513 -1.8922 0.051
v 2.4964 -1.8515 0
v 2.8714 -1.3581 0.051
v 2.8096 -1.3289 0
v 3.0812 -0.7718 0.051
v 3.0149 -0.7552 0
v 3.1726 -0.1559 0.051
v 3.1043 -0.1525 0
v 2.9531 1.0566 0.8572
v 3.1025 0.4602 0.8572
v 3.142 0.4661 0.7928
v 2.9907 1.0701 0.7928
v 2.8146 1.0071 0.9425
v 2.957 0.4386 0.9425
v 2.6902 1.6124 0.8572
v 2.7245 1.633 0.7928
v 2.564 1.5368 0.9425
v 2.3239 2.1063 0.8572
v 2.3536 2.1331 0.7928
v 2.2149 2.0075 0.9425
v 1.8684 2.5192 0.8572
v 1.8922 2.5513 0.7928
v 1.7807 2.4011 0.9425
v 1.341 2.8353 0.8572
v 1.3581 2.8714 0.7928
v 1.2781 2.7023 0.9425
v 0.7621 3.0424 0.8572
v 0.7718 3.0812 0.7928
v 0.7263 2.8997 0.9425
v 0.1539 3.1327 0.8572
v 0.1559 3.1726 0.7928
v 0.1467 2.9857 0.9425
v -0.4602 3.1025 0.8572
v -0.4661 3.142 0.7928
v -0.4386 2.957 0.9425
v -1.0566 2.9531 0.8572
v -1.0701 2.9907 0.7928
v -1.0071 2.8146 0.9425
v -1.6124 2.6902 0.8572
v -1.633 2.7245 0.7928
v -1.5368 2.564 0.9425
v -2.1063 2.3239 0.8572
v -2.1331 2.3536 0.7928
v -2.0075 2.2149 0.9425
v -2.5192 1.8684 0.8572
v -2.5513 1.8922 0.7928
v -2.4011 1.7807 0.9425
v -2.8353 1.341 0.8572
v -2.8714 1.3581 0.7928
v -2.7023 1.2781 0.9425
v -3.0424 0.7621 0.8572
v -3.0812 0.7718 0.7928
v -2.8997 0.7263 0.9425
v -3.1327 0.1539 0.8572
v -3.1726 0.1559 0.7928
v -2.9857 0.1467 0.9425
v -3.1025 -0.4602 0.8572
v -3.142 -0.4661 0.7928
v -2.957 -0.4386 0.9425
v -2.9531 -1.0566 0.8572
v -2.9907 -1.0701 0.7928
v -2.8146 -1.0071 0.9425
v -2.6902 -1.6124 0.8572
v -2.7245 -1.633 0.7928
v -2.564 -1.5368 0.9425
v -2.3239 -2.1063 0.8572
v -2.3536 -2.1331 0.7928
v -2.2149 -2.0075 0.9425
v -1.8684 -2.5192 0.8572
v -1.8922 -2.5513 0.7928
v -1.7807 -2.4011 0.9425
v -1.341 -2.8353 0.8572
v -1.3581 -2.8714 0.7928
v -1.2781 -2.7023 0.9425
v -0.7621 -3.0424 0.8572
v -0.7718 -3.0812 0.7928
v -0.7263 -2.8997 0.9425
v -0.1539 -3.1327 0.8572
v -0.1559 -3.1726 0.7928
v -0.1467 -2.9857 0.9425
v 0.4602 -3.1025 0.8572
v 0.4661 -3.142 0.7928
v 0.4386 -2.957 0.9425
v 1.0566 -2.9531 0.8572
v 1.0701 -2.9907 0.7928
v 1.0071 -2.8146 0.9425
v 1.6124 -2.6902 0.8572
v 1.633 -2.7245 0.7928
v 1.5368 -2.564 0.9425
v 2.1063 -2.3239 0.8572
v 2.1331 -2.3536 0.7928
v 2.0075 -2.2149 0.9425
v 2.5192 -1.8684 0.8572
v 2.5513 -1.8922 0.7928
v 2.4011 -1.7807 0.9425
v 2.8353 -1.341 0.8572
v 2.8714 -1.3581 0.7928
v 2.7023 -1.2781 0.9425
v 3.0425 -0.7621 0.8572
v 3.0812 -0.7718 0.7928
v 2.8997 -0.7263 0.9425
v 3.1327 -0.1539 0.8572
v 3.1726 -0.1559 0.7928
v 2.9857 -0.1467 0.9425
v 2.9781 1.0656 1.3811
v 3.1287 0.4641 1.3811
v 2.954 0.4382 1.175
v 2.8117 1.0061 1.175
v 2.713 1.6261 1.3811
v 2.5614 1.5353 1.175
v 2.3436 2.1241 1.3811
v 2.2127 2.0055 1.175
v 1.8842 2.5405 1.3811
v 1.7789 2.3986 1.175
v 1.3523 2.8593 1.3811
v 1.2768 2.6996 1.175
v 0.7685 3.0682 1.3811
v 0.7256 2.8968 1.175
v 0.1552 3.1592 1.3811
v 0.1465 2.9827 1.175
v -0.4641 3.1287 1.3811
v -0.4382 2.954 1.175
v -1.0656 2.9781 1.3811
v -1.0061 2.8117 1.175
v -1.6261 2.713 1.3811
v -1.5353 2.5614 1.175
v -2.1241 2.3436 1.3811
v -2.0055 2.2127 1.175
v -2.5405 1.8842 1.3811
v -2.3986 1.7789 1.175
v -2.8593 1.3523 1.3811
v -2.6996 1.2768 1.175
v -3.0682 0.7685 1.3811
v -2.8968 0.7256 1.175
v -3.1592 0.1552 1.3811
v -2.9827 0.1465 1.175
v -3.1287 -0.4641 1.3811
v -2.954 -0.4382 1.175
v -2.9781 -1.0656 1.3811
v -2.8117 -1.0061 1.175
v -2.713 -1.6261 1.3811
v -2.5614 -1.5353 1.175
v -2.3436 -2.1241 1.3811
v -2.2127 -2.0055 1.175
v -1.8842 -2.5405 1.3811
v -1.7789 -2.3986 1.175
v -1.3523 -2.8593 1.3811
v -1.2768 -2.6996 1.175
v -0.7685 -3.0682 1.3811
v -0.7256 -2.8968 1.175
v -0.1552 -3.1592 1.3811
v -0.1465 -2.9827 1.175
v 0.4641 -3.1287 1.3811
v 0.4382 -2.954 1.175
v 1.0656 -2.9781 1.3811
v 1.0061 -2.8117 1.175
v 1.6261 -2.713 1.3811
v 1.5353 -2.5614 1.175
v 2.1241 -2.3436 1.3811
v 2.0055 -2.2127 1.175
v 2.5405 -1.8842 1.3811
v 2.3986 -1.7789 1.175
v 2.8593 -1.3523 1.3811
v 2.6996 -1.2768 1.175
v 3.0682 -0.7685 1.3811
v 2.8968 -0.7256 1.175
v 3.1592 -0.1552 1.3811
v 2.9827 -0.1465 1.175
v 3.1171 1.1153 1.68
v 3.2748 0.4858 1.68
v 3.3426 0.4958 1.9659
v 3.1817 1.1384 1.9659
v 2.8396 1.702 1.68
v 2.8984 1.7373 1.9659
v 2.453 2.2233 1.68
v 2.5038 2.2693 1.9659
v 1.9722 2.6591 1.68
v 2.013 2.7142 1.9659
v 1.4155 2.9928 1.68
v 1.4448 3.0548 1.9659
v 0.8044 3.2114 1.68
v 0.8211 3.2779 1.9659
v 0.1624 3.3066 1.68
v 0.1658 3.3751 1.9659
v -0.4858 3.2748 1.68
v -0.4958 3.3426 1.9659
v -1.1153 3.1171 1.68
v -1.1384 3.1817 1.9659
v -1.702 2.8396 1.68
v -1.7373 2.8984 1.9659
v -2.2233 2.453 1.68
v -2.2693 2.5038 1.9659
v -2.6591 1.9722 1.68
v -2.7142 2.013 1.9659
v -2.9928 1.4155 1.68
v -3.0548 1.4448 1.9659
v -3.2114 0.8044 1.68
v -3.2779 0.8211 1.9659
v -3.3066 0.1624 1.68
v -3.3751 0.1658 1.9659
v -3.2748 -0.4858 1.68
v -3.3426 -0.4958 1.9659
v -3.1171 -1.1153 1.68
v -3.1817 -1.1384 1.9659
v -2.8396 -1.702 1.68
v -2.8984 -1.7373 1.9659
v -2.453 -2.2233 1.68
v -2.5038 -2.2693 1.9659
v -1.9722 -2.6591 1.68
v -2.013 -2.7142 1.9659
v -1.4155 -2.9928 1.68
v -1.4448 -3.0548 1.9659
v -0.8044 -3.2114 1.68
v -0.8211 -3.2779 1.9659
v -0.1624 -3.3066 1.68
v -0.1658 -3.3751 1.9659
v 0.4858 -3.2748 1.68
v 0.4958 -3.3426 1.9659
v 1.1153 -3.1171 1.68
v 1.1384 -3.1817 1.9659
v 1.702 -2.8396 1.68
v 1.7373 -2.8984 1.9659
v 2.2233 -2.453 1.68
v 2.2693 -2.5038 1.9659
v 2.6591 -1.9721 1.68
v 2.7142 -2.013 1.9659
v 2.9928 -1.4155 1.68
v 3.0548 -1.4448 1.9659
v 3.2114 -0.8044 1.68
v 3.2779 -0.8211 1.9659
v 3.3066 -0.1624 1.68
v 3.3751 -0.1658 1.9659
v 3.1711 1.1346 2.2612
v 3.3315 0.4942 2.2612
v 3.1985 0.4745 2.5586
v 3.0445 1.0893 2.5586
v 2.8888 1.7315 2.2612
v 2.7735 1.6624 2.5586
v 2.4955 2.2618 2.2612
v 2.3959 2.1715 2.5586
v 2.0063 2.7052 2.2612
v 1.9262 2.5972 2.5586
v 1.44 3.0446 2.2612
v 1.3825 2.9231 2.5586
v 0.8183 3.267 2.2612
v 0.7857 3.1366 2.5586
v 0.1653 3.3639 2.2612
v 0.1587 3.2296 2.5586
v -0.4942 3.3315 2.2612
v -0.4745 3.1985 2.5586
v -1.1346 3.1711 2.2612
v -1.0893 3.0445 2.5586
v -1.7315 2.8888 2.2612
v -1.6624 2.7735 2.5586
v -2.2618 2.4955 2.2612
v -2.1715 2.3959 2.5586
v -2.7052 2.0063 2.2612
v -2.5972 1.9262 2.5586
v -3.0446 1.44 2.2612
v -2.9231 1.3825 2.5586
v -3.267 0.8183 2.2612
v -3.1366 0.7857 2.5586
v -3.3639 0.1653 2.2612
v -3.2296 0.1587 2.5586
v -3.3315 -0.4942 2.2612
v -3.1985 -0.4745 2.5586
v -3.1711 -1.1346 2.2612
v -3.0445 -1.0893 2.5586
v -2.8888 -1.7315 2.2612
v -2.7735 -1.6624 2.5586
v -2.4955 -2.2618 2.2612
v -2.3959 -2.1715 2.5586
v -2.0063 -2.7052 2.2612
v -1.9262 -2.5972 2.5586
v -1.44 -3.0446 2.2612
v -1.3825 -2.9231 2.5586
v -0.8183 -3.267 2.2612
v -0.7857 -3.1366 2.5586
v -0.1653 -3.3639 2.2612
v -0.1587 -3.2296 2.5586
v 0.4942 -3.3315 2.2612
v 0.4745 -3.1985 2.5586
v 1.1346 -3.1711 2.2612
v 1.0893 -3.0445 2.5586
v 1.7315 -2.8888 2.2612
v 1.6624 -2.7735 2.5586
v 2.2618 -2.4955 2.2612
v 2.1715 -2.3959 2.5586
v 2.7052 -2.0063 2.2612
v 2.5972 -1.9262 2.5586
v 3.0446 -1.44 2.2612
v 2.9231 -1.3825 2.5586
v 3.267 -0.8183 2.2612
v 3.1366 -0.7857 2.5586
v 3.3639 -0.1653 2.2612
v 3.2296 -0.1587 2.5586
v 2.5916 0.3844 3.1214
v 2.4668 0.8826 3.1214
v 2.2472 1.3469 3.1214
v 1.9413 1.7595 3.1214
v 1.5607 2.1044 3.1214
v 1.1202 2.3684 3.1214
v 0.6366 2.5415 3.1214
v 0.1286 2.6168 3.1214
v -0.3844 2.5916 3.1214
v -0.8826 2.4668 3.1214
v -1.3469 2.2472 3.1214
v -1.7595 1.9413 3.1214
v -2.1044 1.5607 3.1214
v -2.3684 1.1202 3.1214
v -2.5415 0.6366 3.1214
v -2.6168 0.1286 3.1214
v -2.5916 -0.3844 3.1214
v -2.4668 -0.8826 3.1214
v -2.2472 -1.3469 3.1214
v -1.9413 -1.7595 3.1214
v -1.5607 -2.1044 3.1214
v -1.1202 -2.3684 3.1214
v -0.6366 -2.5415 3.1214
v -0.1286 -2.6168 3.1214
v 0.3844 -2.5916 3.1214
v 0.8826 -2.4668 3.1214
v 1.3469 -2.2472 3.1214
v 1.7595 -1.9413 3.1214
v 2.1044 -1.5607 3.1214
v 2.3684 -1.1202 3.1214
v 2.5415 -0.6366 3.1214
v 2.6168 -0.1286 3.1214
v 2.3073 0.8256 3.357
v 2.424 0.3596 3.357
v 2.3677 0.3512 3.5677
v 2.2537 0.8064 3.5677
v 2.1019 1.2598 3.357
v 2.053 1.2306 3.5677
v 1.8157 1.6457 3.357
v 1.7735 1.6074 3.5677
v 1.4598 1.9683 3.357
v 1.4259 1.9225 3.5677
v 1.0478 2.2153 3.357
v 1.0234 2.1638 3.5677
v 0.5954 2.3771 3.357
v 0.5816 2.3218 3.5677
v 0.1202 2.4476 3.357
v 0.1174 2.3907 3.5677
v -0.3596 2.424 3.357
v -0.3512 2.3677 3.5677
v -0.8256 2.3073 3.357
v -0.8064 2.2537 3.5677
v -1.2598 2.1019 3.357
v -1.2306 2.053 3.5677
v -1.6457 1.8157 3.357
v -1.6074 1.7735 3.5677
v -1.9683 1.4598 3.357
v -1.9225 1.4259 3.5677
v -2.2153 1.0477 3.357
v -2.1638 1.0234 3.5677
v -2.3771 0.5954 3.357
v -2.3218 0.5816 3.5677
v -2.4476 0.1202 3.357
v -2.3907 0.1174 3.5677
v -2.424 -0.3596 3.357
v -2.3677 -0.3512 3.5677
v -2.3073 -0.8256 3.357
v -2.2537 -0.8064 3.5677
v -2.1019 -1.2598 3.357
v -2.053 -1.2306 3.5677
v -1.8157 -1.6457 3.357
v -1.7735 -1.6074 3.5677
v -1.4598 -1.9683 3.357
v -1.4259 -1.9225 3.5677
v -1.0477 -2.2153 3.357
v -1.0234 -2.1638 3.5677
v -0.5954 -2.3771 3.357
v -0.5816 -2.3218 3.5677
v -0.1202 -2.4476 3.357
v -0.1174 -2.3907 3.5677
v 0.3596 -2.424 3.357
v 0.3512 -2.3677 3.5677
v 0.8256 -2.3073 3.357
v 0.8064 -2.2537 3.5677
v 1.2598 -2.1019 3.357
v 1.2306 -2.053 3.5677
v 1.6457 -1.8157 3.357
v 1.6074 -1.7735 3.5677
v 1.9683 -1.4598 3.357
v 1.9225 -1.4259 3.5677
v 2.2153 -1.0477 3.357
v 2.1638 -1.0234 3.5677
v 2.3771 -0.5954 3.357
v 2.3218 -0.5816 3.5677
v 2.4476 -0.1202 3.357
v 2.3907 -0.1174 3.5677
v 2.4666 0.3659 4.0921
v 2.3478 0.8401 4.0921
v 2.1388 1.282 4.0921
v 1.8476 1.6746 4.0921
v 1.4854 2.0029 4.0921
v 1.0661 2.2542 4.0921
v 0.6059 2.4189 4.0921
v 0.1224 2.4906 4.0921
v -0.3659 2.4666 4.0921
v -0.8401 2.3478 4.0921
v -1.282 2.1388 4.0921
v -1.6746 1.8476 4.0921
v -2.0029 1.4854 4.0921
v -2.2542 1.0661 4.0921
v -2.4189 0.6059 4.0921
v -2.4906 0.1224 4.0921
v -2.4666 -0.3659 4.0921
v -2.3478 -0.8401 4.0921
v -2.1388 -1.282 4.0921
v -1.8476 -1.6746 4.0921
v -1.4854 -2.0029 4.0921
v -1.0661 -2.2542 4.0921
v -0.6059 -2.4189 4.0921
v -0.1224 -2.4906 4.0921
v 0.3659 -2.4666 4.0921
v 0.8401 -2.3478 4.0921
v 1.282 -2.1388 4.0921
v 1.6746 -1.8476 4.0921
v 2.0029 -1.4854 4.0921
v 2.2542 -1.0661 4.0921
v 2.4189 -0.6059 4.0921
v 2.4906 -0.1224 4.0921
v 2.326 0.8322 4.1169
v 2.4436 0.3625 4.1169
v 2.2239 0.7957 4.1386
v 2.3365 0.3466 4.1386
v 2.1189 1.27 4.1169
v 2.026 1.2143 4.1386
v 1.8304 1.659 4.1169
v 1.7501 1.5862 4.1386
v 1.4716 1.9842 4.1169
v 1.407 1.8972 4.1386
v 1.0562 2.2332 4.1169
v 1.0099 2.1352 4.1386
v 0.6003 2.3963 4.1169
v 0.5739 2.2912 4.1386
v 0.1212 2.4674 4.1169
v 0.1159 2.3592 4.1386
v -0.3625 2.4436 4.1169
v -0.3466 2.3365 4.1386
v -0.8322 2.326 4.1169
v -0.7957 2.2239 4.1386
v -1.27 2.1189 4.1169
v -1.2143 2.026 4.1386
v -1.659 1.8304 4.1169
v -1.5862 1.7501 4.1386
v -1.9842 1.4716 4.1169
v -1.8972 1.407 4.1386
v -2.2332 1.0562 4.1169
v -2.1352 1.0099 4.1386
v -2.3963 0.6003 4.1169
v -2.2912 0.5739 4.1386
v -2.4674 0.1212 4.1169
v -2.3592 0.1159 4.1386
v -2.4436 -0.3625 4.1169
v -2.3365 -0.3466 4.1386
v -2.326 -0.8322 4.1169
v -2.2239 -0.7957 4.1386
v -2.1189 -1.27 4.1169
v -2.026 -1.2143 4.1386
v -1.8304 -1.659 4.1169
v -1.7501 -1.5862 4.1386
v -1.4716 -1.9842 4.1169
v -1.407 -1.8972 4.1386
v -1.0562 -2.2332 4.1169
v -1.0099 -2.1352 4.1386
v -0.6002 -2.3963 4.1169
v -0.5739 -2.2912 4.1386
v -0.1212 -2.4674 4.1169
v -0.1159 -2.3592 4.1386
v 0.3625 -2.4436 4.1169
v 0.3466 -2.3365 4.1386
v 0.8322 -2.326 4.1169
v 0.7957 -2.2239 4.1386
v 1.27 -2.1189 4.1169
v 1.2143 -2.026 4.1386
v 1.659 -1.8304 4.1169
v 1.5862 -1.7501 4.1386
v 1.9842 -1.4716 4.1169
v 1.8972 -1.407 4.1386
v 2.2332 -1.0562 4.1169
v 2.1352 -1.0099 4.1386
v 2.3963 -0.6003 4.1169
v 2.2912 -0.5739 4.1386
v 2.4674 -0.1212 4.1169
v 2.3592 -0.1159 4.1386
v 2.1494 0.3188 4.3681
v 2.0459 0.732 4.3681
v 1.8638 1.1171 4.3681
v 1.61 1.4592 4.3681
v 1.2944 1.7453 4.3681
v 0.9291 1.9643 4.3681
v 0.528 2.1078 4.3681
v 0.1066 2.1703 4.3681
v -0.3188 2.1494 4.3681
v -0.732 2.0459 4.3681
v -1.1171 1.8638 4.3681
v -1.4592 1.61 4.3681
v -1.7453 1.2944 4.3681
v -1.9643 0.9291 4.3681
v -2.1078 0.528 4.3681
v -2.1703 0.1066 4.3681
v -2.1494 -0.3188 4.3681
v -2.0459 -0.732 4.3681
v -1.8638 -1.1171 4.3681
v -1.61 -1.4592 4.3681
v -1.2944 -1.7453 4.3681
v -0.929 -1.9643 4.3681
v -0.528 -2.1078 4.3681
v -0.1066 -2.1703 4.3681
v 0.3188 -2.1494 4.3681
v 0.732 -2.0459 4.3681
v 1.1171 -1.8638 4.3681
v 1.4592 -1.61 4.3681
v 1.7453 -1.2944 4.3681
v 1.9643 -0.9291 4.3681
v 2.1078 -0.528 4.3681
v 2.1703 -0.1066 4.3681
v 1.4849 0.5313 5.7141
v 1.3103 0.4688 7.1763
v 1.56 0.2314 5.7141
v 1.3766 0.2042 7.1763
v 1.2456 0.4457 8.9509
v 1.3086 0.1941 8.9509
v 1.3527 0.8108 5.7141
v 1.1937 0.7155 7.1763
v 1.1347 0.6801 8.9509
v 1.1686 1.0591 5.7141
v 1.0312 0.9346 7.1763
v 0.9802 0.8884 8.9509
v 0.9395 1.2668 5.7141
v 0.829 1.1178 7.1763
v 0.7881 1.0626 8.9509
v 0.6743 1.4257 5.7141
v 0.595 1.258 7.1763
v 0.5656 1.1959 8.9509
v 0.3832 1.5298 5.7141
v 0.3381 1.35 7.1763
v 0.3214 1.2833 8.9509
v 0.0774 1.5752 5.7141
v 0.0683 1.39 7.1763
v 0.0649 1.3213 8.9509
v -0.2314 1.56 5.7141
v -0.2042 1.3766 7.1763
v -0.1941 1.3086 8.9509
v -0.5313 1.4849 5.7141
v -0.4688 1.3103 7.1763
v -0.4457 1.2456 8.9509
v -0.8108 1.3527 5.7141
v -0.7155 1.1937 7.1763
v -0.6801 1.1347 8.9509
v -1.0591 1.1686 5.7141
v -0.9346 1.0312 7.1763
v -0.8884 0.9802 8.9509
v -1.2668 0.9395 5.7141
v -1.1178 0.829 7.1763
v -1.0626 0.7881 8.9509
v -1.4257 0.6743 5.7141
v -1.258 0.595 7.1763
v -1.1959 0.5656 8.9509
v -1.5298 0.3832 5.7141
v -1.35 0.3381 7.1763
v -1.2833 0.3214 8.9509
v -1.5752 0.0774 5.7141
v -1.39 0.0683 7.1763
v -1.3213 0.0649 8.9509
v -1.56 -0.2314 5.7141
v -1.3766 -0.2042 7.1763
v -1.3086 -0.1941 8.9509
v -1.4849 -0.5313 5.7141
v -1.3103 -0.4688 7.1763
v -1.2456 -0.4457 8.9509
v -1.3527 -0.8108 5.7141
v -1.1937 -0.7155 7.1763
v -1.1347 -0.6801 8.9509
v -1.1686 -1.0591 5.7141
v -1.0312 -0.9346 7.1763
v -0.9802 -0.8884 8.9509
v -0.9395 -1.2668 5.7141
v -0.829 -1.1178 7.1763
v -0.7881 -1.0626 8.9509
v -0.6743 -1.4257 5.7141
v -0.595 -1.258 7.1763
v -0.5656 -1.1959 8.9509
v -0.3832 -1.5298 5.7141
v -0.3381 -1.35 7.1763
v -0.3214 -1.2833 8.9509
v -0.0774 -1.5752 5.7141
v -0.0683 -1.39 7.1763
v -0.0649 -1.3213 8.9509
v 0.2314 -1.56 5.7141
v 0.2042 -1.3766 7.1763
v 0.1941 -1.3086 8.9509
v 0.5313 -1.4849 5.7141
v 0.4688 -1.3103 7.1763
v 0.4457 -1.2456 8.9509
v 0.8108 -1.3527 5.7141
v 0.7155 -1.1937 7.1763
v 0.6801 -1.1347 8.9509
v 1.0591 -1.1686 5.7141
v 0.9346 -1.0312 7.1763
v 0.8884 -0.9802 8.9509
v 1.2668 -0.9395 5.7141
v 1.1178 -0.829 7.1763
v 1.0626 -0.7881 8.9509
v 1.4257 -0.6743 5.7141
v 1.258 -0.595 7.1763
v 1.1959 -0.5656 8.9509
v 1.5298 -0.3832 5.7141
v 1.35 -0.3381 7.1763
v 1.2833 -0.3214 8.9509
v 1.5752 -0.0774 5.7141
v 1.39 -0.0683 7.1763
v 1.3213 -0.0649 8.9509
v 1.2744 0.456 8.9758
v 1.3389 0.1986 8.9758
v 1.161 0.6959 8.9758
v 1.0029 0.909 8.9758
v 0.8063 1.0872 8.9758
v 0.5787 1.2236 8.9758
v 0.3289 1.313 8.9758
v 0.0664 1.3519 8.9758
v -0.1986 1.3389 8.9758
v -0.456 1.2744 8.9758
v -0.6959 1.161 8.9758
v -0.909 1.0029 8.9758
v -1.0872 0.8063 8.9758
v -1.2236 0.5787 8.9758
v -1.313 0.3289 8.9758
v -1.3519 0.0664 8.9758
v -1.3389 -0.1986 8.9758
v -1.2744 -0.456 8.9758
v -1.161 -0.6959 8.9758
v -1.0029 -0.909 8.9758
v -0.8063 -1.0872 8.9758
v -0.5787 -1.2236 8.9758
v -0.3289 -1.313 8.9758
v -0.0664 -1.3519 8.9758
v 0.1986 -1.3389 8.9758
v 0.456 -1.2744 8.9758
v 0.6959 -1.161 8.9758
v 0.909 -1.0029 8.9758
v 1.0872 -0.8063 8.9758
v 1.2236 -0.5787 8.9758
v 1.313 -0.3289 8.9758
v 1.3519 -0.0664 8.9758
v 1.4598 0.5223 9.0001
v 1.5336 0.2275 9.0001
v 1.5028 0.2229 8.9772
v 1.4305 0.5118 8.9772
v 1.3298 0.7971 9.0001
v 1.3031 0.7811 8.9772
v 1.1488 1.0412 9.0001
v 1.1257 1.0203 8.9772
v 0.9236 1.2453 9.0001
v 0.905 1.2203 8.9772
v 0.6629 1.4016 9.0001
v 0.6496 1.3734 8.9772
v 0.3767 1.5039 9.0001
v 0.3692 1.4737 8.9772
v 0.0761 1.5485 9.0001
v 0.0745 1.5174 8.9772
v -0.2275 1.5336 9.0001
v -0.2229 1.5028 8.9772
v -0.5223 1.4598 9.0001
v -0.5118 1.4305 8.9772
v -0.7971 1.3298 9.0001
v -0.7811 1.3031 8.9772
v -1.0412 1.1488 9.0001
v -1.0203 1.1257 8.9772
v -1.2453 0.9236 9.0001
v -1.2203 0.905 8.9772
v -1.4016 0.6629 9.0001
v -1.3734 0.6496 8.9772
v -1.5039 0.3767 9.0001
v -1.4737 0.3692 8.9772
v -1.5485 0.0761 9.0001
v -1.5174 0.0745 8.9772
v -1.5336 -0.2275 9.0001
v -1.5028 -0.2229 8.9772
v -1.4598 -0.5223 9.0001
v -1.4304 -0.5118 8.9772
v -1.3298 -0.7971 9.0001
v -1.3031 -0.7811 8.9772
v -1.1488 -1.0412 9.0001
v -1.1257 -1.0203 8.9772
v -0.9236 -1.2453 9.0001
v -0.905 -1.2203 8.9772
v -0.6629 -1.4016 9.0001
v -0.6496 -1.3734 8.9772
v -0.3767 -1.5039 9.0001
v -0.3692 -1.4737 8.9772
v -0.0761 -1.5485 9.0001
v -0.0745 -1.5174 8.9772
v 0.2275 -1.5336 9.0001
v 0.2229 -1.5028 8.9772
v 0.5223 -1.4598 9.0001
v 0.5118 -1.4304 8.9772
v 0.7971 -1.3298 9.0001
v 0.7811 -1.3031 8.9772
v 1.0412 -1.1488 9.0001
v 1.0203 -1.1257 8.9772
v 1.2453 -0.9236 9.0001
v 1.2203 -0.905 8.9772
v 1.4016 -0.6629 9.0001
v 1.3734 -0.6496 8.9772
v 1.5039 -0.3767 9.0001
v 1.4737 -0.3692 8.9772
v 1.5486 -0.0761 9.0001
v 1.5174 -0.0745 8.9772
v 1.4969 0.5356 9.3294
v 1.5726 0.2333 9.3294
v 1.5336 0.2275 9.3033
v 1.4598 0.5223 9.3033
v 1.3636 0.8173 9.3294
v 1.3298 0.7971 9.3033
v 1.178 1.0676 9.3294
v 1.1488 1.0412 9.3033
v 0.947 1.2769 9.3294
v 0.9236 1.2453 9.3033
v 0.6797 1.4371 9.3294
v 0.6629 1.4016 9.3033
v 0.3863 1.5421 9.3294
v 0.3767 1.5039 9.3033
v 0.078 1.5879 9.3294
v 0.0761 1.5485 9.3033
v -0.2333 1.5726 9.3294
v -0.2275 1.5336 9.3033
v -0.5356 1.4969 9.3294
v -0.5223 1.4598 9.3033
v -0.8173 1.3636 9.3294
v -0.7971 1.3298 9.3033
v -1.0676 1.178 9.3294
v -1.0412 1.1488 9.3033
v -1.2769 0.947 9.3294
v -1.2453 0.9236 9.3033
v -1.4371 0.6797 9.3294
v -1.4016 0.6629 9.3033
v -1.5421 0.3863 9.3294
v -1.5039 0.3767 9.3033
v -1.5879 0.078 9.3294
v -1.5485 0.0761 9.3033
v -1.5726 -0.2333 9.3294
v -1.5336 -0.2275 9.3033
v -1.4969 -0.5356 9.3294
v -1.4598 -0.5223 9.3033
v -1.3636 -0.8173 9.3294
v -1.3298 -0.7971 9.3033
v -1.178 -1.0676 9.3294
v -1.1488 -1.0412 9.3033
v -0.947 -1.2769 9.3294
v -0.9236 -1.2453 9.3033
v -0.6797 -1.4371 9.3294
v -0.6629 -1.4016 9.3033
v -0.3863 -1.5421 9.3294
v -0.3767 -1.5039 9.3033
v -0.078 -1.5879 9.3294
v -0.0761 -1.5485 9.3033
v 0.2333 -1.5726 9.3294
v 0.2275 -1.5336 9.3033
v 0.5356 -1.4969 9.3294
v 0.5223 -1.4598 9.3033
v 0.8173 -1.3636 9.3294
v 0.7971 -1.3298 9.3033
v 1.0676 -1.178 9.3294
v 1.0412 -1.1488 9.3033
v 1.2769 -0.947 9.3294
v 1.2453 -0.9236 9.3033
v 1.4371 -0.6797 9.3294
v 1.4016 -0.6629 9.3033
v 1.5421 -0.3863 9.3294
v 1.5039 -0.3767 9.3033
v 1.5879 -0.078 9.3294
v 1.5486 -0.0761 9.3033
v 2.0633 0.7382 9.355
v 2.1677 0.3215 9.355
v 2.1241 0.3151 9.3294
v 2.0219 0.7234 9.3294
v 1.8796 1.1266 9.355
v 1.8419 1.104 9.3294
v 1.6237 1.4716 9.355
v 1.5911 1.4421 9.3294
v 1.3054 1.7601 9.355
v 1.2792 1.7248 9.3294
v 0.9369 1.981 9.355
v 0.9181 1.9412 9.3294
v 0.5325 2.1257 9.355
v 0.5218 2.083 9.3294
v 0.1075 2.1887 9.355
v 0.1054 2.1448 9.3294
v 0.2147 2.1795 10.767
v 0 2.1864 10.7575
v -0.3215 2.1677 9.355
v -0.3151 2.1241 9.3294
v -0.2147 2.1795 10.7674
v -0.428 2.1519 10.7671
v -0.7382 2.0633 9.355
v -0.7234 2.0219 9.3294
v -1.1266 1.8796 9.355
v -1.104 1.8419 9.3294
v -1.4716 1.6237 9.355
v -1.4421 1.5911 9.3294
v -1.7601 1.3054 9.355
v -1.7248 1.2792 9.3294
v -1.981 0.9369 9.355
v -1.9412 0.9181 9.3294
v -2.1257 0.5325 9.355
v -2.083 0.5218 9.3294
v -2.1887 0.1075 9.355
v -2.1448 0.1054 9.3294
v -2.1677 -0.3215 9.355
v -2.1241 -0.3151 9.3294
v -2.0633 -0.7382 9.355
v -2.0219 -0.7234 9.3294
v -1.8796 -1.1266 9.355
v -1.8419 -1.104 9.3294
v -1.6237 -1.4716 9.355
v -1.5911 -1.4421 9.3294
v -1.3054 -1.7601 9.355
v -1.2792 -1.7248 9.3294
v -0.9369 -1.981 9.355
v -0.9181 -1.9412 9.3294
v -0.5325 -2.1257 9.355
v -0.5218 -2.083 9.3294
v -0.1075 -2.1887 9.355
v -0.1054 -2.1448 9.3294
v -0.2147 -2.1795 10.7674
v 0 -2.1864 10.7575
v 0.3215 -2.1677 9.355
v 0.3151 -2.1241 9.3294
v 0.2147 -2.1795 10.767
v 0.7382 -2.0633 9.355
v 0.7234 -2.0219 9.3294
v 1.1266 -1.8796 9.355
v 1.104 -1.8419 9.3294
v 1.4716 -1.6237 9.355
v 1.4421 -1.5911 9.3294
v 1.7601 -1.3054 9.355
v 1.7248 -1.2792 9.3294
v 1.981 -0.9369 9.355
v 1.9412 -0.9181 9.3294
v 2.1257 -0.5325 9.355
v 2.083 -0.5218 9.3294
v 2.1887 -0.1075 9.355
v 2.1448 -0.1054 9.3294
v 0.5325 2.1257 10.7604
v -0.2412 2.1744 10.8078
v -0.2412 -2.1744 10.8078
v 0.2412 -2.1744 10.8047
v 2.0343 0.7279 11.5124
v 2.1372 0.317 11.5124
v 2.0633 0.7382 11.4751
v 2.1677 0.3215 11.4751
v 1.6445 0.5884 11.5124
v 1.7277 0.2563 11.5124
v 1.8532 1.1107 11.5124
v 1.8796 1.1266 11.4751
v 1.4981 0.8979 11.5124
v 1.6009 1.4509 11.5124
v 1.6237 1.4716 11.4751
v 1.2941 1.1729 11.5124
v 1.2871 1.7354 11.5124
v 1.3054 1.7601 11.4751
v 1.0404 1.4029 11.5124
v 0.9238 1.9531 11.5124
v 0.9369 1.981 11.4751
v 0.7468 1.5789 11.5124
v 0.525 2.0958 11.5124
v 0.5325 2.1257 11.4751
v 0.4244 1.6942 11.5124
v 0.2386 2.1515 11.5031
v 0.2412 2.1744 11.4752
v 0.1929 1.7392 11.5033
v -0.422 2.1216 11.5124
v -0.2386 2.1515 11.5042
v -0.428 2.1519 11.4797
v -0.2412 2.1744 11.4797
v -0.3411 1.7151 11.5124
v -0.1928 1.7392 11.5045
v -0.7279 2.0343 11.5124
v -0.7382 2.0633 11.4797
v -0.5884 1.6445 11.5124
v -1.1107 1.8532 11.5124
v -1.1266 1.8796 11.4797
v -0.8979 1.4981 11.5124
v -1.4509 1.6009 11.5124
v -1.4716 1.6237 11.4797
v -1.1729 1.2941 11.5124
v -1.7354 1.2871 11.5124
v -1.7601 1.3054 11.4797
v -1.4029 1.0404 11.5124
v -1.9531 0.9238 11.5124
v -1.981 0.9369 11.4797
v -1.5789 0.7468 11.5124
v -2.0958 0.525 11.5124
v -2.1257 0.5325 11.4797
v -1.6942 0.4244 11.5124
v -2.158 0.106 11.5124
v -2.1887 0.1075 11.4797
v -1.7445 0.0857 11.5124
v -2.1372 -0.317 11.5124
v -2.1677 -0.3215 11.4797
v -1.7277 -0.2563 11.5124
v -2.0343 -0.7279 11.5124
v -2.0633 -0.7382 11.4797
v -1.6445 -0.5884 11.5124
v -1.8532 -1.1107 11.5124
v -1.8796 -1.1266 11.4797
v -1.4981 -0.8979 11.5124
v -1.6009 -1.4509 11.5124
v -1.6237 -1.4716 11.4797
v -1.2941 -1.1729 11.5124
v -1.2871 -1.7354 11.5124
v -1.3054 -1.7601 11.4797
v -1.0404 -1.4029 11.5124
v -0.9238 -1.9531 11.5124
v -0.9369 -1.981 11.4797
v -0.7468 -1.5789 11.5124
v -0.525 -2.0958 11.5124
v -0.5325 -2.1257 11.4797
v -0.4244 -1.6942 11.5124
v -0.2386 -2.1515 11.5042
v -0.2412 -2.1744 11.4797
v -0.1929 -1.7392 11.5045
v 0.422 -2.1216 11.5124
v 0.2386 -2.1515 11.5031
v 0.428 -2.1519 11.4751
v 0.2412 -2.1744 11.4752
v 0.3412 -1.7151 11.5124
v 0.1929 -1.7392 11.5033
v 0.7279 -2.0343 11.5124
v 0.7382 -2.0633 11.4751
v 0.5884 -1.6445 11.5124
v 1.1107 -1.8532 11.5124
v 1.1266 -1.8796 11.4751
v 0.8979 -1.4981 11.5124
v 1.4509 -1.6009 11.5124
v 1.4716 -1.6237 11.4751
v 1.1729 -1.2941 11.5124
v 1.7354 -1.2871 11.5124
v 1.7601 -1.3054 11.4751
v 1.4029 -1.0404 11.5124
v 1.9531 -0.9238 11.5124
v 1.981 -0.9369 11.4751
v 1.5789 -0.7468 11.5124
v 2.0958 -0.525 11.5124
v 2.1257 -0.5325 11.4751
v 1.6942 -0.4244 11.5124
v 2.158 -0.106 11.5124
v 2.1887 -0.1075 11.4751
v 1.7445 -0.0857 11.5124
v 0.4142 1.6534 10.3172
v 0.1892 1.7078 10.8259
v 0.1679 1.7066 10.7896
v -0.1679 1.7066 10.79
v -0.1892 1.7078 10.8288
v -0.2501 1.6867 10.3172
v -0.4142 -1.6534 10.3172
v -0.1892 -1.7078 10.8288
v -0.1679 -1.7066 10.79
v 0.1679 -1.7066 10.7896
v 0.1892 -1.7078 10.8259
v 0.2501 -1.6867 10.3172
v -0.2123 -2.1553 10.8088
v -0.2123 -2.1553 11.4798
v -0.1857 -2.1567 10.7789
v 0 -2.1637 10.7689
v 0 -1.7562 10.7885
v -0.1502 -1.7447 10.7983
v 0.1857 -2.1567 10.7781
v 0.1502 -1.7447 10.7975
v 0.2123 -2.1553 10.8058
v 0.1716 -1.7424 10.8245
v 0.2412 2.1744 10.8047
v 0.2123 2.1553 10.8058
v 0.1857 2.1567 10.7781
v 0.2123 2.1553 11.4752
v 0 2.1637 10.7689
v 0 1.7562 10.7885
v 0.1502 1.7447 10.7975
v -0.1857 2.1567 10.7789
v -0.1502 1.7447 10.7983
v -0.2123 2.1553 10.8088
v -0.1716 1.7424 10.8274
v 0 0 0
v 0.9688 -1.6163 4.8275
v 1.2655 -1.3962 4.8275
v 0.6348 -1.7742 4.8275
v 0.2765 -1.864 4.8275
v -0.0925 -1.8821 4.8275
v -0.4579 -1.8279 4.8275
v -0.8057 -1.7034 4.8275
v -1.1225 -1.5135 4.8275
v -1.3962 -1.2655 4.8275
v -1.6163 -0.9688 4.8275
v -1.7742 -0.6348 4.8275
v -1.864 -0.2765 4.8275
v -1.8821 0.0925 4.8275
v -1.8279 0.4579 4.8275
v -1.7034 0.8057 4.8275
v -1.5135 1.1225 4.8275
v -1.2655 1.3962 4.8275
v -0.9688 1.6163 4.8275
v -0.6348 1.7742 4.8275
v -0.2765 1.864 4.8275
v 0.0925 1.8821 4.8275
v 0.4579 1.8279 4.8275
v 0.8057 1.7034 4.8275
v 1.1225 1.5135 4.8275
v 1.3962 1.2655 4.8275
v 1.6163 0.9688 4.8275
v 1.7742 0.6348 4.8275
v 1.864 0.2765 4.8275
v 1.8821 -0.0925 4.8275
v 1.8279 -0.4579 4.8275
v 1.7034 -0.8057 4.8275
v 1.5135 -1.1225 4.8275
v 0.2123 -2.1553 11.4752
v 0.3329 -1.6737 11.4763
v 0.1892 -1.7078 11.4763
v 0.4142 1.6534 11.4763
v 0.1892 1.7078 11.4763
v 0.1716 1.7424 10.8245
v 0.1716 1.7424 11.4762
v -0.2123 2.1553 11.4798
v -0.3329 1.6737 11.4807
v -0.1892 1.7078 11.4807
v -0.1892 -1.7078 11.4807
v -0.4142 -1.6534 11.4807
v -0.1716 -1.7424 10.8274
v -0.1716 -1.7424 11.4806
v -0.5742 1.6048 11.4807
v -0.8763 1.462 11.4807
v -1.1446 1.2629 11.4807
v -1.369 1.0153 11.4807
v -1.5408 0.7288 11.4807
v -1.6534 0.4142 11.4807
v -1.7024 0.0836 11.4807
v -1.686 -0.2501 11.4807
v -1.6048 -0.5742 11.4807
v -1.462 -0.8763 11.4807
v -1.2629 -1.1446 11.4807
v -1.0153 -1.369 11.4807
v -0.7288 -1.5408 11.4807
v 0.5742 -1.6048 11.4763
v 0.8763 -1.462 11.4763
v 1.1446 -1.2629 11.4763
v 1.369 -1.0153 11.4763
v 1.5408 -0.7288 11.4763
v 1.6534 -0.4142 11.4763
v 1.7024 -0.0836 11.4763
v 1.686 0.2501 11.4763
v 1.6048 0.5742 11.4763
v 1.462 0.8763 11.4763
v 1.2629 1.1446 11.4763
v 1.0153 1.369 11.4763
v 0.7288 1.5408 11.4763
v -0.1716 1.7424 11.4806
v 0 1.7251 10.7801
v 0.1716 -1.7424 11.4762
v 0 -1.7251 10.7801
v 0.0836 1.7072 10.3172
v 0.7288 1.5408 10.3172
v 1.0153 1.369 10.3172
v 1.2629 1.1446 10.3172
v 1.462 0.8763 10.3172
v 1.6048 0.5742 10.3172
v 1.686 0.2501 10.3172
v 1.7024 -0.0836 10.3172
v 1.6534 -0.4142 10.3172
v 1.5408 -0.7288 10.3172
v 1.369 -1.0153 10.3172
v 1.1446 -1.2629 10.3172
v 0.8763 -1.462 10.3172
v 0.5742 -1.6048 10.3172
v -0.0836 -1.7072 10.3172
v -0.7288 -1.5408 10.3172
v -1.0153 -1.369 10.3172
v -1.2629 -1.1446 10.3172
v -1.462 -0.8763 10.3172
v -1.6048 -0.5742 10.3172
v -1.686 -0.2501 10.3172
v -1.7024 0.0836 10.3172
v -1.6534 0.4142 10.3172
v -1.5408 0.7288 10.3172
v -1.369 1.0153 10.3172
v -1.1446 1.2629 10.3172
v -0.8763 1.462 10.3172
v -0.5742 1.6048 10.3172
v 0 0 10.3172
vn 0.5631 -0.8014 -0.2015
vn 0.5916 -0.8014 -0.0878
vn 0.035 -0.9994 -0.0052
vn 0.0333 -0.9994 -0.012
vn 0.513 -0.8014 -0.3075
vn 0.0304 -0.9994 -0.0182
vn 0.4432 -0.8014 -0.4017
vn 0.0262 -0.9994 -0.0238
vn 0.3563 -0.8014 -0.4804
vn 0.0211 -0.9994 -0.0285
vn 0.2557 -0.8014 -0.5407
vn 0.0151 -0.9994 -0.032
vn 0.1453 -0.8014 -0.5802
vn 0.0086 -0.9994 -0.0343
vn 0.0293 -0.8014 -0.5974
vn 0.0017 -0.9994 -0.0353
vn -0.0878 -0.8014 -0.5916
vn -0.0052 -0.9994 -0.035
vn -0.2015 -0.8014 -0.5631
vn -0.0119 -0.9994 -0.0333
vn -0.3075 -0.8014 -0.513
vn -0.0182 -0.9994 -0.0303
vn -0.4017 -0.8014 -0.4432
vn -0.0238 -0.9994 -0.0262
vn -0.4804 -0.8014 -0.3563
vn -0.0285 -0.9994 -0.021
vn -0.5407 -0.8014 -0.2557
vn -0.032 -0.9994 -0.0151
vn -0.5802 -0.8014 -0.1453
vn -0.0343 -0.9994 -0.0086
vn -0.5974 -0.8014 -0.0293
vn -0.0353 -0.9994 -0.0017
vn -0.5916 -0.8014 0.0878
vn -0.035 -0.9994 0.0053
vn -0.5631 -0.8014 0.2015
vn -0.0333 -0.9994 0.012
vn -0.513 -0.8014 0.3075
vn -0.0304 -0.9994 0.0182
vn -0.4432 -0.8014 0.4017
vn -0.0262 -0.9994 0.0238
vn -0.3563 -0.8014 0.4804
vn -0.0211 -0.9994 0.0285
vn -0.2557 -0.8014 0.5407
vn -0.015 -0.9994 0.0321
vn -0.1453 -0.8014 0.5802
vn -0.0086 -0.9994 0.0344
vn -0.0293 -0.8014 0.5974
vn -0.0017 -0.9994 0.0354
vn 0.0878 -0.8014 0.5916
vn 0.0052 -0.9994 0.035
vn 0.2015 -0.8014 0.5631
vn 0.0118 -0.9994 0.0333
vn 0.3075 -0.8014 0.513
vn 0.0183 -0.9994 0.0303
vn 0.4017 -0.8014 0.4432
vn 0.0238 -0.9994 0.0262
vn 0.4804 -0.8014 0.3563
vn 0.0284 -0.9994 0.021
vn 0.5407 -0.8014 0.2557
vn 0.032 -0.9994 0.0151
vn 0.5802 -0.8014 0.1453
vn 0.0343 -0.9994 0.0086
vn 0.5974 -0.8014 0.0293
vn 0.0354 -0.9994 0.0017
vn 0.5974 0.773 -0.2137
vn 0.6276 0.7729 -0.0931
vn 0.988 0.0478 -0.1466
vn 0.9405 0.0478 -0.3364
vn 0.8424 0.4466 -0.3014
vn 0.885 0.4466 -0.1313
vn 0.5442 0.773 -0.3262
vn 0.8568 0.0478 -0.5134
vn 0.7674 0.4466 -0.46
vn 0.4701 0.773 -0.4261
vn 0.7401 0.0478 -0.6708
vn 0.6629 0.4466 -0.6009
vn 0.3779 0.773 -0.5096
vn 0.5949 0.0478 -0.8024
vn 0.533 0.4466 -0.7186
vn 0.2713 0.773 -0.5736
vn 0.427 0.0478 -0.903
vn 0.3825 0.4466 -0.8088
vn 0.1542 0.773 -0.6155
vn 0.2427 0.0478 -0.9689
vn 0.2174 0.4466 -0.8679
vn 0.0311 0.773 -0.6337
vn 0.049 0.0478 -0.9977
vn 0.0439 0.4466 -0.8936
vn -0.0931 0.773 -0.6276
vn -0.1466 0.0478 -0.988
vn -0.1313 0.4466 -0.885
vn -0.2137 0.773 -0.5974
vn -0.3364 0.0478 -0.9405
vn -0.3014 0.4466 -0.8424
vn -0.3262 0.773 -0.5442
vn -0.5135 0.0478 -0.8567
vn -0.46 0.4466 -0.7674
vn -0.4261 0.773 -0.4701
vn -0.6707 0.0478 -0.7402
vn -0.6009 0.4466 -0.6629
vn -0.5096 0.773 -0.3779
vn -0.8023 0.0478 -0.595
vn -0.7186 0.4466 -0.533
vn -0.5736 0.773 -0.2713
vn -0.903 0.0478 -0.427
vn -0.8088 0.4466 -0.3825
vn -0.6155 0.773 -0.1542
vn -0.9689 0.0478 -0.2426
vn -0.8679 0.4466 -0.2174
vn -0.6337 0.773 -0.0311
vn -0.9977 0.0478 -0.049
vn -0.8936 0.4466 -0.0439
vn -0.6276 0.773 0.0931
vn -0.988 0.0478 0.1467
vn -0.885 0.4466 0.1313
vn -0.5974 0.773 0.2138
vn -0.9405 0.0478 0.3365
vn -0.8424 0.4466 0.3014
vn -0.5442 0.773 0.3262
vn -0.8568 0.0478 0.5135
vn -0.7674 0.4466 0.46
vn -0.4701 0.773 0.4261
vn -0.74 0.0478 0.6709
vn -0.6629 0.4466 0.6009
vn -0.3779 0.773 0.5096
vn -0.595 0.0478 0.8023
vn -0.533 0.4466 0.7186
vn -0.2713 0.773 0.5736
vn -0.427 0.0478 0.903
vn -0.3825 0.4466 0.8088
vn -0.1542 0.773 0.6155
vn -0.2426 0.0478 0.9689
vn -0.2174 0.4466 0.8679
vn -0.0311 0.773 0.6337
vn -0.049 0.0478 0.9977
vn -0.0439 0.4466 0.8936
vn 0.0931 0.773 0.6276
vn 0.1467 0.0478 0.988
vn 0.1313 0.4466 0.885
vn 0.2138 0.773 0.5974
vn 0.3365 0.0478 0.9405
vn 0.3014 0.4466 0.8424
vn 0.3262 0.7729 0.5442
vn 0.5134 0.0478 0.8568
vn 0.46 0.4466 0.7674
vn 0.4261 0.773 0.4701
vn 0.6708 0.0478 0.7401
vn 0.6009 0.4466 0.6629
vn 0.5096 0.773 0.3779
vn 0.8023 0.0478 0.595
vn 0.7186 0.4466 0.533
vn 0.5736 0.773 0.2713
vn 0.903 0.0478 0.427
vn 0.8088 0.4466 0.3825
vn 0.6155 0.7729 0.1542
vn 0.9689 0.0478 0.2428
vn 0.8679 0.4466 0.2174
vn 0.6337 0.7729 0.0311
vn 0.9977 0.0477 0.049
vn 0.8936 0.4466 0.0439
vn 0.7959 -0.5342 -0.2848
vn 0.8362 -0.5342 -0.124
vn 0.9151 -0.3798 -0.1357
vn 0.871 -0.3798 -0.3117
vn 0.7251 -0.5342 -0.4346
vn 0.7935 -0.3798 -0.4756
vn 0.6263 -0.5342 -0.5677
vn 0.6854 -0.3798 -0.6212
vn 0.5036 -0.5342 -0.679
vn 0.5511 -0.3798 -0.743
vn 0.3614 -0.5342 -0.7642
vn 0.3955 -0.3798 -0.8363
vn 0.2054 -0.5342 -0.82
vn 0.2248 -0.3798 -0.8973
vn 0.0415 -0.5342 -0.8443
vn 0.0454 -0.3798 -0.924
vn -0.124 -0.5342 -0.8362
vn -0.1357 -0.3798 -0.9151
vn -0.2848 -0.5342 -0.7959
vn -0.3116 -0.3798 -0.871
vn -0.4346 -0.5342 -0.7251
vn -0.4756 -0.3798 -0.7935
vn -0.5677 -0.5342 -0.6264
vn -0.6212 -0.3798 -0.6854
vn -0.679 -0.5342 -0.5036
vn -0.743 -0.3798 -0.5511
vn -0.7642 -0.5342 -0.3614
vn -0.8363 -0.3798 -0.3955
vn -0.82 -0.5342 -0.2054
vn -0.8973 -0.3798 -0.2248
vn -0.8443 -0.5342 -0.0415
vn -0.924 -0.3798 -0.0454
vn -0.8362 -0.5342 0.124
vn -0.9151 -0.3798 0.1357
vn -0.7959 -0.5342 0.2848
vn -0.871 -0.3798 0.3116
vn -0.7251 -0.5342 0.4346
vn -0.7935 -0.3798 0.4756
vn -0.6264 -0.5342 0.5677
vn -0.6854 -0.3798 0.6212
vn -0.5036 -0.5342 0.679
vn -0.5511 -0.3798 0.743
vn -0.3614 -0.5342 0.7642
vn -0.3955 -0.3798 0.8362
vn -0.2054 -0.5342 0.82
vn -0.2248 -0.3798 0.8973
vn -0.0415 -0.5342 0.8443
vn -0.0454 -0.3798 0.924
vn 0.124 -0.5342 0.8362
vn 0.1358 -0.3798 0.9151
vn 0.2848 -0.5342 0.7959
vn 0.3116 -0.3798 0.871
vn 0.4346 -0.5342 0.7251
vn 0.4756 -0.3798 0.7935
vn 0.5677 -0.5342 0.6263
vn 0.6212 -0.3798 0.6854
vn 0.679 -0.5342 0.5036
vn 0.743 -0.3798 0.5511
vn 0.7642 -0.5342 0.3614
vn 0.8363 -0.3798 0.3955
vn 0.82 -0.5342 0.2054
vn 0.8973 -0.3798 0.2248
vn 0.8443 -0.5342 0.0415
vn 0.924 -0.3798 0.0454
vn 0.8845 -0.3429 -0.3165
vn 0.9292 -0.3429 -0.1378
vn 0.9845 -0.0967 -0.146
vn 0.9371 -0.0967 -0.3353
vn 0.8057 -0.3429 -0.4829
vn 0.8537 -0.0969 -0.5117
vn 0.696 -0.3429 -0.6308
vn 0.7375 -0.0967 -0.6684
vn 0.5596 -0.3429 -0.7545
vn 0.5929 -0.0967 -0.7994
vn 0.4016 -0.3429 -0.8492
vn 0.4255 -0.0968 -0.8997
vn 0.2283 -0.3429 -0.9112
vn 0.2418 -0.0967 -0.9655
vn 0.0461 -0.3429 -0.9383
vn 0.0488 -0.0967 -0.9941
vn -0.1378 -0.3429 -0.9292
vn -0.146 -0.0967 -0.9845
vn -0.3165 -0.3429 -0.8845
vn -0.3353 -0.0967 -0.9371
vn -0.4829 -0.3429 -0.8057
vn -0.5117 -0.0968 -0.8537
vn -0.6309 -0.3429 -0.696
vn -0.6684 -0.0966 -0.7375
vn -0.7545 -0.3429 -0.5596
vn -0.7995 -0.0966 -0.5929
vn -0.8492 -0.3429 -0.4016
vn -0.8998 -0.0966 -0.4256
vn -0.9112 -0.3429 -0.2283
vn -0.9655 -0.0966 -0.2418
vn -0.9383 -0.3429 -0.0461
vn -0.9941 -0.0967 -0.0488
vn -0.9292 -0.3429 0.1378
vn -0.9846 -0.0966 0.146
vn -0.8845 -0.3429 0.3165
vn -0.9371 -0.0967 0.3353
vn -0.8057 -0.3429 0.4829
vn -0.8537 -0.0969 0.5117
vn -0.696 -0.3429 0.6309
vn -0.7375 -0.0967 0.6684
vn -0.5596 -0.3429 0.7545
vn -0.5929 -0.0969 0.7994
vn -0.4016 -0.3429 0.8492
vn -0.4256 -0.0967 0.8998
vn -0.2283 -0.3429 0.9112
vn -0.2418 -0.0968 0.9655
vn -0.0461 -0.3429 0.9383
vn -0.0488 -0.0967 0.9941
vn 0.1378 -0.3429 0.9292
vn 0.146 -0.0967 0.9845
vn 0.3165 -0.3429 0.8845
vn 0.3353 -0.0967 0.9371
vn 0.4829 -0.3429 0.8057
vn 0.5117 -0.0967 0.8537
vn 0.6309 -0.3429 0.696
vn 0.6684 -0.0966 0.7375
vn 0.7545 -0.3429 0.5596
vn 0.7994 -0.0967 0.5929
vn 0.8492 -0.3429 0.4016
vn 0.8998 -0.0967 0.4255
vn 0.9112 -0.3429 0.2283
vn 0.9655 -0.0967 0.2418
vn 0.9383 -0.3429 0.0461
vn 0.9941 -0.0967 0.0488
vn 0.9154 0.234 -0.3275
vn 0.9617 0.234 -0.1427
vn 0.757 0.6437 -0.1123
vn 0.7206 0.6437 -0.2578
vn 0.8339 0.234 -0.4998
vn 0.6564 0.6437 -0.3935
vn 0.7204 0.234 -0.6529
vn 0.5671 0.6437 -0.514
vn 0.5792 0.234 -0.7809
vn 0.4559 0.6437 -0.6147
vn 0.4157 0.234 -0.8789
vn 0.3272 0.6437 -0.6918
vn 0.2362 0.234 -0.9431
vn 0.186 0.6437 -0.7424
vn 0.0477 0.2339 -0.9711
vn 0.0376 0.6437 -0.7644
vn -0.1427 0.234 -0.9617
vn -0.1123 0.6437 -0.757
vn -0.3275 0.234 -0.9154
vn -0.2578 0.6437 -0.7206
vn -0.4998 0.234 -0.8339
vn -0.3935 0.6437 -0.6564
vn -0.6529 0.234 -0.7204
vn -0.514 0.6437 -0.5671
vn -0.7809 0.234 -0.5792
vn -0.6147 0.6437 -0.4559
vn -0.8789 0.234 -0.4157
vn -0.6918 0.6437 -0.3272
vn -0.9431 0.234 -0.2362
vn -0.7424 0.6437 -0.186
vn -0.9711 0.234 -0.0477
vn -0.7644 0.6437 -0.0376
vn -0.9617 0.234 0.1427
vn -0.757 0.6437 0.1123
vn -0.9154 0.234 0.3275
vn -0.7206 0.6437 0.2578
vn -0.8339 0.234 0.4998
vn -0.6564 0.6437 0.3935
vn -0.7204 0.234 0.6529
vn -0.5671 0.6437 0.514
vn -0.5792 0.234 0.7809
vn -0.4559 0.6437 0.6147
vn -0.4157 0.234 0.8789
vn -0.3272 0.6437 0.6918
vn -0.2362 0.234 0.9431
vn -0.186 0.6437 0.7424
vn -0.0477 0.234 0.9711
vn -0.0376 0.6437 0.7644
vn 0.1427 0.234 0.9617
vn 0.1123 0.6437 0.757
vn 0.3275 0.234 0.9154
vn 0.2578 0.6437 0.7206
vn 0.4998 0.234 0.8339
vn 0.3935 0.6437 0.6564
vn 0.6529 0.234 0.7204
vn 0.514 0.6437 0.5671
vn 0.7809 0.234 0.5792
vn 0.6147 0.6437 0.4559
vn 0.8789 0.234 0.4157
vn 0.6918 0.6437 0.3272
vn 0.9431 0.234 0.2362
vn 0.7424 0.6437 0.186
vn 0.9711 0.234 0.0477
vn 0.7644 0.6437 0.0376
vn 0.7004 0.7061 -0.1039
vn 0.6667 0.7061 -0.2386
vn 0.6073 0.7061 -0.364
vn 0.5247 0.7061 -0.4755
vn 0.4218 0.7061 -0.5687
vn 0.3027 0.7061 -0.6401
vn 0.172 0.7061 -0.6869
vn 0.0347 0.7061 -0.7072
vn -0.1039 0.7061 -0.7004
vn -0.2386 0.7061 -0.6667
vn -0.364 0.7061 -0.6073
vn -0.4755 0.7061 -0.5247
vn -0.5687 0.7061 -0.4218
vn -0.6401 0.7061 -0.3027
vn -0.6869 0.7061 -0.172
vn -0.7072 0.7061 -0.0347
vn -0.7004 0.7061 0.1039
vn -0.6667 0.7061 0.2385
vn -0.6073 0.7061 0.364
vn -0.5247 0.7061 0.4755
vn -0.4218 0.7061 0.5687
vn -0.3027 0.7061 0.6401
vn -0.172 0.7061 0.6869
vn -0.0347 0.7061 0.7072
vn 0.1039 0.7061 0.7004
vn 0.2386 0.7061 0.6667
vn 0.364 0.7061 0.6073
vn 0.4755 0.7061 0.5247
vn 0.5687 0.7061 0.4218
vn 0.6401 0.7061 0.3028
vn 0.6869 0.7061 0.172
vn 0.7072 0.7061 0.0347
vn 0.836 0.46 -0.2991
vn 0.8783 0.46 -0.1303
vn 0.9875 -0.0588 -0.1465
vn 0.9399 -0.0588 -0.3363
vn 0.7616 0.46 -0.4565
vn 0.8562 -0.0588 -0.5132
vn 0.6579 0.46 -0.5963
vn 0.7397 -0.0588 -0.6704
vn 0.5289 0.46 -0.7132
vn 0.5947 -0.0588 -0.8018
vn 0.3796 0.46 -0.8026
vn 0.4268 -0.0588 -0.9024
vn 0.2157 0.46 -0.8613
vn 0.2426 -0.0588 -0.9684
vn 0.0436 0.46 -0.8868
vn 0.049 -0.0588 -0.9971
vn -0.1303 0.46 -0.8783
vn -0.1465 -0.0588 -0.9875
vn -0.2991 0.46 -0.836
vn -0.3363 -0.0589 -0.9399
vn -0.4565 0.46 -0.7616
vn -0.5132 -0.0588 -0.8562
vn -0.5963 0.46 -0.6579
vn -0.6704 -0.0588 -0.7397
vn -0.7132 0.4601 -0.5289
vn -0.8018 -0.0588 -0.5947
vn -0.8026 0.46 -0.3796
vn -0.9024 -0.0588 -0.4268
vn -0.8613 0.46 -0.2157
vn -0.9684 -0.0588 -0.2426
vn -0.8868 0.46 -0.0436
vn -0.9971 -0.0588 -0.049
vn -0.8783 0.46 0.1303
vn -0.9875 -0.0588 0.1465
vn -0.836 0.46 0.2991
vn -0.9399 -0.0588 0.3363
vn -0.7616 0.4601 0.4565
vn -0.8562 -0.0588 0.5132
vn -0.6579 0.46 0.5963
vn -0.7397 -0.0588 0.6704
vn -0.5289 0.46 0.7132
vn -0.5947 -0.0588 0.8018
vn -0.3796 0.46 0.8026
vn -0.4268 -0.0588 0.9024
vn -0.2157 0.4601 0.8613
vn -0.2426 -0.0588 0.9684
vn -0.0436 0.4601 0.8868
vn -0.049 -0.0588 0.9971
vn 0.1303 0.4601 0.8783
vn 0.1465 -0.0588 0.9875
vn 0.2991 0.46 0.836
vn 0.3363 -0.0588 0.9399
vn 0.4565 0.4601 0.7616
vn 0.5132 -0.0588 0.8562
vn 0.5963 0.46 0.6579
vn 0.6704 -0.0588 0.7397
vn 0.7132 0.46 0.5289
vn 0.8018 -0.0588 0.5947
vn 0.8026 0.46 0.3796
vn 0.9024 -0.0588 0.4268
vn 0.8613 0.46 0.2157
vn 0.9684 -0.0588 0.2426
vn 0.8868 0.46 0.0436
vn 0.9971 -0.0588 0.049
vn 0.9717 -0.1874 -0.1441
vn 0.9249 -0.1874 -0.3309
vn 0.8425 -0.1874 -0.505
vn 0.7278 -0.1874 -0.6597
vn 0.5851 -0.1874 -0.789
vn 0.42 -0.1874 -0.888
vn 0.2387 -0.1874 -0.9529
vn 0.0482 -0.1874 -0.9811
vn -0.1441 -0.1874 -0.9717
vn -0.3309 -0.1874 -0.9249
vn -0.505 -0.1874 -0.8425
vn -0.6597 -0.1874 -0.7278
vn -0.789 -0.1874 -0.5851
vn -0.888 -0.1874 -0.42
vn -0.9529 -0.1874 -0.2387
vn -0.9811 -0.1874 -0.0482
vn -0.9717 -0.1874 0.1441
vn -0.9249 -0.1874 0.3309
vn -0.8425 -0.1874 0.505
vn -0.7278 -0.1874 0.6597
vn -0.5851 -0.1874 0.789
vn -0.42 -0.1874 0.888
vn -0.2387 -0.1874 0.9529
vn -0.0482 -0.1874 0.9811
vn 0.1441 -0.1874 0.9717
vn 0.3309 -0.1874 0.9249
vn 0.505 -0.1874 0.8425
vn 0.6597 -0.1874 0.7278
vn 0.789 -0.1874 0.5851
vn 0.888 -0.1874 0.42
vn 0.9529 -0.1874 0.2387
vn 0.9811 -0.1874 0.0482
vn 0.7214 0.6842 -0.107
vn 0.6866 0.6842 -0.2457
vn 0.3271 0.9377 -0.117
vn 0.3436 0.9377 -0.0509
vn 0.5906 0.7788 -0.2113
vn 0.6205 0.7788 -0.092
vn 0.6255 0.6842 -0.3749
vn 0.2979 0.9377 -0.1786
vn 0.5381 0.7788 -0.3225
vn 0.5404 0.6842 -0.4897
vn 0.2574 0.9377 -0.2333
vn 0.4648 0.7788 -0.4213
vn 0.4344 0.6842 -0.5857
vn 0.2069 0.9377 -0.279
vn 0.3737 0.7788 -0.5039
vn 0.3118 0.6842 -0.6592
vn 0.1485 0.9377 -0.314
vn 0.2682 0.7788 -0.5671
vn 0.1772 0.6842 -0.7074
vn 0.0844 0.9377 -0.337
vn 0.1524 0.7788 -0.6085
vn 0.0358 0.6842 -0.7284
vn 0.017 0.9377 -0.3469
vn 0.0308 0.7788 -0.6265
vn -0.107 0.6842 -0.7214
vn -0.051 0.9377 -0.3436
vn -0.092 0.7788 -0.6205
vn -0.2457 0.6842 -0.6866
vn -0.117 0.9377 -0.3271
vn -0.2113 0.7788 -0.5906
vn -0.3749 0.6842 -0.6255
vn -0.1786 0.9377 -0.2979
vn -0.3225 0.7788 -0.5381
vn -0.4897 0.6842 -0.5403
vn -0.2333 0.9377 -0.2574
vn -0.4213 0.7788 -0.4648
vn -0.5857 0.6842 -0.4344
vn -0.279 0.9377 -0.2069
vn -0.5039 0.7788 -0.3737
vn -0.6592 0.6842 -0.3118
vn -0.314 0.9377 -0.1485
vn -0.5671 0.7788 -0.2682
vn -0.7074 0.6842 -0.1772
vn -0.337 0.9377 -0.0844
vn -0.6085 0.7788 -0.1524
vn -0.7284 0.6842 -0.0358
vn -0.3469 0.9377 -0.017
vn -0.6265 0.7788 -0.0308
vn -0.7214 0.6842 0.107
vn -0.3436 0.9377 0.051
vn -0.6205 0.7788 0.092
vn -0.6866 0.6842 0.2457
vn -0.3271 0.9377 0.117
vn -0.5906 0.7788 0.2113
vn -0.6255 0.6842 0.3749
vn -0.2979 0.9377 0.1786
vn -0.5381 0.7788 0.3225
vn -0.5403 0.6842 0.4897
vn -0.2574 0.9377 0.2333
vn -0.4648 0.7788 0.4213
vn -0.4344 0.6842 0.5857
vn -0.2069 0.9377 0.279
vn -0.3737 0.7788 0.5039
vn -0.3118 0.6842 0.6592
vn -0.1485 0.9377 0.314
vn -0.2682 0.7788 0.5671
vn -0.1772 0.6842 0.7074
vn -0.0844 0.9377 0.337
vn -0.1524 0.7788 0.6085
vn -0.0358 0.6842 0.7284
vn -0.017 0.9377 0.3469
vn -0.0308 0.7788 0.6265
vn 0.107 0.6842 0.7214
vn 0.051 0.9377 0.3436
vn 0.092 0.7788 0.6205
vn 0.2457 0.6842 0.6866
vn 0.117 0.9377 0.327
vn 0.2113 0.7788 0.5906
vn 0.3749 0.6842 0.6255
vn 0.1786 0.9377 0.2979
vn 0.3225 0.7788 0.5381
vn 0.4897 0.6842 0.5403
vn 0.2333 0.9377 0.2574
vn 0.4213 0.7788 0.4648
vn 0.5857 0.6842 0.4344
vn 0.279 0.9377 0.2069
vn 0.5039 0.7788 0.3737
vn 0.6592 0.6842 0.3118
vn 0.314 0.9377 0.1485
vn 0.5671 0.7788 0.2682
vn 0.7074 0.6842 0.1772
vn 0.337 0.9377 0.0844
vn 0.6085 0.7788 0.1524
vn 0.7284 0.6842 0.0358
vn 0.347 0.9377 0.017
vn 0.6265 0.7788 0.0308
vn 0.8098 0.5743 -0.1201
vn 0.7708 0.5743 -0.2758
vn 0.7022 0.5743 -0.4209
vn 0.6066 0.5743 -0.5498
vn 0.4877 0.5743 -0.6575
vn 0.35 0.5743 -0.74
vn 0.1989 0.5743 -0.7941
vn 0.0402 0.5743 -0.8177
vn -0.1201 0.5743 -0.8098
vn -0.2758 0.5743 -0.7708
vn -0.4209 0.5743 -0.7022
vn -0.5498 0.5743 -0.6066
vn -0.6575 0.5743 -0.4877
vn -0.74 0.5743 -0.35
vn -0.7941 0.5743 -0.1989
vn -0.8177 0.5743 -0.0402
vn -0.8098 0.5743 0.1201
vn -0.7708 0.5743 0.2758
vn -0.7022 0.5743 0.4209
vn -0.6066 0.5743 0.5498
vn -0.4877 0.5743 0.6575
vn -0.35 0.5743 0.74
vn -0.1989 0.5743 0.7941
vn -0.0402 0.5743 0.8177
vn 0.1201 0.5743 0.8098
vn 0.2758 0.5743 0.7708
vn 0.4209 0.5743 0.7022
vn 0.5498 0.5743 0.6066
vn 0.6575 0.5743 0.4877
vn 0.74 0.5743 0.35
vn 0.7941 0.5743 0.1989
vn 0.8177 0.5743 0.0402
vn 0.9197 0.2142 -0.3291
vn 0.9385 0.0804 -0.3358
vn 0.9662 0.2142 -0.1433
vn 0.986 0.0804 -0.1463
vn 0.9408 0.0387 -0.3366
vn 0.9884 0.0387 -0.1466
vn 0.8378 0.2142 -0.5022
vn 0.8549 0.0805 -0.5124
vn 0.8571 0.0387 -0.5137
vn 0.7237 0.2142 -0.656
vn 0.7385 0.0805 -0.6694
vn 0.7404 0.0387 -0.6711
vn 0.5819 0.2142 -0.7846
vn 0.5938 0.0805 -0.8006
vn 0.5953 0.0387 -0.8026
vn 0.4176 0.2142 -0.883
vn 0.4262 0.0804 -0.9011
vn 0.4272 0.0387 -0.9033
vn 0.2373 0.2142 -0.9475
vn 0.2422 0.0804 -0.9669
vn 0.2428 0.0387 -0.9693
vn 0.0479 0.2142 -0.9756
vn 0.0489 0.0804 -0.9956
vn 0.049 0.0387 -0.998
vn -0.1433 0.2142 -0.9662
vn -0.1463 0.0804 -0.986
vn -0.1466 0.0387 -0.9884
vn -0.3291 0.2142 -0.9197
vn -0.3358 0.0805 -0.9385
vn -0.3366 0.0387 -0.9408
vn -0.5022 0.2142 -0.8378
vn -0.5124 0.0804 -0.8549
vn -0.5137 0.0387 -0.8571
vn -0.656 0.2142 -0.7237
vn -0.6694 0.0804 -0.7386
vn -0.6711 0.0387 -0.7404
vn -0.7846 0.2142 -0.5819
vn -0.8006 0.0805 -0.5938
vn -0.8026 0.0387 -0.5953
vn -0.883 0.2142 -0.4176
vn -0.9011 0.0804 -0.4262
vn -0.9033 0.0387 -0.4272
vn -0.9475 0.2142 -0.2373
vn -0.9669 0.0804 -0.2422
vn -0.9693 0.0387 -0.2428
vn -0.9756 0.2142 -0.0479
vn -0.9956 0.0804 -0.0489
vn -0.998 0.0387 -0.049
vn -0.9662 0.2142 0.1433
vn -0.986 0.0804 0.1463
vn -0.9884 0.0387 0.1466
vn -0.9197 0.2142 0.3291
vn -0.9385 0.0804 0.3358
vn -0.9408 0.0387 0.3366
vn -0.8378 0.2142 0.5022
vn -0.8549 0.0805 0.5124
vn -0.8571 0.0387 0.5137
vn -0.7238 0.2142 0.656
vn -0.7386 0.0804 0.6694
vn -0.7404 0.0387 0.6711
vn -0.5819 0.2142 0.7846
vn -0.5938 0.0805 0.8006
vn -0.5953 0.0387 0.8026
vn -0.4176 0.2142 0.883
vn -0.4262 0.0804 0.9011
vn -0.4272 0.0387 0.9033
vn -0.2373 0.2142 0.9475
vn -0.2422 0.0804 0.9669
vn -0.2428 0.0387 0.9693
vn -0.0479 0.2142 0.9756
vn -0.0489 0.0804 0.9956
vn -0.049 0.0387 0.998
vn 0.1433 0.2142 0.9662
vn 0.1463 0.0805 0.986
vn 0.1466 0.0387 0.9884
vn 0.3291 0.2142 0.9197
vn 0.3358 0.0804 0.9385
vn 0.3366 0.0387 0.9408
vn 0.5022 0.2142 0.8378
vn 0.5124 0.0804 0.8549
vn 0.5137 0.0387 0.8571
vn 0.656 0.2142 0.7237
vn 0.6694 0.0804 0.7386
vn 0.6711 0.0387 0.7404
vn 0.7846 0.2142 0.5819
vn 0.8006 0.0804 0.5938
vn 0.8026 0.0387 0.5953
vn 0.883 0.2142 0.4176
vn 0.9011 0.0804 0.4262
vn 0.9033 0.0387 0.4272
vn 0.9475 0.2142 0.2373
vn 0.9669 0.0805 0.2422
vn 0.9693 0.0387 0.2428
vn 0.9756 0.2142 0.0479
vn 0.9956 0.0804 0.0489
vn 0.998 0.0387 0.049
vn 0.1084 -0.9934 -0.0386
vn 0.1138 -0.9934 -0.0169
vn 0.5935 -0.7763 -0.2123
vn 0.6235 -0.7763 -0.0925
vn 0.0988 -0.9934 -0.059
vn 0.5406 -0.7763 -0.324
vn 0.0854 -0.9934 -0.0771
vn 0.467 -0.7763 -0.4233
vn 0.0687 -0.9934 -0.0923
vn 0.3755 -0.7763 -0.5063
vn 0.0494 -0.9934 -0.1039
vn 0.2695 -0.7763 -0.5698
vn 0.0282 -0.9934 -0.1116
vn 0.1532 -0.7764 -0.6114
vn 0.0059 -0.9934 -0.115
vn 0.0309 -0.7763 -0.6295
vn -0.0167 -0.9934 -0.1139
vn -0.0925 -0.7763 -0.6235
vn -0.0386 -0.9934 -0.1085
vn -0.2123 -0.7763 -0.5935
vn -0.059 -0.9934 -0.0988
vn -0.324 -0.7763 -0.5406
vn -0.0771 -0.9934 -0.0854
vn -0.4233 -0.7763 -0.467
vn -0.0923 -0.9934 -0.0687
vn -0.5063 -0.7763 -0.3755
vn -0.1039 -0.9934 -0.0494
vn -0.5698 -0.7763 -0.2695
vn -0.1116 -0.9934 -0.0282
vn -0.6114 -0.7763 -0.1532
vn -0.115 -0.9934 -0.0059
vn -0.6295 -0.7763 -0.0309
vn -0.1139 -0.9934 0.0167
vn -0.6235 -0.7763 0.0925
vn -0.1084 -0.9934 0.0386
vn -0.5935 -0.7763 0.2123
vn -0.0988 -0.9934 0.059
vn -0.5406 -0.7763 0.324
vn -0.0854 -0.9934 0.0771
vn -0.467 -0.7763 0.4233
vn -0.0687 -0.9934 0.0923
vn -0.3755 -0.7763 0.5063
vn -0.0494 -0.9934 0.104
vn -0.2695 -0.7763 0.5698
vn -0.0282 -0.9934 0.1116
vn -0.1532 -0.7763 0.6114
vn -0.0059 -0.9934 0.115
vn -0.0309 -0.7763 0.6295
vn 0.0167 -0.9934 0.1139
vn 0.0925 -0.7763 0.6235
vn 0.0386 -0.9934 0.1084
vn 0.2123 -0.7763 0.5935
vn 0.059 -0.9934 0.0988
vn 0.324 -0.7763 0.5406
vn 0.0771 -0.9934 0.0854
vn 0.4233 -0.7763 0.467
vn 0.0923 -0.9934 0.0687
vn 0.5063 -0.7763 0.3755
vn 0.1039 -0.9934 0.0494
vn 0.5698 -0.7763 0.2695
vn 0.1116 -0.9934 0.0282
vn 0.6114 -0.7763 0.1532
vn 0.1149 -0.9934 0.0059
vn 0.6296 -0.7763 0.0309
vn 0.5571 -0.8062 -0.1993
vn 0.5853 -0.8061 -0.0868
vn 0.1388 -0.9901 -0.0206
vn 0.1321 -0.9901 -0.0473
vn 0.5075 -0.8062 -0.3042
vn 0.1204 -0.9901 -0.0722
vn 0.4384 -0.8061 -0.3974
vn 0.104 -0.9901 -0.0943
vn 0.3525 -0.8062 -0.4753
vn 0.0836 -0.9901 -0.1127
vn 0.253 -0.8062 -0.5349
vn 0.06 -0.9901 -0.1269
vn 0.1438 -0.8061 -0.574
vn 0.0342 -0.9901 -0.1361
vn 0.029 -0.8061 -0.591
vn 0.0069 -0.9901 -0.1402
vn -0.0868 -0.8061 -0.5853
vn -0.0206 -0.9901 -0.1388
vn -0.1993 -0.8062 -0.5571
vn -0.0473 -0.9901 -0.1321
vn -0.3042 -0.8061 -0.5075
vn -0.0722 -0.9901 -0.1203
vn -0.3974 -0.8061 -0.4384
vn -0.0943 -0.9901 -0.104
vn -0.4753 -0.8062 -0.3525
vn -0.1127 -0.9901 -0.0836
vn -0.5349 -0.8062 -0.253
vn -0.1269 -0.9901 -0.06
vn -0.574 -0.8062 -0.1438
vn -0.1361 -0.9901 -0.0342
vn -0.591 -0.8061 -0.029
vn -0.1402 -0.9901 -0.0069
vn -0.5853 -0.8061 0.0868
vn -0.1388 -0.9901 0.0205
vn -0.5571 -0.8062 0.1993
vn -0.1321 -0.9901 0.0473
vn -0.5075 -0.8062 0.3042
vn -0.1204 -0.9901 0.0721
vn -0.4384 -0.8061 0.3974
vn -0.104 -0.9901 0.0943
vn -0.3525 -0.8062 0.4753
vn -0.0836 -0.9901 0.1127
vn -0.253 -0.8062 0.5349
vn -0.06 -0.9901 0.1268
vn -0.1438 -0.8061 0.574
vn -0.0341 -0.9901 0.1361
vn -0.029 -0.8062 0.591
vn -0.0069 -0.9901 0.1402
vn 0.0868 -0.8062 0.5853
vn 0.0206 -0.9901 0.1388
vn 0.1993 -0.8062 0.5571
vn 0.0473 -0.9901 0.1321
vn 0.3042 -0.8061 0.5075
vn 0.0722 -0.9901 0.1204
vn 0.3974 -0.8061 0.4384
vn 0.0943 -0.9901 0.104
vn 0.4753 -0.8061 0.3525
vn 0.1127 -0.9901 0.0836
vn 0.5349 -0.8061 0.253
vn 0.1269 -0.9901 0.06
vn 0.574 -0.8061 0.1438
vn 0.1361 -0.9901 0.034
vn 0.591 -0.8061 0.029
vn 0.1402 -0.9901 0.0069
vn 0.0313 -0.9994 -0.0112
vn 0.0329 -0.9994 -0.0049
vn 0.5461 -0.8338 -0.081
vn 0.5198 -0.8338 -0.186
vn 0.0285 -0.9994 -0.0171
vn 0.4735 -0.8338 -0.2838
vn 0.0247 -0.9994 -0.0224
vn 0.409 -0.8338 -0.3707
vn 0.0198 -0.9994 -0.0267
vn 0.3289 -0.8338 -0.4434
vn 0.0142 -0.9994 -0.0301
vn 0.236 -0.8338 -0.499
vn 0.0081 -0.9994 -0.0323
vn 0.1341 -0.8338 -0.5355
vn 0.0016 -0.9994 -0.0332
vn 0.0271 -0.8338 -0.5514
vn -0.0049 -0.9994 -0.0329
vn -0.081 -0.8338 -0.5461
vn -0.0112 -0.9994 -0.0313
vn -0.186 -0.8338 -0.5198
vn -0.0171 -0.9994 -0.0285
vn -0.2838 -0.8338 -0.4735
vn -0.0223 -0.9994 -0.0247
vn -0.3707 -0.8338 -0.409
vn -0.0267 -0.9994 -0.0198
vn -0.4434 -0.8338 -0.3289
vn -0.0301 -0.9994 -0.0142
vn -0.499 -0.8338 -0.236
vn -0.0323 -0.9994 -0.0081
vn -0.5355 -0.8338 -0.1341
vn -0.0332 -0.9994 -0.0016
vn -0.5514 -0.8338 -0.0271
vn -0.0329 -0.9994 0.0049
vn -0.5461 -0.8338 0.081
vn -0.0313 -0.9994 0.0112
vn -0.5198 -0.8338 0.186
vn -0.0285 -0.9994 0.0171
vn -0.4735 -0.8338 0.2838
vn -0.0247 -0.9994 0.0224
vn -0.409 -0.8338 0.3707
vn -0.0198 -0.9994 0.0267
vn -0.3289 -0.8338 0.4434
vn -0.0142 -0.9994 0.0301
vn -0.236 -0.8338 0.499
vn -0.0081 -0.9994 0.0323
vn -0.1341 -0.8338 0.5355
vn -0.0016 -0.9994 0.0332
vn -0.0271 -0.8338 0.5514
vn 0.0049 -0.9994 0.0329
vn 0.081 -0.8338 0.5461
vn 0.0112 -0.9994 0.0313
vn 0.186 -0.8338 0.5198
vn 0.0171 -0.9994 0.0285
vn 0.2838 -0.8338 0.4735
vn 0.0223 -0.9994 0.0247
vn 0.3707 -0.8338 0.409
vn 0.0267 -0.9994 0.0198
vn 0.4434 -0.8338 0.3288
vn 0.0301 -0.9994 0.0142
vn 0.499 -0.8338 0.236
vn 0.0323 -0.9994 0.0081
vn 0.5355 -0.8338 0.1341
vn 0.0332 -0.9994 0.0016
vn 0.5514 -0.8338 0.0271
vn 0.473 -0.8647 -0.1692
vn 0.4969 -0.8647 -0.0737
vn 0.0536 -0.9985 -0.008
vn 0.051 -0.9985 -0.0183
vn 0.4309 -0.8647 -0.2583
vn 0.0465 -0.9985 -0.0279
vn 0.3722 -0.8647 -0.3374
vn 0.0402 -0.9985 -0.0363
vn 0.2993 -0.8646 -0.4035
vn 0.0323 -0.9985 -0.0435
vn 0.2148 -0.8647 -0.4541
vn 0.0232 -0.9985 -0.049
vn 0.1221 -0.8647 -0.4873
vn 0.0131 -0.9985 -0.0525
vn 0.0247 -0.8647 -0.5018
vn 0.0026 -0.9985 -0.0541
vn 0.1307 -0.0012 -0.9914
vn 0.0808 -0.0024 -0.9967
vn 0.0093 0.0024 -1
vn -0.0737 -0.8647 -0.4969
vn -0.008 -0.9985 -0.0536
vn -0.0326 -0.0059 -0.9995
vn -0.2284 -0.007 -0.9736
vn -0.0793 -0.002 -0.9968
vn -0.2297 -0.0002 -0.9733
vn -0.1692 -0.8647 -0.473
vn -0.0183 -0.9985 -0.051
vn -0.2583 -0.8647 -0.4309
vn -0.0279 -0.9985 -0.0465
vn -0.3374 -0.8647 -0.3722
vn -0.0364 -0.9985 -0.0401
vn -0.4035 -0.8647 -0.2993
vn -0.0435 -0.9985 -0.0323
vn -0.4541 -0.8647 -0.2148
vn -0.0489 -0.9985 -0.0233
vn -0.4873 -0.8646 -0.1221
vn -0.0526 -0.9985 -0.0131
vn -0.5018 -0.8646 -0.0247
vn -0.0541 -0.9985 -0.0027
vn -0.4969 -0.8647 0.0737
vn -0.0536 -0.9985 0.008
vn -0.473 -0.8647 0.1692
vn -0.051 -0.9985 0.0183
vn -0.4309 -0.8647 0.2583
vn -0.0464 -0.9985 0.028
vn -0.3722 -0.8647 0.3374
vn -0.0401 -0.9985 0.0364
vn -0.2993 -0.8646 0.4035
vn -0.0322 -0.9985 0.0436
vn -0.2148 -0.8646 0.4541
vn -0.0232 -0.9985 0.049
vn -0.1221 -0.8646 0.4873
vn -0.0132 -0.9985 0.0526
vn -0.0247 -0.8646 0.5018
vn -0.0026 -0.9985 0.0541
vn -0.2902 -0.001 0.957
vn -0.0515 -0.0044 0.9987
vn -0.0847 0.0018 0.9964
vn 0.0016 0.0015 1
vn 0.0737 -0.8647 0.4969
vn 0.008 -0.9985 0.0536
vn 0.0593 -0.0002 0.9982
vn 0.1692 -0.8647 0.473
vn 0.0183 -0.9985 0.051
vn 0.2583 -0.8646 0.4309
vn 0.0279 -0.9985 0.0465
vn 0.3374 -0.8646 0.3722
vn 0.0364 -0.9985 0.0401
vn 0.4035 -0.8646 0.2993
vn 0.0435 -0.9985 0.0323
vn 0.4541 -0.8647 0.2148
vn 0.049 -0.9985 0.0232
vn 0.4873 -0.8647 0.1221
vn 0.0526 -0.9985 0.0132
vn 0.5018 -0.8647 0.0246
vn 0.0541 -0.9985 0.0026
vn 0.2518 -0.001 -0.9678
vn 0.2222 -0.0017 -0.975
vn -0.1203 0.0014 -0.9927
vn -0.1654 0.0001 0.9862
vn 0.1997 -0.0035 0.9798
vn 0.117 0.0013 0.9931
vn 0.0953 0.9949 -0.0341
vn 0.1002 0.9949 -0.0148
vn 0.7256 0.6372 -0.2596
vn 0.7624 0.6372 -0.1131
vn -0.0601 0.998 0.0215
vn -0.0631 0.998 0.0094
vn 0.0869 0.9949 -0.0521
vn 0.661 0.6372 -0.3962
vn -0.0547 0.998 0.0328
vn 0.075 0.9949 -0.068
vn 0.571 0.6372 -0.5176
vn -0.0473 0.998 0.0428
vn 0.0604 0.9949 -0.0813
vn 0.4591 0.6372 -0.619
vn -0.038 0.998 0.0512
vn 0.0433 0.9949 -0.0916
vn 0.3295 0.6372 -0.6967
vn -0.0273 0.998 0.0577
vn 0.0129 0.9956 -0.0932
vn 0.2104 0.6372 -0.7414
vn -0.0311 0.9979 0.0565
vn -0.0168 0.9954 -0.094
vn 0.1272 0.6366 -0.7606
vn -0.0455 0.9977 0.0509
vn -0.002 0.9966 -0.0826
vn 0.0346 0.996 -0.0829
vn -0.162 0.6862 -0.7091
vn -0.0873 0.6857 -0.7227
vn 0.0301 0.9983 0.0507
vn 0.0561 0.9974 0.0447
vn -0.0321 0.9961 -0.082
vn -0.2639 0.6856 -0.6784
vn 0.0206 0.9984 0.0528
vn -0.0459 0.996 -0.0765
vn -0.3742 0.6858 -0.6243
vn 0.0287 0.9984 0.0479
vn -0.0599 0.996 -0.0661
vn -0.4888 0.6858 -0.5393
vn 0.0375 0.9984 0.0414
vn -0.0717 0.996 -0.0532
vn -0.5846 0.6858 -0.4336
vn 0.0449 0.9984 0.0333
vn -0.0807 0.996 -0.0382
vn -0.6579 0.6858 -0.3112
vn 0.0505 0.9984 0.0239
vn -0.0866 0.996 -0.0217
vn -0.706 0.6858 -0.1768
vn 0.0542 0.9984 0.0136
vn -0.0891 0.996 -0.0044
vn -0.727 0.6858 -0.0357
vn 0.0558 0.9984 0.0028
vn -0.0883 0.996 0.0131
vn -0.72 0.6858 0.1068
vn 0.0553 0.9984 -0.0082
vn -0.084 0.996 0.0301
vn -0.6853 0.6858 0.2452
vn 0.0526 0.9984 -0.0188
vn -0.0765 0.996 0.0459
vn -0.6243 0.6858 0.3742
vn 0.0479 0.9984 -0.0287
vn -0.0661 0.996 0.0599
vn -0.5393 0.6858 0.4888
vn 0.0414 0.9984 -0.0375
vn -0.0532 0.996 0.0717
vn -0.4336 0.6858 0.5846
vn 0.0333 0.9984 -0.0449
vn -0.0382 0.996 0.0807
vn -0.3112 0.6858 0.6579
vn 0.0239 0.9984 -0.0505
vn -0.0114 0.9966 0.0821
vn -0.1986 0.6858 0.7002
vn 0.0273 0.9984 -0.0496
vn 0.0147 0.9965 0.0826
vn -0.1202 0.6852 0.7184
vn 0.0399 0.9982 -0.0445
vn 0.0022 0.9956 0.0937
vn -0.0393 0.9947 0.0945
vn 0.1716 0.6377 0.7509
vn 0.0924 0.6371 0.7652
vn -0.0344 0.9977 -0.0577
vn -0.0639 0.9966 -0.0512
vn 0.0363 0.995 0.0931
vn 0.2795 0.6371 0.7184
vn -0.0235 0.9979 -0.0603
vn 0.052 0.9949 0.0869
vn 0.3962 0.6372 0.661
vn -0.0328 0.998 -0.0547
vn 0.068 0.9949 0.0751
vn 0.5176 0.6372 0.571
vn -0.0429 0.998 -0.0472
vn 0.0813 0.9949 0.0604
vn 0.619 0.6372 0.4591
vn -0.0512 0.998 -0.038
vn 0.0916 0.9949 0.0433
vn 0.6967 0.6372 0.3295
vn -0.0577 0.998 -0.0272
vn 0.0983 0.9949 0.0246
vn 0.7476 0.6372 0.1873
vn -0.0619 0.998 -0.0155
vn 0.1012 0.9949 0.005
vn 0.7698 0.6372 0.0378
vn -0.0637 0.998 -0.0031
vn -0.3064 0.0031 0.9519
vn -0.2325 0.0012 0.9726
vn -0.1254 0.0313 0.9916
vn 0.0926 0.0258 0.9954
vn 0.2469 0.0049 0.969
vn 0.2537 0.0043 0.9673
vn 0.3065 0.0031 -0.9519
vn 0.2326 0.0011 -0.9726
vn 0.1258 0.0312 -0.9916
vn -0.0734 0.0404 -0.9965
vn -0.2468 0.005 -0.9691
vn -0.2155 0.0125 -0.9764
vn 0.5505 0.0092 0.8348
vn 0.5509 0 0.8346
vn 0.9867 0 0.1627
vn 0.9868 0.033 0.1585
vn 0.4686 0.4245 0.7747
vn 0.2116 0.7542 0.6217
vn 0.7579 0.6262 0.183
vn 0.192 0.9751 0.1105
vn 0.0012 0.8879 0.46
vn 0.0022 0.9967 0.0811
vn 0.0022 0.9996 0.0292
vn 0.2033 0.9786 0.0309
vn -0.2023 0.766 0.6102
vn -0.1778 0.9781 0.1082
vn -0.1884 0.9816 0.0295
vn -0.7301 0.6588 0.1814
vn -0.7567 0.6524 0.0415
vn -0.4598 0.448 0.7667
vn -0.4598 0.448 -0.7667
vn -0.2023 0.766 -0.6102
vn -0.733 0.6555 -0.1815
vn -0.1778 0.9781 -0.1083
vn -0.5509 0 -0.8346
vn -0.9867 0 -0.1627
vn -0.9868 0.0329 -0.1584
vn -0.5506 0.0095 -0.8347
vn 0.0012 0.8879 -0.46
vn 0.0022 0.9967 -0.0811
vn 0.0022 0.9996 -0.0292
vn -0.1882 0.9816 -0.0308
vn 0.2115 0.7541 -0.6217
vn 0.192 0.9751 -0.1106
vn 0.2035 0.9786 -0.0296
vn 0.7579 0.6262 -0.183
vn 0.7813 0.6228 -0.0417
vn 0.4686 0.4245 -0.7748
vn 0 -1 0
vn -0.0491 0 0.9988
vn 0.1467 0 0.9892
vn -0.243 0 0.97
vn -0.4276 0 0.904
vn -0.5957 0 0.8032
vn -0.741 0 0.6716
vn -0.8577 0 0.5141
vn -0.9415 0 0.3369
vn -0.9892 0 0.1467
vn -0.9988 0 -0.0491
vn -0.97 0 -0.243
vn -0.904 0 -0.4276
vn -0.8032 0 -0.5957
vn -0.6716 0 -0.741
vn -0.5141 0 -0.8577
vn -0.3369 0 -0.9415
vn -0.1467 0 -0.9892
vn 0.0491 0 -0.9988
vn 0.243 0 -0.97
vn 0.4276 0 -0.904
vn 0.5957 0 -0.8032
vn 0.741 0 -0.6716
vn 0.8577 0 -0.5141
vn 0.9415 0 -0.3369
vn 0.9892 0 -0.1467
vn 0.9988 0 0.0491
vn 0.97 0 0.243
vn 0.904 0 0.4276
vn 0.8032 0 0.5957
vn 0.6716 0 0.741
vn 0.5141 0 0.8577
vn 0.3369 0 0.9415
vn 0.4677 0.4153 0.7803
vn 0.6109 0.4153 0.674
vn 0.3065 0.4153 0.8565
vn 0.1335 0.4153 0.8998
vn -0.0446 0.4153 0.9086
vn -0.221 0.4153 0.8824
vn -0.3889 0.4153 0.8224
vn -0.5419 0.4153 0.7307
vn -0.674 0.4153 0.6109
vn -0.7803 0.4153 0.4677
vn -0.8565 0.4153 0.3065
vn -0.8998 0.4153 0.1335
vn -0.9086 0.4153 -0.0446
vn -0.8824 0.4153 -0.221
vn -0.8224 0.4153 -0.3889
vn -0.7307 0.4153 -0.5419
vn -0.6109 0.4153 -0.674
vn -0.4677 0.4153 -0.7803
vn -0.3065 0.4153 -0.8565
vn -0.1335 0.4153 -0.8998
vn 0.0446 0.4153 -0.9086
vn 0.221 0.4153 -0.8824
vn 0.3889 0.4153 -0.8224
vn 0.5419 0.4153 -0.7307
vn 0.674 0.4153 -0.6109
vn 0.7803 0.4153 -0.4677
vn 0.8565 0.4153 -0.3065
vn 0.8998 0.4153 -0.1335
vn 0.9086 0.4153 0.0446
vn 0.8824 0.4153 0.221
vn 0.8224 0.4153 0.3889
vn 0.7307 0.4153 0.5419
vn 0.1467 0 0.9892
vn 0.3369 0 0.9415
vn -0.243 0 0.97
vn -0.5957 0 0.8032
vn -0.8577 0 0.5141
vn -0.9892 0 0.1467
vn -0.9988 0 -0.0491
vn -0.904 0 -0.4276
vn -0.8032 0 -0.5957
vn -0.5141 0 -0.8577
vn -0.3369 0 -0.9415
vn 0.0491 0 -0.9988
vn 0.4276 0 -0.904
vn 0.5957 0 -0.8032
vn 0.741 0 -0.6716
vn 0.9415 0 -0.3369
vn 0.9988 0 0.0491
vn 0.97 0 0.243
vn 0.904 0 0.4276
vn 0.8032 0 0.5957
vn 0.5957 0 0.8032
vn 0.4276 0 0.904
vn 0.2273 -0.002 0.9738
vn 0.1158 0.0012 0.9933
vn -0.5509 0 0.8346
vn -0.5509 0.0095 0.8345
vn -0.9868 0.0329 0.1584
vn -0.9867 0 0.1627
vn -0.2559 0.004 -0.9667
vn -0.2497 0.0045 -0.9683
vn -0.3016 0 0.9534
vn -0.235 0 0.972
vn -0.9985 0 -0.0542
vn -0.998 0.0339 -0.0533
vn 0.4687 0 -0.8834
vn 0.4766 0 -0.8791
vn 0.8577 0 -0.5141
vn 0.904 0 0.4276
vn 0.5141 0 0.8577
vn 0.3492 -0.0013 0.9371
vn 0.3492 -0.0013 0.937
vn -0.1651 0 0.9863
vn -0.2843 0 0.9587
vn -0.741 0 0.6716
vn -0.9415 0 0.3369
vn -0.4035 0 -0.915
vn -0.3835 -0.0016 -0.9236
vn -0.1931 0 -0.9812
vn -0.12 0 -0.9928
vn 0.5509 0 -0.8346
vn 0.5509 0.0092 -0.8345
vn 0.9868 0.033 -0.1585
vn 0.9867 0 -0.1627
vn 0.2559 0.0039 0.9667
vn 0.2497 0.0045 0.9683
vn 0.235 0 -0.972
vn 0.3016 0 -0.9534
vn 0.9985 0 0.0542
vn 0.998 0.034 0.0532
vn 0.7028 0.7058 -0.0893
vn 0.1566 0.7985 0.5813
vn 0.1385 0.7985 0.5858
vn 0.2187 0.799 0.5602
vn 0.3091 0.7991 0.5157
vn 0.4038 0.7991 0.4455
vn 0.4829 0.7991 0.3581
vn 0.5435 0.7991 0.2571
vn 0.5832 0.7991 0.1461
vn 0.6005 0.7991 0.0295
vn 0.5947 0.7991 -0.0882
vn 0.5661 0.7991 -0.2025
vn 0.5157 0.7991 -0.3091
vn 0.4455 0.7991 -0.4038
vn 0.3581 0.7991 -0.4829
vn 0.2571 0.7991 -0.5435
vn 0.1806 0.7983 -0.5745
vn 0.1413 0.7984 -0.5853
vn 0.7077 0.7038 0.0623
vn 0.7028 0.7058 0.0893
vn -0.747 0.6581 0.0939
vn -0.1695 0.7585 -0.6293
vn -0.1499 0.7586 -0.6341
vn -0.2368 0.759 -0.6065
vn -0.3346 0.7592 -0.5583
vn -0.4371 0.7592 -0.4823
vn -0.5228 0.7592 -0.3877
vn -0.5884 0.7592 -0.2783
vn -0.6314 0.7592 -0.1582
vn -0.6501 0.7592 -0.0319
vn -0.6438 0.7592 0.0955
vn -0.6128 0.7592 0.2193
vn -0.5583 0.7592 0.3346
vn -0.4823 0.7592 0.4371
vn -0.3877 0.7592 0.5228
vn -0.2783 0.7592 0.5884
vn -0.1954 0.7583 0.6219
vn -0.153 0.7584 0.6336
vn -0.747 0.6581 -0.0939
vn -0.7517 0.6561 -0.067
vn 0.7077 0.7038 -0.0623
vn 0.891 0.0071 0.4539
vn 0.998 0.034 -0.0531
vn 0.8909 0 0.4542
vn 0.9985 0 -0.0542
vn 0.771 0.4781 0.4207
vn 0.3171 0.8886 0.3315
vn 0.002 0.9674 0.2531
vn -0.3016 0.8972 0.3228
vn -0.7567 0.6525 -0.0415
vn -0.7574 0.5045 0.4146
vn -0.8909 0 0.4542
vn -0.8909 0.0075 0.4542
vn -0.7517 0.6561 0.067
vn -0.891 0.0075 -0.4539
vn -0.998 0.0339 0.0533
vn -0.8909 0 -0.4543
vn -0.9985 0 0.0542
vn -0.7574 0.5045 -0.4146
vn -0.3016 0.8972 -0.3227
vn 0.002 0.9674 -0.2531
vn 0.3171 0.8886 -0.3315
vn 0.7813 0.6228 0.0417
vn 0.771 0.4781 -0.4207
vn 0.8909 0 -0.4542
vn 0.8909 0.0071 -0.4542
vn -0.0548 0.0374 0.9978
vn -0.8577 0 0.5141
vn -0.9415 0 0.3369
vn -0.9988 0 -0.0491
vn -0.3497 0.0018 -0.9369
vn -0.3497 0.0018 -0.9369
vn -0.0382 0.0358 -0.9986
vn 0.0226 0.0346 -0.9991
vn 0.4276 0 -0.904
vn 0.5957 0 -0.8032
vn 0.9415 0 -0.3369
vn 0.9988 0 0.0491
vn 0.97 0 0.243
vn 0.904 0 0.4276
vn 0.3497 0.0018 0.9369
vn 0.3497 0.0018 0.9369
vn 0.1107 0.0226 0.9936
vn -0.0285 0.0335 0.999
vn 0.0613 0.0496 0.9969
vn -0.0491 -0.0021 -0.9988
vn 0.1651 0.0004 -0.9863
vn 0.1651 0 -0.9863
vn 0.2397 0 -0.9709
vn 0 1 0
vn 0 1 0
vn 0 1 0
vn 0 1 0
vn 0 1 0
vt 0.9083 0.6705
vt 0.9082 0.6894
vt 0.9051 0.6891
vt 0.9051 0.6709
vt 0.9046 0.652
vt 0.9015 0.653
vt 0.8974 0.6346
vt 0.8946 0.6361
vt 0.8869 0.6189
vt 0.8845 0.6209
vt 0.8736 0.6055
vt 0.8716 0.608
vt 0.8579 0.595
vt 0.8564 0.5978
vt 0.8405 0.5878
vt 0.8396 0.5908
vt 0.822 0.5841
vt 0.8217 0.5872
vt 0.8031 0.584
vt 0.8034 0.5872
vt 0.7846 0.5877
vt 0.7855 0.5908
vt 0.7672 0.5949
vt 0.7687 0.5977
vt 0.7515 0.6054
vt 0.7535 0.6078
vt 0.7381 0.6187
vt 0.7406 0.6207
vt 0.7276 0.6344
vt 0.7304 0.6359
vt 0.7203 0.6518
vt 0.7234 0.6527
vt 0.7166 0.6703
vt 0.7198 0.6706
vt 0.7166 0.6892
vt 0.7198 0.6889
vt 0.7203 0.7077
vt 0.7233 0.7068
vt 0.7275 0.7251
vt 0.7303 0.7236
vt 0.7379 0.7408
vt 0.7404 0.7388
vt 0.7513 0.7542
vt 0.7533 0.7517
vt 0.7669 0.7647
vt 0.7685 0.7619
vt 0.7844 0.772
vt 0.7853 0.7689
vt 0.8029 0.7757
vt 0.8032 0.7725
vt 0.8218 0.7757
vt 0.8214 0.7725
vt 0.8403 0.772
vt 0.8393 0.769
vt 0.8577 0.7648
vt 0.8562 0.762
vt 0.8734 0.7544
vt 0.8714 0.7519
vt 0.8868 0.741
vt 0.8843 0.739
vt 0.8973 0.7254
vt 0.8945 0.7238
vt 0.9045 0.7079
vt 0.9015 0.707
vt 0.7588 0.1325
vt 0.7295 0.126
vt 0.7305 0.1209
vt 0.7599 0.1273
vt 0.7568 0.1418
vt 0.7277 0.1354
vt 0.7879 0.1396
vt 0.7891 0.1345
vt 0.7858 0.1488
vt 0.8168 0.1473
vt 0.8181 0.1422
vt 0.8146 0.1565
vt 0.8455 0.1555
vt 0.8468 0.1504
vt 0.8431 0.1647
vt 0.874 0.164
vt 0.8753 0.1588
vt 0.8715 0.1732
vt 0.9022 0.1726
vt 0.9036 0.1675
vt 0.8997 0.1819
vt 0.9302 0.1811
vt 0.9317 0.176
vt 0.9275 0.1903
vt 0.9581 0.1895
vt 0.9599 0.1845
vt 0.9546 0.1983
vt 0.0499 0.1721
vt 0.0218 0.18
vt 0.0485 0.167
vt 0.0201 0.1749
vt 0.0525 0.1815
vt 0.0251 0.1889
vt 0.0781 0.1642
vt 0.0768 0.159
vt 0.0804 0.1736
vt 0.1065 0.1562
vt 0.1052 0.151
vt 0.1087 0.1655
vt 0.1351 0.1482
vt 0.1339 0.1431
vt 0.1373 0.1575
vt 0.164 0.1406
vt 0.1628 0.1355
vt 0.166 0.1499
vt 0.193 0.1335
vt 0.1919 0.1284
vt 0.195 0.1428
vt 0.2223 0.127
vt 0.2213 0.1218
vt 0.2241 0.1363
vt 0.2517 0.1211
vt 0.2508 0.116
vt 0.2533 0.1305
vt 0.2813 0.116
vt 0.2805 0.1108
vt 0.2827 0.1254
vt 0.311 0.1115
vt 0.3103 0.1063
vt 0.3122 0.121
vt 0.3408 0.1078
vt 0.3402 0.1026
vt 0.3418 0.1173
vt 0.3707 0.1048
vt 0.3703 0.0996
vt 0.3715 0.1143
vt 0.4007 0.1026
vt 0.4004 0.0973
vt 0.4013 0.1121
vt 0.4307 0.1011
vt 0.4305 0.0958
vt 0.4311 0.1106
vt 0.4608 0.1003
vt 0.4607 0.095
vt 0.4609 0.1098
vt 0.4908 0.1002
vt 0.4909 0.0949
vt 0.4907 0.1097
vt 0.5209 0.1009
vt 0.5211 0.0956
vt 0.5206 0.1104
vt 0.5509 0.1023
vt 0.5512 0.097
vt 0.5504 0.1118
vt 0.5809 0.1044
vt 0.5813 0.0992
vt 0.5801 0.1139
vt 0.6108 0.1073
vt 0.6114 0.102
vt 0.6098 0.1167
vt 0.6407 0.1109
vt 0.6414 0.1056
vt 0.6395 0.1203
vt 0.6704 0.1152
vt 0.6712 0.11
vt 0.669 0.1246
vt 0.7 0.1202
vt 0.7009 0.115
vt 0.6984 0.1296
vt 0.7494 0.1763
vt 0.7209 0.17
vt 0.7243 0.1528
vt 0.7531 0.1591
vt 0.7778 0.1833
vt 0.7818 0.1661
vt 0.8061 0.1909
vt 0.8103 0.1737
vt 0.8343 0.1992
vt 0.8388 0.182
vt 0.8625 0.2079
vt 0.867 0.1906
vt 0.8907 0.217
vt 0.8951 0.1994
vt 0.9188 0.226
vt 0.9228 0.208
vt 0.9471 0.2337
vt 0.9501 0.2155
vt 0.0604 0.2172
vt 0.0318 0.2244
vt 0.0567 0.1993
vt 0.0293 0.2062
vt 0.0887 0.2088
vt 0.0847 0.1912
vt 0.1171 0.2003
vt 0.1129 0.1829
vt 0.1454 0.1921
vt 0.1413 0.1748
vt 0.1738 0.1844
vt 0.1699 0.1672
vt 0.2023 0.1774
vt 0.1986 0.1601
vt 0.2308 0.1711
vt 0.2274 0.1537
vt 0.2594 0.1654
vt 0.2564 0.1479
vt 0.2881 0.1604
vt 0.2854 0.1429
vt 0.3168 0.1561
vt 0.3145 0.1385
vt 0.3456 0.1526
vt 0.3437 0.1349
vt 0.3745 0.1497
vt 0.373 0.132
vt 0.4034 0.1475
vt 0.4023 0.1298
vt 0.4324 0.1461
vt 0.4317 0.1283
vt 0.4614 0.1453
vt 0.4611 0.1276
vt 0.4904 0.1453
vt 0.4905 0.1275
vt 0.5193 0.1459
vt 0.52 0.1282
vt 0.5483 0.1473
vt 0.5493 0.1295
vt 0.5772 0.1493
vt 0.5787 0.1316
vt 0.6061 0.1521
vt 0.608 0.1344
vt 0.6349 0.1555
vt 0.6372 0.1379
vt 0.6637 0.1597
vt 0.6663 0.1421
vt 0.6923 0.1646
vt 0.6954 0.147
vt 0.7443 0.1995
vt 0.7163 0.1933
vt 0.712 0.2149
vt 0.7396 0.2209
vt 0.7723 0.2063
vt 0.7671 0.2276
vt 0.8003 0.2139
vt 0.7947 0.235
vt 0.8282 0.2221
vt 0.8223 0.2431
vt 0.8563 0.2309
vt 0.8501 0.252
vt 0.8845 0.2404
vt 0.8781 0.2616
vt 0.9131 0.25
vt 0.9067 0.2719
vt 0.9423 0.2587
vt 0.9362 0.2823
vt 0.0657 0.2414
vt 0.0362 0.2496
vt 0.0424 0.2732
vt 0.0716 0.2635
vt 0.0944 0.2323
vt 0.1003 0.2538
vt 0.1228 0.2235
vt 0.1286 0.2447
vt 0.151 0.2152
vt 0.1566 0.2363
vt 0.1792 0.2075
vt 0.1844 0.2288
vt 0.2073 0.2006
vt 0.2121 0.2219
vt 0.2354 0.1943
vt 0.2397 0.2158
vt 0.2635 0.1887
vt 0.2674 0.2103
vt 0.2917 0.1839
vt 0.2951 0.2056
vt 0.3199 0.1797
vt 0.3228 0.2015
vt 0.3482 0.1762
vt 0.3506 0.1981
vt 0.3765 0.1734
vt 0.3784 0.1954
vt 0.4049 0.1713
vt 0.4062 0.1934
vt 0.4333 0.1699
vt 0.4341 0.192
vt 0.4617 0.1692
vt 0.462 0.1913
vt 0.4901 0.1691
vt 0.4899 0.1912
vt 0.5185 0.1698
vt 0.5178 0.1918
vt 0.5469 0.1711
vt 0.5457 0.1931
vt 0.5753 0.1731
vt 0.5735 0.1951
vt 0.6036 0.1757
vt 0.6013 0.1977
vt 0.6319 0.1791
vt 0.629 0.201
vt 0.6601 0.1832
vt 0.6567 0.2049
vt 0.6882 0.188
vt 0.6844 0.2096
vt 0.7345 0.2427
vt 0.7075 0.2369
vt 0.7027 0.26
vt 0.7292 0.2656
vt 0.7616 0.2493
vt 0.7556 0.272
vt 0.7887 0.2565
vt 0.7821 0.279
vt 0.8158 0.2645
vt 0.8085 0.2868
vt 0.8432 0.2733
vt 0.8351 0.2954
vt 0.8708 0.2831
vt 0.8618 0.305
vt 0.8988 0.2939
vt 0.8886 0.3161
vt 0.9269 0.3059
vt 0.915 0.3297
vt 0.0504 0.2973
vt 0.0793 0.2856
vt 0.0624 0.321
vt 0.0889 0.3079
vt 0.1074 0.2753
vt 0.1159 0.2974
vt 0.1352 0.2661
vt 0.1427 0.2883
vt 0.1627 0.2579
vt 0.1695 0.2803
vt 0.1899 0.2504
vt 0.1961 0.273
vt 0.2171 0.2437
vt 0.2227 0.2665
vt 0.2443 0.2378
vt 0.2492 0.2607
vt 0.2714 0.2325
vt 0.2758 0.2556
vt 0.2986 0.2278
vt 0.3023 0.2511
vt 0.3258 0.2239
vt 0.329 0.2473
vt 0.353 0.2206
vt 0.3556 0.2441
vt 0.3803 0.2179
vt 0.3823 0.2415
vt 0.4076 0.216
vt 0.4091 0.2396
vt 0.435 0.2146
vt 0.4359 0.2383
vt 0.4623 0.2139
vt 0.4626 0.2376
vt 0.4897 0.2139
vt 0.4894 0.2376
vt 0.517 0.2145
vt 0.5162 0.2382
vt 0.5443 0.2157
vt 0.543 0.2394
vt 0.5716 0.2176
vt 0.5697 0.2412
vt 0.5989 0.2202
vt 0.5964 0.2437
vt 0.6261 0.2234
vt 0.6231 0.2468
vt 0.6533 0.2272
vt 0.6497 0.2506
vt 0.6804 0.2317
vt 0.6762 0.2549
vt 0.6919 0.3108
vt 0.7168 0.3161
vt 0.7417 0.322
vt 0.7663 0.3285
vt 0.7907 0.3358
vt 0.8148 0.3437
vt 0.8384 0.3526
vt 0.8612 0.3626
vt 0.8826 0.3747
vt 0.0937 0.3661
vt 0.1153 0.3545
vt 0.1383 0.345
vt 0.1621 0.3367
vt 0.1864 0.3294
vt 0.2109 0.3227
vt 0.2357 0.3167
vt 0.2607 0.3113
vt 0.2858 0.3066
vt 0.311 0.3024
vt 0.3362 0.2989
vt 0.3616 0.2959
vt 0.387 0.2935
vt 0.4125 0.2917
vt 0.438 0.2905
vt 0.4635 0.2899
vt 0.489 0.2899
vt 0.5145 0.2904
vt 0.5401 0.2916
vt 0.5655 0.2933
vt 0.5909 0.2956
vt 0.6163 0.2985
vt 0.6416 0.302
vt 0.6668 0.3061
vt 0.7121 0.3353
vt 0.6877 0.3302
vt 0.6843 0.3462
vt 0.7082 0.3512
vt 0.7363 0.341
vt 0.7319 0.3569
vt 0.7602 0.3474
vt 0.7553 0.3631
vt 0.7838 0.3544
vt 0.7783 0.37
vt 0.807 0.3622
vt 0.8008 0.3776
vt 0.8296 0.3707
vt 0.8228 0.386
vt 0.8513 0.3801
vt 0.844 0.395
vt 0.8719 0.3908
vt 0.8645 0.4043
vt 0.1042 0.3822
vt 0.1248 0.3723
vt 0.111 0.396
vt 0.1318 0.3873
vt 0.1466 0.3634
vt 0.1531 0.3788
vt 0.1694 0.3554
vt 0.1752 0.371
vt 0.1928 0.3482
vt 0.198 0.3639
vt 0.2166 0.3417
vt 0.2212 0.3575
vt 0.2407 0.3359
vt 0.2447 0.3518
vt 0.265 0.3307
vt 0.2686 0.3467
vt 0.2895 0.326
vt 0.2926 0.3422
vt 0.3142 0.322
vt 0.3168 0.3382
vt 0.3389 0.3185
vt 0.3411 0.3348
vt 0.3638 0.3156
vt 0.3656 0.332
vt 0.3887 0.3133
vt 0.3901 0.3297
vt 0.4137 0.3116
vt 0.4147 0.328
vt 0.4387 0.3104
vt 0.4393 0.3268
vt 0.4637 0.3098
vt 0.464 0.3262
vt 0.4888 0.3097
vt 0.4886 0.3262
vt 0.5139 0.3103
vt 0.5133 0.3267
vt 0.5389 0.3114
vt 0.5379 0.3278
vt 0.5639 0.3131
vt 0.5625 0.3295
vt 0.5888 0.3154
vt 0.5871 0.3317
vt 0.6137 0.3182
vt 0.6115 0.3345
vt 0.6385 0.3216
vt 0.6359 0.3378
vt 0.6631 0.3256
vt 0.6602 0.3417
vt 0.6761 0.3859
vt 0.6989 0.3907
vt 0.7215 0.396
vt 0.7437 0.402
vt 0.7656 0.4085
vt 0.7871 0.4158
vt 0.8082 0.4239
vt 0.8292 0.4325
vt 0.8504 0.4412
vt 0.124 0.4336
vt 0.1457 0.4255
vt 0.1669 0.4173
vt 0.1882 0.4097
vt 0.2099 0.4028
vt 0.2319 0.3966
vt 0.2542 0.3911
vt 0.2769 0.3863
vt 0.2999 0.382
vt 0.3231 0.3782
vt 0.3464 0.3749
vt 0.3699 0.3722
vt 0.3934 0.37
vt 0.4171 0.3684
vt 0.4408 0.3673
vt 0.4645 0.3667
vt 0.4882 0.3667
vt 0.5119 0.3672
vt 0.5356 0.3683
vt 0.5593 0.3699
vt 0.5829 0.372
vt 0.6064 0.3747
vt 0.6298 0.3779
vt 0.653 0.3816
vt 0.6499 0.4003
vt 0.6698 0.4046
vt 0.6693 0.4068
vt 0.6494 0.4025
vt 0.6679 0.4125
vt 0.6483 0.4084
vt 0.6898 0.4095
vt 0.6892 0.4117
vt 0.6877 0.4174
vt 0.71 0.4153
vt 0.7093 0.4175
vt 0.7075 0.4231
vt 0.7303 0.4222
vt 0.7294 0.4244
vt 0.7273 0.4298
vt 0.7505 0.4303
vt 0.7496 0.4324
vt 0.7472 0.4378
vt 0.7707 0.44
vt 0.7696 0.442
vt 0.7668 0.4472
vt 0.7904 0.4516
vt 0.7892 0.4535
vt 0.7859 0.4584
vt 0.8091 0.4655
vt 0.8077 0.4673
vt 0.8042 0.4716
vt 0.1776 0.4627
vt 0.1964 0.449
vt 0.1977 0.4509
vt 0.179 0.4644
vt 0.2009 0.4558
vt 0.1825 0.4688
vt 0.2163 0.4375
vt 0.2174 0.4396
vt 0.2202 0.4447
vt 0.2366 0.428
vt 0.2375 0.4301
vt 0.2399 0.4354
vt 0.257 0.42
vt 0.2578 0.4222
vt 0.2598 0.4276
vt 0.2773 0.4132
vt 0.278 0.4155
vt 0.2798 0.421
vt 0.2976 0.4076
vt 0.2981 0.4098
vt 0.2997 0.4155
vt 0.3177 0.4028
vt 0.3182 0.4051
vt 0.3195 0.4108
vt 0.3377 0.3988
vt 0.3381 0.4011
vt 0.3392 0.4069
vt 0.3575 0.3955
vt 0.3579 0.3978
vt 0.3588 0.4036
vt 0.3772 0.3928
vt 0.3775 0.3951
vt 0.3783 0.4009
vt 0.3968 0.3906
vt 0.3971 0.3929
vt 0.3977 0.3987
vt 0.4164 0.3888
vt 0.4165 0.3911
vt 0.417 0.3969
vt 0.4358 0.3875
vt 0.4359 0.3898
vt 0.4363 0.3956
vt 0.4552 0.3866
vt 0.4553 0.389
vt 0.4555 0.3948
vt 0.4745 0.3861
vt 0.4746 0.3885
vt 0.4747 0.3943
vt 0.4939 0.386
vt 0.4939 0.3884
vt 0.4938 0.3942
vt 0.5132 0.3863
vt 0.5131 0.3887
vt 0.513 0.3945
vt 0.5325 0.387
vt 0.5324 0.3893
vt 0.5322 0.3951
vt 0.5519 0.3881
vt 0.5518 0.3904
vt 0.5514 0.3962
vt 0.5713 0.3896
vt 0.5711 0.3919
vt 0.5706 0.3977
vt 0.5908 0.3915
vt 0.5906 0.3938
vt 0.5899 0.3996
vt 0.6104 0.3939
vt 0.6101 0.3962
vt 0.6093 0.402
vt 0.6301 0.3969
vt 0.6297 0.3992
vt 0.6287 0.4049
vt 0.6441 0.4279
vt 0.6631 0.4319
vt 0.6821 0.4365
vt 0.701 0.442
vt 0.7199 0.4483
vt 0.7386 0.4558
vt 0.7569 0.4645
vt 0.7747 0.4747
vt 0.7918 0.487
vt 0.1946 0.4845
vt 0.212 0.4723
vt 0.2299 0.4621
vt 0.2483 0.4535
vt 0.2671 0.4462
vt 0.2861 0.44
vt 0.3051 0.4347
vt 0.3241 0.4302
vt 0.3431 0.4264
vt 0.3621 0.4232
vt 0.381 0.4206
vt 0.3999 0.4185
vt 0.4187 0.4168
vt 0.4375 0.4155
vt 0.4563 0.4147
vt 0.475 0.4142
vt 0.4937 0.4141
vt 0.5124 0.4144
vt 0.5312 0.4151
vt 0.5499 0.4161
vt 0.5687 0.4175
vt 0.5875 0.4194
vt 0.6063 0.4217
vt 0.6252 0.4245
vt 0.6329 0.5401
vt 0.6132 0.6546
vt 0.6178 0.5372
vt 0.6 0.6527
vt 0.6004 0.7932
vt 0.5883 0.7917
vt 0.6479 0.5433
vt 0.6263 0.6567
vt 0.6126 0.7948
vt 0.6627 0.5469
vt 0.6394 0.6589
vt 0.6248 0.7965
vt 0.6773 0.5509
vt 0.6525 0.6613
vt 0.6371 0.7982
vt 0.6917 0.5553
vt 0.6655 0.6638
vt 0.6495 0.8
vt 0.7059 0.56
vt 0.6785 0.6664
vt 0.6619 0.8017
vt 0.72 0.5653
vt 0.692 0.6691
vt 0.6746 0.8035
vt 0.7349 0.5713
vt 0.7069 0.6721
vt 0.6883 0.8056
vt 0.2663 0.5632
vt 0.2929 0.6677
vt 0.2779 0.6705
vt 0.2515 0.569
vt 0.3097 0.8021
vt 0.2959 0.8041
vt 0.2804 0.5582
vt 0.3065 0.665
vt 0.3224 0.8003
vt 0.2945 0.5535
vt 0.3195 0.6626
vt 0.3348 0.7986
vt 0.3088 0.5493
vt 0.3326 0.6602
vt 0.3471 0.797
vt 0.3234 0.5455
vt 0.3457 0.6579
vt 0.3594 0.7953
vt 0.3382 0.542
vt 0.3589 0.6557
vt 0.3716 0.7937
vt 0.3532 0.5389
vt 0.3721 0.6537
vt 0.3838 0.7922
vt 0.3683 0.5362
vt 0.3853 0.6519
vt 0.3959 0.7909
vt 0.3836 0.5339
vt 0.3986 0.6503
vt 0.408 0.7896
vt 0.3991 0.5319
vt 0.412 0.6488
vt 0.4201 0.7885
vt 0.4146 0.5302
vt 0.4253 0.6476
vt 0.4321 0.7876
vt 0.4302 0.5289
vt 0.4388 0.6466
vt 0.4442 0.7868
vt 0.4459 0.5279
vt 0.4522 0.6459
vt 0.4562 0.7862
vt 0.4616 0.5271
vt 0.4657 0.6454
vt 0.4682 0.7857
vt 0.4773 0.5267
vt 0.4792 0.6451
vt 0.4801 0.7855
vt 0.4931 0.5267
vt 0.4927 0.645
vt 0.4921 0.7855
vt 0.5089 0.5269
vt 0.5062 0.6452
vt 0.5041 0.7856
vt 0.5246 0.5274
vt 0.5197 0.6456
vt 0.5161 0.786
vt 0.5403 0.5282
vt 0.5331 0.6462
vt 0.528 0.7865
vt 0.556 0.5294
vt 0.5466 0.6471
vt 0.54 0.7872
vt 0.5716 0.5308
vt 0.56 0.6481
vt 0.5521 0.7881
vt 0.5871 0.5326
vt 0.5734 0.6494
vt 0.5641 0.7892
vt 0.6025 0.5348
vt 0.5867 0.651
vt 0.5762 0.7904
vt 0.9645 0.5171
vt 0.9543 0.5239
vt 0.963 0.5153
vt 0.9532 0.5219
vt 0.9732 0.5084
vt 0.9714 0.5069
vt 0.98 0.4981
vt 0.9779 0.4971
vt 0.9847 0.4868
vt 0.9825 0.4861
vt 0.987 0.4748
vt 0.9847 0.4745
vt 0.987 0.4625
vt 0.9847 0.4627
vt 0.9846 0.4504
vt 0.9824 0.4511
vt 0.9799 0.4391
vt 0.9779 0.4402
vt 0.9731 0.4289
vt 0.9713 0.4304
vt 0.9644 0.4203
vt 0.9629 0.422
vt 0.9541 0.4134
vt 0.9531 0.4155
vt 0.9428 0.4088
vt 0.9421 0.411
vt 0.9308 0.4064
vt 0.9305 0.4087
vt 0.9185 0.4064
vt 0.9187 0.4087
vt 0.9064 0.4088
vt 0.9071 0.411
vt 0.8951 0.4135
vt 0.8962 0.4156
vt 0.8849 0.4204
vt 0.8864 0.4222
vt 0.8763 0.4291
vt 0.878 0.4305
vt 0.8694 0.4393
vt 0.8715 0.4404
vt 0.8648 0.4506
vt 0.867 0.4513
vt 0.8624 0.4627
vt 0.8647 0.4629
vt 0.8624 0.4749
vt 0.8647 0.4747
vt 0.8648 0.487
vt 0.867 0.4863
vt 0.8695 0.4983
vt 0.8716 0.4972
vt 0.8764 0.5085
vt 0.8782 0.507
vt 0.8851 0.5172
vt 0.8865 0.5154
vt 0.8953 0.524
vt 0.8964 0.5219
vt 0.9066 0.5287
vt 0.9073 0.5265
vt 0.9187 0.531
vt 0.9189 0.5287
vt 0.9309 0.531
vt 0.9307 0.5287
vt 0.943 0.5286
vt 0.9423 0.5264
vt 0.9707 0.5246
vt 0.9589 0.5325
vt 0.9579 0.5306
vt 0.9693 0.5229
vt 0.9807 0.5146
vt 0.979 0.5132
vt 0.9886 0.5027
vt 0.9867 0.5017
vt 0.994 0.4896
vt 0.9919 0.489
vt 0.9968 0.4757
vt 0.9946 0.4755
vt 0.9967 0.4615
vt 0.9945 0.4617
vt 0.994 0.4476
vt 0.9918 0.4482
vt 0.9885 0.4345
vt 0.9866 0.4355
vt 0.9806 0.4227
vt 0.9789 0.4241
vt 0.9705 0.4127
vt 0.9692 0.4144
vt 0.9587 0.4048
vt 0.9577 0.4068
vt 0.9456 0.3994
vt 0.945 0.4015
vt 0.9317 0.3967
vt 0.9315 0.3989
vt 0.9175 0.3967
vt 0.9177 0.3989
vt 0.9036 0.3995
vt 0.9042 0.4016
vt 0.8905 0.4049
vt 0.8915 0.4069
vt 0.8787 0.4128
vt 0.8801 0.4145
vt 0.8687 0.4229
vt 0.8704 0.4243
vt 0.8608 0.4347
vt 0.8628 0.4357
vt 0.8554 0.4478
vt 0.8575 0.4484
vt 0.8527 0.4617
vt 0.8549 0.4619
vt 0.8527 0.4759
vt 0.8549 0.4757
vt 0.8555 0.4898
vt 0.8576 0.4892
vt 0.8609 0.5029
vt 0.8629 0.5019
vt 0.8688 0.5147
vt 0.8705 0.5133
vt 0.8789 0.5247
vt 0.8803 0.523
vt 0.8907 0.5326
vt 0.8917 0.5307
vt 0.9038 0.538
vt 0.9044 0.5359
vt 0.9177 0.5408
vt 0.9179 0.5386
vt 0.9319 0.5407
vt 0.9317 0.5385
vt 0.9458 0.538
vt 0.9452 0.5358
vt 0.842 0.9444
vt 0.8297 0.9524
vt 0.8285 0.95
vt 0.8403 0.9423
vt 0.8525 0.9342
vt 0.8504 0.9324
vt 0.8608 0.9221
vt 0.8584 0.9208
vt 0.8665 0.9086
vt 0.864 0.9078
vt 0.8696 0.8942
vt 0.8669 0.894
vt 0.8697 0.8796
vt 0.867 0.8798
vt 0.867 0.8652
vt 0.8645 0.8659
vt 0.8616 0.8516
vt 0.8592 0.8528
vt 0.8536 0.8393
vt 0.8515 0.841
vt 0.8433 0.8288
vt 0.8416 0.8309
vt 0.8312 0.8205
vt 0.8299 0.8229
vt 0.8177 0.8148
vt 0.8169 0.8173
vt 0.8034 0.8118
vt 0.8031 0.8144
vt 0.7888 0.8116
vt 0.789 0.8143
vt 0.7744 0.8143
vt 0.7751 0.8169
vt 0.7607 0.8197
vt 0.762 0.8221
vt 0.7485 0.8277
vt 0.7501 0.8298
vt 0.738 0.838
vt 0.74 0.8397
vt 0.7297 0.8501
vt 0.7321 0.8514
vt 0.7239 0.8636
vt 0.7265 0.8644
vt 0.7209 0.8779
vt 0.7236 0.8782
vt 0.7208 0.8926
vt 0.7234 0.8923
vt 0.7235 0.907
vt 0.726 0.9062
vt 0.7289 0.9206
vt 0.7313 0.9193
vt 0.7369 0.9328
vt 0.739 0.9312
vt 0.7472 0.9433
vt 0.7489 0.9413
vt 0.7593 0.9516
vt 0.7605 0.9493
vt 0.7727 0.9574
vt 0.7735 0.9548
vt 0.7871 0.9604
vt 0.7874 0.9577
vt 0.8017 0.9606
vt 0.8015 0.9579
vt 0.8161 0.9579
vt 0.8154 0.9553
vt 0.86 0.9669
vt 0.843 0.9779
vt 0.8417 0.9754
vt 0.8583 0.9647
vt 0.8745 0.9527
vt 0.8724 0.9509
vt 0.886 0.9359
vt 0.8835 0.9346
vt 0.894 0.9173
vt 0.8913 0.9164
vt 0.8982 0.8974
vt 0.8954 0.8971
vt 0.8984 0.8771
vt 0.8956 0.8773
vt 0.8947 0.8571
vt 0.892 0.8579
vt 0.6619 0.8947
vt 0.6668 0.8167
vt 0.6723 0.8941
vt 0.8871 0.8383
vt 0.8846 0.8396
vt 0.0084 0.8951
vt 0.0238 0.8177
vt 0.0188 0.8957
vt 0.0292 0.8956
vt 0.876 0.8213
vt 0.8738 0.8231
vt 0.8618 0.8068
vt 0.86 0.8089
vt 0.8451 0.7953
vt 0.8437 0.7978
vt 0.8264 0.7873
vt 0.8256 0.79
vt 0.8066 0.7832
vt 0.8063 0.786
vt 0.7863 0.7829
vt 0.7865 0.7857
vt 0.7663 0.7867
vt 0.7671 0.7894
vt 0.7475 0.7942
vt 0.7488 0.7967
vt 0.7305 0.8053
vt 0.7322 0.8075
vt 0.716 0.8195
vt 0.7181 0.8213
vt 0.7045 0.8362
vt 0.7069 0.8376
vt 0.6965 0.8549
vt 0.6992 0.8557
vt 0.6923 0.8748
vt 0.6951 0.8751
vt 0.6921 0.8951
vt 0.6949 0.8948
vt 0.6958 0.915
vt 0.6985 0.9142
vt 0.3142 0.8173
vt 0.3349 0.8173
vt 0.33 0.8952
vt 0.3404 0.8947
vt 0.7034 0.9338
vt 0.7059 0.9325
vt 0.3507 0.8952
vt 0.7145 0.9509
vt 0.7167 0.9491
vt 0.7286 0.9654
vt 0.7305 0.9632
vt 0.7454 0.9768
vt 0.7468 0.9744
vt 0.7641 0.9848
vt 0.7649 0.9821
vt 0.7839 0.989
vt 0.7842 0.9862
vt 0.8042 0.9892
vt 0.804 0.9864
vt 0.8242 0.9855
vt 0.8234 0.9828
vt 0.6464 0.8943
vt 0.6461 0.8167
vt 0.0201 0.8979
vt 0.3287 0.8975
vt 0.3566 0.8172
vt 0.352 0.8973
vt 0.2263 0.5634
vt 0.2125 0.5457
vt 0.2293 0.5614
vt 0.2152 0.5433
vt 0.2075 0.5758
vt 0.1959 0.5608
vt 0.2372 0.5829
vt 0.2405 0.5814
vt 0.2168 0.5923
vt 0.2451 0.6039
vt 0.2486 0.6029
vt 0.2235 0.6101
vt 0.2496 0.6258
vt 0.2533 0.6254
vt 0.2274 0.6286
vt 0.2508 0.6483
vt 0.2544 0.6484
vt 0.2284 0.6475
vt 0.2483 0.6707
vt 0.2519 0.6714
vt 0.2264 0.6662
vt 0.2448 0.686
vt 0.2474 0.6868
vt 0.2234 0.6788
vt 0.0694 0.567
vt 0.0593 0.5673
vt 0.0694 0.5637
vt 0.0591 0.5648
vt 0.0698 0.5896
vt 0.0616 0.59
vt 0.0865 0.5681
vt 0.0869 0.5648
vt 0.0839 0.5906
vt 0.1088 0.5727
vt 0.1097 0.5695
vt 0.1025 0.5944
vt 0.1299 0.5807
vt 0.1313 0.5777
vt 0.1202 0.6011
vt 0.1495 0.592
vt 0.1514 0.5892
vt 0.1367 0.6106
vt 0.167 0.6062
vt 0.1693 0.6038
vt 0.1515 0.6225
vt 0.1822 0.6229
vt 0.1848 0.6209
vt 0.1642 0.6367
vt 0.1945 0.6419
vt 0.1974 0.6403
vt 0.1746 0.6526
vt 0.2037 0.6625
vt 0.2068 0.6613
vt 0.1824 0.67
vt 0.2095 0.6843
vt 0.2128 0.6836
vt 0.1873 0.6884
vt 0.2119 0.7067
vt 0.2152 0.7066
vt 0.1893 0.7073
vt 0.2107 0.7293
vt 0.214 0.7297
vt 0.1884 0.7263
vt 0.206 0.7514
vt 0.2092 0.7523
vt 0.1844 0.7449
vt 0.1979 0.7725
vt 0.2009 0.7739
vt 0.1776 0.7626
vt 0.1863 0.7921
vt 0.189 0.794
vt 0.1681 0.7789
vt 0.1767 0.8046
vt 0.1786 0.8062
vt 0.1601 0.7891
vt 0.0531 0.5071
vt 0.0438 0.511
vt 0.0517 0.5037
vt 0.0426 0.5085
vt 0.0615 0.5279
vt 0.054 0.5312
vt 0.0693 0.502
vt 0.0685 0.4985
vt 0.0749 0.5238
vt 0.0916 0.4982
vt 0.0912 0.4946
vt 0.0935 0.5206
vt 0.114 0.4982
vt 0.1143 0.4946
vt 0.1125 0.5206
vt 0.1362 0.5014
vt 0.137 0.4978
vt 0.1312 0.5233
vt 0.1576 0.508
vt 0.1589 0.5046
vt 0.1493 0.5289
vt 0.1777 0.5177
vt 0.1796 0.5145
vt 0.1664 0.5371
vt 0.1962 0.5304
vt 0.1985 0.5276
vt 0.182 0.5479
vt 0.9146 0.9658
vt 0.9453 0.9755
vt 0.9429 0.9759
vt 0.9483 0.5536
vt 0.9508 0.5546
vt 0.9146 0.5568
vt 0.9146 0.7477
vt 0.9491 0.7572
vt 0.9465 0.7579
vt 0.9463 0.7716
vt 0.9487 0.7729
vt 0.9146 0.7746
vt 0.0906 0.067
vt 0.0906 0.0045
vt 0.0926 0.0046
vt 0.0926 0.067
vt 0.2124 0.0366
vt 0.2112 0.0334
vt 0.2138 0.0352
vt 0.2131 0.0322
vt 0.2113 0.0216
vt 0.2129 0.0216
vt 0.2359 0.0217
vt 0.2367 0.0302
vt 0.2115 0.0097
vt 0.2133 0.011
vt 0.2368 0.0133
vt 0.214 0.0081
vt 0.2371 0.0105
vt 0.2127 0.0067
vt 0.168 0.0362
vt 0.167 0.0332
vt 0.1694 0.0349
vt 0.1689 0.032
vt 0.125 0.0024
vt 0.127 0.0025
vt 0.127 0.0646
vt 0.125 0.0646
vt 0.1675 0.0215
vt 0.1691 0.0215
vt 0.1918 0.0226
vt 0.1923 0.031
vt 0.1681 0.0098
vt 0.1699 0.0111
vt 0.1931 0.0142
vt 0.1707 0.0081
vt 0.1935 0.0113
vt 0.1694 0.0067
vt 0.8124 0.6799
vt 0.4599 0.0382
vt 0.4915 0.0381
vt 0.4284 0.039
vt 0.3969 0.0406
vt 0.3654 0.043
vt 0.3341 0.0461
vt 0.3028 0.05
vt 0.2717 0.0547
vt 0.2409 0.0601
vt 0.2102 0.0662
vt 0.1799 0.0729
vt 0.1499 0.0802
vt 0.1203 0.0879
vt 0.0911 0.0958
vt 0.0622 0.1039
vt 0.0335 0.1119
vt 0.005 0.1199
vt 0.9478 0.1211
vt 0.9762 0.1296
vt 0.9193 0.1125
vt 0.8906 0.1039
vt 0.8616 0.0953
vt 0.8321 0.0871
vt 0.8023 0.0792
vt 0.7721 0.0719
vt 0.7416 0.0652
vt 0.7108 0.0591
vt 0.6798 0.0538
vt 0.6487 0.0493
vt 0.6174 0.0455
vt 0.586 0.0425
vt 0.5545 0.0403
vt 0.523 0.0388
vt 0.529 0.4545
vt 0.5467 0.4554
vt 0.5112 0.4538
vt 0.4935 0.4536
vt 0.4757 0.4537
vt 0.458 0.4541
vt 0.4403 0.4549
vt 0.4225 0.4561
vt 0.4048 0.4577
vt 0.3871 0.4597
vt 0.3694 0.4621
vt 0.3518 0.465
vt 0.3343 0.4685
vt 0.3168 0.4725
vt 0.2996 0.4772
vt 0.2825 0.4825
vt 0.2658 0.4888
vt 0.2494 0.4959
vt 0.2336 0.5042
vt 0.2178 0.5142
vt 0.7528 0.5064
vt 0.7685 0.5165
vt 0.7371 0.4981
vt 0.7208 0.4908
vt 0.7042 0.4845
vt 0.6872 0.479
vt 0.67 0.4741
vt 0.6526 0.47
vt 0.6351 0.4664
vt 0.6175 0.4633
vt 0.5998 0.4607
vt 0.5821 0.4585
vt 0.5644 0.4568
vt 0.5761 0.0317
vt 0.5624 0.0317
vt 0.5624 0.0096
vt 0.5761 0.0096
vt 0.5898 0.0317
vt 0.5898 0.0097
vt 0.6035 0.0317
vt 0.6035 0.0097
vt 0.6171 0.0317
vt 0.6172 0.0097
vt 0.6308 0.0317
vt 0.6308 0.0097
vt 0.6445 0.0317
vt 0.6445 0.0097
vt 0.6582 0.0318
vt 0.6582 0.0097
vt 0.6719 0.0318
vt 0.6719 0.0097
vt 0.6855 0.0318
vt 0.6856 0.0097
vt 0.6992 0.0318
vt 0.6992 0.0097
vt 0.7129 0.0318
vt 0.7129 0.0098
vt 0.7266 0.0318
vt 0.7266 0.0098
vt 0.7403 0.0318
vt 0.7403 0.0098
vt 0.754 0.0318
vt 0.754 0.0098
vt 0.7676 0.0318
vt 0.7677 0.0098
vt 0.7813 0.0319
vt 0.7813 0.0098
vt 0.795 0.0319
vt 0.795 0.0098
vt 0.8087 0.0319
vt 0.8087 0.0098
vt 0.8224 0.0319
vt 0.8224 0.0098
vt 0.836 0.0319
vt 0.8361 0.0099
vt 0.8497 0.0319
vt 0.8497 0.0099
vt 0.8634 0.0319
vt 0.8634 0.0099
vt 0.8771 0.0319
vt 0.8771 0.0099
vt 0.8908 0.0319
vt 0.8908 0.0099
vt 0.9045 0.032
vt 0.9045 0.0099
vt 0.9181 0.032
vt 0.9182 0.0099
vt 0.9318 0.032
vt 0.9318 0.0099
vt 0.9455 0.032
vt 0.9455 0.0099
vt 0.9592 0.032
vt 0.9592 0.01
vt 0.9729 0.032
vt 0.9729 0.01
vt 0.9866 0.032
vt 0.9866 0.01
vt 0.5487 0.0317
vt 0.5487 0.0096
vt 0.3603 0.9343
vt 0.3521 0.9343
vt 0.0847 0.0052
vt 0.083 0.0725
vt 0.0809 0.0724
vt 0.0826 0.0052
vt 0.9898 0.7793
vt 0.9898 0.7729
vt 0.9898 0.9658
vt 0.9898 0.9755
vt 0.1509 0.0042
vt 0.1508 0.0648
vt 0.6254 0.8168
vt 0.6257 0.9338
vt 0.605 0.9339
vt 0.6046 0.8168
vt 0.5843 0.9339
vt 0.5839 0.8169
vt 0.5635 0.9339
vt 0.5631 0.8169
vt 0.5428 0.934
vt 0.5424 0.8169
vt 0.522 0.934
vt 0.5216 0.817
vt 0.5013 0.934
vt 0.5009 0.817
vt 0.4805 0.9341
vt 0.4802 0.817
vt 0.4598 0.9341
vt 0.4594 0.8171
vt 0.439 0.9341
vt 0.4387 0.8171
vt 0.4183 0.9342
vt 0.4179 0.8171
vt 0.3976 0.9342
vt 0.3972 0.8172
vt 0.3768 0.9342
vt 0.3764 0.8172
vt 0.3288 0.9346
vt 0.3145 0.9346
vt 0.2938 0.9346
vt 0.2935 0.8173
vt 0.273 0.9346
vt 0.2727 0.8173
vt 0.2523 0.9347
vt 0.252 0.8174
vt 0.2316 0.9347
vt 0.2312 0.8174
vt 0.2108 0.9347
vt 0.2105 0.8174
vt 0.1901 0.9347
vt 0.1897 0.8175
vt 0.1693 0.9348
vt 0.169 0.8175
vt 0.1486 0.9348
vt 0.1482 0.8175
vt 0.1278 0.9348
vt 0.1275 0.8175
vt 0.1071 0.9349
vt 0.1068 0.8176
vt 0.0863 0.9349
vt 0.086 0.8176
vt 0.0656 0.9349
vt 0.0653 0.8176
vt 0.0449 0.935
vt 0.0445 0.8177
vt 0.0293 0.935
vt 0.0202 0.935
vt 0.0396 0.0046
vt 0.0396 0.0722
vt 0.0374 0.0722
vt 0.0374 0.0047
vt 0.9928 0.5608
vt 0.9928 0.5546
vt 0.9928 0.7572
vt 0.9928 0.7477
vt 0.1166 0.0063
vt 0.1165 0.0672
vt 0.0375 0.0751
vt 0.0697 0.5932
vt 0.0616 0.5927
vt 0.0835 0.5941
vt 0.1014 0.5978
vt 0.1187 0.6044
vt 0.1346 0.6136
vt 0.149 0.6252
vt 0.1614 0.6389
vt 0.1714 0.6543
vt 0.179 0.6712
vt 0.1838 0.689
vt 0.1857 0.7074
vt 0.1848 0.7258
vt 0.181 0.7438
vt 0.1743 0.761
vt 0.1651 0.7769
vt 0.158 0.7874
vt 0.1166 0.0697
vt 0.0925 0.0697
vt 0.0809 0.0756
vt 0.0627 0.5316
vt 0.055 0.5339
vt 0.0758 0.5276
vt 0.0939 0.5245
vt 0.1122 0.5245
vt 0.1303 0.5271
vt 0.1479 0.5325
vt 0.1645 0.5405
vt 0.1796 0.5509
vt 0.193 0.5635
vt 0.2043 0.578
vt 0.2133 0.594
vt 0.2197 0.6112
vt 0.2235 0.6291
vt 0.2245 0.6474
vt 0.2226 0.6656
vt 0.2205 0.6781
vt 0.1269 0.0675
vt 0.1509 0.0676
vt 0.0115 0.0751
vt 0.0092 0.0724
vt 0.0116 0.0724
vt 0.0091 0.0067
vt 0.0115 0.0066
vt 0.1955 0.0106
vt 0.1955 0.0139
vt 0.1937 0.0227
vt 0.1947 0.0316
vt 0.1924 0.0338
vt 0.1943 0.0347
vt 0.1531 0.0043
vt 0.153 0.0648
vt 0.0549 0.075
vt 0.0527 0.072
vt 0.0551 0.072
vt 0.0542 0.0065
vt 0.0567 0.0064
vt 0.2391 0.0097
vt 0.2393 0.0128
vt 0.2378 0.0218
vt 0.2392 0.0307
vt 0.237 0.0332
vt 0.239 0.034
vt 0.1188 0.0064
vt 0.1187 0.0672
vt 0.9117 0.9788
vt 0.9146 0.9522
vt 0.9898 0.9522
vt 0.9146 0.9385
vt 0.9898 0.9385
vt 0.9146 0.9249
vt 0.9898 0.9249
vt 0.9146 0.9113
vt 0.9898 0.9113
vt 0.9146 0.8977
vt 0.9898 0.8977
vt 0.9146 0.8841
vt 0.9898 0.8841
vt 0.9146 0.8705
vt 0.9898 0.8705
vt 0.9146 0.8569
vt 0.9898 0.8569
vt 0.9146 0.8433
vt 0.9898 0.8433
vt 0.9146 0.8297
vt 0.9898 0.8297
vt 0.9146 0.8161
vt 0.9898 0.8161
vt 0.9146 0.8025
vt 0.9898 0.8025
vt 0.9146 0.7888
vt 0.9898 0.7888
vt 0.9458 0.7647
vt 0.9146 0.761
vt 0.9146 0.734
vt 0.9928 0.734
vt 0.9146 0.7204
vt 0.9928 0.7204
vt 0.9146 0.7068
vt 0.9928 0.7068
vt 0.9146 0.6932
vt 0.9928 0.6932
vt 0.9146 0.6796
vt 0.9928 0.6796
vt 0.9146 0.666
vt 0.9928 0.666
vt 0.9146 0.6524
vt 0.9928 0.6524
vt 0.9146 0.6388
vt 0.9928 0.6388
vt 0.9146 0.6252
vt 0.9928 0.6252
vt 0.9146 0.6115
vt 0.9928 0.6115
vt 0.9146 0.5979
vt 0.9928 0.5979
vt 0.9146 0.5843
vt 0.9928 0.5843
vt 0.9146 0.5707
vt 0.9928 0.5707
vt 0.9477 0.5467
vt 0.9421 0.9828
vt 0.9114 0.9924
vt 0.6876 0.8167
vt 0.6606 0.8968
vt 0.6607 0.9338
vt 0.6465 0.9338
vt 0.1185 0.7759
vt 0.104 0.781
vt 0.085 0.7053
vt 0.1316 0.768
vt 0.1429 0.7577
vt 0.1521 0.7454
vt 0.1586 0.7316
vt 0.1623 0.7167
vt 0.1631 0.7014
vt 0.1608 0.6863
vt 0.1556 0.6718
vt 0.1478 0.6587
vt 0.1375 0.6474
vt 0.1252 0.6383
vt 0.1113 0.6317
vt 0.0965 0.628
vt 0.0812 0.627
vt 0.066 0.6295
vt 0.0516 0.6347
vt 0.0385 0.6425
vt 0.0271 0.6528
vt 0.018 0.6651
vt 0.0115 0.679
vt 0.0078 0.6938
vt 0.007 0.7091
vt 0.0093 0.7243
vt 0.0144 0.7387
vt 0.0223 0.7518
vt 0.0326 0.7632
vt 0.0449 0.7723
vt 0.0587 0.7788
vt 0.0736 0.7826
vt 0.0889 0.7835
f 1/1/1 2/2/2 3/3/3
f 1/1/1 3/3/3 4/4/4
f 5/5/5 1/1/1 6/6/6
f 1/1/1 4/4/4 6/6/6
f 7/7/7 5/5/5 6/6/6
f 7/7/7 6/6/6 8/8/8
f 9/9/9 7/7/7 8/8/8
f 9/9/9 8/8/8 10/10/10
f 11/11/11 9/9/9 12/12/12
f 9/9/9 10/10/10 12/12/12
f 13/13/13 11/11/11 14/14/14
f 11/11/11 12/12/12 14/14/14
f 15/15/15 13/13/13 16/16/16
f 13/13/13 14/14/14 16/16/16
f 17/17/17 15/15/15 16/16/16
f 17/17/17 16/16/16 18/18/18
f 19/19/19 17/17/17 20/20/20
f 17/17/17 18/18/18 20/20/20
f 21/21/21 19/19/19 22/22/22
f 19/19/19 20/20/20 22/22/22
f 23/23/23 21/21/21 22/22/22
f 23/23/23 22/22/22 24/24/24
f 25/25/25 23/23/23 26/26/26
f 23/23/23 24/24/24 26/26/26
f 27/27/27 25/25/25 26/26/26
f 27/27/27 26/26/26 28/28/28
f 29/29/29 27/27/27 30/30/30
f 27/27/27 28/28/28 30/30/30
f 31/31/31 29/29/29 30/30/30
f 31/31/31 30/30/30 32/32/32
f 33/33/33 31/31/31 34/34/34
f 31/31/31 32/32/32 34/34/34
f 35/35/35 33/33/33 34/34/34
f 35/35/35 34/34/34 36/36/36
f 37/37/37 35/35/35 38/38/38
f 35/35/35 36/36/36 38/38/38
f 39/39/39 37/37/37 40/40/40
f 37/37/37 38/38/38 40/40/40
f 41/41/41 39/39/39 40/40/40
f 41/41/41 40/40/40 42/42/42
f 43/43/43 41/41/41 44/44/44
f 41/41/41 42/42/42 44/44/44
f 45/45/45 43/43/43 46/46/46
f 43/43/43 44/44/44 46/46/46
f 47/47/47 45/45/45 46/46/46
f 47/47/47 46/46/46 48/48/48
f 49/49/49 47/47/47 50/50/50
f 47/47/47 48/48/48 50/50/50
f 51/51/51 49/49/49 52/52/52
f 49/49/49 50/50/50 52/52/52
f 53/53/53 51/51/51 54/54/54
f 51/51/51 52/52/52 54/54/54
f 55/55/55 53/53/53 54/54/54
f 55/55/55 54/54/54 56/56/56
f 57/57/57 55/55/55 58/58/58
f 55/55/55 56/56/56 58/58/58
f 59/59/59 57/57/57 58/58/58
f 59/59/59 58/58/58 60/60/60
f 61/61/61 59/59/59 62/62/62
f 59/59/59 60/60/60 62/62/62
f 63/63/63 61/61/61 62/62/62
f 63/63/63 62/62/62 64/64/64
f 2/2/2 63/63/63 3/3/3
f 63/63/63 64/64/64 3/3/3
f 65/65/65 66/66/66 67/67/67
f 65/65/65 67/67/67 68/68/68
f 69/69/69 70/70/70 65/65/65
f 70/70/70 66/66/66 65/65/65
f 71/71/71 65/65/65 68/68/68
f 71/71/71 68/68/68 72/72/72
f 73/73/73 69/69/69 65/65/65
f 73/73/73 65/65/65 71/71/71
f 74/74/74 71/71/71 75/75/75
f 71/71/71 72/72/72 75/75/75
f 76/76/76 73/73/73 74/74/74
f 73/73/73 71/71/71 74/74/74
f 77/77/77 74/74/74 75/75/75
f 77/77/77 75/75/75 78/78/78
f 79/79/79 76/76/76 77/77/77
f 76/76/76 74/74/74 77/77/77
f 80/80/80 77/77/77 81/81/81
f 77/77/77 78/78/78 81/81/81
f 82/82/82 79/79/79 77/77/77
f 82/82/82 77/77/77 80/80/80
f 83/83/83 80/80/80 81/81/81
f 83/83/83 81/81/81 84/84/84
f 85/85/85 82/82/82 83/83/83
f 82/82/82 80/80/80 83/83/83
f 86/86/86 83/83/83 87/87/87
f 83/83/83 84/84/84 87/87/87
f 88/88/88 85/85/85 83/83/83
f 88/88/88 83/83/83 86/86/86
f 89/89/89 86/86/86 90/90/90
f 86/86/86 87/87/87 90/90/90
f 91/91/91 88/88/88 89/89/89
f 88/88/88 86/86/86 89/89/89
f 92/92/92 89/93/89 93/94/93
f 89/93/89 90/95/90 93/94/93
f 94/96/94 91/97/91 89/93/89
f 94/96/94 89/93/89 92/92/92
f 95/98/95 92/92/92 93/94/93
f 95/98/95 93/94/93 96/99/96
f 97/100/97 94/96/94 95/98/95
f 94/96/94 92/92/92 95/98/95
f 98/101/98 95/98/95 99/102/99
f 95/98/95 96/99/96 99/102/99
f 100/103/100 97/100/97 95/98/95
f 100/103/100 95/98/95 98/101/98
f 101/104/101 98/101/98 99/102/99
f 101/104/101 99/102/99 102/105/102
f 103/106/103 100/103/100 101/104/101
f 100/103/100 98/101/98 101/104/101
f 104/107/104 101/104/101 102/105/102
f 104/107/104 102/105/102 105/108/105
f 106/109/106 103/106/103 101/104/101
f 106/109/106 101/104/101 104/107/104
f 107/110/107 104/107/104 105/108/105
f 107/110/107 105/108/105 108/111/108
f 109/112/109 106/109/106 107/110/107
f 106/109/106 104/107/104 107/110/107
f 110/113/110 107/110/107 111/114/111
f 107/110/107 108/111/108 111/114/111
f 112/115/112 109/112/109 107/110/107
f 112/115/112 107/110/107 110/113/110
f 113/116/113 110/113/110 111/114/111
f 113/116/113 111/114/111 114/117/114
f 115/118/115 112/115/112 113/116/113
f 112/115/112 110/113/110 113/116/113
f 116/119/116 113/116/113 117/120/117
f 113/116/113 114/117/114 117/120/117
f 118/121/118 115/118/115 113/116/113
f 118/121/118 113/116/113 116/119/116
f 119/122/119 116/119/116 117/120/117
f 119/122/119 117/120/117 120/123/120
f 121/124/121 118/121/118 119/122/119
f 118/121/118 116/119/116 119/122/119
f 122/125/122 119/122/119 120/123/120
f 122/125/122 120/123/120 123/126/123
f 124/127/124 121/124/121 119/122/119
f 124/127/124 119/122/119 122/125/122
f 125/128/125 122/125/122 126/129/126
f 122/125/122 123/126/123 126/129/126
f 127/130/127 124/127/124 125/128/125
f 124/127/124 122/125/122 125/128/125
f 128/131/128 125/128/125 129/132/129
f 125/128/125 126/129/126 129/132/129
f 130/133/130 127/130/127 128/131/128
f 127/130/127 125/128/125 128/131/128
f 131/134/131 128/131/128 129/132/129
f 131/134/131 129/132/129 132/135/132
f 133/136/133 130/133/130 128/131/128
f 133/136/133 128/131/128 131/134/131
f 134/137/134 131/134/131 135/138/135
f 131/134/131 132/135/132 135/138/135
f 136/139/136 133/136/133 134/137/134
f 133/136/133 131/134/131 134/137/134
f 137/140/137 134/137/134 138/141/138
f 134/137/134 135/138/135 138/141/138
f 139/142/139 136/139/136 134/137/134
f 139/142/139 134/137/134 137/140/137
f 140/143/140 137/140/137 138/141/138
f 140/143/140 138/141/138 141/144/141
f 142/145/142 139/142/139 140/143/140
f 139/142/139 137/140/137 140/143/140
f 143/146/143 140/143/140 141/144/141
f 143/146/143 141/144/141 144/147/144
f 145/148/145 142/145/142 140/143/140
f 145/148/145 140/143/140 143/146/143
f 146/149/146 143/146/143 147/150/147
f 143/146/143 144/147/144 147/150/147
f 148/151/148 145/148/145 146/149/146
f 145/148/145 143/146/143 146/149/146
f 149/152/149 146/149/146 150/153/150
f 146/149/146 147/150/147 150/153/150
f 151/154/151 148/151/148 146/149/146
f 151/154/151 146/149/146 149/152/149
f 152/155/152 149/152/149 150/153/150
f 152/155/152 150/153/150 153/156/153
f 154/157/154 151/154/151 152/155/152
f 151/154/151 149/152/149 152/155/152
f 155/158/155 152/155/152 156/159/156
f 152/155/152 153/156/153 156/159/156
f 157/160/157 154/157/154 152/155/152
f 157/160/157 152/155/152 155/158/155
f 158/161/158 155/158/155 159/162/159
f 155/158/155 156/159/156 159/162/159
f 160/163/160 157/160/157 155/158/155
f 160/163/160 155/158/155 158/161/158
f 66/66/66 158/161/158 159/162/159
f 66/66/66 159/162/159 67/67/67
f 70/70/70 160/163/160 66/66/66
f 160/163/160 158/161/158 66/66/66
f 161/164/161 162/165/162 163/166/163
f 161/164/161 163/166/163 164/167/164
f 165/168/165 161/164/161 166/169/166
f 161/164/161 164/167/164 166/169/166
f 167/170/167 165/168/165 168/171/168
f 165/168/165 166/169/166 168/171/168
f 169/172/169 167/170/167 168/171/168
f 169/172/169 168/171/168 170/173/170
f 171/174/171 169/172/169 170/173/170
f 171/174/171 170/173/170 172/175/172
f 173/176/173 171/174/171 174/177/174
f 171/174/171 172/175/172 174/177/174
f 175/178/175 173/176/173 176/179/176
f 173/176/173 174/177/174 176/179/176
f 177/180/177 175/178/175 176/179/176
f 177/180/177 176/179/176 178/181/178
f 179/182/179 177/183/177 180/184/180
f 177/183/177 178/185/178 180/184/180
f 181/186/181 179/182/179 180/184/180
f 181/186/181 180/184/180 182/187/182
f 183/188/183 181/186/181 184/189/184
f 181/186/181 182/187/182 184/189/184
f 185/190/185 183/188/183 184/189/184
f 185/190/185 184/189/184 186/191/186
f 187/192/187 185/190/185 186/191/186
f 187/192/187 186/191/186 188/193/188
f 189/194/189 187/192/187 190/195/190
f 187/192/187 188/193/188 190/195/190
f 191/196/191 189/194/189 190/195/190
f 191/196/191 190/195/190 192/197/192
f 193/198/193 191/196/191 194/199/194
f 191/196/191 192/197/192 194/199/194
f 195/200/195 193/198/193 196/201/196
f 193/198/193 194/199/194 196/201/196
f 197/202/197 195/200/195 196/201/196
f 197/202/197 196/201/196 198/203/198
f 199/204/199 197/202/197 200/205/200
f 197/202/197 198/203/198 200/205/200
f 201/206/201 199/204/199 200/205/200
f 201/206/201 200/205/200 202/207/202
f 203/208/203 201/206/201 202/207/202
f 203/208/203 202/207/202 204/209/204
f 205/210/205 203/208/203 204/209/204
f 205/210/205 204/209/204 206/211/206
f 207/212/207 205/210/205 208/213/208
f 205/210/205 206/211/206 208/213/208
f 209/214/209 207/212/207 208/213/208
f 209/214/209 208/213/208 210/215/210
f 211/216/211 209/214/209 210/215/210
f 211/216/211 210/215/210 212/217/212
f 213/218/213 211/216/211 214/219/214
f 211/216/211 212/217/212 214/219/214
f 215/220/215 213/218/213 214/219/214
f 215/220/215 214/219/214 216/221/216
f 217/222/217 215/220/215 218/223/218
f 215/220/215 216/221/216 218/223/218
f 219/224/219 217/222/217 220/225/220
f 217/222/217 218/223/218 220/225/220
f 221/226/221 219/224/219 220/225/220
f 221/226/221 220/225/220 222/227/222
f 223/228/223 221/226/221 222/227/222
f 223/228/223 222/227/222 224/229/224
f 163/166/163 162/165/162 223/228/223
f 163/166/163 223/228/223 224/229/224
f 161/164/161 225/230/225 226/231/226
f 161/164/161 226/231/226 162/165/162
f 227/232/227 226/231/226 225/230/225
f 227/232/227 225/230/225 228/233/228
f 165/168/165 229/234/229 161/164/161
f 229/234/229 225/230/225 161/164/161
f 228/233/228 225/230/225 230/235/230
f 225/230/225 229/234/229 230/235/230
f 167/170/167 231/236/231 165/168/165
f 231/236/231 229/234/229 165/168/165
f 230/235/230 229/234/229 231/236/231
f 230/235/230 231/236/231 232/237/232
f 169/172/169 233/238/233 231/236/231
f 169/172/169 231/236/231 167/170/167
f 232/237/232 231/236/231 234/239/234
f 231/236/231 233/238/233 234/239/234
f 171/174/171 235/240/235 233/238/233
f 171/174/171 233/238/233 169/172/169
f 234/239/234 233/238/233 235/240/235
f 234/239/234 235/240/235 236/241/236
f 173/176/173 237/242/237 171/174/171
f 237/242/237 235/240/235 171/174/171
f 236/241/236 235/240/235 237/242/237
f 236/241/236 237/242/237 238/243/238
f 175/178/175 239/244/239 237/242/237
f 175/178/175 237/242/237 173/176/173
f 238/243/238 237/242/237 240/245/240
f 237/242/237 239/244/239 240/245/240
f 177/180/177 241/246/241 239/244/239
f 177/180/177 239/244/239 175/178/175
f 240/245/240 239/244/239 241/246/241
f 240/245/240 241/246/241 242/247/242
f 179/182/179 243/248/243 177/183/177
f 243/248/243 241/249/241 177/183/177
f 242/250/242 241/249/241 244/251/244
f 241/249/241 243/248/243 244/251/244
f 181/186/181 245/252/245 243/248/243
f 181/186/181 243/248/243 179/182/179
f 244/251/244 243/248/243 246/253/246
f 243/248/243 245/252/245 246/253/246
f 183/188/183 247/254/247 181/186/181
f 247/254/247 245/252/245 181/186/181
f 246/253/246 245/252/245 247/254/247
f 246/253/246 247/254/247 248/255/248
f 185/190/185 249/256/249 247/254/247
f 185/190/185 247/254/247 183/188/183
f 248/255/248 247/254/247 250/257/250
f 247/254/247 249/256/249 250/257/250
f 187/192/187 251/258/251 249/256/249
f 187/192/187 249/256/249 185/190/185
f 250/257/250 249/256/249 251/258/251
f 250/257/250 251/258/251 252/259/252
f 189/194/189 253/260/253 187/192/187
f 253/260/253 251/258/251 187/192/187
f 252/259/252 251/258/251 254/261/254
f 251/258/251 253/260/253 254/261/254
f 191/196/191 255/262/255 253/260/253
f 191/196/191 253/260/253 189/194/189
f 254/261/254 253/260/253 256/263/256
f 253/260/253 255/262/255 256/263/256
f 193/198/193 257/264/257 191/196/191
f 257/264/257 255/262/255 191/196/191
f 256/263/256 255/262/255 257/264/257
f 256/263/256 257/264/257 258/265/258
f 195/200/195 259/266/259 257/264/257
f 195/200/195 257/264/257 193/198/193
f 258/265/258 257/264/257 260/267/260
f 257/264/257 259/266/259 260/267/260
f 197/202/197 261/268/261 259/266/259
f 197/202/197 259/266/259 195/200/195
f 260/267/260 259/266/259 262/269/262
f 259/266/259 261/268/261 262/269/262
f 199/204/199 263/270/263 197/202/197
f 263/270/263 261/268/261 197/202/197
f 262/269/262 261/268/261 263/270/263
f 262/269/262 263/270/263 264/271/264
f 201/206/201 265/272/265 263/270/263
f 201/206/201 263/270/263 199/204/199
f 264/271/264 263/270/263 266/273/266
f 263/270/263 265/272/265 266/273/266
f 203/208/203 267/274/267 265/272/265
f 203/208/203 265/272/265 201/206/201
f 266/273/266 265/272/265 268/275/268
f 265/272/265 267/274/267 268/275/268
f 205/210/205 269/276/269 267/274/267
f 205/210/205 267/274/267 203/208/203
f 268/275/268 267/274/267 270/277/270
f 267/274/267 269/276/269 270/277/270
f 207/212/207 271/278/271 205/210/205
f 271/278/271 269/276/269 205/210/205
f 270/277/270 269/276/269 271/278/271
f 270/277/270 271/278/271 272/279/272
f 209/214/209 273/280/273 271/278/271
f 209/214/209 271/278/271 207/212/207
f 272/279/272 271/278/271 273/280/273
f 272/279/272 273/280/273 274/281/274
f 211/216/211 275/282/275 273/280/273
f 211/216/211 273/280/273 209/214/209
f 274/281/274 273/280/273 276/283/276
f 273/280/273 275/282/275 276/283/276
f 213/218/213 277/284/277 211/216/211
f 277/284/277 275/282/275 211/216/211
f 276/283/276 275/282/275 277/284/277
f 276/283/276 277/284/277 278/285/278
f 215/220/215 279/286/279 213/218/213
f 279/286/279 277/284/277 213/218/213
f 278/285/278 277/284/277 279/286/279
f 278/285/278 279/286/279 280/287/280
f 217/222/217 281/288/281 279/286/279
f 217/222/217 279/286/279 215/220/215
f 280/287/280 279/286/279 281/288/281
f 280/287/280 281/288/281 282/289/282
f 219/224/219 283/290/283 217/222/217
f 283/290/283 281/288/281 217/222/217
f 282/289/282 281/288/281 284/291/284
f 281/288/281 283/290/283 284/291/284
f 221/226/221 285/292/285 283/290/283
f 221/226/221 283/290/283 219/224/219
f 284/291/284 283/290/283 286/293/286
f 283/290/283 285/292/285 286/293/286
f 223/228/223 287/294/287 285/292/285
f 223/228/223 285/292/285 221/226/221
f 286/293/286 285/292/285 287/294/287
f 286/293/286 287/294/287 288/295/288
f 162/165/162 226/231/226 223/228/223
f 226/231/226 287/294/287 223/228/223
f 288/295/288 287/294/287 227/232/227
f 287/294/287 226/231/226 227/232/227
f 227/232/227 228/233/228 289/296/289
f 227/232/227 289/296/289 290/297/290
f 291/298/291 290/297/290 289/296/289
f 291/298/291 289/296/289 292/299/292
f 228/233/228 230/235/230 289/296/289
f 230/235/230 293/300/293 289/296/289
f 292/299/292 289/296/289 294/301/294
f 289/296/289 293/300/293 294/301/294
f 230/235/230 232/237/232 295/302/295
f 230/235/230 295/302/295 293/300/293
f 294/301/294 293/300/293 296/303/296
f 293/300/293 295/302/295 296/303/296
f 232/237/232 234/239/234 297/304/297
f 232/237/232 297/304/297 295/302/295
f 296/303/296 295/302/295 297/304/297
f 296/303/296 297/304/297 298/305/298
f 234/239/234 236/241/236 299/306/299
f 234/239/234 299/306/299 297/304/297
f 298/305/298 297/304/297 299/306/299
f 298/305/298 299/306/299 300/307/300
f 236/241/236 238/243/238 299/306/299
f 238/243/238 301/308/301 299/306/299
f 300/307/300 299/306/299 302/309/302
f 299/306/299 301/308/301 302/309/302
f 238/243/238 240/245/240 303/310/303
f 238/243/238 303/310/303 301/308/301
f 302/309/302 301/308/301 303/310/303
f 302/309/302 303/310/303 304/311/304
f 240/245/240 242/247/242 305/312/305
f 240/245/240 305/312/305 303/310/303
f 304/311/304 303/310/303 306/313/306
f 303/310/303 305/312/305 306/313/306
f 242/250/242 244/251/244 305/314/305
f 244/251/244 307/315/307 305/314/305
f 306/316/306 305/314/305 307/315/307
f 306/316/306 307/315/307 308/317/308
f 244/251/244 246/253/246 307/315/307
f 246/253/246 309/318/309 307/315/307
f 308/317/308 307/315/307 310/319/310
f 307/315/307 309/318/309 310/319/310
f 246/253/246 248/255/248 311/320/311
f 246/253/246 311/320/311 309/318/309
f 310/319/310 309/318/309 312/321/312
f 309/318/309 311/320/311 312/321/312
f 248/255/248 250/257/250 311/320/311
f 250/257/250 313/322/313 311/320/311
f 312/321/312 311/320/311 314/323/314
f 311/320/311 313/322/313 314/323/314
f 250/257/250 252/259/252 315/324/315
f 250/257/250 315/324/315 313/322/313
f 314/323/314 313/322/313 316/325/316
f 313/322/313 315/324/315 316/325/316
f 252/259/252 254/261/254 315/324/315
f 254/261/254 317/326/317 315/324/315
f 316/325/316 315/324/315 317/326/317
f 316/325/316 317/326/317 318/327/318
f 254/261/254 256/263/256 319/328/319
f 254/261/254 319/328/319 317/326/317
f 318/327/318 317/326/317 319/328/319
f 318/327/318 319/328/319 320/329/320
f 256/263/256 258/265/258 321/330/321
f 256/263/256 321/330/321 319/328/319
f 320/329/320 319/328/319 322/331/322
f 319/328/319 321/330/321 322/331/322
f 258/265/258 260/267/260 321/330/321
f 260/267/260 323/332/323 321/330/321
f 322/331/322 321/330/321 324/333/324
f 321/330/321 323/332/323 324/333/324
f 260/267/260 262/269/262 325/334/325
f 260/267/260 325/334/325 323/332/323
f 324/333/324 323/332/323 325/334/325
f 324/333/324 325/334/325 326/335/326
f 262/269/262 264/271/264 325/334/325
f 264/271/264 327/336/327 325/334/325
f 326/335/326 325/334/325 328/337/328
f 325/334/325 327/336/327 328/337/328
f 264/271/264 266/273/266 327/336/327
f 266/273/266 329/338/329 327/336/327
f 328/337/328 327/336/327 329/338/329
f 328/337/328 329/338/329 330/339/330
f 266/273/266 268/275/268 331/340/331
f 266/273/266 331/340/331 329/338/329
f 330/339/330 329/338/329 331/340/331
f 330/339/330 331/340/331 332/341/332
f 268/275/268 270/277/270 333/342/333
f 268/275/268 333/342/333 331/340/331
f 332/341/332 331/340/331 334/343/334
f 331/340/331 333/342/333 334/343/334
f 270/277/270 272/279/272 333/342/333
f 272/279/272 335/344/335 333/342/333
f 334/343/334 333/342/333 336/345/336
f 333/342/333 335/344/335 336/345/336
f 272/279/272 274/281/274 337/346/337
f 272/279/272 337/346/337 335/344/335
f 336/345/336 335/344/335 337/346/337
f 336/345/336 337/346/337 338/347/338
f 274/281/274 276/283/276 337/346/337
f 276/283/276 339/348/339 337/346/337
f 338/347/338 337/346/337 340/349/340
f 337/346/337 339/348/339 340/349/340
f 276/283/276 278/285/278 341/350/341
f 276/283/276 341/350/341 339/348/339
f 340/349/340 339/348/339 341/350/341
f 340/349/340 341/350/341 342/351/342
f 278/285/278 280/287/280 341/350/341
f 280/287/280 343/352/343 341/350/341
f 342/351/342 341/350/341 344/353/344
f 341/350/341 343/352/343 344/353/344
f 280/287/280 282/289/282 345/354/345
f 280/287/280 345/354/345 343/352/343
f 344/353/344 343/352/343 346/355/346
f 343/352/343 345/354/345 346/355/346
f 282/289/282 284/291/284 345/354/345
f 284/291/284 347/356/347 345/354/345
f 346/355/346 345/354/345 347/356/347
f 346/355/346 347/356/347 348/357/348
f 284/291/284 286/293/286 349/358/349
f 284/291/284 349/358/349 347/356/347
f 348/357/348 347/356/347 350/359/350
f 347/356/347 349/358/349 350/359/350
f 286/293/286 288/295/288 351/360/351
f 286/293/286 351/360/351 349/358/349
f 350/359/350 349/358/349 351/360/351
f 350/359/350 351/360/351 352/361/352
f 288/295/288 227/232/227 351/360/351
f 227/232/227 290/297/290 351/360/351
f 352/361/352 351/360/351 291/298/291
f 351/360/351 290/297/290 291/298/291
f 353/362/353 291/298/291 292/299/292
f 353/362/353 292/299/292 354/363/354
f 354/363/354 292/299/292 355/364/355
f 292/299/292 294/301/294 355/364/355
f 355/364/355 294/301/294 296/303/296
f 355/364/355 296/303/296 356/365/356
f 356/365/356 296/303/296 357/366/357
f 296/303/296 298/305/298 357/366/357
f 357/366/357 298/305/298 300/307/300
f 357/366/357 300/307/300 358/367/358
f 358/367/358 300/307/300 302/309/302
f 358/367/358 302/309/302 359/368/359
f 359/368/359 302/309/302 360/369/360
f 302/309/302 304/311/304 360/369/360
f 360/369/360 304/311/304 306/313/306
f 360/369/360 306/313/306 361/370/361
f 361/371/361 306/316/306 362/372/362
f 306/316/306 308/317/308 362/372/362
f 362/372/362 308/317/308 363/373/363
f 308/317/308 310/319/310 363/373/363
f 363/373/363 310/319/310 312/321/312
f 363/373/363 312/321/312 364/374/364
f 364/374/364 312/321/312 314/323/314
f 364/374/364 314/323/314 365/375/365
f 365/375/365 314/323/314 316/325/316
f 365/375/365 316/325/316 366/376/366
f 366/376/366 316/325/316 318/327/318
f 366/376/366 318/327/318 367/377/367
f 367/377/367 318/327/318 368/378/368
f 318/327/318 320/329/320 368/378/368
f 368/378/368 320/329/320 369/379/369
f 320/329/320 322/331/322 369/379/369
f 369/379/369 322/331/322 324/333/324
f 369/379/369 324/333/324 370/380/370
f 370/380/370 324/333/324 371/381/371
f 324/333/324 326/335/326 371/381/371
f 371/381/371 326/335/326 328/337/328
f 371/381/371 328/337/328 372/382/372
f 372/382/372 328/337/328 373/383/373
f 328/337/328 330/339/330 373/383/373
f 373/383/373 330/339/330 332/341/332
f 373/383/373 332/341/332 374/384/374
f 374/384/374 332/341/332 375/385/375
f 332/341/332 334/343/334 375/385/375
f 375/385/375 334/343/334 336/345/336
f 375/385/375 336/345/336 376/386/376
f 376/386/376 336/345/336 338/347/338
f 376/386/376 338/347/338 377/387/377
f 377/387/377 338/347/338 340/349/340
f 377/387/377 340/349/340 378/388/378
f 378/388/378 340/349/340 379/389/379
f 340/349/340 342/351/342 379/389/379
f 379/389/379 342/351/342 344/353/344
f 379/389/379 344/353/344 380/390/380
f 380/390/380 344/353/344 381/391/381
f 344/353/344 346/355/346 381/391/381
f 381/391/381 346/355/346 348/357/348
f 381/391/381 348/357/348 382/392/382
f 382/392/382 348/357/348 350/359/350
f 382/392/382 350/359/350 383/393/383
f 383/393/383 350/359/350 384/394/384
f 350/359/350 352/361/352 384/394/384
f 384/394/384 352/361/352 291/298/291
f 384/394/384 291/298/291 353/362/353
f 353/362/353 354/363/354 385/395/385
f 353/362/353 385/395/385 386/396/386
f 387/397/387 386/396/386 388/398/388
f 386/396/386 385/395/385 388/398/388
f 354/363/354 355/364/355 389/399/389
f 354/363/354 389/399/389 385/395/385
f 388/398/388 385/395/385 389/399/389
f 388/398/388 389/399/389 390/400/390
f 355/364/355 356/365/356 389/399/389
f 356/365/356 391/401/391 389/399/389
f 390/400/390 389/399/389 392/402/392
f 389/399/389 391/401/391 392/402/392
f 356/365/356 357/366/357 393/403/393
f 356/365/356 393/403/393 391/401/391
f 392/402/392 391/401/391 393/403/393
f 392/402/392 393/403/393 394/404/394
f 357/366/357 358/367/358 393/403/393
f 358/367/358 395/405/395 393/403/393
f 394/404/394 393/403/393 396/406/396
f 393/403/393 395/405/395 396/406/396
f 358/367/358 359/368/359 397/407/397
f 358/367/358 397/407/397 395/405/395
f 396/406/396 395/405/395 397/407/397
f 396/406/396 397/407/397 398/408/398
f 359/368/359 360/369/360 397/407/397
f 360/369/360 399/409/399 397/407/397
f 398/408/398 397/407/397 400/410/400
f 397/407/397 399/409/399 400/410/400
f 360/369/360 361/370/361 401/411/401
f 360/369/360 401/411/401 399/409/399
f 400/410/400 399/409/399 401/411/401
f 400/410/400 401/411/401 402/412/402
f 361/371/361 362/372/362 401/413/401
f 362/372/362 403/414/403 401/413/401
f 402/415/402 401/413/401 403/414/403
f 402/415/402 403/414/403 404/416/404
f 362/372/362 363/373/363 403/414/403
f 363/373/363 405/417/405 403/414/403
f 404/416/404 403/414/403 406/418/406
f 403/414/403 405/417/405 406/418/406
f 363/373/363 364/374/364 407/419/407
f 363/373/363 407/419/407 405/417/405
f 406/418/406 405/417/405 407/419/407
f 406/418/406 407/419/407 408/420/408
f 364/374/364 365/375/365 409/421/409
f 364/374/364 409/421/409 407/419/407
f 408/420/408 407/419/407 409/421/409
f 408/420/408 409/421/409 410/422/410
f 365/375/365 366/376/366 409/421/409
f 366/376/366 411/423/411 409/421/409
f 410/422/410 409/421/409 412/424/412
f 409/421/409 411/423/411 412/424/412
f 366/376/366 367/377/367 411/423/411
f 367/377/367 413/425/413 411/423/411
f 412/424/412 411/423/411 414/426/414
f 411/423/411 413/425/413 414/426/414
f 367/377/367 368/378/368 413/425/413
f 368/378/368 415/427/415 413/425/413
f 414/426/414 413/425/413 416/428/416
f 413/425/413 415/427/415 416/428/416
f 368/378/368 369/379/369 415/427/415
f 369/379/369 417/429/417 415/427/415
f 416/428/416 415/427/415 417/429/417
f 416/428/416 417/429/417 418/430/418
f 369/379/369 370/380/370 419/431/419
f 369/379/369 419/431/419 417/429/417
f 418/430/418 417/429/417 419/431/419
f 418/430/418 419/431/419 420/432/420
f 370/380/370 371/381/371 421/433/421
f 370/380/370 421/433/421 419/431/419
f 420/432/420 419/431/419 421/433/421
f 420/432/420 421/433/421 422/434/422
f 371/381/371 372/382/372 421/433/421
f 372/382/372 423/435/423 421/433/421
f 422/434/422 421/433/421 424/436/424
f 421/433/421 423/435/423 424/436/424
f 372/382/372 373/383/373 423/435/423
f 373/383/373 425/437/425 423/435/423
f 424/436/424 423/435/423 426/438/426
f 423/435/423 425/437/425 426/438/426
f 373/383/373 374/384/374 427/439/427
f 373/383/373 427/439/427 425/437/425
f 426/438/426 425/437/425 427/439/427
f 426/438/426 427/439/427 428/440/428
f 374/384/374 375/385/375 427/439/427
f 375/385/375 429/441/429 427/439/427
f 428/440/428 427/439/427 429/441/429
f 428/440/428 429/441/429 430/442/430
f 375/385/375 376/386/376 429/441/429
f 376/386/376 431/443/431 429/441/429
f 430/442/430 429/441/429 432/444/432
f 429/441/429 431/443/431 432/444/432
f 376/386/376 377/387/377 433/445/433
f 376/386/376 433/445/433 431/443/431
f 432/444/432 431/443/431 433/445/433
f 432/444/432 433/445/433 434/446/434
f 377/387/377 378/388/378 433/445/433
f 378/388/378 435/447/435 433/445/433
f 434/446/434 433/445/433 436/448/436
f 433/445/433 435/447/435 436/448/436
f 378/388/378 379/389/379 435/447/435
f 379/389/379 437/449/437 435/447/435
f 436/448/436 435/447/435 437/449/437
f 436/448/436 437/449/437 438/450/438
f 379/389/379 380/390/380 439/451/439
f 379/389/379 439/451/439 437/449/437
f 438/450/438 437/449/437 440/452/440
f 437/449/437 439/451/439 440/452/440
f 380/390/380 381/391/381 439/451/439
f 381/391/381 441/453/441 439/451/439
f 440/452/440 439/451/439 442/454/442
f 439/451/439 441/453/441 442/454/442
f 381/391/381 382/392/382 443/455/443
f 381/391/381 443/455/443 441/453/441
f 442/454/442 441/453/441 443/455/443
f 442/454/442 443/455/443 444/456/444
f 382/392/382 383/393/383 445/457/445
f 382/392/382 445/457/445 443/455/443
f 444/456/444 443/455/443 446/458/446
f 443/455/443 445/457/445 446/458/446
f 383/393/383 384/394/384 447/459/447
f 383/393/383 447/459/447 445/457/445
f 446/458/446 445/457/445 448/460/448
f 445/457/445 447/459/447 448/460/448
f 384/394/384 353/362/353 447/459/447
f 353/362/353 386/396/386 447/459/447
f 448/460/448 447/459/447 386/396/386
f 448/460/448 386/396/386 387/397/387
f 449/461/449 387/397/387 388/398/388
f 449/461/449 388/398/388 450/462/450
f 450/462/450 388/398/388 451/463/451
f 388/398/388 390/400/390 451/463/451
f 451/463/451 390/400/390 392/402/392
f 451/463/451 392/402/392 452/464/452
f 452/464/452 392/402/392 453/465/453
f 392/402/392 394/404/394 453/465/453
f 453/465/453 394/404/394 454/466/454
f 394/404/394 396/406/396 454/466/454
f 454/466/454 396/406/396 398/408/398
f 454/466/454 398/408/398 455/467/455
f 455/467/455 398/408/398 400/410/400
f 455/467/455 400/410/400 456/468/456
f 456/468/456 400/410/400 402/412/402
f 456/468/456 402/412/402 457/469/457
f 457/470/457 402/415/402 458/471/458
f 402/415/402 404/416/404 458/471/458
f 458/471/458 404/416/404 459/472/459
f 404/416/404 406/418/406 459/472/459
f 459/472/459 406/418/406 408/420/408
f 459/472/459 408/420/408 460/473/460
f 460/473/460 408/420/408 461/474/461
f 408/420/408 410/422/410 461/474/461
f 461/474/461 410/422/410 462/475/462
f 410/422/410 412/424/412 462/475/462
f 462/475/462 412/424/412 414/426/414
f 462/475/462 414/426/414 463/476/463
f 463/476/463 414/426/414 416/428/416
f 463/476/463 416/428/416 464/477/464
f 464/477/464 416/428/416 465/478/465
f 416/428/416 418/430/418 465/478/465
f 465/478/465 418/430/418 466/479/466
f 418/430/418 420/432/420 466/479/466
f 466/479/466 420/432/420 422/434/422
f 466/479/466 422/434/422 467/480/467
f 467/480/467 422/434/422 468/481/468
f 422/434/422 424/436/424 468/481/468
f 468/481/468 424/436/424 469/482/469
f 424/436/424 426/438/426 469/482/469
f 469/482/469 426/438/426 428/440/428
f 469/482/469 428/440/428 470/483/470
f 470/483/470 428/440/428 471/484/471
f 428/440/428 430/442/430 471/484/471
f 471/484/471 430/442/430 432/444/432
f 471/484/471 432/444/432 472/485/472
f 472/485/472 432/444/432 473/486/473
f 432/444/432 434/446/434 473/486/473
f 473/486/473 434/446/434 436/448/436
f 473/486/473 436/448/436 474/487/474
f 474/487/474 436/448/436 475/488/475
f 436/448/436 438/450/438 475/488/475
f 475/488/475 438/450/438 440/452/440
f 475/488/475 440/452/440 476/489/476
f 476/489/476 440/452/440 442/454/442
f 476/489/476 442/454/442 477/490/477
f 477/490/477 442/454/442 478/491/478
f 442/454/442 444/456/444 478/491/478
f 478/491/478 444/456/444 446/458/446
f 478/491/478 446/458/446 479/492/479
f 479/492/479 446/458/446 448/460/448
f 479/492/479 448/460/448 480/493/480
f 480/493/480 448/460/448 449/461/449
f 448/460/448 387/397/387 449/461/449
f 449/494/481 450/495/482 481/496/483
f 449/494/481 481/496/483 482/497/484
f 483/498/485 484/499/486 481/496/483
f 484/499/486 482/497/484 481/496/483
f 450/495/482 451/500/487 485/501/488
f 450/495/482 485/501/488 481/496/483
f 486/502/489 483/498/485 485/501/488
f 483/498/485 481/496/483 485/501/488
f 451/500/487 452/503/490 487/504/491
f 451/500/487 487/504/491 485/501/488
f 488/505/492 486/502/489 485/501/488
f 488/505/492 485/501/488 487/504/491
f 452/503/490 453/506/493 487/504/491
f 453/506/493 489/507/494 487/504/491
f 490/508/495 488/505/492 487/504/491
f 490/508/495 487/504/491 489/507/494
f 453/506/493 454/509/496 491/510/497
f 453/506/493 491/510/497 489/507/494
f 492/511/498 490/508/495 489/507/494
f 492/511/498 489/507/494 491/510/497
f 454/509/496 455/512/499 493/513/500
f 454/509/496 493/513/500 491/510/497
f 494/514/501 492/511/498 493/513/500
f 492/511/498 491/510/497 493/513/500
f 455/512/499 456/515/502 495/516/503
f 455/512/499 495/516/503 493/513/500
f 496/517/504 494/514/501 495/516/503
f 494/514/501 493/513/500 495/516/503
f 456/515/502 457/518/505 497/519/506
f 456/515/502 497/519/506 495/516/503
f 498/520/507 496/517/504 497/519/506
f 496/517/504 495/516/503 497/519/506
f 457/521/505 458/522/508 499/523/509
f 457/521/505 499/523/509 497/524/506
f 500/525/510 498/526/507 497/524/506
f 500/525/510 497/524/506 499/523/509
f 458/522/508 459/527/511 499/523/509
f 459/527/511 501/528/512 499/523/509
f 502/529/513 500/525/510 499/523/509
f 502/529/513 499/523/509 501/528/512
f 459/527/511 460/530/514 503/531/515
f 459/527/511 503/531/515 501/528/512
f 504/532/516 502/529/513 503/531/515
f 502/529/513 501/528/512 503/531/515
f 460/530/514 461/533/517 503/531/515
f 461/533/517 505/534/518 503/531/515
f 506/535/519 504/532/516 503/531/515
f 506/535/519 503/531/515 505/534/518
f 461/533/517 462/536/520 507/537/521
f 461/533/517 507/537/521 505/534/518
f 508/538/522 506/535/519 507/537/521
f 506/535/519 505/534/518 507/537/521
f 462/536/520 463/539/523 507/537/521
f 463/539/523 509/540/524 507/537/521
f 510/541/525 508/538/522 509/540/524
f 508/538/522 507/537/521 509/540/524
f 463/539/523 464/542/526 511/543/527
f 463/539/523 511/543/527 509/540/524
f 512/544/528 510/541/525 511/543/527
f 510/541/525 509/540/524 511/543/527
f 464/542/526 465/545/529 511/543/527
f 465/545/529 513/546/530 511/543/527
f 514/547/531 512/544/528 511/543/527
f 514/547/531 511/543/527 513/546/530
f 465/545/529 466/548/532 515/549/533
f 465/545/529 515/549/533 513/546/530
f 516/550/534 514/547/531 515/549/533
f 514/547/531 513/546/530 515/549/533
f 466/548/532 467/551/535 517/552/536
f 466/548/532 517/552/536 515/549/533
f 518/553/537 516/550/534 515/549/533
f 518/553/537 515/549/533 517/552/536
f 467/551/535 468/554/538 517/552/536
f 468/554/538 519/555/539 517/552/536
f 520/556/540 518/553/537 517/552/536
f 520/556/540 517/552/536 519/555/539
f 468/554/538 469/557/541 519/555/539
f 469/557/541 521/558/542 519/555/539
f 522/559/543 520/556/540 519/555/539
f 522/559/543 519/555/539 521/558/542
f 469/557/541 470/560/544 523/561/545
f 469/557/541 523/561/545 521/558/542
f 524/562/546 522/559/543 521/558/542
f 524/562/546 521/558/542 523/561/545
f 470/560/544 471/563/547 523/561/545
f 471/563/547 525/564/548 523/561/545
f 526/565/549 524/562/546 523/561/545
f 526/565/549 523/561/545 525/564/548
f 471/563/547 472/566/550 527/567/551
f 471/563/547 527/567/551 525/564/548
f 528/568/552 526/565/549 525/564/548
f 528/568/552 525/564/548 527/567/551
f 472/566/550 473/569/553 527/567/551
f 473/569/553 529/570/554 527/567/551
f 530/571/555 528/568/552 529/570/554
f 528/568/552 527/567/551 529/570/554
f 473/569/553 474/572/556 531/573/557
f 473/569/553 531/573/557 529/570/554
f 532/574/558 530/571/555 529/570/554
f 532/574/558 529/570/554 531/573/557
f 474/572/556 475/575/559 531/573/557
f 475/575/559 533/576/560 531/573/557
f 534/577/561 532/574/558 533/576/560
f 532/574/558 531/573/557 533/576/560
f 475/575/559 476/578/562 535/579/563
f 475/575/559 535/579/563 533/576/560
f 536/580/564 534/577/561 535/579/563
f 534/577/561 533/576/560 535/579/563
f 476/578/562 477/581/565 535/579/563
f 477/581/565 537/582/566 535/579/563
f 538/583/567 536/580/564 535/579/563
f 538/583/567 535/579/563 537/582/566
f 477/581/565 478/584/568 537/582/566
f 478/584/568 539/585/569 537/582/566
f 540/586/570 538/583/567 537/582/566
f 540/586/570 537/582/566 539/585/569
f 478/584/568 479/587/571 541/588/572
f 478/584/568 541/588/572 539/585/569
f 542/589/573 540/586/570 541/588/572
f 540/586/570 539/585/569 541/588/572
f 479/587/571 480/590/574 541/588/572
f 480/590/574 543/591/575 541/588/572
f 544/592/576 542/589/573 541/588/572
f 544/592/576 541/588/572 543/591/575
f 480/590/574 449/494/481 543/591/575
f 449/494/481 482/497/484 543/591/575
f 484/499/486 544/592/576 543/591/575
f 484/499/486 543/591/575 482/497/484
f 545/593/577 484/499/486 483/498/485
f 545/593/577 483/498/485 546/594/578
f 546/594/578 483/498/485 547/595/579
f 483/498/485 486/502/489 547/595/579
f 547/595/579 486/502/489 548/596/580
f 486/502/489 488/505/492 548/596/580
f 548/596/580 488/505/492 549/597/581
f 488/505/492 490/508/495 549/597/581
f 549/597/581 490/508/495 492/511/498
f 549/597/581 492/511/498 550/598/582
f 550/598/582 492/511/498 551/599/583
f 492/511/498 494/514/501 551/599/583
f 551/599/583 494/514/501 496/517/504
f 551/599/583 496/517/504 552/600/584
f 552/600/584 496/517/504 553/601/585
f 496/517/504 498/520/507 553/601/585
f 553/602/585 498/526/507 500/525/510
f 553/602/585 500/525/510 554/603/586
f 554/603/586 500/525/510 502/529/513
f 554/603/586 502/529/513 555/604/587
f 555/604/587 502/529/513 556/605/588
f 502/529/513 504/532/516 556/605/588
f 556/605/588 504/532/516 506/535/519
f 556/605/588 506/535/519 557/606/589
f 557/606/589 506/535/519 558/607/590
f 506/535/519 508/538/522 558/607/590
f 558/607/590 508/538/522 559/608/591
f 508/538/522 510/541/525 559/608/591
f 559/608/591 510/541/525 512/544/528
f 559/608/591 512/544/528 560/609/592
f 560/609/592 512/544/528 561/610/593
f 512/544/528 514/547/531 561/610/593
f 561/610/593 514/547/531 562/611/594
f 514/547/531 516/550/534 562/611/594
f 562/611/594 516/550/534 563/612/595
f 516/550/534 518/553/537 563/612/595
f 563/612/595 518/553/537 520/556/540
f 563/612/595 520/556/540 564/613/596
f 564/613/596 520/556/540 522/559/543
f 564/613/596 522/559/543 565/614/597
f 565/614/597 522/559/543 524/562/546
f 565/614/597 524/562/546 566/615/598
f 566/615/598 524/562/546 567/616/599
f 524/562/546 526/565/549 567/616/599
f 567/616/599 526/565/549 528/568/552
f 567/616/599 528/568/552 568/617/600
f 568/617/600 528/568/552 569/618/601
f 528/568/552 530/571/555 569/618/601
f 569/618/601 530/571/555 532/574/558
f 569/618/601 532/574/558 570/619/602
f 570/619/602 532/574/558 571/620/603
f 532/574/558 534/577/561 571/620/603
f 571/620/603 534/577/561 536/580/564
f 571/620/603 536/580/564 572/621/604
f 572/621/604 536/580/564 538/583/567
f 572/621/604 538/583/567 573/622/605
f 573/622/605 538/583/567 540/586/570
f 573/622/605 540/586/570 574/623/606
f 574/623/606 540/586/570 575/624/607
f 540/586/570 542/589/573 575/624/607
f 575/624/607 542/589/573 544/592/576
f 575/624/607 544/592/576 576/625/608
f 576/625/608 544/592/576 484/499/486
f 576/625/608 484/499/486 545/593/577
f 577/626/609 578/627/610 579/628/611
f 578/627/610 580/629/612 579/628/611
f 580/629/612 578/627/610 581/630/613
f 580/629/612 581/630/613 582/631/614
f 583/632/615 584/633/616 578/627/610
f 583/632/615 578/627/610 577/626/609
f 578/627/610 584/633/616 581/630/613
f 584/633/616 585/634/617 581/630/613
f 586/635/618 587/636/619 584/633/616
f 586/635/618 584/633/616 583/632/615
f 584/633/616 587/636/619 588/637/620
f 584/633/616 588/637/620 585/634/617
f 589/638/621 590/639/622 587/636/619
f 589/638/621 587/636/619 586/635/618
f 587/636/619 590/639/622 588/637/620
f 590/639/622 591/640/623 588/637/620
f 592/641/624 593/642/625 590/639/622
f 592/641/624 590/639/622 589/638/621
f 590/639/622 593/642/625 594/643/626
f 590/639/622 594/643/626 591/640/623
f 595/644/627 596/645/628 592/641/624
f 596/645/628 593/642/625 592/641/624
f 593/642/625 596/645/628 597/646/629
f 593/642/625 597/646/629 594/643/626
f 598/647/630 599/648/631 596/645/628
f 598/647/630 596/645/628 595/644/627
f 596/645/628 599/648/631 597/646/629
f 599/648/631 600/649/632 597/646/629
f 601/650/633 602/651/634 598/647/630
f 602/651/634 599/648/631 598/647/630
f 599/648/631 602/651/634 603/652/635
f 599/648/631 603/652/635 600/649/632
f 604/653/636 605/654/637 602/655/634
f 604/653/636 602/655/634 601/656/633
f 602/655/634 605/654/637 606/657/638
f 602/655/634 606/657/638 603/658/635
f 607/659/639 608/660/640 604/653/636
f 608/660/640 605/654/637 604/653/636
f 605/654/637 608/660/640 606/657/638
f 608/660/640 609/661/641 606/657/638
f 610/662/642 611/663/643 608/660/640
f 610/662/642 608/660/640 607/659/639
f 608/660/640 611/663/643 612/664/644
f 608/660/640 612/664/644 609/661/641
f 613/665/645 614/666/646 610/662/642
f 614/666/646 611/663/643 610/662/642
f 611/663/643 614/666/646 615/667/647
f 611/663/643 615/667/647 612/664/644
f 616/668/648 617/669/649 613/665/645
f 617/669/649 614/666/646 613/665/645
f 614/666/646 617/669/649 618/670/650
f 614/666/646 618/670/650 615/667/647
f 619/671/651 620/672/652 617/669/649
f 619/671/651 617/669/649 616/668/648
f 617/669/649 620/672/652 621/673/653
f 617/669/649 621/673/653 618/670/650
f 622/674/654 623/675/655 619/671/651
f 623/675/655 620/672/652 619/671/651
f 620/672/652 623/675/655 624/676/656
f 620/672/652 624/676/656 621/673/653
f 625/677/657 626/678/658 623/675/655
f 625/677/657 623/675/655 622/674/654
f 623/675/655 626/678/658 627/679/659
f 623/675/655 627/679/659 624/676/656
f 628/680/660 629/681/661 626/678/658
f 628/680/660 626/678/658 625/677/657
f 626/678/658 629/681/661 630/682/662
f 626/678/658 630/682/662 627/679/659
f 631/683/663 632/684/664 629/681/661
f 631/683/663 629/681/661 628/680/660
f 629/681/661 632/684/664 633/685/665
f 629/681/661 633/685/665 630/682/662
f 634/686/666 635/687/667 631/683/663
f 635/687/667 632/684/664 631/683/663
f 632/684/664 635/687/667 636/688/668
f 632/684/664 636/688/668 633/685/665
f 637/689/669 638/690/670 635/687/667
f 637/689/669 635/687/667 634/686/666
f 635/687/667 638/690/670 639/691/671
f 635/687/667 639/691/671 636/688/668
f 640/692/672 641/693/673 638/690/670
f 640/692/672 638/690/670 637/689/669
f 638/690/670 641/693/673 642/694/674
f 638/690/670 642/694/674 639/691/671
f 643/695/675 644/696/676 640/692/672
f 644/696/676 641/693/673 640/692/672
f 641/693/673 644/696/676 642/694/674
f 644/696/676 645/697/677 642/694/674
f 646/698/678 647/699/679 643/695/675
f 647/699/679 644/696/676 643/695/675
f 644/696/676 647/699/679 648/700/680
f 644/696/676 648/700/680 645/697/677
f 649/701/681 650/702/682 647/699/679
f 649/701/681 647/699/679 646/698/678
f 647/699/679 650/702/682 651/703/683
f 647/699/679 651/703/683 648/700/680
f 652/704/684 653/705/685 650/702/682
f 652/704/684 650/702/682 649/701/681
f 650/702/682 653/705/685 654/706/686
f 650/702/682 654/706/686 651/703/683
f 655/707/687 656/708/688 652/704/684
f 656/708/688 653/705/685 652/704/684
f 653/705/685 656/708/688 657/709/689
f 653/705/685 657/709/689 654/706/686
f 658/710/690 659/711/691 656/708/688
f 658/710/690 656/708/688 655/707/687
f 656/708/688 659/711/691 657/709/689
f 659/711/691 660/712/692 657/709/689
f 661/713/693 662/714/694 659/711/691
f 661/713/693 659/711/691 658/710/690
f 659/711/691 662/714/694 663/715/695
f 659/711/691 663/715/695 660/712/692
f 664/716/696 665/717/697 662/714/694
f 664/716/696 662/714/694 661/713/693
f 662/714/694 665/717/697 663/715/695
f 665/717/697 666/718/698 663/715/695
f 667/719/699 668/720/700 664/716/696
f 668/720/700 665/717/697 664/716/696
f 665/717/697 668/720/700 669/721/701
f 665/717/697 669/721/701 666/718/698
f 670/722/702 671/723/703 668/720/700
f 670/722/702 668/720/700 667/719/699
f 668/720/700 671/723/703 672/724/704
f 668/720/700 672/724/704 669/721/701
f 579/628/611 580/629/612 671/723/703
f 579/628/611 671/723/703 670/722/702
f 671/723/703 580/629/612 582/631/614
f 671/723/703 582/631/614 672/724/704
f 673/725/705 674/726/706 581/727/707
f 674/726/706 582/728/708 581/727/707
f 675/729/709 673/725/705 581/727/707
f 675/729/709 581/727/707 585/730/710
f 676/731/711 675/729/709 588/732/712
f 675/729/709 585/730/710 588/732/712
f 677/733/713 676/731/711 588/732/712
f 677/733/713 588/732/712 591/734/714
f 678/735/715 677/733/713 591/734/714
f 678/735/715 591/734/714 594/736/716
f 679/737/717 678/735/715 597/738/718
f 678/735/715 594/736/716 597/738/718
f 680/739/719 679/737/717 597/738/718
f 680/739/719 597/738/718 600/740/720
f 681/741/721 680/739/719 603/742/722
f 680/739/719 600/740/720 603/742/722
f 682/743/723 681/741/721 606/744/724
f 681/741/721 603/742/722 606/744/724
f 683/745/725 682/743/723 606/744/724
f 683/745/725 606/744/724 609/746/726
f 684/747/727 683/745/725 609/746/726
f 684/747/727 609/746/726 612/748/728
f 685/749/729 684/747/727 615/750/730
f 684/747/727 612/748/728 615/750/730
f 686/751/731 685/749/729 618/752/732
f 685/749/729 615/750/730 618/752/732
f 687/753/733 686/751/731 621/754/734
f 686/751/731 618/752/732 621/754/734
f 688/755/735 687/753/733 621/754/734
f 688/755/735 621/754/734 624/756/736
f 689/757/737 688/755/735 627/758/738
f 688/755/735 624/756/736 627/758/738
f 690/759/739 689/757/737 630/760/740
f 689/757/737 627/758/738 630/760/740
f 691/761/741 690/759/739 630/760/740
f 691/761/741 630/760/740 633/762/742
f 692/763/743 691/761/741 633/762/742
f 692/763/743 633/762/742 636/764/744
f 693/765/745 692/763/743 639/766/746
f 692/763/743 636/764/744 639/766/746
f 694/767/747 693/765/745 639/766/746
f 694/767/747 639/766/746 642/768/748
f 695/769/749 694/767/747 645/770/750
f 694/767/747 642/768/748 645/770/750
f 696/771/751 695/769/749 648/772/752
f 695/769/749 645/770/750 648/772/752
f 697/773/753 696/771/751 648/772/752
f 697/773/753 648/772/752 651/774/754
f 698/775/755 697/773/753 654/776/756
f 697/773/753 651/774/754 654/776/756
f 699/777/757 698/775/755 657/778/758
f 698/775/755 654/776/756 657/778/758
f 700/779/759 699/777/757 657/778/758
f 700/779/759 657/778/758 660/780/760
f 701/781/761 700/779/759 663/782/762
f 700/779/759 660/780/760 663/782/762
f 702/783/763 701/781/761 663/782/762
f 702/783/763 663/782/762 666/784/764
f 703/785/765 702/783/763 669/786/766
f 702/783/763 666/784/764 669/786/766
f 704/787/767 703/785/765 672/788/768
f 703/785/765 669/786/766 672/788/768
f 674/726/706 704/787/767 582/728/708
f 704/787/767 672/788/768 582/728/708
f 705/789/769 706/790/770 707/791/771
f 705/789/769 707/791/771 708/792/772
f 709/793/773 705/789/769 708/792/772
f 709/793/773 708/792/772 710/794/774
f 711/795/775 709/793/773 712/796/776
f 709/793/773 710/794/774 712/796/776
f 713/797/777 711/795/775 714/798/778
f 711/795/775 712/796/776 714/798/778
f 715/799/779 713/797/777 716/800/780
f 713/797/777 714/798/778 716/800/780
f 717/801/781 715/799/779 716/800/780
f 717/801/781 716/800/780 718/802/782
f 719/803/783 717/801/781 718/802/782
f 719/803/783 718/802/782 720/804/784
f 721/805/785 719/803/783 722/806/786
f 719/803/783 720/804/784 722/806/786
f 723/807/787 721/805/785 722/806/786
f 723/807/787 722/806/786 724/808/788
f 725/809/789 723/807/787 726/810/790
f 723/807/787 724/808/788 726/810/790
f 727/811/791 725/809/789 728/812/792
f 725/809/789 726/810/790 728/812/792
f 729/813/793 727/811/791 728/812/792
f 729/813/793 728/812/792 730/814/794
f 731/815/795 729/813/793 730/814/794
f 731/815/795 730/814/794 732/816/796
f 733/817/797 731/815/795 734/818/798
f 731/815/795 732/816/796 734/818/798
f 735/819/799 733/817/797 734/818/798
f 735/819/799 734/818/798 736/820/800
f 737/821/801 735/819/799 738/822/802
f 735/819/799 736/820/800 738/822/802
f 739/823/803 737/821/801 738/822/802
f 739/823/803 738/822/802 740/824/804
f 741/825/805 739/823/803 740/824/804
f 741/825/805 740/824/804 742/826/806
f 743/827/807 741/825/805 744/828/808
f 741/825/805 742/826/806 744/828/808
f 745/829/809 743/827/807 746/830/810
f 743/827/807 744/828/808 746/830/810
f 747/831/811 745/829/809 748/832/812
f 745/829/809 746/830/810 748/832/812
f 749/833/813 747/831/811 748/832/812
f 749/833/813 748/832/812 750/834/814
f 751/835/815 749/833/813 752/836/816
f 749/833/813 750/834/814 752/836/816
f 753/837/817 751/835/815 752/836/816
f 753/837/817 752/836/816 754/838/818
f 755/839/819 753/837/817 756/840/820
f 753/837/817 754/838/818 756/840/820
f 757/841/821 755/839/819 758/842/822
f 755/839/819 756/840/820 758/842/822
f 759/843/823 757/841/821 758/842/822
f 759/843/823 758/842/822 760/844/824
f 761/845/825 759/843/823 762/846/826
f 759/843/823 760/844/824 762/846/826
f 763/847/827 761/845/825 762/846/826
f 763/847/827 762/846/826 764/848/828
f 765/849/829 763/847/827 766/850/830
f 763/847/827 764/848/828 766/850/830
f 767/851/831 765/849/829 766/850/830
f 767/851/831 766/850/830 768/852/832
f 706/790/770 767/851/831 707/791/771
f 767/851/831 768/852/832 707/791/771
f 769/853/833 770/854/834 771/855/835
f 769/853/833 771/855/835 772/856/836
f 773/857/837 769/853/833 772/856/836
f 773/857/837 772/856/836 774/858/838
f 775/859/839 773/857/837 776/860/840
f 773/857/837 774/858/838 776/860/840
f 777/861/841 775/859/839 778/862/842
f 775/859/839 776/860/840 778/862/842
f 779/863/843 777/861/841 778/862/842
f 779/863/843 778/862/842 780/864/844
f 781/865/845 779/863/843 782/866/846
f 779/863/843 780/864/844 782/866/846
f 783/867/847 781/865/845 782/866/846
f 783/867/847 782/866/846 784/868/848
f 785/869/849 783/867/847 786/870/850
f 783/867/847 784/868/848 786/870/850
f 787/871/851 785/869/849 786/870/850
f 787/871/851 786/870/850 788/872/852
f 789/873/853 787/871/851 790/874/854
f 787/871/851 788/872/852 790/874/854
f 791/875/855 789/873/853 792/876/856
f 789/873/853 790/874/854 792/876/856
f 793/877/857 791/875/855 792/876/856
f 793/877/857 792/876/856 794/878/858
f 795/879/859 793/877/857 796/880/860
f 793/877/857 794/878/858 796/880/860
f 797/881/861 795/879/859 796/880/860
f 797/881/861 796/880/860 798/882/862
f 799/883/863 797/881/861 800/884/864
f 797/881/861 798/882/862 800/884/864
f 801/885/865 799/883/863 802/886/866
f 799/883/863 800/884/864 802/886/866
f 803/887/867 801/885/865 802/886/866
f 803/887/867 802/886/866 804/888/868
f 805/889/869 803/887/867 806/890/870
f 803/887/867 804/888/868 806/890/870
f 807/891/871 805/889/869 808/892/872
f 805/889/869 806/890/870 808/892/872
f 809/893/873 807/891/871 808/892/872
f 809/893/873 808/892/872 810/894/874
f 811/895/875 809/893/873 810/894/874
f 811/895/875 810/894/874 812/896/876
f 813/897/877 811/895/875 814/898/878
f 811/895/875 812/896/876 814/898/878
f 815/899/879 813/897/877 814/898/878
f 815/899/879 814/898/878 816/900/880
f 817/901/881 815/899/879 818/902/882
f 815/899/879 816/900/880 818/902/882
f 819/903/883 817/901/881 818/902/882
f 819/903/883 818/902/882 820/904/884
f 821/905/885 819/903/883 820/904/884
f 821/905/885 820/904/884 822/906/886
f 823/907/887 821/905/885 824/908/888
f 821/905/885 822/906/886 824/908/888
f 825/909/889 823/907/887 824/908/888
f 825/909/889 824/908/888 826/910/890
f 827/911/891 825/909/889 826/910/890
f 827/911/891 826/910/890 828/912/892
f 829/913/893 827/911/891 830/914/894
f 827/911/891 828/912/892 830/914/894
f 831/915/895 829/913/893 832/916/896
f 829/913/893 830/914/894 832/916/896
f 770/854/834 831/915/895 771/855/835
f 831/915/895 832/916/896 771/855/835
f 833/917/897 834/918/898 835/919/899
f 833/917/897 835/919/899 836/920/900
f 837/921/901 833/917/897 836/920/900
f 837/921/901 836/920/900 838/922/902
f 839/923/903 837/921/901 838/922/902
f 839/923/903 838/922/902 840/924/904
f 841/925/905 839/923/903 842/926/906
f 839/923/903 840/924/904 842/926/906
f 843/927/907 841/925/905 842/926/906
f 843/927/907 842/926/906 844/928/908
f 845/929/909 843/927/907 846/930/910
f 843/927/907 844/928/908 846/930/910
f 847/931/911 845/929/909 846/930/910
f 847/931/911 846/930/910 848/932/912
f 849/933/913 847/934/914 850/935/915
f 851/936/916 847/931/911 852/937/917
f 847/931/911 848/932/912 852/937/917
f 850/938/918 851/939/919 853/940/920
f 853/940/920 851/939/919 854/941/921
f 855/942/922 851/936/916 852/937/917
f 855/942/922 852/937/917 856/943/923
f 857/944/924 855/942/922 856/943/923
f 857/944/924 856/943/923 858/945/925
f 859/946/926 857/944/924 860/947/927
f 857/944/924 858/945/925 860/947/927
f 861/948/928 859/946/926 860/947/927
f 861/948/928 860/947/927 862/949/929
f 863/950/930 861/948/928 864/951/931
f 861/948/928 862/949/929 864/951/931
f 865/952/932 863/950/930 864/951/931
f 865/952/932 864/951/931 866/953/933
f 867/954/934 865/952/932 868/955/935
f 865/952/932 866/953/933 868/955/935
f 869/956/936 867/954/934 868/955/935
f 869/956/936 868/955/935 870/957/937
f 871/958/938 869/956/936 870/957/937
f 871/958/938 870/957/937 872/959/939
f 873/960/940 871/958/938 874/961/941
f 871/958/938 872/959/939 874/961/941
f 875/962/942 873/960/940 874/961/941
f 875/962/942 874/961/941 876/963/943
f 877/964/944 875/962/942 878/965/945
f 875/962/942 876/963/943 878/965/945
f 879/966/946 877/964/944 880/967/947
f 877/964/944 878/965/945 880/967/947
f 881/968/948 879/966/946 880/967/947
f 881/968/948 880/967/947 882/969/949
f 883/970/950 881/968/948 884/971/951
f 881/968/948 882/969/949 884/971/951
f 881/972/952 883/973/953 885/974/954
f 885/974/954 883/973/953 886/975/955
f 887/976/956 883/970/950 884/971/951
f 887/976/956 884/971/951 888/977/957
f 886/975/955 883/973/953 889/978/958
f 890/979/959 887/976/956 888/977/957
f 890/979/959 888/977/957 891/980/960
f 892/981/961 890/979/959 893/982/962
f 890/979/959 891/980/960 893/982/962
f 894/983/963 892/981/961 893/982/962
f 894/983/963 893/982/962 895/984/964
f 896/985/965 894/983/963 897/986/966
f 894/983/963 895/984/964 897/986/966
f 898/987/967 896/985/965 897/986/966
f 898/987/967 897/986/966 899/988/968
f 900/989/969 898/987/967 901/990/970
f 898/987/967 899/988/968 901/990/970
f 902/991/971 900/989/969 903/992/972
f 900/989/969 901/990/970 903/992/972
f 834/918/898 902/991/971 903/992/972
f 834/918/898 903/992/972 835/919/899
f 849/933/913 904/993/973 847/934/914
f 904/993/973 845/994/974 847/934/914
f 854/941/921 905/995/975 853/940/920
f 885/974/954 906/996/976 881/972/952
f 887/997/977 907/998/978 889/978/958
f 908/999/979 909/1000/980 910/1001/981
f 909/1000/980 911/1002/982 910/1001/981
f 912/1003/983 913/1004/984 909/1000/980
f 912/1003/983 909/1000/980 908/999/979
f 914/1005/985 908/999/979 915/1006/986
f 908/999/979 910/1001/981 915/1006/986
f 916/1007/987 912/1003/983 908/999/979
f 916/1007/987 908/999/979 914/1005/985
f 917/1008/988 914/1005/985 915/1006/986
f 917/1008/988 915/1006/986 918/1009/989
f 919/1010/990 916/1007/987 914/1005/985
f 919/1010/990 914/1005/985 917/1008/988
f 920/1011/991 917/1008/988 918/1009/989
f 920/1011/991 918/1009/989 921/1012/992
f 922/1013/993 919/1010/990 920/1011/991
f 919/1010/990 917/1008/988 920/1011/991
f 923/1014/994 920/1011/991 924/1015/995
f 920/1011/991 921/1012/992 924/1015/995
f 925/1016/996 922/1013/993 920/1011/991
f 925/1016/996 920/1011/991 923/1014/994
f 926/1017/997 923/1014/994 927/1018/998
f 923/1014/994 924/1015/995 927/1018/998
f 928/1019/999 925/1016/996 926/1017/997
f 925/1016/996 923/1014/994 926/1017/997
f 929/1020/1000 926/1017/997 927/1018/998
f 929/1020/1000 927/1018/998 930/1021/1001
f 931/1022/1002 928/1019/999 926/1017/997
f 931/1022/1002 926/1017/997 929/1020/1000
f 932/1023/1003 933/1024/1004 934/1025/1005
f 933/1024/1004 935/1026/1006 934/1025/1005
f 936/1027/1007 937/1028/1008 933/1024/1004
f 936/1027/1007 933/1024/1004 932/1023/1003
f 938/1029/1009 932/1023/1003 934/1025/1005
f 938/1029/1009 934/1025/1005 939/1030/1010
f 940/1031/1011 936/1027/1007 938/1029/1009
f 936/1027/1007 932/1023/1003 938/1029/1009
f 941/1032/1012 938/1029/1009 939/1030/1010
f 941/1032/1012 939/1030/1010 942/1033/1013
f 943/1034/1014 940/1031/1011 938/1029/1009
f 943/1034/1014 938/1029/1009 941/1032/1012
f 944/1035/1015 941/1032/1012 945/1036/1016
f 941/1032/1012 942/1033/1013 945/1036/1016
f 946/1037/1017 943/1034/1014 944/1035/1015
f 943/1034/1014 941/1032/1012 944/1035/1015
f 947/1038/1018 944/1035/1015 945/1036/1016
f 947/1038/1018 945/1036/1016 948/1039/1019
f 949/1040/1020 946/1037/1017 944/1035/1015
f 949/1040/1020 944/1035/1015 947/1038/1018
f 950/1041/1021 947/1038/1018 948/1039/1019
f 950/1041/1021 948/1039/1019 951/1042/1022
f 952/1043/1023 949/1040/1020 947/1038/1018
f 952/1043/1023 947/1038/1018 950/1041/1021
f 953/1044/1024 950/1041/1021 954/1045/1025
f 950/1041/1021 951/1042/1022 954/1045/1025
f 955/1046/1026 952/1043/1023 953/1044/1024
f 952/1043/1023 950/1041/1021 953/1044/1024
f 956/1047/1027 953/1044/1024 954/1045/1025
f 956/1047/1027 954/1045/1025 957/1048/1028
f 958/1049/1029 955/1046/1026 956/1047/1027
f 955/1046/1026 953/1044/1024 956/1047/1027
f 959/1050/1030 956/1047/1027 960/1051/1031
f 956/1047/1027 957/1048/1028 960/1051/1031
f 961/1052/1032 958/1049/1029 956/1047/1027
f 961/1052/1032 956/1047/1027 959/1050/1030
f 962/1053/1033 959/1050/1030 963/1054/1034
f 959/1050/1030 960/1051/1031 963/1054/1034
f 964/1055/1035 961/1052/1032 962/1053/1033
f 961/1052/1032 959/1050/1030 962/1053/1033
f 965/1056/1036 962/1053/1033 963/1054/1034
f 965/1056/1036 963/1054/1034 966/1057/1037
f 967/1058/1038 964/1055/1035 962/1053/1033
f 967/1058/1038 962/1053/1033 965/1056/1036
f 968/1059/1039 965/1056/1036 969/1060/1040
f 965/1056/1036 966/1057/1037 969/1060/1040
f 970/1061/1041 967/1058/1038 968/1059/1039
f 967/1058/1038 965/1056/1036 968/1059/1039
f 971/1062/1042 968/1059/1039 972/1063/1043
f 968/1059/1039 969/1060/1040 972/1063/1043
f 973/1064/1044 970/1061/1041 968/1059/1039
f 973/1064/1044 968/1059/1039 971/1062/1042
f 974/1065/1045 971/1062/1042 972/1063/1043
f 974/1065/1045 972/1063/1043 975/1066/1046
f 976/1067/1047 973/1064/1044 974/1065/1045
f 973/1064/1044 971/1062/1042 974/1065/1045
f 977/1068/1048 974/1065/1045 978/1069/1049
f 974/1065/1045 975/1066/1046 978/1069/1049
f 979/1070/1050 976/1067/1047 974/1065/1045
f 979/1070/1050 974/1065/1045 977/1068/1048
f 980/1071/1051 977/1068/1048 978/1069/1049
f 980/1071/1051 978/1069/1049 981/1072/1052
f 982/1073/1053 979/1070/1050 980/1071/1051
f 979/1070/1050 977/1068/1048 980/1071/1051
f 983/1074/1054 984/1075/1055 985/1076/1056
f 984/1075/1055 986/1077/1057 985/1076/1056
f 987/1078/1058 988/1079/1059 984/1075/1055
f 987/1078/1058 984/1075/1055 983/1074/1054
f 989/1080/1060 983/1074/1054 990/1081/1061
f 983/1074/1054 985/1076/1056 990/1081/1061
f 991/1082/1062 987/1078/1058 983/1074/1054
f 991/1082/1062 983/1074/1054 989/1080/1060
f 992/1083/1063 989/1080/1060 990/1081/1061
f 992/1083/1063 990/1081/1061 993/1084/1064
f 994/1085/1065 991/1082/1062 992/1083/1063
f 991/1082/1062 989/1080/1060 992/1083/1063
f 995/1086/1066 992/1083/1063 996/1087/1067
f 992/1083/1063 993/1084/1064 996/1087/1067
f 997/1088/1068 994/1085/1065 992/1083/1063
f 997/1088/1068 992/1083/1063 995/1086/1066
f 998/1089/1069 995/1086/1066 996/1087/1067
f 998/1089/1069 996/1087/1067 999/1090/1070
f 1000/1091/1071 997/1088/1068 998/1089/1069
f 997/1088/1068 995/1086/1066 998/1089/1069
f 1001/1092/1072 998/1089/1069 1002/1093/1073
f 998/1089/1069 999/1090/1070 1002/1093/1073
f 1003/1094/1074 1000/1091/1071 1001/1092/1072
f 1000/1091/1071 998/1089/1069 1001/1092/1072
f 1004/1095/1075 1001/1092/1072 1005/1096/1076
f 1001/1092/1072 1002/1093/1073 1005/1096/1076
f 1006/1097/1077 1003/1094/1074 1001/1092/1072
f 1006/1097/1077 1001/1092/1072 1004/1095/1075
f 1007/1098/1078 1004/1095/1075 1005/1096/1076
f 1007/1098/1078 1005/1096/1076 1008/1099/1079
f 1009/1100/1080 1006/1097/1077 1007/1098/1078
f 1006/1097/1077 1004/1095/1075 1007/1098/1078
f 909/1000/980 1007/1098/1078 1008/1099/1079
f 909/1000/980 1008/1099/1079 911/1002/982
f 913/1004/984 1009/1100/1080 909/1000/980
f 1009/1100/1080 1007/1098/1078 909/1000/980
f 1010/1101/1081 1011/1102/1082 1012/1103/1083
f 1013/1104/1084 1014/1105/1085 1015/1106/1086
f 1016/1107/1087 1017/1108/1088 1018/1109/1089
f 1019/1110/1090 1020/1111/1091 1021/1112/1092
f 981/1113/1093 906/1114/1094 1022/1115/1095
f 981/1113/1093 1022/1115/1095 1023/1116/1096
f 906/1117/1097 885/1118/1098 1022/1119/1099
f 885/1118/1098 1024/1120/1100 1022/1119/1099
f 886/1121/1101 1025/1122/1102 885/1118/1098
f 1025/1122/1102 1024/1120/1100 885/1118/1098
f 1026/1123/1103 1027/1124/1104 1024/1120/1100
f 1026/1123/1103 1024/1120/1100 1025/1122/1102
f 889/1125/1105 1028/1126/1106 1025/1122/1102
f 889/1125/1105 1025/1122/1102 886/1121/1101
f 1029/1127/1107 1026/1123/1103 1028/1126/1106
f 1026/1123/1103 1025/1122/1102 1028/1126/1106
f 1028/1126/1106 1030/1128/1108 1029/1127/1107
f 1030/1128/1108 1031/1129/1109 1029/1127/1107
f 1028/1126/1106 889/1125/1105 1030/1128/1108
f 889/1125/1105 907/1130/1110 1030/1128/1108
f 1032/1131/1111 849/1132/1112 1033/1133/1113
f 849/1132/1112 1034/1134/1114 1033/1133/1113
f 1032/1135/1115 1033/1136/1116 1035/1137/1117
f 1032/1135/1115 1035/1137/1117 930/1138/1118
f 850/1139/1119 1036/1140/1120 849/1132/1112
f 1036/1140/1120 1034/1134/1114 849/1132/1112
f 1037/1141/1121 1038/1142/1122 1034/1134/1114
f 1037/1141/1121 1034/1134/1114 1036/1140/1120
f 853/1143/1123 1039/1144/1124 1036/1140/1120
f 853/1143/1123 1036/1140/1120 850/1139/1119
f 1040/1145/1125 1037/1141/1121 1039/1144/1124
f 1037/1141/1121 1036/1140/1120 1039/1144/1124
f 1039/1144/1124 1041/1146/1126 1040/1145/1125
f 1041/1146/1126 1042/1147/1127 1040/1145/1125
f 1039/1144/1124 853/1143/1123 1041/1146/1126
f 853/1143/1123 905/1148/1128 1041/1146/1126
f 4/4/4 3/3/3 1043/1149/1129
f 6/6/6 4/4/4 1043/1149/1129
f 8/8/8 6/6/6 1043/1149/1129
f 10/10/10 8/8/8 1043/1149/1129
f 12/12/12 10/10/10 1043/1149/1129
f 14/14/14 12/12/12 1043/1149/1129
f 16/16/16 14/14/14 1043/1149/1129
f 18/18/18 16/16/16 1043/1149/1129
f 20/20/20 18/18/18 1043/1149/1129
f 22/22/22 20/20/20 1043/1149/1129
f 24/24/24 22/22/22 1043/1149/1129
f 26/26/26 24/24/24 1043/1149/1129
f 28/28/28 26/26/26 1043/1149/1129
f 30/30/30 28/28/28 1043/1149/1129
f 32/32/32 30/30/30 1043/1149/1129
f 34/34/34 32/32/32 1043/1149/1129
f 36/36/36 34/34/34 1043/1149/1129
f 38/38/38 36/36/36 1043/1149/1129
f 40/40/40 38/38/38 1043/1149/1129
f 42/42/42 40/40/40 1043/1149/1129
f 44/44/44 42/42/42 1043/1149/1129
f 46/46/46 44/44/44 1043/1149/1129
f 48/48/48 46/46/46 1043/1149/1129
f 50/50/50 48/48/48 1043/1149/1129
f 52/52/52 50/50/50 1043/1149/1129
f 54/54/54 52/52/52 1043/1149/1129
f 56/56/56 54/54/54 1043/1149/1129
f 58/58/58 56/56/56 1043/1149/1129
f 60/60/60 58/58/58 1043/1149/1129
f 62/62/62 60/60/60 1043/1149/1129
f 64/64/64 62/62/62 1043/1149/1129
f 1043/1149/1129 3/3/3 64/64/64
f 47/1150/1130 49/1151/1131 138/141/138
f 47/1150/1130 138/141/138 135/138/135
f 45/1152/1132 47/1150/1130 135/138/135
f 45/1152/1132 135/138/135 132/135/132
f 43/1153/1133 45/1152/1132 132/135/132
f 43/1153/1133 132/135/132 129/132/129
f 41/1154/1134 43/1153/1133 129/132/129
f 41/1154/1134 129/132/129 126/129/126
f 39/1155/1135 41/1154/1134 126/129/126
f 39/1155/1135 126/129/126 123/126/123
f 37/1156/1136 39/1155/1135 123/126/123
f 37/1156/1136 123/126/123 120/123/120
f 35/1157/1137 37/1156/1136 120/123/120
f 35/1157/1137 120/123/120 117/120/117
f 33/1158/1138 35/1157/1137 117/120/117
f 33/1158/1138 117/120/117 114/117/114
f 31/1159/1139 33/1158/1138 114/117/114
f 31/1159/1139 114/117/114 111/114/111
f 29/1160/1140 31/1159/1139 111/114/111
f 29/1160/1140 111/114/111 108/111/108
f 27/1161/1141 29/1160/1140 108/111/108
f 27/1161/1141 108/111/108 105/108/105
f 25/1162/1142 27/1161/1141 105/108/105
f 25/1162/1142 105/108/105 102/105/102
f 23/1163/1143 25/1162/1142 102/105/102
f 23/1163/1143 102/105/102 99/102/99
f 21/1164/1144 23/1163/1143 99/102/99
f 21/1164/1144 99/102/99 96/99/96
f 19/1165/1145 21/1164/1144 96/99/96
f 19/1165/1145 96/99/96 93/94/93
f 17/1166/1146 19/1165/1145 93/94/93
f 17/1166/1146 93/94/93 90/95/90
f 15/1167/1147 17/1168/1146 90/90/90
f 15/1167/1147 90/90/90 87/87/87
f 13/1169/1148 15/1167/1147 87/87/87
f 13/1169/1148 87/87/87 84/84/84
f 11/1170/1149 13/1169/1148 84/84/84
f 11/1170/1149 84/84/84 81/81/81
f 9/1171/1150 11/1170/1149 81/81/81
f 9/1171/1150 81/81/81 78/78/78
f 7/1172/1151 9/1171/1150 78/78/78
f 7/1172/1151 78/78/78 75/75/75
f 5/1173/1152 7/1172/1151 75/75/75
f 5/1173/1152 75/75/75 72/72/72
f 1/1174/1153 5/1173/1152 72/72/72
f 1/1174/1153 72/72/72 68/68/68
f 2/1175/1154 1/1174/1153 68/68/68
f 2/1175/1154 68/68/68 67/67/67
f 63/1176/1155 2/1175/1154 67/67/67
f 63/1176/1155 67/67/67 159/162/159
f 61/1177/1156 63/1176/1155 159/162/159
f 61/1177/1156 159/162/159 156/159/156
f 59/1178/1157 61/1177/1156 156/159/156
f 59/1178/1157 156/159/156 153/156/153
f 57/1179/1158 59/1178/1157 153/156/153
f 57/1179/1158 153/156/153 150/153/150
f 55/1180/1159 57/1179/1158 150/153/150
f 55/1180/1159 150/153/150 147/150/147
f 53/1181/1160 55/1180/1159 147/150/147
f 53/1181/1160 147/150/147 144/147/144
f 51/1182/1161 53/1181/1160 144/147/144
f 51/1182/1161 144/147/144 141/144/141
f 49/1151/1131 51/1182/1161 141/144/141
f 49/1151/1131 141/144/141 138/141/138
f 130/133/130 133/136/133 204/209/204
f 133/136/133 206/211/206 204/209/204
f 127/130/127 130/133/130 204/209/204
f 127/130/127 204/209/204 202/207/202
f 124/127/124 127/130/127 200/205/200
f 127/130/127 202/207/202 200/205/200
f 121/124/121 124/127/124 200/205/200
f 121/124/121 200/205/200 198/203/198
f 118/121/118 121/124/121 198/203/198
f 118/121/118 198/203/198 196/201/196
f 115/118/115 118/121/118 196/201/196
f 115/118/115 196/201/196 194/199/194
f 112/115/112 115/118/115 194/199/194
f 112/115/112 194/199/194 192/197/192
f 109/112/109 112/115/112 190/195/190
f 112/115/112 192/197/192 190/195/190
f 106/109/106 109/112/109 190/195/190
f 106/109/106 190/195/190 188/193/188
f 103/106/103 106/109/106 188/193/188
f 103/106/103 188/193/188 186/191/186
f 100/103/100 103/106/103 184/189/184
f 103/106/103 186/191/186 184/189/184
f 97/100/97 100/103/100 184/189/184
f 97/100/97 184/189/184 182/187/182
f 94/96/94 97/100/97 182/187/182
f 94/96/94 182/187/182 180/184/180
f 91/97/91 94/96/94 178/185/178
f 94/96/94 180/184/180 178/185/178
f 88/88/88 91/91/91 176/179/176
f 91/91/91 178/181/178 176/179/176
f 85/85/85 88/88/88 176/179/176
f 85/85/85 176/179/176 174/177/174
f 82/82/82 85/85/85 174/177/174
f 82/82/82 174/177/174 172/175/172
f 79/79/79 82/82/82 170/173/170
f 82/82/82 172/175/172 170/173/170
f 76/76/76 79/79/79 170/173/170
f 76/76/76 170/173/170 168/171/168
f 73/73/73 76/76/76 168/171/168
f 73/73/73 168/171/168 166/169/166
f 69/69/69 73/73/73 166/169/166
f 69/69/69 166/169/166 164/167/164
f 70/70/70 69/69/69 163/166/163
f 69/69/69 164/167/164 163/166/163
f 160/163/160 70/70/70 163/166/163
f 160/163/160 163/166/163 224/229/224
f 157/160/157 160/163/160 222/227/222
f 160/163/160 224/229/224 222/227/222
f 154/157/154 157/160/157 222/227/222
f 154/157/154 222/227/222 220/225/220
f 151/154/151 154/157/154 220/225/220
f 151/154/151 220/225/220 218/223/218
f 148/151/148 151/154/151 218/223/218
f 148/151/148 218/223/218 216/221/216
f 145/148/145 148/151/148 216/221/216
f 145/148/145 216/221/216 214/219/214
f 142/145/142 145/148/145 212/217/212
f 145/148/145 214/219/214 212/217/212
f 139/142/139 142/145/142 212/217/212
f 139/142/139 212/217/212 210/215/210
f 136/139/136 139/142/139 208/213/208
f 139/142/139 210/215/210 208/213/208
f 133/136/133 136/139/136 208/213/208
f 133/136/133 208/213/208 206/211/206
f 571/620/603 572/621/604 1044/1183/1162
f 572/621/604 1045/1184/1163 1044/1183/1162
f 658/710/690 655/707/687 1044/1183/1162
f 658/710/690 1044/1183/1162 1045/1184/1163
f 570/619/602 571/620/603 1046/1185/1164
f 571/620/603 1044/1183/1162 1046/1185/1164
f 655/707/687 652/704/684 1044/1183/1162
f 652/704/684 1046/1185/1164 1044/1183/1162
f 569/618/601 570/619/602 1047/1186/1165
f 570/619/602 1046/1185/1164 1047/1186/1165
f 652/704/684 649/701/681 1047/1186/1165
f 652/704/684 1047/1186/1165 1046/1185/1164
f 568/617/600 569/618/601 1047/1186/1165
f 568/617/600 1047/1186/1165 1048/1187/1166
f 649/701/681 646/698/678 1047/1186/1165
f 646/698/678 1048/1187/1166 1047/1186/1165
f 567/616/599 568/617/600 1049/1188/1167
f 568/617/600 1048/1187/1166 1049/1188/1167
f 646/698/678 643/695/675 1048/1187/1166
f 643/695/675 1049/1188/1167 1048/1187/1166
f 566/615/598 567/616/599 1049/1188/1167
f 566/615/598 1049/1188/1167 1050/1189/1168
f 643/695/675 640/692/672 1050/1189/1168
f 643/695/675 1050/1189/1168 1049/1188/1167
f 565/614/597 566/615/598 1051/1190/1169
f 566/615/598 1050/1189/1168 1051/1190/1169
f 640/692/672 637/689/669 1051/1190/1169
f 640/692/672 1051/1190/1169 1050/1189/1168
f 564/613/596 565/614/597 1051/1190/1169
f 564/613/596 1051/1190/1169 1052/1191/1170
f 637/689/669 634/686/666 1051/1190/1169
f 634/686/666 1052/1191/1170 1051/1190/1169
f 563/612/595 564/613/596 1052/1191/1170
f 563/612/595 1052/1191/1170 1053/1192/1171
f 634/686/666 631/683/663 1052/1191/1170
f 631/683/663 1053/1192/1171 1052/1191/1170
f 562/611/594 563/612/595 1054/1193/1172
f 563/612/595 1053/1192/1171 1054/1193/1172
f 631/683/663 628/680/660 1054/1193/1172
f 631/683/663 1054/1193/1172 1053/1192/1171
f 561/610/593 562/611/594 1054/1193/1172
f 561/610/593 1054/1193/1172 1055/1194/1173
f 628/680/660 625/677/657 1055/1194/1173
f 628/680/660 1055/1194/1173 1054/1193/1172
f 560/609/592 561/610/593 1055/1194/1173
f 560/609/592 1055/1194/1173 1056/1195/1174
f 625/677/657 622/674/654 1056/1195/1174
f 625/677/657 1056/1195/1174 1055/1194/1173
f 559/608/591 560/609/592 1056/1195/1174
f 559/608/591 1056/1195/1174 1057/1196/1175
f 622/674/654 619/671/651 1056/1195/1174
f 619/671/651 1057/1196/1175 1056/1195/1174
f 558/607/590 559/608/591 1058/1197/1176
f 559/608/591 1057/1196/1175 1058/1197/1176
f 619/671/651 616/668/648 1058/1197/1176
f 619/671/651 1058/1197/1176 1057/1196/1175
f 557/606/589 558/607/590 1058/1197/1176
f 557/606/589 1058/1197/1176 1059/1198/1177
f 616/668/648 613/665/645 1058/1197/1176
f 613/665/645 1059/1198/1177 1058/1197/1176
f 556/605/588 557/606/589 1060/1199/1178
f 557/606/589 1059/1198/1177 1060/1199/1178
f 613/665/645 610/662/642 1060/1199/1178
f 613/665/645 1060/1199/1178 1059/1198/1177
f 555/604/587 556/605/588 1061/1200/1179
f 556/605/588 1060/1199/1178 1061/1200/1179
f 610/662/642 607/659/639 1060/1199/1178
f 607/659/639 1061/1200/1179 1060/1199/1178
f 554/603/586 555/604/587 1061/1200/1179
f 554/603/586 1061/1200/1179 1062/1201/1180
f 607/659/639 604/653/636 1061/1200/1179
f 604/653/636 1062/1201/1180 1061/1200/1179
f 553/602/585 554/603/586 1062/1201/1180
f 553/602/585 1062/1201/1180 1063/1202/1181
f 604/653/636 601/656/633 1062/1201/1180
f 601/656/633 1063/1202/1181 1062/1201/1180
f 552/600/584 553/601/585 1064/1203/1182
f 553/601/585 1063/1204/1181 1064/1203/1182
f 601/650/633 598/647/630 1064/1203/1182
f 601/650/633 1064/1203/1182 1063/1204/1181
f 551/599/583 552/600/584 1064/1203/1182
f 551/599/583 1064/1203/1182 1065/1205/1183
f 598/647/630 595/644/627 1064/1203/1182
f 595/644/627 1065/1205/1183 1064/1203/1182
f 550/598/582 551/599/583 1066/1206/1184
f 551/599/583 1065/1205/1183 1066/1206/1184
f 595/644/627 592/641/624 1066/1206/1184
f 595/644/627 1066/1206/1184 1065/1205/1183
f 549/597/581 550/598/582 1066/1206/1184
f 549/597/581 1066/1206/1184 1067/1207/1185
f 592/641/624 589/638/621 1067/1207/1185
f 592/641/624 1067/1207/1185 1066/1206/1184
f 548/596/580 549/597/581 1067/1207/1185
f 548/596/580 1067/1207/1185 1068/1208/1186
f 589/638/621 586/635/618 1067/1207/1185
f 586/635/618 1068/1208/1186 1067/1207/1185
f 547/595/579 548/596/580 1069/1209/1187
f 548/596/580 1068/1208/1186 1069/1209/1187
f 586/635/618 583/632/615 1068/1208/1186
f 583/632/615 1069/1209/1187 1068/1208/1186
f 546/594/578 547/595/579 1070/1210/1188
f 547/595/579 1069/1209/1187 1070/1210/1188
f 583/632/615 577/626/609 1070/1210/1188
f 583/632/615 1070/1210/1188 1069/1209/1187
f 545/593/577 546/594/578 1070/1210/1188
f 545/593/577 1070/1210/1188 1071/1211/1189
f 577/626/609 579/628/611 1071/1211/1189
f 577/626/609 1071/1211/1189 1070/1210/1188
f 576/625/608 545/593/577 1072/1212/1190
f 545/593/577 1071/1211/1189 1072/1212/1190
f 579/628/611 670/722/702 1072/1212/1190
f 579/628/611 1072/1212/1190 1071/1211/1189
f 575/624/607 576/625/608 1073/1213/1191
f 576/625/608 1072/1212/1190 1073/1213/1191
f 670/722/702 667/719/699 1072/1212/1190
f 667/719/699 1073/1213/1191 1072/1212/1190
f 574/623/606 575/624/607 1073/1213/1191
f 574/623/606 1073/1213/1191 1074/1214/1192
f 667/719/699 664/716/696 1074/1214/1192
f 667/719/699 1074/1214/1192 1073/1213/1191
f 573/622/605 574/623/606 1074/1214/1192
f 573/622/605 1074/1214/1192 1075/1215/1193
f 664/716/696 661/713/693 1074/1214/1192
f 661/713/693 1075/1215/1193 1074/1214/1192
f 572/621/604 573/622/605 1045/1184/1163
f 573/622/605 1075/1215/1193 1045/1184/1163
f 661/713/693 658/710/690 1045/1184/1163
f 661/713/693 1045/1184/1163 1075/1215/1193
f 697/773/753 698/775/755 756/840/820
f 697/773/753 756/840/820 754/838/818
f 696/771/751 697/773/753 752/836/816
f 697/773/753 754/838/818 752/836/816
f 695/769/749 696/771/751 752/836/816
f 695/769/749 752/836/816 750/834/814
f 694/767/747 695/769/749 748/832/812
f 695/769/749 750/834/814 748/832/812
f 693/765/745 694/767/747 748/832/812
f 693/765/745 748/832/812 746/830/810
f 692/763/743 693/765/745 744/828/808
f 693/765/745 746/830/810 744/828/808
f 691/761/741 692/763/743 744/828/808
f 691/761/741 744/828/808 742/826/806
f 690/759/739 691/761/741 740/824/804
f 691/761/741 742/826/806 740/824/804
f 689/757/737 690/759/739 738/822/802
f 690/759/739 740/824/804 738/822/802
f 688/755/735 689/757/737 738/822/802
f 688/755/735 738/822/802 736/820/800
f 687/753/733 688/755/735 734/818/798
f 688/755/735 736/820/800 734/818/798
f 686/751/731 687/753/733 734/818/798
f 686/751/731 734/818/798 732/816/796
f 685/749/729 686/751/731 730/814/794
f 686/751/731 732/816/796 730/814/794
f 684/747/727 685/749/729 730/814/794
f 684/747/727 730/814/794 728/812/792
f 683/745/725 684/747/727 728/812/792
f 683/745/725 728/812/792 726/810/790
f 682/743/723 683/745/725 726/810/790
f 682/743/723 726/810/790 724/808/788
f 681/741/721 682/743/723 722/806/786
f 682/743/723 724/808/788 722/806/786
f 680/739/719 681/741/721 722/806/786
f 680/739/719 722/806/786 720/804/784
f 679/737/717 680/739/719 718/802/782
f 680/739/719 720/804/784 718/802/782
f 678/735/715 679/737/717 718/802/782
f 678/735/715 718/802/782 716/800/780
f 677/733/713 678/735/715 714/798/778
f 678/735/715 716/800/780 714/798/778
f 676/731/711 677/733/713 714/798/778
f 676/731/711 714/798/778 712/796/776
f 675/729/709 676/731/711 712/796/776
f 675/729/709 712/796/776 710/794/774
f 673/725/705 675/729/709 708/792/772
f 675/729/709 710/794/774 708/792/772
f 674/726/706 673/725/705 708/792/772
f 674/726/706 708/792/772 707/791/771
f 704/787/767 674/726/706 707/791/771
f 704/787/767 707/791/771 768/852/832
f 703/785/765 704/787/767 768/852/832
f 703/785/765 768/852/832 766/850/830
f 702/783/763 703/785/765 766/850/830
f 702/783/763 766/850/830 764/848/828
f 701/781/761 702/783/763 762/846/826
f 702/783/763 764/848/828 762/846/826
f 700/779/759 701/781/761 762/846/826
f 700/779/759 762/846/826 760/844/824
f 699/777/757 700/779/759 758/842/822
f 700/779/759 760/844/824 758/842/822
f 698/775/755 699/777/757 758/842/822
f 698/775/755 758/842/822 756/840/820
f 753/1216/1194 755/1217/1195 820/1218/1195
f 753/1216/1194 820/1218/1195 818/1219/1194
f 751/1220/1130 753/1216/1194 818/1219/1194
f 751/1220/1130 818/1219/1194 816/1221/1130
f 749/1222/1196 751/1220/1130 816/1221/1130
f 749/1222/1196 816/1221/1130 814/1223/1196
f 747/1224/1133 749/1222/1196 814/1223/1196
f 747/1224/1133 814/1223/1196 812/1225/1133
f 745/1226/1197 747/1224/1133 812/1225/1133
f 745/1226/1197 812/1225/1133 810/1227/1197
f 743/1228/1135 745/1226/1197 810/1227/1197
f 743/1228/1135 810/1227/1197 808/1229/1135
f 741/1230/1198 743/1228/1135 808/1229/1135
f 741/1230/1198 808/1229/1135 806/1231/1198
f 739/1232/1137 741/1230/1198 806/1231/1198
f 739/1232/1137 806/1231/1198 804/1233/1137
f 737/1234/1199 739/1232/1137 804/1233/1137
f 737/1234/1199 804/1233/1137 802/1235/1199
f 735/1236/1200 737/1234/1199 802/1235/1199
f 735/1236/1200 802/1235/1199 800/1237/1200
f 733/1238/1140 735/1236/1200 800/1237/1200
f 733/1238/1140 800/1237/1200 798/1239/1140
f 731/1240/1201 733/1238/1140 798/1239/1140
f 731/1240/1201 798/1239/1140 796/1241/1201
f 729/1242/1202 731/1240/1201 796/1241/1201
f 729/1242/1202 796/1241/1201 794/1243/1202
f 727/1244/1143 729/1242/1202 794/1243/1202
f 727/1244/1143 794/1243/1202 792/1245/1143
f 725/1246/1203 727/1244/1143 792/1245/1143
f 725/1246/1203 792/1245/1143 790/1247/1203
f 723/1248/1204 725/1246/1203 790/1247/1203
f 723/1248/1204 790/1247/1203 788/1249/1204
f 721/1250/1146 723/1248/1204 788/1249/1204
f 721/1250/1146 788/1249/1204 786/1251/1146
f 719/1252/1205 721/1250/1146 786/1251/1146
f 719/1252/1205 786/1251/1146 784/1253/1205
f 717/1254/1148 719/1252/1205 784/1253/1205
f 717/1254/1148 784/1253/1205 782/1255/1148
f 715/1256/1206 717/1254/1148 782/1255/1148
f 715/1256/1206 782/1255/1148 780/1257/1206
f 713/1258/1207 715/1256/1206 780/1257/1206
f 713/1258/1207 780/1257/1206 778/1259/1207
f 711/1260/1208 713/1258/1207 778/1259/1207
f 711/1260/1208 778/1259/1207 776/1261/1208
f 709/1262/1152 711/1260/1208 776/1261/1208
f 709/1262/1152 776/1261/1208 774/1263/1152
f 705/1264/1209 709/1262/1152 774/1263/1152
f 705/1264/1209 774/1263/1152 772/1265/1209
f 706/1266/1154 705/1264/1209 772/1265/1209
f 706/1266/1154 772/1265/1209 771/1267/1154
f 767/1268/1210 706/1266/1154 771/1267/1154
f 767/1268/1210 771/1267/1154 832/1269/1210
f 765/1270/1211 767/1268/1210 832/1269/1210
f 765/1270/1211 832/1269/1210 830/1271/1211
f 763/1272/1212 765/1270/1211 830/1271/1211
f 763/1272/1212 830/1271/1211 828/1273/1212
f 761/1274/1213 763/1272/1212 828/1273/1212
f 761/1274/1213 828/1273/1212 826/1275/1213
f 759/1276/1159 761/1274/1213 826/1275/1213
f 759/1276/1159 826/1275/1213 824/1277/1159
f 757/1278/1214 759/1276/1159 824/1277/1159
f 757/1278/1214 824/1277/1159 822/1279/1214
f 755/1217/1195 757/1280/1215 822/1281/1215
f 755/1217/1195 822/1281/1215 820/1218/1195
f 817/901/881 819/903/883 888/977/957
f 819/903/883 891/980/960 888/977/957
f 815/899/879 817/901/881 888/977/957
f 815/899/879 888/977/957 884/971/951
f 813/897/877 815/899/879 882/969/949
f 815/899/879 884/971/951 882/969/949
f 811/895/875 813/897/877 882/969/949
f 811/895/875 882/969/949 880/967/947
f 809/893/873 811/895/875 878/965/945
f 811/895/875 880/967/947 878/965/945
f 807/891/871 809/893/873 878/965/945
f 807/891/871 878/965/945 876/963/943
f 805/889/869 807/891/871 876/963/943
f 805/889/869 876/963/943 874/961/941
f 803/887/867 805/889/869 872/959/939
f 805/889/869 874/961/941 872/959/939
f 801/885/865 803/887/867 870/957/937
f 803/887/867 872/959/939 870/957/937
f 799/883/863 801/885/865 870/957/937
f 799/883/863 870/957/937 868/955/935
f 797/881/861 799/883/863 866/953/933
f 799/883/863 868/955/935 866/953/933
f 795/879/859 797/881/861 866/953/933
f 795/879/859 866/953/933 864/951/931
f 793/877/857 795/879/859 864/951/931
f 793/877/857 864/951/931 862/949/929
f 791/875/855 793/877/857 860/947/927
f 793/877/857 862/949/929 860/947/927
f 789/873/853 791/875/855 860/947/927
f 789/873/853 860/947/927 858/945/925
f 787/871/851 789/873/853 856/943/923
f 789/873/853 858/945/925 856/943/923
f 785/869/849 787/871/851 852/937/917
f 787/871/851 856/943/923 852/937/917
f 783/867/847 785/869/849 852/937/917
f 783/867/847 852/937/917 848/932/912
f 781/865/845 783/867/847 846/930/910
f 783/867/847 848/932/912 846/930/910
f 779/863/843 781/865/845 846/930/910
f 779/863/843 846/930/910 844/928/908
f 777/861/841 779/863/843 842/926/906
f 779/863/843 844/928/908 842/926/906
f 775/859/839 777/861/841 842/926/906
f 775/859/839 842/926/906 840/924/904
f 773/857/837 775/859/839 838/922/902
f 775/859/839 840/924/904 838/922/902
f 769/853/833 773/857/837 836/920/900
f 773/857/837 838/922/902 836/920/900
f 770/854/834 769/853/833 835/919/899
f 769/853/833 836/920/900 835/919/899
f 831/915/895 770/854/834 835/919/899
f 831/915/895 835/919/899 903/992/972
f 829/913/893 831/915/895 901/990/970
f 831/915/895 903/992/972 901/990/970
f 827/911/891 829/913/893 901/990/970
f 827/911/891 901/990/970 899/988/968
f 825/909/889 827/911/891 897/986/966
f 827/911/891 899/988/968 897/986/966
f 823/907/887 825/909/889 895/984/964
f 825/909/889 897/986/966 895/984/964
f 821/905/885 823/907/887 895/984/964
f 821/905/885 895/984/964 893/982/962
f 819/903/883 821/905/885 893/982/962
f 819/903/883 893/982/962 891/980/960
f 907/998/978 887/997/977 985/1282/1216
f 907/998/978 985/1282/1216 986/1283/1217
f 907/1284/1218 986/1285/1219 1076/1286/1220
f 907/1284/1218 1076/1286/1220 1030/1287/1221
f 1021/1112/1092 1020/1111/1091 1077/1288/1222
f 1020/1111/1091 1078/1289/1223 1077/1288/1222
f 1011/1102/1082 1010/1101/1081 1079/1290/1224
f 1011/1102/1082 1079/1290/1224 1080/1291/1225
f 1081/1292/1226 1082/1293/1227 1035/1137/1117
f 1081/1292/1226 1035/1137/1117 1033/1136/1116
f 904/993/973 843/1294/1228 845/994/974
f 924/1295/1229 921/1296/1150 841/1297/1150
f 924/1295/1229 841/1297/1150 843/1294/1228
f 921/1296/1150 918/1298/1151 839/1299/1151
f 921/1296/1150 839/1299/1151 841/1297/1150
f 918/1298/1151 915/1300/1230 837/1301/1230
f 918/1298/1151 837/1301/1230 839/1299/1151
f 915/1300/1230 910/1302/1209 833/1303/1209
f 915/1300/1230 833/1303/1209 837/1301/1230
f 910/1302/1209 911/1304/1154 834/1305/1154
f 910/1302/1209 834/1305/1154 833/1303/1209
f 911/1304/1154 1008/1306/1210 902/1307/1210
f 911/1304/1154 902/1307/1210 834/1305/1154
f 1008/1306/1210 1005/1308/1156 900/1309/1156
f 1008/1306/1210 900/1309/1156 902/1307/1210
f 1005/1308/1156 1002/1310/1231 898/1311/1231
f 1005/1308/1156 898/1311/1231 900/1309/1156
f 1002/1310/1231 999/1312/1158 896/1313/1158
f 1002/1310/1231 896/1313/1158 898/1311/1231
f 999/1312/1158 996/1314/1159 894/1315/1159
f 999/1312/1158 894/1315/1159 896/1313/1158
f 996/1314/1159 993/1316/1232 892/1317/1232
f 996/1314/1159 892/1317/1232 894/1315/1159
f 993/1316/1232 990/1318/1233 890/1319/1234
f 993/1316/1232 890/1319/1234 892/1317/1232
f 990/1318/1233 985/1282/1216 887/997/977
f 990/1318/1233 887/997/977 890/1319/1234
f 881/972/952 906/996/976 981/1320/1235
f 881/972/952 981/1320/1235 978/1321/1236
f 978/1321/1236 975/1322/1133 879/1323/1133
f 978/1321/1236 879/1323/1133 881/972/952
f 975/1322/1133 972/1324/1197 877/1325/1197
f 975/1322/1133 877/1325/1197 879/1323/1133
f 972/1324/1197 969/1326/1237 875/1327/1237
f 972/1324/1197 875/1327/1237 877/1325/1197
f 969/1326/1237 966/1328/1198 873/1329/1198
f 969/1326/1237 873/1329/1198 875/1327/1237
f 966/1328/1198 963/1330/1238 871/1331/1238
f 966/1328/1198 871/1331/1238 873/1329/1198
f 963/1330/1238 960/1332/1138 869/1333/1138
f 963/1330/1238 869/1333/1138 871/1331/1238
f 960/1332/1138 957/1334/1139 867/1335/1139
f 960/1332/1138 867/1335/1139 869/1333/1138
f 957/1334/1139 954/1336/1140 865/1337/1140
f 957/1334/1139 865/1337/1140 867/1335/1139
f 954/1336/1140 951/1338/1141 863/1339/1141
f 954/1336/1140 863/1339/1141 865/1337/1140
f 951/1338/1141 948/1340/1202 861/1341/1202
f 951/1338/1141 861/1341/1202 863/1339/1141
f 948/1340/1202 945/1342/1143 859/1343/1143
f 948/1340/1202 859/1343/1143 861/1341/1202
f 945/1342/1143 942/1344/1203 857/1345/1203
f 945/1342/1143 857/1345/1203 859/1343/1143
f 942/1344/1203 939/1346/1239 855/1347/1240
f 942/1344/1203 855/1347/1240 857/1345/1203
f 939/1346/1239 934/1348/1241 854/941/921
f 905/995/975 854/941/921 935/1349/1242
f 854/941/921 934/1348/1241 935/1349/1242
f 905/1350/1243 935/1351/1244 1083/1352/1245
f 905/1350/1243 1083/1352/1245 1041/1353/1246
f 1015/1106/1086 1014/1105/1085 1084/1354/1247
f 1014/1105/1085 1085/1355/1248 1084/1354/1247
f 1017/1108/1088 1016/1107/1087 1086/1356/1249
f 1016/1107/1087 1087/1357/1250 1086/1356/1249
f 1088/1358/1251 1089/1359/1252 1023/1116/1096
f 1088/1358/1251 1023/1116/1096 1022/1115/1095
f 935/1351/1244 933/1360/1253 1083/1352/1245
f 1084/1361/1254 1085/1362/1255 936/1027/1007
f 1085/1362/1255 937/1028/1008 936/1027/1007
f 1090/1363/1256 1084/1361/1254 940/1031/1011
f 1084/1361/1254 936/1027/1007 940/1031/1011
f 1091/1364/1257 1090/1363/1256 943/1034/1014
f 1090/1363/1256 940/1031/1011 943/1034/1014
f 1092/1365/1258 1091/1364/1257 943/1034/1014
f 1092/1365/1258 943/1034/1014 946/1037/1017
f 1093/1366/1259 1092/1365/1258 949/1040/1020
f 1092/1365/1258 946/1037/1017 949/1040/1020
f 1094/1367/1260 1093/1366/1259 952/1043/1023
f 1093/1366/1259 949/1040/1020 952/1043/1023
f 1095/1368/1261 1094/1367/1260 952/1043/1023
f 1095/1368/1261 952/1043/1023 955/1046/1026
f 1096/1369/1262 1095/1368/1261 955/1046/1026
f 1096/1369/1262 955/1046/1026 958/1049/1029
f 1097/1370/1263 1096/1369/1262 961/1052/1032
f 1096/1369/1262 958/1049/1029 961/1052/1032
f 1098/1371/1264 1097/1370/1263 961/1052/1032
f 1098/1371/1264 961/1052/1032 964/1055/1035
f 1099/1372/1265 1098/1371/1264 964/1055/1035
f 1099/1372/1265 964/1055/1035 967/1058/1038
f 1100/1373/1266 1099/1372/1265 967/1058/1038
f 1100/1373/1266 967/1058/1038 970/1061/1041
f 1101/1374/1267 1100/1373/1266 973/1064/1044
f 1100/1373/1266 970/1061/1041 973/1064/1044
f 1102/1375/1268 1101/1374/1267 976/1067/1047
f 1101/1374/1267 973/1064/1044 976/1067/1047
f 1087/1376/1269 1102/1375/1268 979/1070/1050
f 1102/1375/1268 976/1067/1047 979/1070/1050
f 1086/1377/1270 1087/1376/1269 979/1070/1050
f 1086/1377/1270 979/1070/1050 982/1073/1053
f 982/1378/1271 980/1379/1272 1023/1116/1096
f 982/1378/1271 1023/1116/1096 1089/1359/1252
f 980/1379/1272 981/1113/1093 1023/1116/1096
f 986/1285/1219 984/1380/1273 1076/1286/1220
f 1077/1381/1274 1078/1382/1275 987/1078/1058
f 1078/1382/1275 988/1079/1059 987/1078/1058
f 1103/1383/1276 1077/1381/1274 991/1082/1062
f 1077/1381/1274 987/1078/1058 991/1082/1062
f 1104/1384/1277 1103/1383/1276 991/1082/1062
f 1104/1384/1277 991/1082/1062 994/1085/1065
f 1105/1385/1278 1104/1384/1277 997/1088/1068
f 1104/1384/1277 994/1085/1065 997/1088/1068
f 1106/1386/1279 1105/1385/1278 997/1088/1068
f 1106/1386/1279 997/1088/1068 1000/1091/1071
f 1107/1387/1280 1106/1386/1279 1000/1091/1071
f 1107/1387/1280 1000/1091/1071 1003/1094/1074
f 1108/1388/1281 1107/1387/1280 1006/1097/1077
f 1107/1387/1280 1003/1094/1074 1006/1097/1077
f 1109/1389/1282 1108/1388/1281 1006/1097/1077
f 1109/1389/1282 1006/1097/1077 1009/1100/1080
f 1110/1390/1283 1109/1389/1282 913/1004/984
f 1109/1389/1282 1009/1100/1080 913/1004/984
f 1111/1391/1284 1110/1390/1283 913/1004/984
f 1111/1391/1284 913/1004/984 912/1003/983
f 1112/1392/1285 1111/1391/1284 912/1003/983
f 1112/1392/1285 912/1003/983 916/1007/987
f 1113/1393/1286 1112/1392/1285 919/1010/990
f 1112/1392/1285 916/1007/987 919/1010/990
f 1114/1394/1287 1113/1393/1286 919/1010/990
f 1114/1394/1287 919/1010/990 922/1013/993
f 1115/1395/1288 1114/1394/1287 925/1016/996
f 1114/1394/1287 922/1013/993 925/1016/996
f 1079/1396/1289 1115/1395/1288 925/1016/996
f 1079/1396/1289 925/1016/996 928/1019/999
f 1080/1397/1290 1079/1396/1289 928/1019/999
f 1080/1397/1290 928/1019/999 931/1022/1002
f 929/1398/1291 1035/1137/1117 931/1399/1292
f 1035/1137/1117 1082/1293/1227 931/1399/1292
f 929/1398/1291 930/1138/1118 1035/1137/1117
f 937/1400/1293 1085/1401/1294 1116/1402/1295
f 1085/1401/1294 1014/1403/1296 1042/1404/1297
f 1085/1401/1294 1042/1404/1297 1116/1402/1295
f 1014/1405/1298 1013/1406/1299 1042/1147/1127
f 1013/1406/1299 1040/1145/1125 1042/1147/1127
f 1117/1407/1300 1037/1141/1121 1013/1406/1299
f 1037/1141/1121 1040/1145/1125 1013/1406/1299
f 1012/1408/1301 1038/1142/1122 1037/1141/1121
f 1012/1408/1301 1037/1141/1121 1117/1407/1300
f 1038/1142/1122 1012/1408/1301 1081/1409/1302
f 1012/1408/1301 1011/1410/1303 1081/1409/1302
f 1011/1411/1304 1080/1412/1305 1082/1293/1227
f 1011/1411/1304 1082/1293/1227 1081/1292/1226
f 1080/1412/1305 931/1399/1292 1082/1293/1227
f 988/1413/1306 1078/1414/1307 1118/1415/1308
f 1078/1414/1307 1020/1416/1309 1031/1417/1310
f 1078/1414/1307 1031/1417/1310 1118/1415/1308
f 1020/1418/1311 1019/1419/1312 1031/1129/1109
f 1019/1419/1312 1029/1127/1107 1031/1129/1109
f 1119/1420/1313 1026/1123/1103 1019/1419/1312
f 1026/1123/1103 1029/1127/1107 1019/1419/1312
f 1018/1421/1314 1027/1124/1104 1026/1123/1103
f 1018/1421/1314 1026/1123/1103 1119/1420/1313
f 1027/1124/1104 1018/1421/1314 1088/1422/1315
f 1018/1421/1314 1017/1423/1316 1088/1422/1315
f 1017/1424/1317 1086/1425/1318 1089/1359/1252
f 1017/1424/1317 1089/1359/1252 1088/1358/1251
f 1086/1425/1318 982/1378/1271 1089/1359/1252
f 933/1360/1253 937/1400/1293 1083/1352/1245
f 937/1400/1293 1116/1402/1295 1083/1352/1245
f 1116/1402/1295 1042/1404/1297 1041/1353/1246
f 1116/1402/1295 1041/1353/1246 1083/1352/1245
f 1034/1134/1114 1038/1142/1122 1033/1133/1113
f 1038/1142/1122 1081/1409/1302 1033/1133/1113
f 984/1380/1273 988/1413/1306 1076/1286/1220
f 988/1413/1306 1118/1415/1308 1076/1286/1220
f 1118/1415/1308 1031/1417/1310 1030/1287/1221
f 1118/1415/1308 1030/1287/1221 1076/1286/1220
f 1024/1120/1100 1027/1124/1104 1022/1119/1099
f 1027/1124/1104 1088/1422/1315 1022/1119/1099
f 1010/1101/1081 1012/1103/1083 1120/1426/1319
f 1079/1290/1224 1010/1101/1081 1121/1427/1133
f 1079/1290/1224 1121/1427/1133 1115/1428/1133
f 1115/1428/1133 1121/1427/1133 1122/1429/1134
f 1115/1428/1133 1122/1429/1134 1114/1430/1134
f 1114/1430/1134 1122/1429/1134 1123/1431/1135
f 1114/1430/1134 1123/1431/1135 1113/1432/1135
f 1113/1432/1135 1123/1431/1135 1124/1433/1320
f 1113/1432/1135 1124/1433/1320 1112/1434/1320
f 1112/1434/1320 1124/1433/1320 1125/1435/1321
f 1112/1434/1320 1125/1435/1321 1111/1436/1321
f 1111/1436/1321 1125/1435/1321 1126/1437/1199
f 1111/1436/1321 1126/1437/1199 1110/1438/1199
f 1110/1438/1199 1126/1437/1199 1127/1439/1322
f 1110/1438/1199 1127/1439/1322 1109/1440/1322
f 1109/1440/1322 1127/1439/1322 1128/1441/1140
f 1109/1440/1322 1128/1441/1140 1108/1442/1140
f 1108/1442/1140 1128/1441/1140 1129/1443/1141
f 1108/1442/1140 1129/1443/1141 1107/1444/1141
f 1107/1444/1141 1129/1443/1141 1130/1445/1142
f 1107/1444/1141 1130/1445/1142 1106/1446/1142
f 1106/1446/1142 1130/1445/1142 1131/1447/1143
f 1106/1446/1142 1131/1447/1143 1105/1448/1143
f 1105/1448/1143 1131/1447/1143 1132/1449/1203
f 1105/1448/1143 1132/1449/1203 1104/1450/1203
f 1104/1450/1203 1132/1449/1203 1133/1451/1323
f 1104/1450/1203 1133/1451/1323 1103/1452/1324
f 1103/1452/1324 1133/1451/1323 1021/1112/1092
f 1103/1452/1324 1021/1112/1092 1077/1288/1222
f 1119/1453/1325 1019/1110/1090 1021/1112/1092
f 1119/1453/1325 1021/1112/1092 1134/1454/1326
f 1018/1109/1089 1119/1453/1325 1134/1454/1326
f 1016/1107/1087 1018/1109/1089 1134/1454/1326
f 1087/1357/1250 1016/1107/1087 1135/1455/1327
f 1087/1357/1250 1135/1455/1327 1102/1456/1327
f 1102/1456/1327 1135/1455/1327 1136/1457/1328
f 1102/1456/1327 1136/1457/1328 1101/1458/1328
f 1101/1458/1328 1136/1457/1328 1137/1459/1151
f 1101/1458/1328 1137/1459/1151 1100/1460/1151
f 1100/1460/1151 1137/1459/1151 1138/1461/1152
f 1100/1460/1151 1138/1461/1152 1099/1462/1152
f 1099/1462/1152 1138/1461/1152 1139/1463/1329
f 1099/1462/1152 1139/1463/1329 1098/1464/1329
f 1098/1464/1329 1139/1463/1329 1140/1465/1154
f 1098/1464/1329 1140/1465/1154 1097/1466/1154
f 1097/1466/1154 1140/1465/1154 1141/1467/1330
f 1097/1466/1154 1141/1467/1330 1096/1468/1330
f 1096/1468/1330 1141/1467/1330 1142/1469/1331
f 1096/1468/1330 1142/1469/1331 1095/1470/1331
f 1095/1470/1331 1142/1469/1331 1143/1471/1332
f 1095/1470/1331 1143/1471/1332 1094/1472/1332
f 1094/1472/1332 1143/1471/1332 1144/1473/1213
f 1094/1472/1332 1144/1473/1213 1093/1474/1213
f 1093/1474/1213 1144/1473/1213 1145/1475/1159
f 1093/1474/1213 1145/1475/1159 1092/1476/1159
f 1092/1476/1159 1145/1475/1159 1146/1477/1232
f 1092/1476/1159 1146/1477/1232 1091/1478/1232
f 1091/1478/1232 1146/1477/1232 1147/1479/1333
f 1091/1478/1232 1147/1479/1333 1090/1480/1334
f 1090/1480/1334 1147/1479/1333 1015/1106/1086
f 1090/1480/1334 1015/1106/1086 1084/1354/1247
f 1117/1481/1335 1013/1104/1084 1015/1106/1086
f 1012/1103/1083 1117/1482/1336 1120/1426/1319
f 1117/1482/1336 1015/1483/1337 1120/1426/1319
f 889/978/958 883/973/953 887/997/977
f 850/935/915 847/934/914 851/1484/1338
f 939/1346/1239 854/941/921 855/1347/1240
f 855/1347/1240 854/941/921 851/939/919
f 904/993/973 1032/1485/1339 930/1486/1340
f 904/993/973 930/1486/1340 927/1487/1341
f 849/933/913 1032/1485/1339 904/993/973
f 904/993/973 924/1295/1229 843/1294/1228
f 927/1487/1341 924/1295/1229 904/993/973
f 1121/1488/1342 1010/1489/1342 1148/1490/1343
f 1122/1491/1342 1121/1488/1342 1148/1490/1343
f 1123/1492/1342 1122/1491/1342 1148/1490/1343
f 1124/1493/1344 1123/1492/1342 1148/1490/1343
f 1125/1494/1345 1124/1493/1344 1148/1490/1343
f 1126/1495/1346 1125/1494/1345 1148/1490/1343
f 1127/1496/1342 1126/1495/1346 1148/1490/1343
f 1128/1497/1342 1127/1496/1342 1148/1490/1343
f 1129/1498/1342 1128/1497/1342 1148/1490/1343
f 1130/1499/1345 1129/1498/1342 1148/1490/1343
f 1131/1500/1345 1130/1499/1345 1148/1490/1343
f 1132/1501/1342 1131/1500/1345 1148/1490/1343
f 1133/1502/1342 1132/1501/1342 1148/1490/1343
f 1021/1503/1342 1133/1502/1342 1148/1490/1343
f 1134/1504/1342 1021/1503/1342 1148/1490/1343
f 1016/1505/1343 1134/1504/1342 1148/1490/1343
f 1135/1506/1342 1016/1505/1343 1148/1490/1343
f 1136/1507/1342 1135/1506/1342 1148/1490/1343
f 1137/1508/1342 1136/1507/1342 1148/1490/1343
f 1138/1509/1345 1137/1508/1342 1148/1490/1343
f 1139/1510/1345 1138/1509/1345 1148/1490/1343
f 1140/1511/1342 1139/1510/1345 1148/1490/1343
f 1141/1512/1346 1140/1511/1342 1148/1490/1343
f 1142/1513/1346 1141/1512/1346 1148/1490/1343
f 1143/1514/1344 1142/1513/1346 1148/1490/1343
f 1144/1515/1342 1143/1514/1344 1148/1490/1343
f 1145/1516/1342 1144/1515/1342 1148/1490/1343
f 1146/1517/1342 1145/1516/1342 1148/1490/1343
f 1147/1518/1345 1146/1517/1342 1148/1490/1343
f 1015/1519/1342 1147/1518/1345 1148/1490/1343
f 1120/1520/1342 1015/1519/1342 1148/1490/1343
f 1010/1489/1342 1120/1520/1342 1148/1490/1343
